1763888297738,119.60000610351562,115.4000015258789
1763888297752,119.60000610351562,117.4000015258789
1763888297769,119.60000610351562,118.4000015258789
1763888297785,119.60000610351562,120.4000015258789
1763888297801,119.60000610351562,122.4000015258789
1763888297834,119.60000610351562,122.4000015258789
1763888297851,119.60000610351562,124.4000015258789
1763888297867,119.60000610351562,125.4000015258789
1763888297884,119.60000610351562,126.4000015258789
1763888297901,118.60000610351562,127.4000015258789
1763888297917,117.60000610351562,128.4000015258789
1763888297934,116.60000610351562,129.4000015258789
1763888297951,114.60000610351562,131.4000015258789
1763888297967,113.60000610351562,133.4000015258789
1763888297986,113.60000610351562,133.4000015258789
1763888298001,113.60000610351562,134.4000015258789
1763888298017,112.60000610351562,136.4000015258789
1763888298034,112.60000610351562,137.4000015258789
1763888298051,111.60000610351562,139.4000015258789
1763888298067,111.60000610351562,140.4000015258789
1763888298146,111.60000610351562,141.4000015258789
1763888298154,111.60000610351562,142.4000015258789
1763888298167,111.60000610351562,143.4000015258789
1763888298184,111.60000610351562,146.4000015258789
1763888298200,111.60000610351562,148.4000015258789
1763888298217,111.60000610351562,150.4000015258789
1763888298234,111.60000610351562,153.4000015258789
1763888298250,111.60000610351562,155.4000015258789
1763888298267,111.60000610351562,157.4000015258789
1763888298284,112.60000610351562,158.4000015258789
1763888298354,112.60000610351562,159.4000015258789
1763888298378,112.60000610351562,160.4000015258789
1763888298386,112.60000610351562,160.4000015258789
1763888298400,112.60000610351562,161.4000015258789
1763888298417,113.60000610351562,163.4000015258789
1763888298434,113.60000610351562,163.4000015258789
1763888298450,114.60000610351562,167.4000015258789
1763888298467,115.60000610351562,167.4000015258789
1763888298490,115.60000610351562,168.4000015258789
1763888298618,115.60000610351562,169.4000015258789
1763888298633,115.60000610351562,170.4000015258789
1763888298650,115.60000610351562,171.4000015258789
1763888298674,115.60000610351562,172.4000015258789
1763888298698,115.60000610351562,173.4000015258789
1763888298733,115.60000610351562,174.4000015258789
1763888298750,115.60000610351562,175.4000015258789
1763888298770,115.60000610351562,177.4000015258789
1763888298783,116.60000610351562,177.4000015258789
1763888298800,117.60000610351562,177.4000015258789
1763888298817,118.60000610351562,177.4000015258789
1763888298833,121.60000610351562,178.4000015258789
1763888298850,124.60000610351562,180.4000015258789
1763888298867,128.60000610351562,181.4000015258789
1763888298883,130.60000610351562,181.4000015258789
1763888298900,133.60000610351562,181.4000015258789
1763888298916,133.60000610351562,181.4000015258789
1763888298933,137.60000610351562,181.4000015258789
1763888298950,140.60000610351562,181.4000015258789
1763888298966,142.60000610351562,181.4000015258789
1763888298983,145.60000610351562,181.4000015258789
1763888299000,148.60000610351562,181.4000015258789
1763888299016,149.60000610351562,180.4000015258789
1763888299033,150.60000610351562,180.4000015258789
1763888299050,151.60000610351562,178.4000015258789
1763888299066,152.60000610351562,177.4000015258789
1763888299083,153.60000610351562,175.4000015258789
1763888299150,152.60000610351562,173.4000015258789
1763888299166,151.60000610351562,172.4000015258789
1763888299183,150.60000610351562,171.4000015258789
1763888299200,149.60000610351562,169.4000015258789
1763888299216,149.60000610351562,168.4000015258789
1763888299233,149.60000610351562,166.4000015258789
1763888299250,149.60000610351562,165.4000015258789
1763888299266,149.60000610351562,164.4000015258789
1763888299283,149.60000610351562,162.4000015258789
1763888299299,149.60000610351562,161.4000015258789
1763888299316,149.60000610351562,159.4000015258789
1763888299333,149.60000610351562,158.4000015258789
1763888299349,149.60000610351562,157.4000015258789
1763888299366,149.60000610351562,156.4000015258789
1763888299383,151.60000610351562,153.4000015258789
1763888299399,153.60000610351562,151.4000015258789
1763888299416,155.60000610351562,150.4000015258789
1763888299433,156.60000610351562,148.4000015258789
1763888299449,156.60000610351562,147.4000015258789
1763888299466,157.60000610351562,146.4000015258789
1763888299516,157.60000610351562,145.4000015258789
1763888299533,157.60000610351562,143.4000015258789
1763888299549,157.60000610351562,140.4000015258789
1763888299570,157.60000610351562,139.4000015258789
1763888299583,157.60000610351562,139.4000015258789
1763888299599,157.60000610351562,137.4000015258789
1763888299616,155.60000610351562,135.4000015258789
1763888299633,154.60000610351562,135.4000015258789
1763888299649,152.60000610351562,132.4000015258789
1763888299666,151.60000610351562,132.4000015258789
1763888299683,150.60000610351562,131.4000015258789
1763888299699,149.60000610351562,131.4000015258789
1763888299716,147.60000610351562,130.4000015258789
1763888299738,145.60000610351562,129.4000015258789
1763888299826,142.60000610351562,129.4000015258789
1763888299834,140.60000610351562,128.4000015258789
1763888299849,139.60000610351562,127.4000015258789
1763888299866,137.60000610351562,124.4000015258789
1763888299882,134.60000610351562,122.4000015258789
1763888299906,134.60000610351562,122.4000015258789
1763888299954,133.60000610351562,122.4000015258789
1763888299966,133.60000610351562,122.4000015258789
1763888299982,131.60000610351562,121.4000015258789
1763888299999,130.60000610351562,120.4000015258789
1763888300026,129.60000610351562,120.4000015258789
1763888300066,127.60000610351562,118.4000015258789
1763888300130,127.60000610351562,117.4000015258789
1763888300138,127.60000610351562,117.4000015258789
1763888300149,126.60000610351562,116.4000015258789
1763888300250,126.60000610351562,116.4000015258789
1763888300266,123.60000610351562,116.4000015258789
1763888300283,121.60000610351562,116.4000015258789
1763888300299,119.60000610351562,117.4000015258789
1763888300316,116.60000610351562,120.4000015258789
1763888300333,115.60000610351562,121.4000015258789
1763888300349,115.60000610351562,125.4000015258789
1763888300366,115.60000610351562,128.4000015258789
1763888300383,115.60000610351562,132.4000015258789
1763888300399,115.60000610351562,134.4000015258789
1763888300416,117.60000610351562,137.4000015258789
1763888300433,119.60000610351562,140.4000015258789
1763888300449,121.60000610351562,144.4000015258789
1763888300466,123.60000610351562,146.4000015258789
1763888300516,124.60000610351562,147.4000015258789
1763888300532,125.60000610351562,147.4000015258789
1763888300549,128.60000610351562,145.4000015258789
1763888300566,129.60000610351562,139.4000015258789
1763888300582,129.60000610351562,135.4000015258789
1763888300599,129.60000610351562,130.4000015258789
1763888300616,129.60000610351562,127.4000015258789
1763888300714,129.60000610351562,129.4000015258789
1763888300722,129.60000610351562,130.4000015258789
1763888300732,129.60000610351562,132.4000015258789
1763888300749,130.60000610351562,136.4000015258789
1763888300766,130.60000610351562,137.4000015258789
1763888300782,130.60000610351562,139.4000015258789
1763888300866,130.60000610351562,138.4000015258789
1763888300882,130.60000610351562,133.4000015258789
1763888300899,130.60000610351562,130.4000015258789
1763888300915,129.60000610351562,127.4000015258789
1763888301002,128.60000610351562,128.4000015258789
1763888301015,128.60000610351562,130.4000015258789
1763888301032,127.60000610351562,135.4000015258789
1763888301049,127.60000610351562,140.4000015258789
1763888301065,127.60000610351562,144.4000015258789
1763888301082,129.60000610351562,146.4000015258789
1763888301162,130.60000610351562,144.4000015258789
1763888301170,130.60000610351562,142.4000015258789
1763888301182,130.60000610351562,140.4000015258789
1763888301199,130.60000610351562,135.4000015258789
1763888301215,130.60000610351562,131.4000015258789
1763888301232,129.60000610351562,129.4000015258789
1763888301249,127.60000610351562,128.4000015258789
1763888301265,126.60000610351562,128.4000015258789
1763888301315,125.60000610351562,129.4000015258789
1763888301332,122.60000610351562,135.4000015258789
1763888301348,120.60000610351562,143.4000015258789
1763888301365,120.60000610351562,146.4000015258789
1763888301382,120.60000610351562,148.4000015258789
1763888301506,120.60000610351562,147.4000015258789
1763888301515,120.60000610351562,145.4000015258789
1763888301532,120.60000610351562,141.4000015258789
1763888301548,120.60000610351562,137.4000015258789
1763888301565,120.60000610351562,135.4000015258789
1763888301582,121.60000610351562,134.4000015258789
1763888301631,122.60000610351562,134.4000015258789
1763888301648,125.60000610351562,138.4000015258789
1763888301665,126.60000610351562,143.4000015258789
1763888301682,128.60000610351562,147.4000015258789
1763888301698,132.60000610351562,151.4000015258789
1763888301748,133.60000610351562,151.4000015258789
1763888301770,134.60000610351562,151.4000015258789
1763888301781,134.60000610351562,147.4000015258789
1763888301798,135.60000610351562,138.4000015258789
1763888301815,135.60000610351562,133.4000015258789
1763888301831,135.60000610351562,130.4000015258789
1763888301848,135.60000610351562,129.4000015258789
1763888301906,136.60000610351562,129.4000015258789
1763888301915,138.60000610351562,130.4000015258789
1763888301931,143.60000610351562,138.4000015258789
1763888301948,148.60000610351562,142.4000015258789
1763888301965,149.60000610351562,144.4000015258789
1763888301981,149.60000610351562,145.4000015258789
1763888302002,150.60000610351562,145.4000015258789
1763888302018,151.60000610351562,146.4000015258789
1763888302064,152.60000610351562,144.4000015258789
1763888302081,152.60000610351562,141.4000015258789
1763888302098,152.60000610351562,134.4000015258789
1763888302114,152.60000610351562,133.4000015258789
1763888302131,152.60000610351562,132.4000015258789
1763888302148,152.60000610351562,131.4000015258789
1763888302164,150.60000610351562,130.4000015258789
1763888302218,150.60000610351562,131.4000015258789
1763888302231,150.60000610351562,132.4000015258789
1763888302248,150.60000610351562,138.4000015258789
1763888302264,150.60000610351562,141.4000015258789
1763888302281,151.60000610351562,144.4000015258789
1763888302298,151.60000610351562,145.4000015258789
1763888302314,152.60000610351562,147.4000015258789
1763888302394,152.60000610351562,146.4000015258789
1763888302402,152.60000610351562,145.4000015258789
1763888302414,152.60000610351562,143.4000015258789
1763888302431,150.60000610351562,138.4000015258789
1763888302447,149.60000610351562,135.4000015258789
1763888302498,149.60000610351562,136.4000015258789
1763888302514,149.60000610351562,142.4000015258789
1763888302531,149.60000610351562,149.4000015258789
1763888302547,149.60000610351562,155.4000015258789
1763888302564,149.60000610351562,156.4000015258789
1763888302650,149.60000610351562,154.4000015258789
1763888302664,149.60000610351562,153.4000015258789
1763888302681,149.60000610351562,143.4000015258789
1763888302697,149.60000610351562,139.4000015258789
1763888302714,147.60000610351562,136.4000015258789
1763888302764,146.60000610351562,141.4000015258789
1763888302781,146.60000610351562,147.4000015258789
1763888302797,146.60000610351562,151.4000015258789
1763888302814,145.60000610351562,154.4000015258789
1763888302830,145.60000610351562,156.4000015258789
1763888302847,145.60000610351562,157.4000015258789
1763888302938,145.60000610351562,156.4000015258789
1763888302954,145.60000610351562,155.4000015258789
1763888302964,145.60000610351562,153.4000015258789
1763888302986,146.60000610351562,152.4000015258789
1763888303030,147.60000610351562,155.4000015258789
1763888303047,147.60000610351562,160.4000015258789
1763888303064,147.60000610351562,165.4000015258789
1763888303080,147.60000610351562,167.4000015258789
1763888303097,147.60000610351562,169.4000015258789
1763888303114,147.60000610351562,170.4000015258789
1763888303186,146.60000610351562,171.4000015258789
1763888303197,146.60000610351562,171.4000015258789
1763888303218,145.60000610351562,171.4000015258789
1763888303242,144.60000610351562,171.4000015258789
1763888303250,143.60000610351562,171.4000015258789
1763888303297,141.60000610351562,171.4000015258789
1763888303313,140.60000610351562,170.4000015258789
1763888303330,139.60000610351562,169.4000015258789
1763888303347,136.60000610351562,169.4000015258789
1763888303363,132.60000610351562,168.4000015258789
1763888303380,129.60000610351562,168.4000015258789
1763888303397,128.60000610351562,167.4000015258789
1763888303413,127.60000610351562,167.4000015258789
1763888303474,127.60000610351562,167.4000015258789
1763888303482,128.60000610351562,167.4000015258789
1763888303497,130.60000610351562,167.4000015258789
1763888303513,133.60000610351562,167.4000015258789
1763888303530,138.60000610351562,165.4000015258789
1763888303547,140.60000610351562,165.4000015258789
1763888303563,142.60000610351562,163.4000015258789
1763888303580,143.60000610351562,161.4000015258789
1763888303596,144.60000610351562,161.4000015258789
1763888303650,145.60000610351562,160.4000015258789
1763888303666,145.60000610351562,158.4000015258789
1763888303680,145.60000610351562,157.4000015258789
1763888303730,143.60000610351562,156.4000015258789
1763888303746,140.60000610351562,160.4000015258789
1763888303763,138.60000610351562,162.4000015258789
1763888303780,136.60000610351562,167.4000015258789
1763888303796,135.60000610351562,169.4000015258789
1763888303813,134.60000610351562,171.4000015258789
1763888303866,133.60000610351562,171.4000015258789
1763888303880,131.60000610351562,171.4000015258789
1763888303906,128.60000610351562,171.4000015258789
1763888303922,127.60000610351562,171.4000015258789
1763888303978,126.60000610351562,171.4000015258789
1763888303986,125.60000610351562,171.4000015258789
1763888304029,125.60000610351562,171.4000015258789
1763888304096,126.60000610351562,171.4000015258789
1763888304113,126.60000610351562,172.4000015258789
1763888304129,128.60000610351562,173.4000015258789
1763888304146,129.60000610351562,173.4000015258789
1763888304163,130.60000610351562,173.4000015258789
1763888304186,132.60000610351562,173.4000015258789
1763888304196,133.60000610351562,173.4000015258789
1763888304213,134.60000610351562,173.4000015258789
1763888304229,135.60000610351562,173.4000015258789
1763888304246,137.60000610351562,173.4000015258789
1763888304263,139.60000610351562,173.4000015258789
1763888304279,140.60000610351562,173.4000015258789
1763888304410,139.60000610351562,174.4000015258789
1763888304426,138.60000610351562,175.4000015258789
1763888304462,138.60000610351562,175.4000015258789
1763888304479,135.60000610351562,175.4000015258789
1763888304496,133.60000610351562,175.4000015258789
1763888304512,131.60000610351562,175.4000015258789
1763888304529,129.60000610351562,175.4000015258789
1763888304546,128.60000610351562,175.4000015258789
1763888304562,127.60000610351562,175.4000015258789
1763888304579,126.60000610351562,175.4000015258789
1763888304602,125.60000610351562,175.4000015258789
1763888304612,124.60000610351562,175.4000015258789
1763888304629,123.60000610351562,172.4000015258789
1763888304646,121.60000610351562,170.4000015258789
1763888304662,121.60000610351562,167.4000015258789
1763888304679,120.60000610351562,164.4000015258789
1763888304696,120.60000610351562,163.4000015258789
1763888304712,120.60000610351562,162.4000015258789
1763888304729,120.60000610351562,159.4000015258789
1763888304746,120.60000610351562,156.4000015258789
1763888304762,121.60000610351562,154.4000015258789
1763888304818,121.60000610351562,152.4000015258789
1763888304829,122.60000610351562,152.4000015258789
1763888304845,122.60000610351562,150.4000015258789
1763888304862,124.60000610351562,148.4000015258789
1763888304879,124.60000610351562,148.4000015258789
1763888304929,124.60000610351562,147.4000015258789
1763888304945,124.60000610351562,148.4000015258789
1763888304962,124.60000610351562,159.4000015258789
1763888304979,123.60000610351562,164.4000015258789
1763888304995,123.60000610351562,167.4000015258789
1763888305012,123.60000610351562,167.4000015258789
1763888305098,121.60000610351562,165.4000015258789
1763888305112,121.60000610351562,163.4000015258789
1763888305128,121.60000610351562,156.4000015258789
1763888305145,121.60000610351562,149.4000015258789
1763888305162,121.60000610351562,145.4000015258789
1763888305178,121.60000610351562,142.4000015258789
1763888305298,121.60000610351562,142.4000015258789
1763888305312,122.60000610351562,143.4000015258789
1763888305328,122.60000610351562,145.4000015258789
1763888305345,124.60000610351562,149.4000015258789
1763888305362,124.60000610351562,152.4000015258789
1763888305378,124.60000610351562,154.4000015258789
1763888305434,123.60000610351562,154.4000015258789
1763888305445,122.60000610351562,154.4000015258789
1763888305461,121.60000610351562,154.4000015258789
1763888305478,119.60000610351562,154.4000015258789
1763888305495,117.60000610351562,154.4000015258789
1763888305514,116.60000610351562,153.4000015258789
1763888305538,116.60000610351562,152.4000015258789
1763888305578,116.60000610351562,148.4000015258789
1763888305595,119.60000610351562,140.4000015258789
1763888305612,121.60000610351562,136.4000015258789
1763888305628,123.60000610351562,134.4000015258789
1763888305645,123.60000610351562,132.4000015258789
1763888305662,123.60000610351562,130.4000015258789
1763888305678,124.60000610351562,129.4000015258789
1763888305695,124.60000610351562,128.4000015258789
1763888305810,125.60000610351562,128.4000015258789
1763888305818,125.60000610351562,128.4000015258789
1763888305834,128.60000610351562,130.4000015258789
1763888305845,129.60000610351562,130.4000015258789
1763888305862,131.60000610351562,133.4000015258789
1763888305878,133.60000610351562,135.4000015258789
1763888305895,136.60000610351562,138.4000015258789
1763888305911,137.60000610351562,138.4000015258789
1763888305928,138.60000610351562,138.4000015258789
1763888305945,139.60000610351562,138.4000015258789
1763888305962,140.60000610351562,138.4000015258789
1763888305978,142.60000610351562,140.4000015258789
1763888306028,144.60000610351562,141.4000015258789
1763888306154,143.60000610351562,140.4000015258789
1763888306162,143.60000610351562,138.4000015258789
1763888306178,143.60000610351562,135.4000015258789
1763888306195,143.60000610351562,131.4000015258789
1763888306211,143.60000610351562,129.4000015258789
1763888306228,143.60000610351562,126.4000015258789
1763888306278,143.60000610351562,125.4000015258789
1763888306295,141.60000610351562,124.4000015258789
1763888306311,140.60000610351562,124.4000015258789
1763888306328,139.60000610351562,124.4000015258789
1763888306346,138.60000610351562,124.4000015258789
1763888306362,137.60000610351562,123.4000015258789
1763888306378,137.60000610351562,123.4000015258789
1763888306466,137.60000610351562,123.4000015258789
1763888306478,138.60000610351562,123.4000015258789
1763888306494,140.60000610351562,123.4000015258789
1763888306511,144.60000610351562,123.4000015258789
1763888306528,147.60000610351562,123.4000015258789
1763888306544,149.60000610351562,125.4000015258789
1763888306561,152.60000610351562,126.4000015258789
1763888306578,152.60000610351562,128.4000015258789
1763888306594,153.60000610351562,129.4000015258789
1763888306611,155.60000610351562,131.4000015258789
1763888306628,156.60000610351562,133.4000015258789
1763888306644,156.60000610351562,136.4000015258789
1763888306661,156.60000610351562,140.4000015258789
1763888306677,156.60000610351562,142.4000015258789
1763888306698,156.60000610351562,143.4000015258789
1763888306714,156.60000610351562,145.4000015258789
1763888306727,156.60000610351562,145.4000015258789
1763888306744,155.60000610351562,147.4000015258789
1763888306761,154.60000610351562,148.4000015258789
1763888306777,154.60000610351562,149.4000015258789
1763888306794,154.60000610351562,152.4000015258789
1763888306811,154.60000610351562,154.4000015258789
1763888306827,154.60000610351562,157.4000015258789
1763888306844,153.60000610351562,157.4000015258789
1763888306861,152.60000610351562,160.4000015258789
1763888306877,150.60000610351562,160.4000015258789
1763888306898,149.60000610351562,160.4000015258789
1763888306914,148.60000610351562,161.4000015258789
1763888306927,148.60000610351562,162.4000015258789
1763888306944,148.60000610351562,164.4000015258789
1763888306961,148.60000610351562,166.4000015258789
1763888306977,147.60000610351562,168.4000015258789
1763888307066,146.60000610351562,169.4000015258789
1763888307082,146.60000610351562,169.4000015258789
1763888307094,144.60000610351562,169.4000015258789
1763888307110,143.60000610351562,169.4000015258789
1763888307127,142.60000610351562,166.4000015258789
1763888307144,142.60000610351562,160.4000015258789
1763888307160,142.60000610351562,154.4000015258789
1763888307177,142.60000610351562,150.4000015258789
1763888307194,142.60000610351562,149.4000015258789
1763888307210,142.60000610351562,145.4000015258789
1763888307242,142.60000610351562,144.4000015258789
1763888307277,141.60000610351562,144.4000015258789
1763888307294,139.60000610351562,147.4000015258789
1763888307310,137.60000610351562,155.4000015258789
1763888307327,136.60000610351562,159.4000015258789
1763888307344,135.60000610351562,162.4000015258789
1763888307360,135.60000610351562,164.4000015258789
1763888307377,135.60000610351562,165.4000015258789
1763888307394,135.60000610351562,166.4000015258789
1763888307410,136.60000610351562,169.4000015258789
1763888307498,136.60000610351562,167.4000015258789
1763888307510,136.60000610351562,164.4000015258789
1763888307527,136.60000610351562,157.4000015258789
1763888307543,136.60000610351562,155.4000015258789
1763888307560,136.60000610351562,153.4000015258789
1763888307610,135.60000610351562,153.4000015258789
1763888307634,135.60000610351562,153.4000015258789
1763888307643,134.60000610351562,154.4000015258789
1763888307660,133.60000610351562,158.4000015258789
1763888307677,133.60000610351562,162.4000015258789
1763888307693,133.60000610351562,165.4000015258789
1763888307710,133.60000610351562,166.4000015258789
1763888307778,133.60000610351562,165.4000015258789
1763888307793,133.60000610351562,165.4000015258789
1763888307810,133.60000610351562,153.4000015258789
1763888307826,134.60000610351562,144.4000015258789
1763888307843,134.60000610351562,141.4000015258789
1763888307860,135.60000610351562,140.4000015258789
1763888307922,134.60000610351562,144.4000015258789
1763888307930,134.60000610351562,147.4000015258789
1763888307943,133.60000610351562,150.4000015258789
1763888307960,132.60000610351562,155.4000015258789
1763888307976,131.60000610351562,160.4000015258789
1763888307993,131.60000610351562,162.4000015258789
1763888308010,131.60000610351562,163.4000015258789
1763888308026,131.60000610351562,165.4000015258789
1763888308043,129.60000610351562,167.4000015258789
1763888308106,129.60000610351562,167.4000015258789
1763888308122,128.60000610351562,167.4000015258789
1763888308130,127.60000610351562,167.4000015258789
1763888308143,125.60000610351562,167.4000015258789
1763888308160,122.60000610351562,167.4000015258789
1763888308176,121.60000610351562,167.4000015258789
1763888308226,120.60000610351562,169.4000015258789
1763888308243,123.60000610351562,172.4000015258789
1763888308259,125.60000610351562,174.4000015258789
1763888308276,127.60000610351562,176.4000015258789
1763888308293,127.60000610351562,176.4000015258789
1763888308309,130.60000610351562,177.4000015258789
1763888308326,131.60000610351562,177.4000015258789
1763888308346,132.60000610351562,177.4000015258789
1763888308359,134.60000610351562,177.4000015258789
1763888308376,134.60000610351562,177.4000015258789
1763888308394,136.60000610351562,177.4000015258789
1763888308409,137.60000610351562,177.4000015258789
1763888308459,138.60000610351562,177.4000015258789
1763888308476,141.60000610351562,177.4000015258789
1763888308493,145.60000610351562,175.4000015258789
1763888308509,148.60000610351562,174.4000015258789
1763888308526,149.60000610351562,173.4000015258789
1763888308542,150.60000610351562,173.4000015258789
1763888308559,152.60000610351562,172.4000015258789
1763888308576,152.60000610351562,171.4000015258789
1763888308592,152.60000610351562,170.4000015258789
1763888308609,152.60000610351562,168.4000015258789
1763888308626,152.60000610351562,164.4000015258789
1763888308642,152.60000610351562,162.4000015258789
1763888308659,152.60000610351562,162.4000015258789
1763888308722,151.60000610351562,161.4000015258789
1763888308730,151.60000610351562,163.4000015258789
1763888308742,150.60000610351562,165.4000015258789
1763888308759,149.60000610351562,168.4000015258789
1763888308776,146.60000610351562,172.4000015258789
1763888308792,145.60000610351562,175.4000015258789
1763888308809,145.60000610351562,176.4000015258789
1763888308826,145.60000610351562,179.4000015258789
1763888308882,144.60000610351562,179.4000015258789
1763888308892,143.60000610351562,179.4000015258789
1763888308909,142.60000610351562,179.4000015258789
1763888308925,142.60000610351562,179.4000015258789
1763888308946,140.60000610351562,179.4000015258789
1763888308962,139.60000610351562,179.4000015258789
1763888308975,137.60000610351562,179.4000015258789
1763888308992,134.60000610351562,178.4000015258789
1763888309009,131.60000610351562,176.4000015258789
1763888309034,129.60000610351562,176.4000015258789
1763888309042,128.60000610351562,175.4000015258789
1763888309074,126.60000610351562,174.4000015258789
1763888309091,125.60000610351562,173.4000015258789
1763888309098,125.60000610351562,172.4000015258789
1763888309109,123.60000610351562,170.4000015258789
1763888309125,123.60000610351562,166.4000015258789
1763888309142,121.60000610351562,162.4000015258789
1763888309159,121.60000610351562,160.4000015258789
1763888309175,121.60000610351562,157.4000015258789
1763888309192,121.60000610351562,154.4000015258789
1763888309209,121.60000610351562,152.4000015258789
1763888309225,122.60000610351562,150.4000015258789
1763888309242,124.60000610351562,147.4000015258789
1763888309259,125.60000610351562,146.4000015258789
1763888309275,127.60000610351562,146.4000015258789
1763888309292,129.60000610351562,145.4000015258789
1763888309309,130.60000610351562,144.4000015258789
1763888309358,131.60000610351562,147.4000015258789
1763888309375,131.60000610351562,152.4000015258789
1763888309392,131.60000610351562,156.4000015258789
1763888309408,131.60000610351562,159.4000015258789
1763888309425,131.60000610351562,161.4000015258789
1763888309442,130.60000610351562,161.4000015258789
1763888309498,130.60000610351562,161.4000015258789
1763888309508,128.60000610351562,158.4000015258789
1763888309525,128.60000610351562,152.4000015258789
1763888309542,128.60000610351562,143.4000015258789
1763888309558,129.60000610351562,141.4000015258789
1763888309618,129.60000610351562,143.4000015258789
1763888309626,129.60000610351562,143.4000015258789
1763888309642,129.60000610351562,146.4000015258789
1763888309658,128.60000610351562,150.4000015258789
1763888309675,126.60000610351562,152.4000015258789
1763888309770,126.60000610351562,149.4000015258789
1763888309778,128.60000610351562,147.4000015258789
1763888309791,128.60000610351562,146.4000015258789
1763888309808,128.60000610351562,141.4000015258789
1763888309825,128.60000610351562,137.4000015258789
1763888309841,128.60000610351562,136.4000015258789
1763888309858,128.60000610351562,134.4000015258789
1763888309875,128.60000610351562,131.4000015258789
1763888309891,128.60000610351562,130.4000015258789
1763888309914,128.60000610351562,129.4000015258789
1763888309958,126.60000610351562,127.4000015258789
1763888309978,125.60000610351562,126.4000015258789
1763888309994,124.60000610351562,126.4000015258789
1763888310018,124.60000610351562,125.4000015258789
1763888310026,123.60000610351562,124.4000015258789
1763888310041,123.60000610351562,123.4000015258789
1763888310058,123.60000610351562,120.4000015258789
1763888310075,123.60000610351562,117.4000015258789
1763888310091,123.60000610351562,116.4000015258789
1763888310108,123.60000610351562,115.4000015258789
1763888310194,124.60000610351562,114.4000015258789
1763888310218,125.60000610351562,116.4000015258789
1763888310226,126.60000610351562,117.4000015258789
1763888310241,127.60000610351562,118.4000015258789
1763888310258,128.60000610351562,119.4000015258789
1763888311362,110.60000610351562,80.4000015258789
1763888311373,112.60000610351562,82.4000015258789
1763888311390,114.60000610351562,84.4000015258789
1763888311407,114.60000610351562,85.4000015258789
1763888311458,115.60000610351562,86.4000015258789
1763888311474,115.60000610351562,86.4000015258789
1763888311490,115.60000610351562,89.4000015258789
1763888311507,115.60000610351562,90.4000015258789
1763888311523,117.60000610351562,92.4000015258789
1763888311602,115.60000610351562,92.4000015258789
1763888311610,115.60000610351562,92.4000015258789
1763888311623,113.60000610351562,92.4000015258789
1763888311640,111.60000610351562,89.4000015258789
1763888311656,111.60000610351562,87.4000015258789
1763888311673,109.60000610351562,84.4000015258789
1763888311690,109.60000610351562,82.4000015258789
1763888311706,108.60000610351562,81.4000015258789
1763888311770,107.60000610351562,81.4000015258789
1763888311778,107.60000610351562,80.4000015258789
1763888311923,108.60000610351562,81.4000015258789
1763888311940,111.60000610351562,84.4000015258789
1763888311956,113.60000610351562,86.4000015258789
1763888311973,115.60000610351562,88.4000015258789
1763888311989,118.60000610351562,91.4000015258789
1763888312010,118.60000610351562,92.4000015258789
1763888312023,119.60000610351562,94.4000015258789
1763888312039,119.60000610351562,95.4000015258789
1763888312056,120.60000610351562,97.4000015258789
1763888312073,120.60000610351562,98.4000015258789
1763888312089,120.60000610351562,100.4000015258789
1763888312106,120.60000610351562,102.4000015258789
1763888312123,120.60000610351562,104.4000015258789
1763888312139,120.60000610351562,107.4000015258789
1763888312156,120.60000610351562,107.4000015258789
1763888312173,120.60000610351562,110.4000015258789
1763888312189,120.60000610351562,114.4000015258789
1763888312206,120.60000610351562,116.4000015258789
1763888312223,119.60000610351562,118.4000015258789
1763888312239,118.60000610351562,119.4000015258789
1763888312256,118.60000610351562,122.4000015258789
1763888312273,118.60000610351562,123.4000015258789
1763888312290,118.60000610351562,124.4000015258789
1763888312370,117.60000610351562,123.4000015258789
1763888312378,117.60000610351562,121.4000015258789
1763888312389,117.60000610351562,118.4000015258789
1763888312406,117.60000610351562,113.4000015258789
1763888312422,117.60000610351562,110.4000015258789
1763888312439,117.60000610351562,109.4000015258789
1763888312456,117.60000610351562,106.4000015258789
1763888312472,117.60000610351562,104.4000015258789
1763888312489,117.60000610351562,101.4000015258789
1763888312506,117.60000610351562,99.4000015258789
1763888312522,119.60000610351562,95.4000015258789
1763888312539,119.60000610351562,93.4000015258789
1763888312556,120.60000610351562,90.4000015258789
1763888312572,121.60000610351562,88.4000015258789
1763888312589,122.60000610351562,86.4000015258789
1763888312606,123.60000610351562,85.4000015258789
1763888312622,123.60000610351562,84.4000015258789
1763888312639,124.60000610351562,82.4000015258789
1763888312656,125.60000610351562,81.4000015258789
1763888312674,126.60000610351562,81.4000015258789
1763888312770,126.60000610351562,81.4000015258789
1763888312786,126.60000610351562,83.4000015258789
1763888312794,126.60000610351562,83.4000015258789
1763888312805,126.60000610351562,87.4000015258789
1763888312822,124.60000610351562,91.4000015258789
1763888312839,120.60000610351562,94.4000015258789
1763888312855,120.60000610351562,98.4000015258789
1763888312872,118.60000610351562,99.4000015258789
1763888312972,118.60000610351562,98.4000015258789
1763888312989,118.60000610351562,95.4000015258789
1763888313005,119.60000610351562,89.4000015258789
1763888313022,121.60000610351562,85.4000015258789
1763888313039,121.60000610351562,82.4000015258789
1763888313055,122.60000610351562,81.4000015258789
1763888313163,123.60000610351562,81.4000015258789
1763888313172,124.60000610351562,79.4000015258789
1763888313188,127.60000610351562,78.4000015258789
1763888313205,128.60000610351562,73.4000015258789
1763888313222,128.60000610351562,71.4000015258789
1763888313238,129.60000610351562,70.4000015258789
1763888313314,128.60000610351562,70.4000015258789
1763888313338,127.60000610351562,70.4000015258789
1763888313355,124.60000610351562,70.4000015258789
1763888313372,122.60000610351562,72.4000015258789
1763888313388,122.60000610351562,72.4000015258789
1763888313418,120.60000610351562,72.4000015258789
1763888313455,120.60000610351562,72.4000015258789
1763888313472,118.60000610351562,72.4000015258789
1763888313498,117.60000610351562,72.4000015258789
1763888313554,116.60000610351562,72.4000015258789
1763888313659,116.60000610351562,72.4000015258789
1763888313671,113.60000610351562,74.4000015258789
1763888313688,111.60000610351562,77.4000015258789
1763888313705,109.60000610351562,80.4000015258789
1763888313721,108.60000610351562,82.4000015258789
1763888313771,106.60000610351562,81.4000015258789
1763888313788,106.60000610351562,80.4000015258789
1763888313805,104.60000610351562,79.4000015258789
1763888313906,103.60000610351562,78.4000015258789
1763888314042,104.60000610351562,78.4000015258789
1763888314066,105.60000610351562,78.4000015258789
1763888314082,106.60000610351562,78.4000015258789
1763888314098,107.60000610351562,78.4000015258789
1763888314106,108.60000610351562,78.4000015258789
1763888314121,109.60000610351562,78.4000015258789
1763888314138,111.60000610351562,80.4000015258789
1763888314154,112.60000610351562,80.4000015258789
1763888314171,113.60000610351562,80.4000015258789
1763888314188,114.60000610351562,80.4000015258789
1763888314218,115.60000610351562,80.4000015258789
1763888314226,116.60000610351562,80.4000015258789
1763888314238,117.60000610351562,80.4000015258789
1763888314254,120.60000610351562,79.4000015258789
1763888314274,121.60000610351562,78.4000015258789
1763888314330,122.60000610351562,78.4000015258789
1763888314338,123.60000610351562,78.4000015258789
1763888314354,126.60000610351562,78.4000015258789
1763888314490,127.60000610351562,78.4000015258789
1763888314506,128.60000610351562,78.4000015258789
1763888314521,129.60000610351562,78.4000015258789
1763888314642,129.60000610351562,79.4000015258789
1763888314654,129.60000610351562,80.4000015258789
1763888314670,126.60000610351562,82.4000015258789
1763888314687,125.60000610351562,83.4000015258789
1763888314704,124.60000610351562,84.4000015258789
1763888314720,123.60000610351562,85.4000015258789
1763888314737,122.60000610351562,86.4000015258789
1763888314754,119.60000610351562,88.4000015258789
1763888314786,118.60000610351562,89.4000015258789
1763888314804,117.60000610351562,90.4000015258789
1763888314854,116.60000610351562,91.4000015258789
1763888314874,116.60000610351562,91.4000015258789
1763888314887,116.60000610351562,92.4000015258789
1763888314904,116.60000610351562,94.4000015258789
1763888314920,116.60000610351562,96.4000015258789
1763888314937,116.60000610351562,98.4000015258789
1763888314954,116.60000610351562,100.4000015258789
1763888314970,116.60000610351562,101.4000015258789
1763888314987,116.60000610351562,102.4000015258789
1763888315004,114.60000610351562,105.4000015258789
1763888315020,114.60000610351562,107.4000015258789
1763888315037,113.60000610351562,110.4000015258789
1763888315053,112.60000610351562,111.4000015258789
1763888315070,112.60000610351562,112.4000015258789
1763888315291,112.60000610351562,113.4000015258789
1763888315303,112.60000610351562,114.4000015258789
1763888315320,112.60000610351562,115.4000015258789
1763888315480,112.60000610351562,116.4000015258789
1763888315496,113.60000610351562,119.4000015258789
1763888315513,113.60000610351562,122.4000015258789
1763888315530,113.60000610351562,123.4000015258789
1763888315594,114.60000610351562,122.4000015258789
1763888315630,114.60000610351562,121.4000015258789
1763888315658,116.60000610351562,121.4000015258789
1763888315699,117.60000610351562,122.4000015258789
1763888315714,118.60000610351562,123.4000015258789
1763888315729,118.60000610351562,123.4000015258789
1763888315746,118.60000610351562,127.4000015258789
1763888315763,118.60000610351562,129.4000015258789
1763888315786,118.60000610351562,131.4000015258789
1763888315802,119.60000610351562,131.4000015258789
1763888315818,119.60000610351562,133.4000015258789
1763888315874,119.60000610351562,135.4000015258789
1763888315890,119.60000610351562,136.4000015258789
1763888315996,119.60000610351562,136.4000015258789
1763888316013,118.60000610351562,132.4000015258789
1763888316029,118.60000610351562,129.4000015258789
1763888316046,118.60000610351562,127.4000015258789
1763888316130,118.60000610351562,125.4000015258789
1763888316146,117.60000610351562,125.4000015258789
1763888316162,116.60000610351562,123.4000015258789
1763888316179,116.60000610351562,122.4000015258789
1763888316330,117.60000610351562,121.4000015258789
1763888316346,118.60000610351562,121.4000015258789
1763888316370,119.60000610351562,121.4000015258789
1763888316379,119.60000610351562,122.4000015258789
1763888316411,121.60000610351562,123.4000015258789
1763888316445,122.60000610351562,123.4000015258789
1763888316462,123.60000610351562,125.4000015258789
1763888316563,123.60000610351562,123.4000015258789
1763888316579,123.60000610351562,120.4000015258789
1763888316595,123.60000610351562,118.4000015258789
1763888316612,123.60000610351562,116.4000015258789
1763888316706,124.60000610351562,115.4000015258789
1763888316722,125.60000610351562,115.4000015258789
1763888316730,126.60000610351562,115.4000015258789
1763888316745,128.60000610351562,115.4000015258789
1763888316762,130.60000610351562,115.4000015258789
1763888316779,132.60000610351562,115.4000015258789
1763888316795,135.60000610351562,115.4000015258789
1763888316812,137.60000610351562,115.4000015258789
1763888316828,140.60000610351562,117.4000015258789
1763888316845,142.60000610351562,118.4000015258789
1763888316862,144.60000610351562,118.4000015258789
1763888316882,146.60000610351562,118.4000015258789
1763888316970,147.60000610351562,118.4000015258789
1763888316978,147.60000610351562,118.4000015258789
1763888316995,148.60000610351562,118.4000015258789
1763888317012,149.60000610351562,118.4000015258789
1763888317028,150.60000610351562,119.4000015258789
1763888317098,150.60000610351562,120.4000015258789
1763888317112,150.60000610351562,121.4000015258789
1763888317128,150.60000610351562,122.4000015258789
1763888317145,150.60000610351562,125.4000015258789
1763888317170,150.60000610351562,126.4000015258789
1763888317194,150.60000610351562,127.4000015258789
1763888317211,151.60000610351562,128.4000015258789
1763888317261,153.60000610351562,129.4000015258789
1763888317290,154.60000610351562,130.4000015258789
1763888317306,155.60000610351562,131.4000015258789
1763888317314,156.60000610351562,132.4000015258789
1763888317328,157.60000610351562,133.4000015258789
1763888317345,158.60000610351562,135.4000015258789
1763888317361,159.60000610351562,136.4000015258789
1763888317378,161.60000610351562,138.4000015258789
1763888317395,161.60000610351562,140.4000015258789
1763888317411,162.60000610351562,142.4000015258789
1763888317428,163.60000610351562,143.4000015258789
1763888317450,163.60000610351562,144.4000015258789
1763888317495,163.60000610351562,148.4000015258789
1763888317511,163.60000610351562,150.4000015258789
1763888317528,163.60000610351562,150.4000015258789
1763888317546,163.60000610351562,152.4000015258789
1763888317561,163.60000610351562,153.4000015258789
1763888317578,163.60000610351562,155.4000015258789
1763888317645,162.60000610351562,162.4000015258789
1763888317661,162.60000610351562,164.4000015258789
1763888317682,162.60000610351562,165.4000015258789
1763888317706,162.60000610351562,165.4000015258789
1763888317778,161.60000610351562,166.4000015258789
1763888317794,160.60000610351562,167.4000015258789
1763888317826,160.60000610351562,168.4000015258789
1763888317834,160.60000610351562,169.4000015258789
1763888317844,160.60000610351562,170.4000015258789
1763888317861,158.60000610351562,171.4000015258789
1763888317878,158.60000610351562,173.4000015258789
1763888317894,157.60000610351562,175.4000015258789
1763888318034,156.60000610351562,175.4000015258789
1763888318044,156.60000610351562,175.4000015258789
1763888318061,155.60000610351562,172.4000015258789
1763888318078,155.60000610351562,169.4000015258789
1763888318094,155.60000610351562,167.4000015258789
1763888318111,155.60000610351562,165.4000015258789
1763888318128,155.60000610351562,163.4000015258789
1763888318144,155.60000610351562,160.4000015258789
1763888318161,155.60000610351562,155.4000015258789
1763888318177,155.60000610351562,152.4000015258789
1763888318194,155.60000610351562,150.4000015258789
1763888318211,154.60000610351562,149.4000015258789
1763888318267,155.60000610351562,150.4000015258789
1763888318282,155.60000610351562,151.4000015258789
1763888318294,156.60000610351562,155.4000015258789
1763888318311,156.60000610351562,163.4000015258789
1763888318327,156.60000610351562,171.4000015258789
1763888318344,156.60000610351562,176.4000015258789
1763888318361,156.60000610351562,180.4000015258789
1763888318377,156.60000610351562,181.4000015258789
1763888318394,156.60000610351562,183.4000015258789
1763888318411,154.60000610351562,184.4000015258789
1763888318427,153.60000610351562,186.4000015258789
1763888318483,153.60000610351562,186.4000015258789
1763888318594,152.60000610351562,186.4000015258789
1763888318610,152.60000610351562,182.4000015258789
1763888318627,152.60000610351562,177.4000015258789
1763888318644,153.60000610351562,170.4000015258789
1763888318660,154.60000610351562,168.4000015258789
1763888318710,154.60000610351562,166.4000015258789
1763888318760,154.60000610351562,166.4000015258789
1763888318843,154.60000610351562,166.4000015258789
1763888318850,154.60000610351562,168.4000015258789
1763888318860,154.60000610351562,170.4000015258789
1763888318877,154.60000610351562,174.4000015258789
1763888318894,154.60000610351562,178.4000015258789
1763888318910,154.60000610351562,179.4000015258789
1763888318927,154.60000610351562,181.4000015258789
1763888318943,153.60000610351562,182.4000015258789
1763888318960,152.60000610351562,182.4000015258789
1763888319018,152.60000610351562,182.4000015258789
1763888319027,149.60000610351562,184.4000015258789
1763888319043,147.60000610351562,186.4000015258789
1763888319060,144.60000610351562,187.4000015258789
1763888319077,141.60000610351562,189.4000015258789
1763888319094,140.60000610351562,189.4000015258789
1763888319110,139.60000610351562,189.4000015258789
1763888319138,137.60000610351562,189.4000015258789
1763888319154,135.60000610351562,189.4000015258789
1763888319162,134.60000610351562,189.4000015258789
1763888319177,133.60000610351562,189.4000015258789
1763888319193,129.60000610351562,189.4000015258789
1763888319210,126.60000610351562,189.4000015258789
1763888319227,123.60000610351562,186.4000015258789
1763888319243,122.60000610351562,186.4000015258789
1763888319260,121.60000610351562,186.4000015258789
1763888319282,120.60000610351562,185.4000015258789
1763888319293,118.60000610351562,184.4000015258789
1763888319310,118.60000610351562,183.4000015258789
1763888319338,115.60000610351562,181.4000015258789
1763888319376,114.60000610351562,180.4000015258789
1763888319402,113.60000610351562,178.4000015258789
1763888319410,113.60000610351562,178.4000015258789
1763888319426,110.60000610351562,173.4000015258789
1763888319443,110.60000610351562,172.4000015258789
1763888319460,110.60000610351562,170.4000015258789
1763888319476,110.60000610351562,167.4000015258789
1763888319498,110.60000610351562,166.4000015258789
1763888319543,110.60000610351562,164.4000015258789
1763888319560,110.60000610351562,161.4000015258789
1763888319576,108.60000610351562,160.4000015258789
1763888319593,108.60000610351562,159.4000015258789
1763888319610,108.60000610351562,158.4000015258789
1763888319634,108.60000610351562,157.4000015258789
1763888319650,108.60000610351562,156.4000015258789
1763888319659,110.60000610351562,154.4000015258789
1763888319676,110.60000610351562,152.4000015258789
1763888319693,111.60000610351562,150.4000015258789
1763888319759,113.60000610351562,155.4000015258789
1763888319776,113.60000610351562,162.4000015258789
1763888319793,113.60000610351562,171.4000015258789
1763888319809,113.60000610351562,175.4000015258789
1763888319826,113.60000610351562,177.4000015258789
1763888319843,114.60000610351562,178.4000015258789
1763888319874,115.60000610351562,178.4000015258789
1763888319909,116.60000610351562,178.4000015258789
1763888319926,117.60000610351562,178.4000015258789
1763888319943,118.60000610351562,178.4000015258789
1763888319959,121.60000610351562,178.4000015258789
1763888319976,122.60000610351562,178.4000015258789
1763888319993,123.60000610351562,178.4000015258789
1763888320009,124.60000610351562,178.4000015258789
1763888320026,126.60000610351562,178.4000015258789
1763888320043,128.60000610351562,178.4000015258789
1763888320059,130.60000610351562,178.4000015258789
1763888320090,131.60000610351562,178.4000015258789
1763888320106,133.60000610351562,178.4000015258789
1763888320122,133.60000610351562,179.4000015258789
1763888320159,133.60000610351562,179.4000015258789
1763888320176,133.60000610351562,180.4000015258789
1763888320282,133.60000610351562,181.4000015258789
1763888320362,133.60000610351562,181.4000015258789
1763888320378,133.60000610351562,182.4000015258789
1763888320392,133.60000610351562,183.4000015258789
1763888320443,134.60000610351562,184.4000015258789
1763888320459,136.60000610351562,182.4000015258789
1763888320475,138.60000610351562,180.4000015258789
1763888320492,141.60000610351562,180.4000015258789
1763888320509,144.60000610351562,178.4000015258789
1763888320525,146.60000610351562,177.4000015258789
1763888320542,149.60000610351562,174.4000015258789
1763888320559,151.60000610351562,172.4000015258789
1763888320575,153.60000610351562,170.4000015258789
1763888320592,154.60000610351562,168.4000015258789
1763888320609,155.60000610351562,168.4000015258789
1763888320625,156.60000610351562,165.4000015258789
1763888320642,156.60000610351562,164.4000015258789
1763888320659,157.60000610351562,163.4000015258789
1763888320675,157.60000610351562,162.4000015258789
1763888320698,157.60000610351562,161.4000015258789
1763888320714,157.60000610351562,160.4000015258789
1763888320725,157.60000610351562,158.4000015258789
1763888320742,157.60000610351562,157.4000015258789
1763888320759,157.60000610351562,153.4000015258789
1763888320775,157.60000610351562,150.4000015258789
1763888320792,157.60000610351562,148.4000015258789
1763888320808,157.60000610351562,143.4000015258789
1763888320825,157.60000610351562,139.4000015258789
1763888320842,157.60000610351562,136.4000015258789
1763888320858,157.60000610351562,130.4000015258789
1763888320875,157.60000610351562,129.4000015258789
1763888320892,157.60000610351562,126.4000015258789
1763888320908,157.60000610351562,125.4000015258789
1763888320958,157.60000610351562,124.4000015258789
1763888321008,157.60000610351562,123.4000015258789
1763888321025,155.60000610351562,120.4000015258789
1763888321042,154.60000610351562,118.4000015258789
1763888321058,153.60000610351562,117.4000015258789
1763888321075,152.60000610351562,116.4000015258789
1763888321098,151.60000610351562,115.4000015258789
1763888321114,150.60000610351562,115.4000015258789
1763888321158,149.60000610351562,115.4000015258789
1763888321175,148.60000610351562,115.4000015258789
1763888321191,146.60000610351562,115.4000015258789
1763888321208,144.60000610351562,115.4000015258789
1763888321225,144.60000610351562,115.4000015258789
1763888321242,142.60000610351562,115.4000015258789
1763888321258,141.60000610351562,115.4000015258789
1763888321275,139.60000610351562,115.4000015258789
1763888321291,137.60000610351562,115.4000015258789
1763888321308,135.60000610351562,115.4000015258789
1763888321325,134.60000610351562,115.4000015258789
1763888321403,133.60000610351562,115.4000015258789
1763888321410,132.60000610351562,114.4000015258789
1763888321467,131.60000610351562,113.4000015258789
1763888321482,130.60000610351562,112.4000015258789
1763888321491,128.60000610351562,112.4000015258789
1763888321541,128.60000610351562,112.4000015258789
1763888321595,126.60000610351562,112.4000015258789
1763888321608,124.60000610351562,112.4000015258789
1763888321624,122.60000610351562,112.4000015258789
1763888321641,119.60000610351562,113.4000015258789
1763888321658,120.60000610351562,113.4000015258789
1763888321674,119.60000610351562,113.4000015258789
1763888321691,117.60000610351562,114.4000015258789
1763888321708,117.60000610351562,114.4000015258789
1763888321724,115.60000610351562,114.4000015258789
1763888321859,114.60000610351562,114.4000015258789
1763888321874,114.60000610351562,115.4000015258789
1763888321891,113.60000610351562,116.4000015258789
1763888321908,110.60000610351562,117.4000015258789
1763888321924,108.60000610351562,118.4000015258789
1763888321941,106.60000610351562,119.4000015258789
1763888321957,106.60000610351562,120.4000015258789
1763888322027,105.60000610351562,120.4000015258789
1763888322041,104.60000610351562,121.4000015258789
1763888322057,104.60000610351562,123.4000015258789
1763888322074,102.60000610351562,123.4000015258789
1763888322091,102.60000610351562,124.4000015258789
1763888322107,100.60000610351562,127.4000015258789
1763888322124,100.60000610351562,128.4000015258789
1763888322141,100.60000610351562,129.4000015258789
1763888322157,100.60000610351562,131.4000015258789
1763888322178,100.60000610351562,131.4000015258789
1763888322191,100.60000610351562,133.4000015258789
1763888322207,100.60000610351562,134.4000015258789
1763888322234,100.60000610351562,135.4000015258789
1763888322242,100.60000610351562,136.4000015258789
1763888322258,100.60000610351562,137.4000015258789
1763888322274,98.60000610351562,139.4000015258789
1763888322291,97.60000610351562,141.4000015258789
1763888322307,96.60000610351562,144.4000015258789
1763888322324,96.60000610351562,145.4000015258789
1763888322340,96.60000610351562,147.4000015258789
1763888322357,96.60000610351562,148.4000015258789
1763888322374,95.60000610351562,149.4000015258789
1763888322390,95.60000610351562,150.4000015258789
1763888322407,95.60000610351562,152.4000015258789
1763888322424,95.60000610351562,153.4000015258789
1763888322450,95.60000610351562,154.4000015258789
1763888322458,95.60000610351562,155.4000015258789
1763888322474,95.60000610351562,156.4000015258789
1763888322490,96.60000610351562,159.4000015258789
1763888322507,100.60000610351562,162.4000015258789
1763888322524,103.60000610351562,165.4000015258789
1763888322540,104.60000610351562,167.4000015258789
1763888322557,106.60000610351562,169.4000015258789
1763888322574,107.60000610351562,172.4000015258789
1763888322590,108.60000610351562,172.4000015258789
1763888322607,108.60000610351562,172.4000015258789
1763888322624,109.60000610351562,172.4000015258789
1763888322675,110.60000610351562,174.4000015258789
1763888322807,110.60000610351562,172.4000015258789
1763888322823,109.60000610351562,167.4000015258789
1763888322840,109.60000610351562,160.4000015258789
1763888322857,107.60000610351562,154.4000015258789
1763888322873,106.60000610351562,150.4000015258789
1763888322890,106.60000610351562,148.4000015258789
1763888322907,104.60000610351562,143.4000015258789
1763888322923,104.60000610351562,140.4000015258789
1763888322940,104.60000610351562,140.4000015258789
1763888322957,104.60000610351562,135.4000015258789
1763888322973,104.60000610351562,133.4000015258789
1763888322990,104.60000610351562,131.4000015258789
1763888323007,104.60000610351562,130.4000015258789
1763888323023,105.60000610351562,129.4000015258789
1763888323187,105.60000610351562,131.4000015258789
1763888323194,105.60000610351562,133.4000015258789
1763888323206,106.60000610351562,135.4000015258789
1763888323223,106.60000610351562,140.4000015258789
1763888323240,106.60000610351562,145.4000015258789
1763888323256,106.60000610351562,146.4000015258789
1763888323273,106.60000610351562,148.4000015258789
1763888323290,106.60000610351562,149.4000015258789
1763888323307,106.60000610351562,150.4000015258789
1763888323323,106.60000610351562,151.4000015258789
1763888323340,106.60000610351562,152.4000015258789
1763888323356,106.60000610351562,155.4000015258789
1763888323373,107.60000610351562,156.4000015258789
1763888323427,108.60000610351562,156.4000015258789
1763888323439,108.60000610351562,153.4000015258789
1763888323456,108.60000610351562,149.4000015258789
1763888323473,108.60000610351562,140.4000015258789
1763888323489,108.60000610351562,132.4000015258789
1763888323506,109.60000610351562,128.4000015258789
1763888323523,111.60000610351562,124.4000015258789
1763888323539,113.60000610351562,122.4000015258789
1763888323556,113.60000610351562,120.4000015258789
1763888323573,113.60000610351562,120.4000015258789
1763888323589,114.60000610351562,119.4000015258789
1763888323606,116.60000610351562,117.4000015258789
1763888323683,117.60000610351562,118.4000015258789
1763888323690,117.60000610351562,121.4000015258789
1763888323706,114.60000610351562,127.4000015258789
1763888323723,110.60000610351562,134.4000015258789
1763888323739,108.60000610351562,137.4000015258789
1763888323756,108.60000610351562,138.4000015258789
1763888323773,108.60000610351562,140.4000015258789
1763888323789,108.60000610351562,141.4000015258789
1763888323806,108.60000610351562,142.4000015258789
1763888323822,108.60000610351562,143.4000015258789
1763888323839,108.60000610351562,146.4000015258789
1763888323856,108.60000610351562,149.4000015258789
1763888323872,108.60000610351562,152.4000015258789
1763888323889,108.60000610351562,153.4000015258789
1763888323906,108.60000610351562,155.4000015258789
1763888323922,108.60000610351562,157.4000015258789
1763888324027,109.60000610351562,155.4000015258789
1763888324039,109.60000610351562,154.4000015258789
1763888324056,111.60000610351562,149.4000015258789
1763888324072,114.60000610351562,143.4000015258789
1763888324089,116.60000610351562,139.4000015258789
1763888324106,116.60000610351562,136.4000015258789
1763888324122,116.60000610351562,132.4000015258789
1763888324139,116.60000610351562,128.4000015258789
1763888324156,116.60000610351562,127.4000015258789
1763888324172,116.60000610351562,122.4000015258789
1763888324189,116.60000610351562,119.4000015258789
1763888324206,118.60000610351562,118.4000015258789
1763888324222,118.60000610351562,117.4000015258789
1763888324239,119.60000610351562,116.4000015258789
1763888324255,119.60000610351562,114.4000015258789
1763888324272,119.60000610351562,112.4000015258789
1763888324347,119.60000610351562,112.4000015258789
1763888324355,120.60000610351562,112.4000015258789
1763888324372,123.60000610351562,114.4000015258789
1763888324389,125.60000610351562,116.4000015258789
1763888324405,125.60000610351562,120.4000015258789
1763888324422,126.60000610351562,123.4000015258789
1763888324439,126.60000610351562,124.4000015258789
1763888324455,127.60000610351562,124.4000015258789
1763888324472,127.60000610351562,125.4000015258789
1763888324579,126.60000610351562,124.4000015258789
1763888324588,125.60000610351562,123.4000015258789
1763888324605,125.60000610351562,120.4000015258789
1763888324622,125.60000610351562,117.4000015258789
1763888324638,123.60000610351562,113.4000015258789
1763888324655,123.60000610351562,112.4000015258789
1763888324672,123.60000610351562,108.4000015258789
1763888324688,123.60000610351562,105.4000015258789
1763888324705,123.60000610351562,103.4000015258789
1763888324722,123.60000610351562,101.4000015258789
1763888324738,123.60000610351562,100.4000015258789
1763888324755,123.60000610351562,97.4000015258789
1763888324867,124.60000610351562,101.4000015258789
1763888324874,124.60000610351562,102.4000015258789
1763888324888,124.60000610351562,105.4000015258789
1763888324905,124.60000610351562,111.4000015258789
1763888324922,124.60000610351562,114.4000015258789
1763888324938,125.60000610351562,116.4000015258789
1763888324955,128.60000610351562,119.4000015258789
1763888324972,129.60000610351562,121.4000015258789
1763888324988,129.60000610351562,122.4000015258789
1763888325005,129.60000610351562,125.4000015258789
1763888325021,130.60000610351562,126.4000015258789
1763888325038,130.60000610351562,127.4000015258789
1763888325055,131.60000610351562,127.4000015258789
1763888325147,130.60000610351562,127.4000015258789
1763888325155,130.60000610351562,127.4000015258789
1763888325171,128.60000610351562,123.4000015258789
1763888325188,126.60000610351562,118.4000015258789
1763888325205,125.60000610351562,113.4000015258789
1763888325221,125.60000610351562,110.4000015258789
1763888325238,123.60000610351562,107.4000015258789
1763888325255,123.60000610351562,106.4000015258789
1763888325271,123.60000610351562,105.4000015258789
1763888325288,123.60000610351562,103.4000015258789
1763888325305,122.60000610351562,99.4000015258789
1763888325321,121.60000610351562,99.4000015258789
1763888325338,121.60000610351562,98.4000015258789
1763888325354,120.60000610351562,96.4000015258789
1763888325371,120.60000610351562,95.4000015258789
1763888325394,120.60000610351562,94.4000015258789
1763888325410,120.60000610351562,93.4000015258789
1763888325434,120.60000610351562,92.4000015258789
1763888325442,119.60000610351562,91.4000015258789
1763888325454,118.60000610351562,90.4000015258789
1763888325474,118.60000610351562,89.4000015258789
1763888325490,118.60000610351562,89.4000015258789
1763888325504,118.60000610351562,88.4000015258789
1763888325521,118.60000610351562,86.4000015258789
1763888325571,118.60000610351562,84.4000015258789
1763888325594,118.60000610351562,82.4000015258789
1763888325699,118.60000610351562,82.4000015258789
1763888325706,118.60000610351562,80.4000015258789
1763888325721,119.60000610351562,80.4000015258789
1763888325738,120.60000610351562,80.4000015258789
1763888325843,121.60000610351562,80.4000015258789
1763888325858,122.60000610351562,80.4000015258789
1763888325871,123.60000610351562,80.4000015258789
1763888325887,124.60000610351562,79.4000015258789
1763888325904,125.60000610351562,79.4000015258789
1763888325921,126.60000610351562,77.4000015258789
1763888325947,128.60000610351562,76.4000015258789
1763888325987,128.60000610351562,75.4000015258789
1763888326004,128.60000610351562,73.4000015258789
1763888326021,128.60000610351562,71.4000015258789
1763888326037,128.60000610351562,69.4000015258789
1763888326147,127.60000610351562,68.4000015258789
1763888326154,126.60000610351562,68.4000015258789
1763888326170,126.60000610351562,68.4000015258789
1763888326187,123.60000610351562,68.4000015258789
1763888326204,121.60000610351562,69.4000015258789
1763888326220,119.60000610351562,70.4000015258789
1763888326237,118.60000610351562,71.4000015258789
1763888326254,116.60000610351562,71.4000015258789
1763888326270,113.60000610351562,72.4000015258789
1763888326483,112.60000610351562,73.4000015258789
1763888326520,112.60000610351562,73.4000015258789
1763888326537,110.60000610351562,73.4000015258789
1763888326587,109.60000610351562,74.4000015258789
1763888326603,109.60000610351562,75.4000015258789
1763888326653,110.60000610351562,77.4000015258789
1763888326670,111.60000610351562,77.4000015258789
1763888326995,111.60000610351562,77.4000015258789
1763888327036,112.60000610351562,76.4000015258789
1763888327058,112.60000610351562,76.4000015258789
1763888327067,112.60000610351562,75.4000015258789
1763888327084,112.60000610351562,74.4000015258789
1763888327101,112.60000610351562,73.4000015258789
1763888327122,112.60000610351562,71.4000015258789
1763888327251,112.60000610351562,71.4000015258789
1763888327363,113.60000610351562,72.4000015258789
1763888327378,113.60000610351562,72.4000015258789
1763888327427,114.60000610351562,72.4000015258789
1763888327434,115.60000610351562,73.4000015258789
1763888327555,115.60000610351562,74.4000015258789
1763888327571,115.60000610351562,74.4000015258789
1763888327755,116.60000610351562,75.4000015258789
1763888330395,92.60000610351562,31.400001525878906
1763888330403,92.60000610351562,30.400001525878906
1763888330414,92.60000610351562,29.400001525878906
1763888330431,92.60000610351562,27.400001525878906
1763888330448,92.60000610351562,27.400001525878906
1763888330506,95.60000610351562,23.400001525878906
1763888330523,95.60000610351562,22.400001525878906
1763888330584,96.60000610351562,21.400001525878906
1763888330603,97.60000610351562,21.400001525878906
1763888330617,97.60000610351562,21.400001525878906
1763888330699,98.60000610351562,20.400001525878906
1763888330706,99.60000610351562,20.400001525878906
1763888330717,100.60000610351562,19.400001525878906
1763888330734,103.60000610351562,19.400001525878906
1763888330751,104.60000610351562,19.400001525878906
1763888330767,106.60000610351562,19.400001525878906
1763888330784,107.60000610351562,18.400001525878906
1763888330875,107.60000610351562,17.400001525878906
1763888330884,108.60000610351562,17.400001525878906
1763888330900,111.60000610351562,17.400001525878906
1763888330917,114.60000610351562,15.400001525878906
1763888330934,115.60000610351562,15.400001525878906
1763888330950,115.60000610351562,15.400001525878906
1763888331067,116.60000610351562,15.400001525878906
1763888331084,117.60000610351562,15.400001525878906
1763888331114,119.60000610351562,15.400001525878906
1763888331150,119.60000610351562,15.400001525878906
1763888331178,120.60000610351562,15.400001525878906
1763888331217,121.60000610351562,15.400001525878906
1763888331233,123.60000610351562,15.400001525878906
1763888331258,123.60000610351562,15.400001525878906
1763888331274,124.60000610351562,16.400001525878906
1763888331363,125.60000610351562,16.400001525878906
1763888331370,126.60000610351562,17.400001525878906
1763888331417,127.60000610351562,18.400001525878906
1763888331483,127.60000610351562,18.400001525878906
1763888331500,128.60000610351562,19.400001525878906
1763888331517,130.60000610351562,22.400001525878906
1763888331616,133.60000610351562,24.400001525878906
1763888331635,134.60000610351562,25.400001525878906
1763888331650,135.60000610351562,26.400001525878906
1763888331700,136.60000610351562,27.400001525878906
1763888331716,137.60000610351562,28.400001525878906
1763888331738,138.60000610351562,29.400001525878906
1763888331754,139.60000610351562,29.400001525878906
1763888331778,140.60000610351562,30.400001525878906
1763888331816,141.60000610351562,32.400001525878906
1763888331947,141.60000610351562,32.400001525878906
1763888332035,141.60000610351562,32.400001525878906
1763888332051,141.60000610351562,31.400001525878906
1763888332066,141.60000610351562,30.400001525878906
1763888332083,140.60000610351562,26.400001525878906
1763888332099,138.60000610351562,24.400001525878906
1763888332116,138.60000610351562,22.400001525878906
1763888332133,137.60000610351562,21.400001525878906
1763888332219,135.60000610351562,20.400001525878906
1763888332235,134.60000610351562,20.400001525878906
1763888332251,133.60000610351562,20.400001525878906
1763888332266,132.60000610351562,20.400001525878906
1763888332283,130.60000610351562,20.400001525878906
1763888332299,129.60000610351562,20.400001525878906
1763888332379,128.60000610351562,19.400001525878906
1763888332386,126.60000610351562,19.400001525878906
1763888332399,125.60000610351562,19.400001525878906
1763888332416,121.60000610351562,17.400001525878906
1763888332499,120.60000610351562,17.400001525878906
1763888332516,117.60000610351562,16.400001525878906
1763888332532,113.60000610351562,16.400001525878906
1763888332549,112.60000610351562,16.400001525878906
1763888332566,109.60000610351562,16.400001525878906
1763888332582,109.60000610351562,16.400001525878906
1763888332599,108.60000610351562,15.400001525878906
1763888332675,107.60000610351562,15.400001525878906
1763888332691,107.60000610351562,15.400001525878906
1763888332732,105.60000610351562,15.400001525878906
1763888332819,105.60000610351562,15.400001525878906
1763888332832,103.60000610351562,15.400001525878906
1763888332849,102.60000610351562,16.400001525878906
1763888332865,102.60000610351562,16.400001525878906
1763888332899,102.60000610351562,17.400001525878906
1763888332963,102.60000610351562,17.400001525878906
1763888332979,102.60000610351562,18.400001525878906
1763888333019,102.60000610351562,19.400001525878906
1763888333065,101.60000610351562,19.400001525878906
1763888333082,101.60000610351562,19.400001525878906
1763888333115,100.60000610351562,19.400001525878906
1763888333165,99.60000610351562,20.400001525878906
1763888333215,99.60000610351562,20.400001525878906
1763888333232,99.60000610351562,22.400001525878906
1763888333248,98.60000610351562,23.400001525878906
1763888333315,97.60000610351562,24.400001525878906
1763888333332,96.60000610351562,26.400001525878906
1763888333348,96.60000610351562,26.400001525878906
1763888333398,95.60000610351562,28.400001525878906
1763888333451,95.60000610351562,28.400001525878906
1763888333465,94.60000610351562,29.400001525878906
1763888333482,94.60000610351562,31.400001525878906
1763888333498,93.60000610351562,31.400001525878906
1763888333515,92.60000610351562,32.400001525878906
1763888333598,91.60000610351562,34.400001525878906
1763888333615,90.60000610351562,34.400001525878906
1763888333907,90.60000610351562,36.400001525878906
1763888333948,90.60000610351562,37.400001525878906
1763888333996,90.60000610351562,37.400001525878906
1763888334013,90.60000610351562,40.400001525878906
1763888334139,91.60000610351562,40.400001525878906
1763888334155,92.60000610351562,41.400001525878906
1763888334163,92.60000610351562,42.400001525878906
1763888334179,92.60000610351562,43.400001525878906
1763888334243,92.60000610351562,44.400001525878906
1763888334279,92.60000610351562,45.400001525878906
1763888334296,92.60000610351562,46.400001525878906
1763888334346,92.60000610351562,47.400001525878906
1763888335147,92.60000610351562,51.400001525878906
1763888335162,92.60000610351562,53.400001525878906
1763888335179,94.60000610351562,55.400001525878906
1763888335203,94.60000610351562,58.400001525878906
1763888335220,94.60000610351562,60.400001525878906
1763888335323,95.60000610351562,60.400001525878906
1763888335387,96.60000610351562,62.400001525878906
1763888335403,98.60000610351562,64.4000015258789
1763888335420,99.60000610351562,64.4000015258789
1763888335436,100.60000610351562,66.4000015258789
1763888335659,100.60000610351562,67.4000015258789
1763888335670,100.60000610351562,68.4000015258789
1763888335686,101.60000610351562,71.4000015258789
1763888335703,101.60000610351562,71.4000015258789
1763888335723,101.60000610351562,73.4000015258789
1763888335758,101.60000610351562,74.4000015258789
1763888335843,101.60000610351562,73.4000015258789
1763888335858,100.60000610351562,70.4000015258789
1763888335875,100.60000610351562,67.4000015258789
1763888335892,98.60000610351562,65.4000015258789
1763888335923,98.60000610351562,63.400001525878906
1763888335987,99.60000610351562,64.4000015258789
1763888335995,100.60000610351562,65.4000015258789
1763888336008,100.60000610351562,66.4000015258789
1763888336025,103.60000610351562,70.4000015258789
1763888336041,104.60000610351562,71.4000015258789
1763888336179,104.60000610351562,73.4000015258789
1763888336579,131.60000610351562,72.4000015258789
1763888336595,132.60000610351562,71.4000015258789
1763888336608,133.60000610351562,69.4000015258789
1763888336624,135.60000610351562,68.4000015258789
1763888336641,136.60000610351562,66.4000015258789
1763888336659,137.60000610351562,65.4000015258789
1763888336668,139.60000610351562,65.4000015258789
1763888336685,140.60000610351562,63.400001525878906
1763888336701,140.60000610351562,62.400001525878906
1763888336731,141.60000610351562,62.400001525878906
1763888336739,141.60000610351562,60.400001525878906
1763888336751,141.60000610351562,59.400001525878906
1763888336768,141.60000610351562,57.400001525878906
1763888336785,141.60000610351562,54.400001525878906
1763888336883,141.60000610351562,53.400001525878906
1763888336891,141.60000610351562,52.400001525878906
1763888336901,142.60000610351562,50.400001525878906
1763888336918,143.60000610351562,49.400001525878906
1763888336935,143.60000610351562,48.400001525878906
1763888336951,143.60000610351562,48.400001525878906
1763888336968,143.60000610351562,46.400001525878906
1763888337027,143.60000610351562,47.400001525878906
1763888337035,143.60000610351562,49.400001525878906
1763888337051,143.60000610351562,55.400001525878906
1763888337068,143.60000610351562,57.400001525878906
1763888337084,143.60000610351562,60.400001525878906
1763888337101,142.60000610351562,61.400001525878906
1763888337134,141.60000610351562,63.400001525878906
1763888337151,140.60000610351562,64.4000015258789
1763888337171,140.60000610351562,65.4000015258789
1763888337203,139.60000610351562,67.4000015258789
1763888337218,138.60000610351562,67.4000015258789
1763888337234,137.60000610351562,68.4000015258789
1763888337251,137.60000610351562,69.4000015258789
1763888337268,137.60000610351562,71.4000015258789
1763888337284,136.60000610351562,72.4000015258789
1763888337334,136.60000610351562,73.4000015258789
1763888337451,136.60000610351562,72.4000015258789
1763888337467,136.60000610351562,69.4000015258789
1763888337484,139.60000610351562,65.4000015258789
1763888337501,139.60000610351562,63.400001525878906
1763888337517,141.60000610351562,61.400001525878906
1763888337534,141.60000610351562,59.400001525878906
1763888337551,141.60000610351562,57.400001525878906
1763888337567,141.60000610351562,55.400001525878906
1763888337584,143.60000610351562,52.400001525878906
1763888337601,144.60000610351562,50.400001525878906
1763888337617,144.60000610351562,49.400001525878906
1763888337634,144.60000610351562,48.400001525878906
1763888337651,144.60000610351562,46.400001525878906
1763888337667,144.60000610351562,44.400001525878906
1763888337684,144.60000610351562,42.400001525878906
1763888337701,144.60000610351562,41.400001525878906
1763888337717,144.60000610351562,39.400001525878906
1763888337734,144.60000610351562,39.400001525878906
1763888337751,144.60000610351562,37.400001525878906
1763888337771,144.60000610351562,36.400001525878906
1763888337784,143.60000610351562,36.400001525878906
1763888337899,143.60000610351562,38.400001525878906
1763888337907,143.60000610351562,38.400001525878906
1763888337917,143.60000610351562,41.400001525878906
1763888337934,143.60000610351562,45.400001525878906
1763888337950,143.60000610351562,46.400001525878906
1763888337967,143.60000610351562,50.400001525878906
1763888337984,143.60000610351562,52.400001525878906
1763888338000,143.60000610351562,55.400001525878906
1763888338017,142.60000610351562,58.400001525878906
1763888338034,142.60000610351562,60.400001525878906
1763888338299,142.60000610351562,61.400001525878906
1763888338307,142.60000610351562,60.400001525878906
1763888338317,142.60000610351562,60.400001525878906
1763888338333,142.60000610351562,56.400001525878906
1763888338350,142.60000610351562,53.400001525878906
1763888338367,142.60000610351562,49.400001525878906
1763888338388,144.60000610351562,44.400001525878906
1763888339835,111.60000610351562,72.4000015258789
1763888339851,110.60000610351562,72.4000015258789
1763888339859,109.60000610351562,71.4000015258789
1763888339870,108.60000610351562,70.4000015258789
1763888339887,108.60000610351562,70.4000015258789
1763888339907,106.60000610351562,68.4000015258789
1763888339939,105.60000610351562,67.4000015258789
1763888339947,104.60000610351562,66.4000015258789
1763888339995,102.60000610351562,64.4000015258789
1763888340019,101.60000610351562,63.400001525878906
1763888340131,101.60000610351562,63.400001525878906
1763888340243,101.60000610351562,63.400001525878906
1763888343299,97.60000610351562,29.400001525878906
1763888343307,99.60000610351562,29.400001525878906
1763888343321,101.60000610351562,29.400001525878906
1763888343338,107.60000610351562,29.400001525878906
1763888343355,109.60000610351562,29.400001525878906
1763888343371,112.60000610351562,27.400001525878906
1763888343443,113.60000610351562,27.400001525878906
1763888343467,113.60000610351562,27.400001525878906
1763888343483,115.60000610351562,25.400001525878906
1763888343491,115.60000610351562,24.400001525878906
1763888343504,115.60000610351562,23.400001525878906
1763888343521,117.60000610351562,20.400001525878906
1763888343538,117.60000610351562,19.400001525878906
1763888343554,118.60000610351562,18.400001525878906
1763888343571,119.60000610351562,17.400001525878906
1763888343603,120.60000610351562,17.400001525878906
1763888343659,120.60000610351562,18.400001525878906
1763888343675,120.60000610351562,19.400001525878906
1763888343688,120.60000610351562,21.400001525878906
1763888343704,117.60000610351562,22.400001525878906
1763888343721,112.60000610351562,22.400001525878906
1763888343737,109.60000610351562,23.400001525878906
1763888343754,107.60000610351562,23.400001525878906
1763888343771,102.60000610351562,23.400001525878906
1763888343787,100.60000610351562,25.400001525878906
1763888343837,100.60000610351562,25.400001525878906
1763888343859,99.60000610351562,25.400001525878906
1763888343931,100.60000610351562,25.400001525878906
1763888343939,101.60000610351562,25.400001525878906
1763888343954,103.60000610351562,25.400001525878906
1763888343971,107.60000610351562,25.400001525878906
1763888343987,111.60000610351562,25.400001525878906
1763888344004,113.60000610351562,25.400001525878906
1763888344021,115.60000610351562,25.400001525878906
1763888344037,116.60000610351562,26.400001525878906
1763888344054,116.60000610351562,27.400001525878906
1763888344070,116.60000610351562,29.400001525878906
1763888344087,116.60000610351562,31.400001525878906
1763888344104,116.60000610351562,33.400001525878906
1763888344120,115.60000610351562,36.400001525878906
1763888344137,112.60000610351562,38.400001525878906
1763888344154,109.60000610351562,40.400001525878906
1763888344170,107.60000610351562,40.400001525878906
1763888344187,107.60000610351562,41.400001525878906
1763888344211,106.60000610351562,41.400001525878906
1763888344320,105.60000610351562,40.400001525878906
1763888344337,107.60000610351562,38.400001525878906
1763888344354,108.60000610351562,37.400001525878906
1763888344370,110.60000610351562,37.400001525878906
1763888344387,111.60000610351562,36.400001525878906
1763888344467,109.60000610351562,36.400001525878906
1763888344475,106.60000610351562,36.400001525878906
1763888344487,104.60000610351562,37.400001525878906
1763888344504,100.60000610351562,38.400001525878906
1763888344520,97.60000610351562,40.400001525878906
1763888344537,97.60000610351562,41.400001525878906
1763888344643,98.60000610351562,41.400001525878906
1763888344653,101.60000610351562,39.400001525878906
1763888344670,106.60000610351562,37.400001525878906
1763888344687,107.60000610351562,36.400001525878906
1763888344703,109.60000610351562,36.400001525878906
1763888344723,111.60000610351562,36.400001525878906
1763888344739,112.60000610351562,35.400001525878906
1763888344755,113.60000610351562,35.400001525878906
1763888344771,114.60000610351562,34.400001525878906
1763888344787,115.60000610351562,34.400001525878906
1763888344803,116.60000610351562,33.400001525878906
1763888344820,117.60000610351562,32.400001525878906
1763888344837,119.60000610351562,32.400001525878906
1763888344853,121.60000610351562,31.400001525878906
1763888344870,122.60000610351562,30.400001525878906
1763888344920,123.60000610351562,30.400001525878906
1763888344936,125.60000610351562,30.400001525878906
1763888344953,128.60000610351562,31.400001525878906
1763888344970,128.60000610351562,32.400001525878906
1763888344987,128.60000610351562,32.400001525878906
1763888345003,128.60000610351562,37.400001525878906
1763888345020,128.60000610351562,41.400001525878906
1763888345036,128.60000610351562,43.400001525878906
1763888345053,128.60000610351562,46.400001525878906
1763888345070,127.60000610351562,47.400001525878906
1763888345086,125.60000610351562,49.400001525878906
1763888345103,124.60000610351562,50.400001525878906
1763888345120,123.60000610351562,51.400001525878906
1763888345136,121.60000610351562,51.400001525878906
1763888345163,120.60000610351562,51.400001525878906
1763888345179,118.60000610351562,51.400001525878906
1763888345187,118.60000610351562,51.400001525878906
1763888345203,117.60000610351562,49.400001525878906
1763888345220,117.60000610351562,46.400001525878906
1763888345236,117.60000610351562,44.400001525878906
1763888345253,117.60000610351562,43.400001525878906
1763888345270,118.60000610351562,40.400001525878906
1763888345291,120.60000610351562,39.400001525878906
1763888345303,121.60000610351562,38.400001525878906
1763888345320,122.60000610351562,36.400001525878906
1763888345336,123.60000610351562,36.400001525878906
1763888345353,125.60000610351562,36.400001525878906
1763888345369,126.60000610351562,36.400001525878906
1763888345395,127.60000610351562,36.400001525878906
1763888345411,129.60000610351562,36.400001525878906
1763888345419,129.60000610351562,37.400001525878906
1763888345436,131.60000610351562,37.400001525878906
1763888345453,132.60000610351562,38.400001525878906
1763888345469,134.60000610351562,38.400001525878906
1763888345486,136.60000610351562,38.400001525878906
1763888345503,137.60000610351562,38.400001525878906
1763888345519,140.60000610351562,39.400001525878906
1763888345547,141.60000610351562,40.400001525878906
1763888345563,141.60000610351562,40.400001525878906
1763888345571,144.60000610351562,41.400001525878906
1763888345702,144.60000610351562,46.400001525878906
1763888345719,142.60000610351562,44.400001525878906
1763888345736,141.60000610351562,42.400001525878906
1763888345752,140.60000610351562,41.400001525878906
1763888345802,137.60000610351562,40.400001525878906
1763888345819,136.60000610351562,38.400001525878906
1763888345836,135.60000610351562,36.400001525878906
1763888345852,134.60000610351562,35.400001525878906
1763888345869,132.60000610351562,33.400001525878906
1763888345886,132.60000610351562,33.400001525878906
1763888345939,132.60000610351562,32.400001525878906
1763888345952,132.60000610351562,31.400001525878906
1763888345969,130.60000610351562,29.400001525878906
1763888345986,128.60000610351562,27.400001525878906
1763888346083,125.60000610351562,28.400001525878906
1763888346155,125.60000610351562,28.400001525878906
1763888346169,124.60000610351562,27.400001525878906
1763888346185,122.60000610351562,25.400001525878906
1763888346202,121.60000610351562,25.400001525878906
1763888346307,119.60000610351562,26.400001525878906
1763888346323,118.60000610351562,28.400001525878906
1763888346335,118.60000610351562,28.400001525878906
1763888346352,116.60000610351562,30.400001525878906
1763888346369,114.60000610351562,31.400001525878906
1763888346418,112.60000610351562,31.400001525878906
1763888346435,105.60000610351562,33.400001525878906
1763888346452,103.60000610351562,33.400001525878906
1763888346515,102.60000610351562,34.400001525878906
1763888346603,102.60000610351562,34.400001525878906
1763888346618,102.60000610351562,33.400001525878906
1763888346635,102.60000610351562,28.400001525878906
1763888346652,102.60000610351562,27.400001525878906
1763888346668,102.60000610351562,26.400001525878906
1763888346731,102.60000610351562,26.400001525878906
1763888346739,102.60000610351562,28.400001525878906
1763888346752,102.60000610351562,30.400001525878906
1763888346768,102.60000610351562,33.400001525878906
1763888346818,100.60000610351562,34.400001525878906
1763888346835,98.60000610351562,36.400001525878906
1763888346851,98.60000610351562,37.400001525878906
1763888346875,98.60000610351562,39.400001525878906
1763888346918,99.60000610351562,40.400001525878906
1763888346935,101.60000610351562,40.400001525878906
1763888346951,106.60000610351562,40.400001525878906
1763888346968,113.60000610351562,40.400001525878906
1763888346985,117.60000610351562,40.400001525878906
1763888347001,119.60000610351562,40.400001525878906
1763888347018,120.60000610351562,40.400001525878906
1763888347035,122.60000610351562,36.400001525878906
1763888347107,123.60000610351562,36.400001525878906
1763888347118,124.60000610351562,36.400001525878906
1763888347168,124.60000610351562,37.400001525878906
1763888347187,124.60000610351562,38.400001525878906
1763888347201,124.60000610351562,41.400001525878906
1763888347218,124.60000610351562,43.400001525878906
1763888347234,124.60000610351562,44.400001525878906
1763888347259,123.60000610351562,44.400001525878906
1763888347275,122.60000610351562,44.400001525878906
1763888347379,123.60000610351562,44.400001525878906
1763888347387,124.60000610351562,44.400001525878906
1763888347401,126.60000610351562,44.400001525878906
1763888347418,127.60000610351562,43.400001525878906
1763888347434,128.60000610351562,43.400001525878906
1763888347451,129.60000610351562,43.400001525878906
1763888347468,130.60000610351562,43.400001525878906
1763888347491,131.60000610351562,43.400001525878906
1763888347539,132.60000610351562,43.400001525878906
1763888347551,133.60000610351562,44.400001525878906
1763888347579,134.60000610351562,45.400001525878906
1763888347717,133.60000610351562,44.400001525878906
1763888347734,131.60000610351562,42.400001525878906
1763888347751,130.60000610351562,42.400001525878906
1763888347767,129.60000610351562,42.400001525878906
1763888347787,128.60000610351562,42.400001525878906
1763888347801,127.60000610351562,42.400001525878906
1763888347819,125.60000610351562,42.400001525878906
1763888347834,124.60000610351562,42.400001525878906
1763888347851,123.60000610351562,42.400001525878906
1763888347867,121.60000610351562,42.400001525878906
1763888347891,120.60000610351562,42.400001525878906
1763888347907,118.60000610351562,43.400001525878906
1763888347917,116.60000610351562,43.400001525878906
1763888347934,113.60000610351562,43.400001525878906
1763888347950,109.60000610351562,45.400001525878906
1763888347979,109.60000610351562,45.400001525878906
1763888348091,108.60000610351562,45.400001525878906
1763888348179,107.60000610351562,45.400001525878906
1763888348227,107.60000610351562,45.400001525878906
1763888348284,106.60000610351562,45.400001525878906
1763888348301,104.60000610351562,45.400001525878906
1763888348318,101.60000610351562,45.400001525878906
1763888348334,101.60000610351562,45.400001525878906
1763888348523,100.60000610351562,44.400001525878906
1763888348534,101.60000610351562,43.400001525878906
1763888348551,102.60000610351562,39.400001525878906
1763888348567,105.60000610351562,37.400001525878906
1763888348584,106.60000610351562,35.400001525878906
1763888348601,107.60000610351562,35.400001525878906
1763888348617,108.60000610351562,35.400001525878906
1763888348634,109.60000610351562,35.400001525878906
1763888348684,110.60000610351562,35.400001525878906
1763888348701,112.60000610351562,35.400001525878906
1763888348717,113.60000610351562,33.400001525878906
1763888348734,113.60000610351562,31.400001525878906
1763888348751,113.60000610351562,31.400001525878906
1763888348767,114.60000610351562,28.400001525878906
1763888348784,115.60000610351562,27.400001525878906
1763888348835,115.60000610351562,27.400001525878906
1763888348850,116.60000610351562,27.400001525878906
1763888348867,120.60000610351562,27.400001525878906
1763888348884,124.60000610351562,25.400001525878906
1763888348900,126.60000610351562,25.400001525878906
1763888348923,128.60000610351562,25.400001525878906
1763888349220,126.60000610351562,24.400001525878906
1763888349233,125.60000610351562,24.400001525878906
1763888349250,124.60000610351562,23.400001525878906
1763888349267,123.60000610351562,23.400001525878906
1763888349283,122.60000610351562,23.400001525878906
1763888349307,121.60000610351562,23.400001525878906
1763888349342,120.60000610351562,23.400001525878906
1763888349363,119.60000610351562,23.400001525878906
1763888349425,119.60000610351562,23.400001525878906
1763888350174,110.60000610351562,121.4000015258789
1763888350195,109.60000610351562,121.4000015258789
1763888350208,108.60000610351562,121.4000015258789
1763888350235,107.60000610351562,121.4000015258789
1763888350246,106.60000610351562,121.4000015258789
1763888350263,104.60000610351562,123.4000015258789
1763888350280,102.60000610351562,127.4000015258789
1763888350296,102.60000610351562,128.4000015258789
1763888350313,100.60000610351562,131.4000015258789
1763888350330,99.60000610351562,132.4000015258789
1763888350346,99.60000610351562,133.4000015258789
1763888350411,98.60000610351562,134.4000015258789
1763888350419,96.60000610351562,134.4000015258789
1763888350430,96.60000610351562,135.4000015258789
1763888350451,96.60000610351562,137.4000015258789
1763888350463,96.60000610351562,138.4000015258789
1763888350480,96.60000610351562,138.4000015258789
1763888350496,96.60000610351562,140.4000015258789
1763888350513,95.60000610351562,142.4000015258789
1763888350530,95.60000610351562,145.4000015258789
1763888350546,95.60000610351562,146.4000015258789
1763888350563,95.60000610351562,147.4000015258789
1763888350579,95.60000610351562,149.4000015258789
1763888350596,95.60000610351562,151.4000015258789
1763888350613,95.60000610351562,154.4000015258789
1763888350629,95.60000610351562,157.4000015258789
1763888350646,95.60000610351562,159.4000015258789
1763888350663,96.60000610351562,162.4000015258789
1763888350679,96.60000610351562,162.4000015258789
1763888350699,97.60000610351562,162.4000015258789
1763888350713,98.60000610351562,163.4000015258789
1763888350729,99.60000610351562,165.4000015258789
1763888350746,99.60000610351562,168.4000015258789
1763888350763,100.60000610351562,169.4000015258789
1763888350829,101.60000610351562,171.4000015258789
1763888350891,101.60000610351562,170.4000015258789
1763888350907,101.60000610351562,169.4000015258789
1763888350915,101.60000610351562,167.4000015258789
1763888350929,101.60000610351562,165.4000015258789
1763888350946,100.60000610351562,158.4000015258789
1763888350963,99.60000610351562,155.4000015258789
1763888350979,98.60000610351562,150.4000015258789
1763888350996,98.60000610351562,148.4000015258789
1763888351012,98.60000610351562,146.4000015258789
1763888351029,98.60000610351562,144.4000015258789
1763888351107,98.60000610351562,145.4000015258789
1763888351115,98.60000610351562,147.4000015258789
1763888351129,98.60000610351562,148.4000015258789
1763888351146,100.60000610351562,155.4000015258789
1763888351162,100.60000610351562,160.4000015258789
1763888351179,100.60000610351562,167.4000015258789
1763888351196,100.60000610351562,170.4000015258789
1763888351212,100.60000610351562,173.4000015258789
1763888351229,100.60000610351562,174.4000015258789
1763888351251,100.60000610351562,175.4000015258789
1763888351262,100.60000610351562,176.4000015258789
1763888351279,100.60000610351562,177.4000015258789
1763888351296,100.60000610351562,180.4000015258789
1763888351312,100.60000610351562,181.4000015258789
1763888351362,102.60000610351562,182.4000015258789
1763888351379,102.60000610351562,183.4000015258789
1763888351395,105.60000610351562,184.4000015258789
1763888351412,108.60000610351562,187.4000015258789
1763888351429,110.60000610351562,189.4000015258789
1763888351445,111.60000610351562,189.4000015258789
1763888351499,112.60000610351562,189.4000015258789
1763888351512,113.60000610351562,189.4000015258789
1763888351531,114.60000610351562,189.4000015258789
1763888351579,115.60000610351562,189.4000015258789
1763888351595,119.60000610351562,190.4000015258789
1763888351612,121.60000610351562,190.4000015258789
1763888351629,123.60000610351562,192.4000015258789
1763888351645,125.60000610351562,194.4000015258789
1763888351662,126.60000610351562,194.4000015258789
1763888351679,127.60000610351562,194.4000015258789
1763888351695,130.60000610351562,194.4000015258789
1763888351712,131.60000610351562,194.4000015258789
1763888351739,132.60000610351562,194.4000015258789
1763888351755,133.60000610351562,194.4000015258789
1763888351763,134.60000610351562,194.4000015258789
1763888351778,135.60000610351562,194.4000015258789
1763888351795,138.60000610351562,194.4000015258789
1763888351867,138.60000610351562,193.4000015258789
1763888351878,138.60000610351562,192.4000015258789
1763888351928,137.60000610351562,191.4000015258789
1763888351955,136.60000610351562,191.4000015258789
1763888351963,135.60000610351562,190.4000015258789
1763888351979,134.60000610351562,190.4000015258789
1763888351995,133.60000610351562,190.4000015258789
1763888352012,131.60000610351562,190.4000015258789
1763888352028,128.60000610351562,190.4000015258789
1763888352045,124.60000610351562,190.4000015258789
1763888352062,122.60000610351562,187.4000015258789
1763888352078,120.60000610351562,187.4000015258789
1763888352095,120.60000610351562,187.4000015258789
1763888352111,118.60000610351562,186.4000015258789
1763888352128,117.60000610351562,185.4000015258789
1763888352145,116.60000610351562,184.4000015258789
1763888352161,114.60000610351562,184.4000015258789
1763888352178,112.60000610351562,183.4000015258789
1763888352203,112.60000610351562,183.4000015258789
1763888352251,111.60000610351562,183.4000015258789
1763888352261,110.60000610351562,182.4000015258789
1763888352278,109.60000610351562,181.4000015258789
1763888352295,107.60000610351562,180.4000015258789
1763888352311,106.60000610351562,178.4000015258789
1763888352387,107.60000610351562,179.4000015258789
1763888352395,108.60000610351562,179.4000015258789
1763888352411,110.60000610351562,181.4000015258789
1763888352428,110.60000610351562,182.4000015258789
1763888352451,112.60000610351562,183.4000015258789
1763888352467,113.60000610351562,184.4000015258789
1763888352478,115.60000610351562,186.4000015258789
1763888352494,116.60000610351562,187.4000015258789
1763888352511,118.60000610351562,189.4000015258789
1763888352528,119.60000610351562,191.4000015258789
1763888352555,121.60000610351562,191.4000015258789
1763888352563,122.60000610351562,191.4000015258789
1763888352578,123.60000610351562,191.4000015258789
1763888352594,124.60000610351562,191.4000015258789
1763888352611,126.60000610351562,192.4000015258789
1763888352628,128.60000610351562,192.4000015258789
1763888352651,130.60000610351562,193.4000015258789
1763888352667,130.60000610351562,193.4000015258789
1763888352678,131.60000610351562,193.4000015258789
1763888352803,133.60000610351562,193.4000015258789
1763888352811,135.60000610351562,193.4000015258789
1763888352828,137.60000610351562,193.4000015258789
1763888352844,140.60000610351562,192.4000015258789
1763888352861,141.60000610351562,191.4000015258789
1763888352877,142.60000610351562,190.4000015258789
1763888352894,144.60000610351562,187.4000015258789
1763888352911,144.60000610351562,185.4000015258789
1763888352927,145.60000610351562,183.4000015258789
1763888352994,145.60000610351562,181.4000015258789
1763888353011,146.60000610351562,178.4000015258789
1763888353027,146.60000610351562,176.4000015258789
1763888353083,145.60000610351562,176.4000015258789
1763888353094,144.60000610351562,176.4000015258789
1763888353111,141.60000610351562,176.4000015258789
1763888353127,137.60000610351562,176.4000015258789
1763888353144,134.60000610351562,178.4000015258789
1763888353161,133.60000610351562,179.4000015258789
1763888353210,131.60000610351562,179.4000015258789
1763888353227,126.60000610351562,181.4000015258789
1763888353244,126.60000610351562,181.4000015258789
1763888353260,125.60000610351562,181.4000015258789
1763888353277,123.60000610351562,181.4000015258789
1763888353294,122.60000610351562,181.4000015258789
1763888353355,122.60000610351562,181.4000015258789
1763888353371,120.60000610351562,181.4000015258789
1763888353379,119.60000610351562,181.4000015258789
1763888353394,118.60000610351562,181.4000015258789
1763888353410,115.60000610351562,181.4000015258789
1763888353427,111.60000610351562,178.4000015258789
1763888353444,110.60000610351562,177.4000015258789
1763888353460,109.60000610351562,177.4000015258789
1763888353480,107.60000610351562,174.4000015258789
1763888353499,105.60000610351562,173.4000015258789
1763888353516,104.60000610351562,171.4000015258789
1763888353532,103.60000610351562,168.4000015258789
1763888353544,103.60000610351562,167.4000015258789
1763888353560,103.60000610351562,166.4000015258789
1763888353577,102.60000610351562,165.4000015258789
1763888353675,102.60000610351562,165.4000015258789
1763888353683,102.60000610351562,166.4000015258789
1763888353694,102.60000610351562,168.4000015258789
1763888353710,103.60000610351562,171.4000015258789
1763888353727,105.60000610351562,177.4000015258789
1763888353744,106.60000610351562,178.4000015258789
1763888353760,108.60000610351562,181.4000015258789
1763888353835,110.60000610351562,180.4000015258789
1763888353844,111.60000610351562,179.4000015258789
1763888353860,112.60000610351562,176.4000015258789
1763888353877,113.60000610351562,171.4000015258789
1763888353893,115.60000610351562,164.4000015258789
1763888353910,116.60000610351562,159.4000015258789
1763888353927,116.60000610351562,154.4000015258789
1763888353943,116.60000610351562,150.4000015258789
1763888353960,115.60000610351562,148.4000015258789
1763888353977,115.60000610351562,145.4000015258789
1763888353993,114.60000610351562,141.4000015258789
1763888354010,114.60000610351562,139.4000015258789
1763888354027,113.60000610351562,136.4000015258789
1763888354043,113.60000610351562,134.4000015258789
1763888354060,113.60000610351562,133.4000015258789
1763888354077,117.60000610351562,129.4000015258789
1763888354093,121.60000610351562,129.4000015258789
1763888354110,122.60000610351562,129.4000015258789
1763888354139,124.60000610351562,129.4000015258789
1763888354147,125.60000610351562,129.4000015258789
1763888354160,127.60000610351562,129.4000015258789
1763888354177,129.60000610351562,129.4000015258789
1763888354193,132.60000610351562,131.4000015258789
1763888354210,133.60000610351562,135.4000015258789
1763888354227,133.60000610351562,140.4000015258789
1763888354243,134.60000610351562,144.4000015258789
1763888354260,135.60000610351562,146.4000015258789
1763888354276,135.60000610351562,150.4000015258789
1763888354293,135.60000610351562,154.4000015258789
1763888354310,135.60000610351562,158.4000015258789
1763888354326,135.60000610351562,161.4000015258789
1763888354343,135.60000610351562,162.4000015258789
1763888354411,135.60000610351562,162.4000015258789
1763888354426,135.60000610351562,161.4000015258789
1763888354443,140.60000610351562,153.4000015258789
1763888354460,142.60000610351562,149.4000015258789
1763888354476,142.60000610351562,146.4000015258789
1763888354493,145.60000610351562,143.4000015258789
1763888354510,145.60000610351562,141.4000015258789
1763888354526,145.60000610351562,137.4000015258789
1763888354543,145.60000610351562,135.4000015258789
1763888354560,145.60000610351562,134.4000015258789
1763888354576,145.60000610351562,132.4000015258789
1763888354593,145.60000610351562,132.4000015258789
1763888354610,145.60000610351562,129.4000015258789
1763888354626,145.60000610351562,128.4000015258789
1763888354643,145.60000610351562,124.4000015258789
1763888354659,145.60000610351562,122.4000015258789
1763888354676,145.60000610351562,120.4000015258789
1763888354693,145.60000610351562,120.4000015258789
1763888354709,145.60000610351562,118.4000015258789
1763888354726,145.60000610351562,117.4000015258789
1763888354743,145.60000610351562,116.4000015258789
1763888354759,144.60000610351562,114.4000015258789
1763888354779,143.60000610351562,113.4000015258789
1763888354795,142.60000610351562,112.4000015258789
1763888354843,141.60000610351562,111.4000015258789
1763888354859,139.60000610351562,109.4000015258789
1763888354876,138.60000610351562,109.4000015258789
1763888354893,137.60000610351562,109.4000015258789
1763888354909,135.60000610351562,109.4000015258789
1763888354926,135.60000610351562,109.4000015258789
1763888354943,134.60000610351562,108.4000015258789
1763888354959,133.60000610351562,107.4000015258789
1763888354987,132.60000610351562,107.4000015258789
1763888355203,132.60000610351562,107.4000015258789
1763888355283,132.60000610351562,108.4000015258789
1763888355299,132.60000610351562,109.4000015258789
1763888355315,132.60000610351562,110.4000015258789
1763888355467,132.60000610351562,110.4000015258789
1763888355475,132.60000610351562,109.4000015258789
1763888355492,130.60000610351562,107.4000015258789
1763888355509,129.60000610351562,105.4000015258789
1763888355525,129.60000610351562,104.4000015258789
1763888355542,129.60000610351562,102.4000015258789
1763888355559,128.60000610351562,100.4000015258789
1763888355575,128.60000610351562,99.4000015258789
1763888355595,127.60000610351562,98.4000015258789
1763888355611,127.60000610351562,97.4000015258789
1763888355625,127.60000610351562,95.4000015258789
1763888355643,125.60000610351562,94.4000015258789
1763888355707,125.60000610351562,93.4000015258789
1763888355755,125.60000610351562,93.4000015258789
1763888358011,118.60000610351562,187.4000015258789
1763888358056,117.60000610351562,187.4000015258789
1763888358073,115.60000610351562,188.4000015258789
1763888358088,115.60000610351562,190.4000015258789
1763888358104,114.60000610351562,193.4000015258789
1763888358121,114.60000610351562,195.4000015258789
1763888358138,113.60000610351562,198.4000015258789
1763888358154,111.60000610351562,200.4000015258789
1763888358171,109.60000610351562,202.4000015258789
1763888358188,109.60000610351562,203.4000015258789
1763888358204,107.60000610351562,205.4000015258789
1763888358221,105.60000610351562,207.4000015258789
1763888358238,105.60000610351562,210.4000015258789
1763888358254,103.60000610351562,211.4000015258789
1763888358271,103.60000610351562,212.4000015258789
1763888358287,102.60000610351562,214.4000015258789
1763888358304,101.60000610351562,214.4000015258789
1763888358321,101.60000610351562,215.4000015258789
1763888358371,101.60000610351562,215.4000015258789
1763888358387,101.60000610351562,211.4000015258789
1763888358404,102.60000610351562,207.4000015258789
1763888358421,105.60000610351562,203.4000015258789
1763888358437,109.60000610351562,199.4000015258789
1763888358454,110.60000610351562,197.4000015258789
1763888358483,112.60000610351562,195.4000015258789
1763888358491,113.60000610351562,195.4000015258789
1763888358507,114.60000610351562,195.4000015258789
1763888358521,115.60000610351562,195.4000015258789
1763888358537,117.60000610351562,195.4000015258789
1763888358554,118.60000610351562,198.4000015258789
1763888358571,118.60000610351562,200.4000015258789
1763888358587,118.60000610351562,202.4000015258789
1763888358604,117.60000610351562,203.4000015258789
1763888358620,117.60000610351562,204.4000015258789
1763888358637,117.60000610351562,205.4000015258789
1763888358654,116.60000610351562,206.4000015258789
1763888358723,115.60000610351562,207.4000015258789
1763888358737,115.60000610351562,209.4000015258789
1763888358754,115.60000610351562,209.4000015258789
1763888358770,115.60000610351562,211.4000015258789
1763888358787,115.60000610351562,214.4000015258789
1763888358804,114.60000610351562,216.4000015258789
1763888358820,114.60000610351562,217.4000015258789
1763888358939,114.60000610351562,215.4000015258789
1763888358954,114.60000610351562,214.4000015258789
1763888358970,116.60000610351562,210.4000015258789
1763888358987,118.60000610351562,205.4000015258789
1763888359003,118.60000610351562,203.4000015258789
1763888359020,118.60000610351562,200.4000015258789
1763888359037,118.60000610351562,198.4000015258789
1763888359053,118.60000610351562,197.4000015258789
1763888359107,118.60000610351562,196.4000015258789
1763888359163,119.60000610351562,196.4000015258789
1763888359171,120.60000610351562,197.4000015258789
1763888359187,120.60000610351562,198.4000015258789
1763888359203,123.60000610351562,202.4000015258789
1763888359220,124.60000610351562,207.4000015258789
1763888359237,124.60000610351562,210.4000015258789
1763888359253,126.60000610351562,213.4000015258789
1763888359270,127.60000610351562,215.4000015258789
1763888359363,127.60000610351562,214.4000015258789
1763888359371,127.60000610351562,211.4000015258789
1763888359386,126.60000610351562,209.4000015258789
1763888359403,123.60000610351562,203.4000015258789
1763888359420,121.60000610351562,200.4000015258789
1763888359436,121.60000610351562,199.4000015258789
1763888359453,120.60000610351562,195.4000015258789
1763888359470,120.60000610351562,192.4000015258789
1763888359486,119.60000610351562,189.4000015258789
1763888359619,119.60000610351562,193.4000015258789
1763888359636,120.60000610351562,198.4000015258789
1763888359653,121.60000610351562,204.4000015258789
1763888359670,123.60000610351562,207.4000015258789
1763888359686,124.60000610351562,209.4000015258789
1763888359779,124.60000610351562,208.4000015258789
1763888359787,124.60000610351562,207.4000015258789
1763888359803,124.60000610351562,203.4000015258789
1763888359819,124.60000610351562,198.4000015258789
1763888359836,125.60000610351562,194.4000015258789
1763888359853,126.60000610351562,189.4000015258789
1763888359869,127.60000610351562,186.4000015258789
1763888359886,127.60000610351562,184.4000015258789
1763888359903,127.60000610351562,182.4000015258789
1763888359919,127.60000610351562,181.4000015258789
1763888359995,128.60000610351562,183.4000015258789
1763888360003,128.60000610351562,184.4000015258789
1763888360019,128.60000610351562,191.4000015258789
1763888360036,131.60000610351562,199.4000015258789
1763888360053,132.60000610351562,203.4000015258789
1763888360069,135.60000610351562,207.4000015258789
1763888360086,136.60000610351562,211.4000015258789
1763888360103,138.60000610351562,214.4000015258789
1763888360119,140.60000610351562,220.4000015258789
1763888360136,141.60000610351562,223.4000015258789
1763888360152,142.60000610351562,226.4000015258789
1763888360235,141.60000610351562,226.4000015258789
1763888360252,138.60000610351562,222.4000015258789
1763888360269,137.60000610351562,220.4000015258789
1763888360286,135.60000610351562,217.4000015258789
1763888360347,134.60000610351562,217.4000015258789
1763888360395,133.60000610351562,218.4000015258789
1763888360403,133.60000610351562,219.4000015258789
1763888360419,137.60000610351562,223.4000015258789
1763888360436,138.60000610351562,225.4000015258789
1763888360491,137.60000610351562,224.4000015258789
1763888360502,135.60000610351562,222.4000015258789
1763888360519,132.60000610351562,219.4000015258789
1763888360535,127.60000610351562,216.4000015258789
1763888360552,125.60000610351562,216.4000015258789
1763888360569,124.60000610351562,216.4000015258789
1763888360667,125.60000610351562,216.4000015258789
1763888360675,126.60000610351562,216.4000015258789
1763888360685,128.60000610351562,216.4000015258789
1763888360702,130.60000610351562,216.4000015258789
1763888360752,130.60000610351562,219.4000015258789
1763888360769,130.60000610351562,224.4000015258789
1763888360785,124.60000610351562,227.4000015258789
1763888360802,119.60000610351562,228.4000015258789
1763888360819,115.60000610351562,229.4000015258789
1763888360835,111.60000610351562,229.4000015258789
1763888360852,111.60000610351562,229.4000015258789
1763888360875,109.60000610351562,229.4000015258789
1763888360891,108.60000610351562,228.4000015258789
1763888360935,110.60000610351562,228.4000015258789
1763888360952,115.60000610351562,228.4000015258789
1763888360968,123.60000610351562,228.4000015258789
1763888360985,125.60000610351562,228.4000015258789
1763888361002,126.60000610351562,228.4000015258789
1763888361052,130.60000610351562,228.4000015258789
1763888361068,131.60000610351562,226.4000015258789
1763888361099,132.60000610351562,226.4000015258789
1763888361115,133.60000610351562,227.4000015258789
1763888361163,133.60000610351562,228.4000015258789
1763888361171,131.60000610351562,230.4000015258789
1763888361185,128.60000610351562,230.4000015258789
1763888361202,120.60000610351562,230.4000015258789
1763888361218,113.60000610351562,230.4000015258789
1763888361235,108.60000610351562,230.4000015258789
1763888361252,105.60000610351562,230.4000015258789
1763888361268,104.60000610351562,230.4000015258789
1763888361347,103.60000610351562,230.4000015258789
1763888361355,102.60000610351562,230.4000015258789
1763888361371,101.60000610351562,230.4000015258789
1763888361387,100.60000610351562,231.4000015258789
1763888361403,99.60000610351562,232.4000015258789
1763888361419,97.60000610351562,234.4000015258789
1763888361435,97.60000610351562,234.4000015258789
1763888361451,96.60000610351562,236.4000015258789
1763888361468,93.60000610351562,238.4000015258789
1763888361485,92.60000610351562,239.4000015258789
1763888361587,92.60000610351562,240.4000015258789
1763888361601,95.60000610351562,241.4000015258789
1763888361618,99.60000610351562,241.4000015258789
1763888361635,104.60000610351562,241.4000015258789
1763888361651,109.60000610351562,241.4000015258789
1763888361668,111.60000610351562,241.4000015258789
1763888361684,114.60000610351562,241.4000015258789
1763888361701,119.60000610351562,241.4000015258789
1763888361718,122.60000610351562,242.4000015258789
1763888361734,123.60000610351562,243.4000015258789
1763888361787,123.60000610351562,243.4000015258789
1763888361801,125.60000610351562,243.4000015258789
1763888361818,127.60000610351562,243.4000015258789
1763888361834,130.60000610351562,243.4000015258789
1763888361851,135.60000610351562,243.4000015258789
1763888361901,137.60000610351562,243.4000015258789
1763888361971,137.60000610351562,243.4000015258789
1763888361984,139.60000610351562,243.4000015258789
1763888362001,143.60000610351562,243.4000015258789
1763888362018,148.60000610351562,243.4000015258789
1763888362034,151.60000610351562,243.4000015258789
1763888362051,151.60000610351562,243.4000015258789
1763888362139,149.60000610351562,243.4000015258789
1763888362151,146.60000610351562,245.4000015258789
1763888362167,142.60000610351562,246.4000015258789
1763888362184,137.60000610351562,246.4000015258789
1763888362201,133.60000610351562,246.4000015258789
1763888362217,130.60000610351562,246.4000015258789
1763888362234,127.60000610351562,246.4000015258789
1763888362251,126.60000610351562,247.4000015258789
1763888362267,123.60000610351562,248.4000015258789
1763888362291,121.60000610351562,250.4000015258789
1763888362301,120.60000610351562,250.4000015258789
1763888362317,119.60000610351562,250.4000015258789
1763888362334,118.60000610351562,250.4000015258789
1763888362351,116.60000610351562,250.4000015258789
1763888362367,113.60000610351562,250.4000015258789
1763888362384,108.60000610351562,249.4000015258789
1763888362401,106.60000610351562,249.4000015258789
1763888362417,103.60000610351562,249.4000015258789
1763888362434,102.60000610351562,249.4000015258789
1763888362484,101.60000610351562,249.4000015258789
1763888362500,100.60000610351562,247.4000015258789
1763888362517,97.60000610351562,246.4000015258789
1763888362567,98.60000610351562,246.4000015258789
1763888362584,101.60000610351562,246.4000015258789
1763888362600,105.60000610351562,246.4000015258789
1763888362617,110.60000610351562,246.4000015258789
1763888362634,111.60000610351562,246.4000015258789
1763888362650,113.60000610351562,246.4000015258789
1763888362667,118.60000610351562,247.4000015258789
1763888362684,122.60000610351562,247.4000015258789
1763888362700,126.60000610351562,247.4000015258789
1763888362717,130.60000610351562,247.4000015258789
1763888362734,132.60000610351562,247.4000015258789
1763888362750,136.60000610351562,247.4000015258789
1763888362767,139.60000610351562,247.4000015258789
1763888362784,141.60000610351562,247.4000015258789
1763888362800,142.60000610351562,247.4000015258789
1763888362899,142.60000610351562,247.4000015258789
1763888362907,140.60000610351562,247.4000015258789
1763888362917,138.60000610351562,245.4000015258789
1763888362933,132.60000610351562,243.4000015258789
1763888362950,124.60000610351562,242.4000015258789
1763888362967,119.60000610351562,240.4000015258789
1763888362983,117.60000610351562,239.4000015258789
1763888363000,116.60000610351562,239.4000015258789
1763888363017,115.60000610351562,239.4000015258789
1763888363033,113.60000610351562,238.4000015258789
1763888363050,112.60000610351562,238.4000015258789
1763888363123,113.60000610351562,238.4000015258789
1763888363133,115.60000610351562,238.4000015258789
1763888363150,121.60000610351562,238.4000015258789
1763888363166,127.60000610351562,237.4000015258789
1763888363183,134.60000610351562,235.4000015258789
1763888363200,139.60000610351562,235.4000015258789
1763888363216,141.60000610351562,234.4000015258789
1763888363233,143.60000610351562,234.4000015258789
1763888363250,143.60000610351562,234.4000015258789
1763888363266,145.60000610351562,234.4000015258789
1763888363323,144.60000610351562,234.4000015258789
1763888363333,144.60000610351562,234.4000015258789
1763888363350,136.60000610351562,234.4000015258789
1763888363366,124.60000610351562,234.4000015258789
1763888363383,113.60000610351562,234.4000015258789
1763888363400,102.60000610351562,234.4000015258789
1763888363416,97.60000610351562,234.4000015258789
1763888363433,95.60000610351562,234.4000015258789
1763888363524,94.60000610351562,233.4000015258789
1763888363533,96.60000610351562,233.4000015258789
1763888363549,106.60000610351562,233.4000015258789
1763888363566,118.60000610351562,233.4000015258789
1763888363583,127.60000610351562,233.4000015258789
1763888363600,128.60000610351562,233.4000015258789
1763888363616,129.60000610351562,232.4000015258789
1763888363633,131.60000610351562,232.4000015258789
1763888363649,131.60000610351562,232.4000015258789
1763888363666,133.60000610351562,232.4000015258789
1763888363683,134.60000610351562,231.4000015258789
1763888363699,134.60000610351562,229.4000015258789
1763888363716,134.60000610351562,225.4000015258789
1763888363733,133.60000610351562,224.4000015258789
1763888363749,131.60000610351562,222.4000015258789
1763888363766,130.60000610351562,222.4000015258789
1763888363783,126.60000610351562,221.4000015258789
1763888363799,124.60000610351562,221.4000015258789
1763888363816,122.60000610351562,221.4000015258789
1763888363833,120.60000610351562,221.4000015258789
1763888363849,117.60000610351562,221.4000015258789
1763888363866,114.60000610351562,221.4000015258789
1763888363883,110.60000610351562,221.4000015258789
1763888363899,108.60000610351562,221.4000015258789
1763888363931,107.60000610351562,221.4000015258789
1763888363995,106.60000610351562,221.4000015258789
1763888364003,106.60000610351562,221.4000015258789
1763888364019,104.60000610351562,221.4000015258789
1763888364035,103.60000610351562,221.4000015258789
1763888364051,102.60000610351562,221.4000015258789
1763888364131,101.60000610351562,221.4000015258789
1763888364166,103.60000610351562,219.4000015258789
1763888364182,112.60000610351562,219.4000015258789
1763888364199,124.60000610351562,214.4000015258789
1763888364216,128.60000610351562,214.4000015258789
1763888364232,131.60000610351562,214.4000015258789
1763888364249,133.60000610351562,214.4000015258789
1763888364266,136.60000610351562,214.4000015258789
1763888364282,138.60000610351562,213.4000015258789
1763888364299,139.60000610351562,213.4000015258789
1763888364315,140.60000610351562,212.4000015258789
1763888364365,140.60000610351562,211.4000015258789
1763888364382,137.60000610351562,207.4000015258789
1763888364399,131.60000610351562,205.4000015258789
1763888364416,126.60000610351562,202.4000015258789
1763888364432,124.60000610351562,202.4000015258789
1763888364449,122.60000610351562,202.4000015258789
1763888364465,121.60000610351562,201.4000015258789
1763888364482,119.60000610351562,201.4000015258789
1763888364499,117.60000610351562,201.4000015258789
1763888364515,112.60000610351562,201.4000015258789
1763888364532,110.60000610351562,201.4000015258789
1763888364587,110.60000610351562,201.4000015258789
1763888364675,110.60000610351562,201.4000015258789
1763888364683,113.60000610351562,201.4000015258789
1763888364699,116.60000610351562,201.4000015258789
1763888364715,125.60000610351562,201.4000015258789
1763888364732,128.60000610351562,201.4000015258789
1763888364748,132.60000610351562,201.4000015258789
1763888364765,134.60000610351562,201.4000015258789
1763888364782,137.60000610351562,201.4000015258789
1763888364798,138.60000610351562,201.4000015258789
1763888364815,140.60000610351562,201.4000015258789
1763888364907,141.60000610351562,201.4000015258789
1763888364915,142.60000610351562,201.4000015258789
1763888364932,143.60000610351562,201.4000015258789
1763888364948,144.60000610351562,201.4000015258789
1763888365035,143.60000610351562,202.4000015258789
1763888365048,139.60000610351562,202.4000015258789
1763888365065,133.60000610351562,202.4000015258789
1763888365082,128.60000610351562,202.4000015258789
1763888365099,125.60000610351562,202.4000015258789
1763888365115,123.60000610351562,202.4000015258789
1763888365132,119.60000610351562,202.4000015258789
1763888365148,117.60000610351562,202.4000015258789
1763888365165,115.60000610351562,202.4000015258789
1763888365181,113.60000610351562,202.4000015258789
1763888365198,111.60000610351562,202.4000015258789
1763888365215,109.60000610351562,201.4000015258789
1763888365231,106.60000610351562,201.4000015258789
1763888365248,105.60000610351562,201.4000015258789
1763888365265,104.60000610351562,201.4000015258789
1763888365281,103.60000610351562,202.4000015258789
1763888365298,102.60000610351562,203.4000015258789
1763888365315,101.60000610351562,204.4000015258789
1763888365331,100.60000610351562,206.4000015258789
1763888365348,99.60000610351562,206.4000015258789
1763888365419,99.60000610351562,207.4000015258789
1763888365431,98.60000610351562,208.4000015258789
1763888365448,96.60000610351562,210.4000015258789
1763888365515,96.60000610351562,209.4000015258789
1763888365531,98.60000610351562,206.4000015258789
1763888365548,110.60000610351562,199.4000015258789
1763888365564,124.60000610351562,199.4000015258789
1763888365581,129.60000610351562,196.4000015258789
1763888365598,131.60000610351562,196.4000015258789
1763888365627,132.60000610351562,195.4000015258789
1763888365699,132.60000610351562,195.4000015258789
1763888365764,129.60000610351562,196.4000015258789
1763888365781,124.60000610351562,197.4000015258789
1763888365798,118.60000610351562,197.4000015258789
1763888365814,114.60000610351562,197.4000015258789
1763888365831,112.60000610351562,197.4000015258789
1763888365848,110.60000610351562,197.4000015258789
1763888365864,109.60000610351562,197.4000015258789
1763888365881,108.60000610351562,197.4000015258789
1763888365897,107.60000610351562,197.4000015258789
1763888365914,105.60000610351562,197.4000015258789
1763888365931,102.60000610351562,197.4000015258789
1763888365947,101.60000610351562,197.4000015258789
1763888365964,100.60000610351562,197.4000015258789
1763888366091,102.60000610351562,197.4000015258789
1763888366099,104.60000610351562,197.4000015258789
1763888366114,106.60000610351562,197.4000015258789
1763888366131,111.60000610351562,197.4000015258789
1763888366147,113.60000610351562,197.4000015258789
1763888366227,112.60000610351562,198.4000015258789
1763888366235,109.60000610351562,199.4000015258789
1763888366247,105.60000610351562,201.4000015258789
1763888366264,99.60000610351562,204.4000015258789
1763888366280,96.60000610351562,204.4000015258789
1763888366297,94.60000610351562,204.4000015258789
1763888366379,93.60000610351562,205.4000015258789
1763888366387,94.60000610351562,206.4000015258789
1763888366397,98.60000610351562,207.4000015258789
1763888366414,117.60000610351562,209.4000015258789
1763888366431,127.60000610351562,210.4000015258789
1763888366447,128.60000610351562,210.4000015258789
1763888366475,131.60000610351562,210.4000015258789
1763888366491,131.60000610351562,210.4000015258789
1763888366499,133.60000610351562,210.4000015258789
1763888366515,134.60000610351562,210.4000015258789
1763888366531,135.60000610351562,211.4000015258789
1763888366547,136.60000610351562,212.4000015258789
1763888366597,138.60000610351562,212.4000015258789
1763888366613,139.60000610351562,213.4000015258789
1763888366635,139.60000610351562,213.4000015258789
1763888366680,138.60000610351562,216.4000015258789
1763888366697,128.60000610351562,217.4000015258789
1763888366713,123.60000610351562,219.4000015258789
1763888366730,118.60000610351562,220.4000015258789
1763888366747,115.60000610351562,220.4000015258789
1763888366779,113.60000610351562,220.4000015258789
1763888366797,111.60000610351562,219.4000015258789
1763888366813,111.60000610351562,219.4000015258789
1763888366915,112.60000610351562,219.4000015258789
1763888366930,114.60000610351562,219.4000015258789
1763888366947,119.60000610351562,219.4000015258789
1763888366963,125.60000610351562,219.4000015258789
1763888366980,129.60000610351562,219.4000015258789
1763888366996,133.60000610351562,220.4000015258789
1763888367013,135.60000610351562,221.4000015258789
1763888367030,136.60000610351562,221.4000015258789
1763888367046,137.60000610351562,222.4000015258789
1763888367099,137.60000610351562,224.4000015258789
1763888367113,136.60000610351562,225.4000015258789
1763888367130,125.60000610351562,227.4000015258789
1763888367146,115.60000610351562,229.4000015258789
1763888367163,103.60000610351562,229.4000015258789
1763888367180,99.60000610351562,229.4000015258789
1763888367196,97.60000610351562,229.4000015258789
1763888367213,96.60000610351562,229.4000015258789
1763888367299,96.60000610351562,229.4000015258789
1763888367313,97.60000610351562,230.4000015258789
1763888367330,100.60000610351562,230.4000015258789
1763888367346,103.60000610351562,232.4000015258789
1763888367363,110.60000610351562,232.4000015258789
1763888367379,118.60000610351562,232.4000015258789
1763888367396,122.60000610351562,232.4000015258789
1763888367413,125.60000610351562,232.4000015258789
1763888367429,125.60000610351562,232.4000015258789
1763888367446,128.60000610351562,233.4000015258789
1763888367467,128.60000610351562,233.4000015258789
1763888367483,129.60000610351562,234.4000015258789
1763888367531,129.60000610351562,235.4000015258789
1763888367546,129.60000610351562,236.4000015258789
1763888367563,129.60000610351562,239.4000015258789
1763888367579,121.60000610351562,244.4000015258789
1763888367596,114.60000610351562,245.4000015258789
1763888367613,107.60000610351562,246.4000015258789
1763888367629,102.60000610351562,246.4000015258789
1763888367646,101.60000610351562,247.4000015258789
1763888367663,99.60000610351562,247.4000015258789
1763888367796,107.60000610351562,249.4000015258789
1763888367812,122.60000610351562,249.4000015258789
1763888367829,132.60000610351562,249.4000015258789
1763888367846,137.60000610351562,250.4000015258789
1763888367862,141.60000610351562,250.4000015258789
1763888367879,142.60000610351562,250.4000015258789
1763888367896,145.60000610351562,250.4000015258789
1763888367915,146.60000610351562,250.4000015258789
1763888367931,147.60000610351562,250.4000015258789
1763888368027,148.60000610351562,250.4000015258789
1763888368091,146.60000610351562,251.4000015258789
1763888368107,145.60000610351562,250.4000015258789
1763888368123,143.60000610351562,248.4000015258789
1763888368139,143.60000610351562,247.4000015258789
1763888368147,143.60000610351562,246.4000015258789
1763888368162,143.60000610351562,244.4000015258789
1763888368179,143.60000610351562,243.4000015258789
1763888368195,143.60000610351562,242.4000015258789
1763888368212,144.60000610351562,240.4000015258789
1763888368229,147.60000610351562,240.4000015258789
1763888368245,148.60000610351562,240.4000015258789
1763888368262,149.60000610351562,240.4000015258789
1763888368279,150.60000610351562,240.4000015258789
1763888368299,152.60000610351562,241.4000015258789
1763888368315,152.60000610351562,241.4000015258789
1763888368395,152.60000610351562,241.4000015258789
1763888368412,147.60000610351562,238.4000015258789
1763888368429,139.60000610351562,235.4000015258789
1763888368445,135.60000610351562,231.4000015258789
1763888368462,133.60000610351562,228.4000015258789
1763888368539,134.60000610351562,228.4000015258789
1763888368547,135.60000610351562,228.4000015258789
1763888368563,136.60000610351562,228.4000015258789
1763888368578,138.60000610351562,228.4000015258789
1763888368595,141.60000610351562,228.4000015258789
1763888368612,143.60000610351562,228.4000015258789
1763888368628,146.60000610351562,228.4000015258789
1763888368645,148.60000610351562,227.4000015258789
1763888368695,148.60000610351562,226.4000015258789
1763888368712,148.60000610351562,224.4000015258789
1763888368728,148.60000610351562,220.4000015258789
1763888368745,146.60000610351562,217.4000015258789
1763888368762,145.60000610351562,215.4000015258789
1763888368778,143.60000610351562,212.4000015258789
1763888368795,140.60000610351562,210.4000015258789
1763888368827,140.60000610351562,209.4000015258789
1763888368861,140.60000610351562,208.4000015258789
1763888368928,141.60000610351562,208.4000015258789
1763888368945,145.60000610351562,208.4000015258789
1763888368961,146.60000610351562,208.4000015258789
1763888369100,146.60000610351562,208.4000015258789
1763888369111,146.60000610351562,206.4000015258789
1763888369128,146.60000610351562,205.4000015258789
1763888369145,146.60000610351562,202.4000015258789
1763888369162,146.60000610351562,199.4000015258789
1763888369179,145.60000610351562,198.4000015258789
1763888369195,145.60000610351562,196.4000015258789
1763888369251,145.60000610351562,197.4000015258789
1763888369262,145.60000610351562,199.4000015258789
1763888369279,145.60000610351562,209.4000015258789
1763888369295,145.60000610351562,214.4000015258789
1763888369312,145.60000610351562,219.4000015258789
1763888369329,145.60000610351562,222.4000015258789
1763888369345,145.60000610351562,224.4000015258789
1763888369362,146.60000610351562,226.4000015258789
1763888369379,148.60000610351562,231.4000015258789
1763888369395,150.60000610351562,236.4000015258789
1763888369412,151.60000610351562,238.4000015258789
1763888369428,151.60000610351562,238.4000015258789
1763888369445,151.60000610351562,241.4000015258789
1763888369462,151.60000610351562,245.4000015258789
1763888369483,152.60000610351562,246.4000015258789
1763888369547,153.60000610351562,246.4000015258789
1763888369563,153.60000610351562,244.4000015258789
1763888369578,153.60000610351562,241.4000015258789
1763888369595,152.60000610351562,236.4000015258789
1763888369612,152.60000610351562,232.4000015258789
1763888369628,150.60000610351562,229.4000015258789
1763888369645,150.60000610351562,225.4000015258789
1763888369662,150.60000610351562,224.4000015258789
1763888369678,150.60000610351562,222.4000015258789
1763888369695,151.60000610351562,220.4000015258789
1763888369712,153.60000610351562,217.4000015258789
1763888369728,154.60000610351562,214.4000015258789
1763888369745,156.60000610351562,210.4000015258789
1763888369762,156.60000610351562,206.4000015258789
1763888369778,155.60000610351562,203.4000015258789
1763888369795,155.60000610351562,200.4000015258789
1763888369811,155.60000610351562,196.4000015258789
1763888369828,155.60000610351562,195.4000015258789
1763888369851,154.60000610351562,194.4000015258789
1763888369928,154.60000610351562,198.4000015258789
1763888369945,154.60000610351562,207.4000015258789
1763888369961,154.60000610351562,214.4000015258789
1763888369978,154.60000610351562,220.4000015258789
1763888369995,155.60000610351562,225.4000015258789
1763888370011,155.60000610351562,229.4000015258789
1763888370028,155.60000610351562,232.4000015258789
1763888370045,155.60000610351562,236.4000015258789
1763888370061,155.60000610351562,238.4000015258789
1763888370078,155.60000610351562,239.4000015258789
1763888370195,155.60000610351562,238.4000015258789
1763888370211,154.60000610351562,222.4000015258789
1763888370228,148.60000610351562,211.4000015258789
1763888370244,147.60000610351562,207.4000015258789
1763888370261,147.60000610351562,204.4000015258789
1763888370278,147.60000610351562,202.4000015258789
1763888370294,145.60000610351562,199.4000015258789
1763888370311,145.60000610351562,196.4000015258789
1763888370328,145.60000610351562,191.4000015258789
1763888370344,145.60000610351562,190.4000015258789
1763888370361,145.60000610351562,189.4000015258789
1763888370544,145.60000610351562,192.4000015258789
1763888370561,145.60000610351562,196.4000015258789
1763888370577,145.60000610351562,199.4000015258789
1763888370594,145.60000610351562,202.4000015258789
1763888370611,146.60000610351562,205.4000015258789
1763888370628,147.60000610351562,206.4000015258789
1763888370683,148.60000610351562,207.4000015258789
1763888370694,148.60000610351562,207.4000015258789
1763888370711,148.60000610351562,210.4000015258789
1763888370727,148.60000610351562,214.4000015258789
1763888370744,148.60000610351562,215.4000015258789
1763888370915,146.60000610351562,214.4000015258789
1763888370927,145.60000610351562,214.4000015258789
1763888370944,137.60000610351562,212.4000015258789
1763888370960,131.60000610351562,212.4000015258789
1763888370977,123.60000610351562,212.4000015258789
1763888370994,121.60000610351562,212.4000015258789
1763888371011,120.60000610351562,212.4000015258789
1763888371027,118.60000610351562,213.4000015258789
1763888371044,115.60000610351562,215.4000015258789
1763888371060,115.60000610351562,217.4000015258789
1763888371077,113.60000610351562,219.4000015258789
1763888371094,111.60000610351562,220.4000015258789
1763888371110,111.60000610351562,222.4000015258789
1763888371127,110.60000610351562,224.4000015258789
1763888371144,108.60000610351562,225.4000015258789
1763888371160,106.60000610351562,226.4000015258789
1763888371177,105.60000610351562,227.4000015258789
1763888371195,104.60000610351562,227.4000015258789
1763888371219,104.60000610351562,227.4000015258789
1763888371260,103.60000610351562,224.4000015258789
1763888371277,105.60000610351562,220.4000015258789
1763888371294,106.60000610351562,216.4000015258789
1763888371310,109.60000610351562,211.4000015258789
1763888371327,110.60000610351562,207.4000015258789
1763888371344,114.60000610351562,203.4000015258789
1763888371360,116.60000610351562,199.4000015258789
1763888371377,118.60000610351562,197.4000015258789
1763888371393,118.60000610351562,196.4000015258789
1763888371479,117.60000610351562,203.4000015258789
1763888371493,116.60000610351562,207.4000015258789
1763888371510,115.60000610351562,211.4000015258789
1763888371527,114.60000610351562,215.4000015258789
1763888371543,113.60000610351562,217.4000015258789
1763888371560,111.60000610351562,219.4000015258789
1763888371577,110.60000610351562,222.4000015258789
1763888371593,109.60000610351562,224.4000015258789
1763888371610,108.60000610351562,226.4000015258789
1763888371627,106.60000610351562,228.4000015258789
1763888371643,103.60000610351562,231.4000015258789
1763888371660,101.60000610351562,234.4000015258789
1763888371692,100.60000610351562,235.4000015258789
1763888371726,99.60000610351562,235.4000015258789
1763888371743,98.60000610351562,233.4000015258789
1763888371760,97.60000610351562,226.4000015258789
1763888371776,97.60000610351562,217.4000015258789
1763888371793,98.60000610351562,212.4000015258789
1763888371810,100.60000610351562,210.4000015258789
1763888371867,100.60000610351562,211.4000015258789
1763888371883,100.60000610351562,211.4000015258789
1763888371893,100.60000610351562,212.4000015258789
1763888371910,100.60000610351562,216.4000015258789
1763888371926,97.60000610351562,223.4000015258789
1763888371943,95.60000610351562,226.4000015258789
1763888371960,92.60000610351562,231.4000015258789
1763888371976,91.60000610351562,232.4000015258789
1763888371993,89.60000610351562,235.4000015258789
1763888372011,87.60000610351562,236.4000015258789
1763888372075,87.60000610351562,237.4000015258789
1763888372093,87.60000610351562,238.4000015258789
1763888372155,88.60000610351562,238.4000015258789
1763888372163,90.60000610351562,236.4000015258789
1763888372176,92.60000610351562,235.4000015258789
1763888372193,94.60000610351562,231.4000015258789
1763888372209,95.60000610351562,228.4000015258789
1763888372226,95.60000610351562,225.4000015258789
1763888372243,96.60000610351562,223.4000015258789
1763888372259,99.60000610351562,217.4000015258789
1763888372276,100.60000610351562,213.4000015258789
1763888372293,101.60000610351562,212.4000015258789
1763888372387,100.60000610351562,212.4000015258789
1763888372395,98.60000610351562,213.4000015258789
1763888372409,96.60000610351562,215.4000015258789
1763888372426,91.60000610351562,223.4000015258789
1763888372443,88.60000610351562,227.4000015258789
1763888372459,87.60000610351562,229.4000015258789
1763888372476,86.60000610351562,230.4000015258789
1763888372492,85.60000610351562,231.4000015258789
1763888372509,83.60000610351562,234.4000015258789
1763888372526,80.60000610351562,236.4000015258789
1763888372542,79.60000610351562,237.4000015258789
1763888372635,80.60000610351562,237.4000015258789
1763888372643,82.60000610351562,236.4000015258789
1763888372659,84.60000610351562,232.4000015258789
1763888372676,86.60000610351562,229.4000015258789
1763888372692,88.60000610351562,225.4000015258789
1763888372709,92.60000610351562,220.4000015258789
1763888372726,95.60000610351562,216.4000015258789
1763888372742,97.60000610351562,215.4000015258789
1763888372759,99.60000610351562,212.4000015258789
1763888372776,101.60000610351562,210.4000015258789
1763888372792,101.60000610351562,209.4000015258789
1763888372809,101.60000610351562,208.4000015258789
1763888372825,102.60000610351562,207.4000015258789
1763888372851,103.60000610351562,206.4000015258789
1763888372875,103.60000610351562,205.4000015258789
1763888372955,102.60000610351562,205.4000015258789
1763888372963,100.60000610351562,207.4000015258789
1763888372975,98.60000610351562,209.4000015258789
1763888372992,93.60000610351562,213.4000015258789
1763888373009,92.60000610351562,214.4000015258789
1763888373025,91.60000610351562,217.4000015258789
1763888373042,91.60000610351562,218.4000015258789
1763888373059,91.60000610351562,221.4000015258789
1763888373075,90.60000610351562,222.4000015258789
1763888373092,90.60000610351562,224.4000015258789
1763888373115,90.60000610351562,226.4000015258789
1763888373125,89.60000610351562,226.4000015258789
1763888373142,88.60000610351562,227.4000015258789
1763888373159,88.60000610351562,228.4000015258789
1763888373235,88.60000610351562,227.4000015258789
1763888373243,88.60000610351562,225.4000015258789
1763888373258,88.60000610351562,219.4000015258789
1763888373275,88.60000610351562,211.4000015258789
1763888373292,88.60000610351562,209.4000015258789
1763888373308,88.60000610351562,207.4000015258789
1763888373325,88.60000610351562,205.4000015258789
1763888373342,88.60000610351562,203.4000015258789
1763888373358,88.60000610351562,200.4000015258789
1763888373375,90.60000610351562,197.4000015258789
1763888373392,92.60000610351562,195.4000015258789
1763888373408,93.60000610351562,194.4000015258789
1763888373425,94.60000610351562,193.4000015258789
1763888373442,94.60000610351562,192.4000015258789
1763888373458,95.60000610351562,190.4000015258789
1763888373475,96.60000610351562,189.4000015258789
1763888373635,96.60000610351562,190.4000015258789
1763888373643,96.60000610351562,192.4000015258789
1763888373658,95.60000610351562,194.4000015258789
1763888373675,92.60000610351562,199.4000015258789
1763888373691,89.60000610351562,203.4000015258789
1763888373708,88.60000610351562,204.4000015258789
1763888373725,88.60000610351562,207.4000015258789
1763888373741,88.60000610351562,209.4000015258789
1763888373758,88.60000610351562,211.4000015258789
1763888373775,88.60000610351562,213.4000015258789
1763888373791,87.60000610351562,214.4000015258789
1763888373808,86.60000610351562,215.4000015258789
1763888373825,85.60000610351562,216.4000015258789
1763888373841,84.60000610351562,217.4000015258789
1763888373858,83.60000610351562,219.4000015258789
1763888373875,80.60000610351562,222.4000015258789
1763888373891,80.60000610351562,226.4000015258789
1763888373908,80.60000610351562,227.4000015258789
1763888373925,80.60000610351562,228.4000015258789
1763888373987,80.60000610351562,229.4000015258789
1763888373995,80.60000610351562,230.4000015258789
1763888374008,80.60000610351562,231.4000015258789
1763888374024,80.60000610351562,232.4000015258789
1763888374041,80.60000610351562,233.4000015258789
1763888374091,80.60000610351562,233.4000015258789
1763888374141,79.60000610351562,233.4000015258789
1763888374158,79.60000610351562,229.4000015258789
1763888374174,79.60000610351562,227.4000015258789
1763888374191,79.60000610351562,224.4000015258789
1763888374208,79.60000610351562,222.4000015258789
1763888374224,79.60000610351562,220.4000015258789
1763888374241,79.60000610351562,218.4000015258789
1763888374291,79.60000610351562,219.4000015258789
1763888374308,80.60000610351562,226.4000015258789
1763888374324,80.60000610351562,229.4000015258789
1763888374341,80.60000610351562,232.4000015258789
1763888374357,80.60000610351562,233.4000015258789
1763888374374,80.60000610351562,234.4000015258789
1763888374391,80.60000610351562,237.4000015258789
1763888374407,80.60000610351562,238.4000015258789
1763888374424,80.60000610351562,241.4000015258789
1763888374441,80.60000610351562,241.4000015258789
1763888374491,80.60000610351562,243.4000015258789
1763888374507,80.60000610351562,244.4000015258789
1763888374571,81.60000610351562,244.4000015258789
1763888374607,82.60000610351562,246.4000015258789
1763888374635,84.60000610351562,247.4000015258789
1763888374690,84.60000610351562,248.4000015258789
1763888374723,85.60000610351562,248.4000015258789
1763888374740,88.60000610351562,247.4000015258789
1763888374757,88.60000610351562,245.4000015258789
1763888374774,90.60000610351562,245.4000015258789
1763888374790,92.60000610351562,245.4000015258789
1763888374807,92.60000610351562,245.4000015258789
1763888374899,93.60000610351562,245.4000015258789
1763888374907,93.60000610351562,247.4000015258789
1763888374924,92.60000610351562,247.4000015258789
1763888374940,91.60000610351562,250.4000015258789
1763888374971,91.60000610351562,251.4000015258789
1763888375067,90.60000610351562,251.4000015258789
1763888375083,89.60000610351562,251.4000015258789
1763888375259,88.60000610351562,251.4000015258789
1763888375273,88.60000610351562,252.4000015258789
1763888375290,87.60000610351562,254.4000015258789
1763888375307,86.60000610351562,255.4000015258789
1763888375323,86.60000610351562,256.4000015258789
1763888375427,86.60000610351562,257.4000015258789
1763888375440,88.60000610351562,256.4000015258789
1763888375456,89.60000610351562,256.4000015258789
1763888375473,92.60000610351562,256.4000015258789
1763888375491,93.60000610351562,256.4000015258789
1763888375506,95.60000610351562,255.4000015258789
1763888375523,95.60000610351562,254.4000015258789
1763888375540,98.60000610351562,248.4000015258789
1763888375556,101.60000610351562,242.4000015258789
1763888375573,103.60000610351562,235.4000015258789
1763888375590,103.60000610351562,229.4000015258789
1763888375606,105.60000610351562,225.4000015258789
1763888375623,105.60000610351562,222.4000015258789
1763888375640,105.60000610351562,218.4000015258789
1763888375656,105.60000610351562,212.4000015258789
1763888375673,108.60000610351562,207.4000015258789
1763888375690,108.60000610351562,202.4000015258789
1763888375706,110.60000610351562,197.4000015258789
1763888375723,113.60000610351562,190.4000015258789
1763888375740,116.60000610351562,183.4000015258789
1763888375756,116.60000610351562,180.4000015258789
1763888375806,116.60000610351562,181.4000015258789
1763888375823,115.60000610351562,186.4000015258789
1763888375840,112.60000610351562,193.4000015258789
1763888375856,106.60000610351562,201.4000015258789
1763888375873,100.60000610351562,207.4000015258789
1763888375889,97.60000610351562,210.4000015258789
1763888375906,97.60000610351562,211.4000015258789
1763888375923,97.60000610351562,212.4000015258789
1763888375979,96.60000610351562,212.4000015258789
1763888375989,95.60000610351562,212.4000015258789
1763888376006,93.60000610351562,209.4000015258789
1763888376023,93.60000610351562,205.4000015258789
1763888376039,96.60000610351562,200.4000015258789
1763888376056,99.60000610351562,198.4000015258789
1763888376115,99.60000610351562,197.4000015258789
1763888376123,100.60000610351562,196.4000015258789
1763888376139,102.60000610351562,193.4000015258789
1763888376189,102.60000610351562,194.4000015258789
1763888376206,100.60000610351562,202.4000015258789
1763888376223,97.60000610351562,210.4000015258789
1763888376239,97.60000610351562,214.4000015258789
1763888376256,95.60000610351562,215.4000015258789
1763888376306,93.60000610351562,213.4000015258789
1763888376322,92.60000610351562,211.4000015258789
1763888376339,88.60000610351562,201.4000015258789
1763888376356,87.60000610351562,199.4000015258789
1763888376372,84.60000610351562,195.4000015258789
1763888376389,84.60000610351562,193.4000015258789
1763888376406,83.60000610351562,191.4000015258789
1763888376422,83.60000610351562,188.4000015258789
1763888376439,83.60000610351562,187.4000015258789
1763888376456,83.60000610351562,186.4000015258789
1763888376472,83.60000610351562,184.4000015258789
1763888376489,86.60000610351562,181.4000015258789
1763888376506,87.60000610351562,181.4000015258789
1763888376522,88.60000610351562,177.4000015258789
1763888376539,91.60000610351562,174.4000015258789
1763888376556,92.60000610351562,170.4000015258789
1763888376572,93.60000610351562,167.4000015258789
1763888376589,94.60000610351562,164.4000015258789
1763888376606,95.60000610351562,162.4000015258789
1763888376622,95.60000610351562,159.4000015258789
1763888376639,97.60000610351562,158.4000015258789
1763888376707,96.60000610351562,159.4000015258789
1763888376722,95.60000610351562,162.4000015258789
1763888376739,93.60000610351562,171.4000015258789
1763888376755,90.60000610351562,181.4000015258789
1763888376772,88.60000610351562,186.4000015258789
1763888376789,87.60000610351562,190.4000015258789
1763888376805,87.60000610351562,192.4000015258789
1763888376822,86.60000610351562,194.4000015258789
1763888376889,86.60000610351562,194.4000015258789
1763888377028,86.60000610351562,194.4000015258789
1763888377039,87.60000610351562,191.4000015258789
1763888377055,91.60000610351562,183.4000015258789
1763888377072,93.60000610351562,177.4000015258789
1763888377088,96.60000610351562,175.4000015258789
1763888377196,96.60000610351562,176.4000015258789
1763888377205,96.60000610351562,177.4000015258789
1763888377222,95.60000610351562,179.4000015258789
1763888377238,93.60000610351562,181.4000015258789
1763888377255,93.60000610351562,183.4000015258789
1763888377272,89.60000610351562,187.4000015258789
1763888377288,89.60000610351562,189.4000015258789
1763888377305,89.60000610351562,191.4000015258789
1763888377322,88.60000610351562,192.4000015258789
1763888377405,87.60000610351562,192.4000015258789
1763888377421,89.60000610351562,189.4000015258789
1763888377438,89.60000610351562,186.4000015258789
1763888377455,92.60000610351562,184.4000015258789
1763888377471,93.60000610351562,183.4000015258789
1763888377523,93.60000610351562,186.4000015258789
1763888377538,90.60000610351562,189.4000015258789
1763888377555,84.60000610351562,197.4000015258789
1763888377571,81.60000610351562,200.4000015258789
1763888377588,80.60000610351562,201.4000015258789
1763888377638,79.60000610351562,202.4000015258789
1763888377655,79.60000610351562,204.4000015258789
1763888377671,79.60000610351562,207.4000015258789
1763888377688,78.60000610351562,210.4000015258789
1763888377705,77.60000610351562,211.4000015258789
1763888377721,77.60000610351562,212.4000015258789
1763888377803,77.60000610351562,213.4000015258789
1763888377811,77.60000610351562,213.4000015258789
1763888377899,79.60000610351562,214.4000015258789
1763888377907,79.60000610351562,214.4000015258789
1763888377921,81.60000610351562,214.4000015258789
1763888377938,86.60000610351562,214.4000015258789
1763888377954,89.60000610351562,214.4000015258789
1763888377971,91.60000610351562,213.4000015258789
1763888377988,94.60000610351562,205.4000015258789
1763888378004,96.60000610351562,199.4000015258789
1763888378021,97.60000610351562,195.4000015258789
1763888378038,100.60000610351562,190.4000015258789
1763888378054,101.60000610351562,186.4000015258789
1763888378071,102.60000610351562,186.4000015258789
1763888378121,103.60000610351562,185.4000015258789
1763888378138,106.60000610351562,188.4000015258789
1763888378154,106.60000610351562,192.4000015258789
1763888378171,106.60000610351562,196.4000015258789
1763888378187,106.60000610351562,199.4000015258789
1763888378204,105.60000610351562,199.4000015258789
1763888378254,104.60000610351562,199.4000015258789
1763888378271,103.60000610351562,197.4000015258789
1763888378287,103.60000610351562,193.4000015258789
1763888378304,103.60000610351562,187.4000015258789
1763888378321,103.60000610351562,182.4000015258789
1763888378337,103.60000610351562,181.4000015258789
1763888378387,104.60000610351562,183.4000015258789
1763888378404,104.60000610351562,195.4000015258789
1763888378421,105.60000610351562,200.4000015258789
1763888378437,105.60000610351562,204.4000015258789
1763888378454,106.60000610351562,206.4000015258789
1763888378471,106.60000610351562,207.4000015258789
1763888378540,106.60000610351562,208.4000015258789
1763888378554,108.60000610351562,209.4000015258789
1763888378570,108.60000610351562,209.4000015258789
1763888378587,109.60000610351562,213.4000015258789
1763888378604,113.60000610351562,216.4000015258789
1763888378620,114.60000610351562,218.4000015258789
1763888378651,113.60000610351562,219.4000015258789
1763888378667,111.60000610351562,220.4000015258789
1763888378675,111.60000610351562,221.4000015258789
1763888378687,111.60000610351562,223.4000015258789
1763888378704,110.60000610351562,224.4000015258789
1763888378720,109.60000610351562,225.4000015258789
1763888378770,108.60000610351562,226.4000015258789
1763888378787,106.60000610351562,227.4000015258789
1763888378804,104.60000610351562,230.4000015258789
1763888378876,106.60000610351562,231.4000015258789
1763888378887,111.60000610351562,231.4000015258789
1763888378904,119.60000610351562,230.4000015258789
1763888378920,124.60000610351562,228.4000015258789
1763888378996,124.60000610351562,227.4000015258789
1763888379011,125.60000610351562,227.4000015258789
1763888379036,127.60000610351562,227.4000015258789
1763888379043,127.60000610351562,228.4000015258789
1763888379053,128.60000610351562,229.4000015258789
1763888379070,130.60000610351562,230.4000015258789
1763888379087,131.60000610351562,231.4000015258789
1763888379103,131.60000610351562,231.4000015258789
1763888379153,132.60000610351562,232.4000015258789
1763888379171,133.60000610351562,232.4000015258789
1763888379187,135.60000610351562,232.4000015258789
1763888379203,141.60000610351562,236.4000015258789
1763888379220,144.60000610351562,237.4000015258789
1763888379243,144.60000610351562,238.4000015258789
1763888379259,145.60000610351562,238.4000015258789
1763888379316,146.60000610351562,239.4000015258789
1763888379356,146.60000610351562,241.4000015258789
1763888379379,147.60000610351562,242.4000015258789
1763888379420,149.60000610351562,244.4000015258789
1763888379443,149.60000610351562,244.4000015258789
1763888379644,150.60000610351562,244.4000015258789
1763888379653,151.60000610351562,245.4000015258789
1763888379820,152.60000610351562,245.4000015258789
1763888379836,155.60000610351562,243.4000015258789
1763888379859,157.60000610351562,241.4000015258789
1763888379876,157.60000610351562,235.4000015258789
1763888379892,159.60000610351562,231.4000015258789
1763888379909,159.60000610351562,227.4000015258789
1763888379925,160.60000610351562,225.4000015258789
1763888379942,160.60000610351562,223.4000015258789
1763888379959,160.60000610351562,222.4000015258789
1763888379975,161.60000610351562,219.4000015258789
1763888380059,161.60000610351562,212.4000015258789
1763888380075,160.60000610351562,210.4000015258789
1763888380092,158.60000610351562,208.4000015258789
1763888380109,158.60000610351562,207.4000015258789
1763888380125,157.60000610351562,205.4000015258789
1763888380142,156.60000610351562,203.4000015258789
1763888380159,156.60000610351562,200.4000015258789
1763888380175,156.60000610351562,199.4000015258789
1763888380192,156.60000610351562,196.4000015258789
1763888380209,156.60000610351562,196.4000015258789
1763888380225,154.60000610351562,193.4000015258789
1763888380242,153.60000610351562,192.4000015258789
1763888380259,153.60000610351562,191.4000015258789
1763888380275,152.60000610351562,188.4000015258789
1763888380292,151.60000610351562,186.4000015258789
1763888380308,151.60000610351562,184.4000015258789
1763888380325,151.60000610351562,184.4000015258789
1763888380342,151.60000610351562,181.4000015258789
1763888380358,151.60000610351562,180.4000015258789
1763888380375,151.60000610351562,179.4000015258789
1763888380392,151.60000610351562,177.4000015258789
1763888380452,151.60000610351562,178.4000015258789
1763888380459,151.60000610351562,182.4000015258789
1763888380475,151.60000610351562,189.4000015258789
1763888380492,151.60000610351562,198.4000015258789
1763888380508,151.60000610351562,202.4000015258789
1763888380525,151.60000610351562,206.4000015258789
1763888380542,151.60000610351562,207.4000015258789
1763888380558,151.60000610351562,210.4000015258789
1763888380575,151.60000610351562,211.4000015258789
1763888380592,151.60000610351562,214.4000015258789
1763888380608,152.60000610351562,215.4000015258789
1763888380625,152.60000610351562,217.4000015258789
1763888380642,153.60000610351562,220.4000015258789
1763888380658,154.60000610351562,224.4000015258789
1763888380675,154.60000610351562,226.4000015258789
1763888380691,154.60000610351562,228.4000015258789
1763888380708,154.60000610351562,229.4000015258789
1763888380725,154.60000610351562,231.4000015258789
1763888380741,155.60000610351562,232.4000015258789
1763888380758,155.60000610351562,233.4000015258789
1763888380827,155.60000610351562,234.4000015258789
1763888380841,155.60000610351562,235.4000015258789
1763888380858,155.60000610351562,238.4000015258789
1763888380875,155.60000610351562,240.4000015258789
1763888380980,156.60000610351562,241.4000015258789
1763888381083,156.60000610351562,241.4000015258789
1763888381099,156.60000610351562,241.4000015258789
1763888381108,156.60000610351562,242.4000015258789
1763888381124,156.60000610351562,245.4000015258789
1763888381141,156.60000610351562,246.4000015258789
1763888381284,155.60000610351562,247.4000015258789
1763888381291,155.60000610351562,247.4000015258789
1763888381308,152.60000610351562,244.4000015258789
1763888381324,150.60000610351562,242.4000015258789
1763888381341,148.60000610351562,241.4000015258789
1763888381358,146.60000610351562,240.4000015258789
1763888381374,144.60000610351562,237.4000015258789
1763888381391,141.60000610351562,235.4000015258789
1763888381408,137.60000610351562,232.4000015258789
1763888381424,135.60000610351562,230.4000015258789
1763888381474,132.60000610351562,229.4000015258789
1763888381491,131.60000610351562,229.4000015258789
1763888381507,125.60000610351562,229.4000015258789
1763888381524,120.60000610351562,229.4000015258789
1763888381541,118.60000610351562,229.4000015258789
1763888381635,117.60000610351562,230.4000015258789
1763888381674,118.60000610351562,231.4000015258789
1763888381691,122.60000610351562,231.4000015258789
1763888381707,128.60000610351562,231.4000015258789
1763888381724,130.60000610351562,231.4000015258789
1763888381741,133.60000610351562,231.4000015258789
1763888381757,137.60000610351562,229.4000015258789
1763888381774,143.60000610351562,225.4000015258789
1763888381790,144.60000610351562,221.4000015258789
1763888381807,144.60000610351562,218.4000015258789
1763888381824,144.60000610351562,216.4000015258789
1763888381840,144.60000610351562,213.4000015258789
1763888381857,144.60000610351562,211.4000015258789
1763888381874,144.60000610351562,208.4000015258789
1763888381890,144.60000610351562,204.4000015258789
1763888381907,144.60000610351562,201.4000015258789
1763888381924,144.60000610351562,197.4000015258789
1763888381940,144.60000610351562,196.4000015258789
1763888381957,144.60000610351562,192.4000015258789
1763888381974,144.60000610351562,189.4000015258789
1763888381990,144.60000610351562,187.4000015258789
1763888382007,145.60000610351562,184.4000015258789
1763888382084,146.60000610351562,183.4000015258789
1763888382099,146.60000610351562,183.4000015258789
1763888382107,149.60000610351562,185.4000015258789
1763888382124,150.60000610351562,191.4000015258789
1763888382140,152.60000610351562,200.4000015258789
1763888382157,153.60000610351562,204.4000015258789
1763888382174,153.60000610351562,207.4000015258789
1763888382190,153.60000610351562,210.4000015258789
1763888382207,154.60000610351562,212.4000015258789
1763888382223,154.60000610351562,212.4000015258789
1763888382240,155.60000610351562,213.4000015258789
1763888382290,154.60000610351562,213.4000015258789
1763888382307,153.60000610351562,213.4000015258789
1763888382323,150.60000610351562,212.4000015258789
1763888382340,147.60000610351562,207.4000015258789
1763888382357,146.60000610351562,203.4000015258789
1763888382373,145.60000610351562,200.4000015258789
1763888382390,145.60000610351562,196.4000015258789
1763888382407,145.60000610351562,194.4000015258789
1763888382423,145.60000610351562,193.4000015258789
1763888382440,144.60000610351562,190.4000015258789
1763888382457,142.60000610351562,187.4000015258789
1763888382473,142.60000610351562,183.4000015258789
1763888382490,142.60000610351562,181.4000015258789
1763888382507,142.60000610351562,179.4000015258789
1763888382523,140.60000610351562,178.4000015258789
1763888389251,103.60000610351562,212.4000015258789
1763888389267,103.60000610351562,213.4000015258789
1763888389284,103.60000610351562,218.4000015258789
1763888389301,103.60000610351562,222.4000015258789
1763888389322,103.60000610351562,226.4000015258789
1763888389339,103.60000610351562,230.4000015258789
1763888389355,104.60000610351562,230.4000015258789
1763888389372,105.60000610351562,231.4000015258789
1763888389388,106.60000610351562,234.4000015258789
1763888389405,107.60000610351562,234.4000015258789
1763888389422,107.60000610351562,235.4000015258789
1763888389438,107.60000610351562,237.4000015258789
1763888389455,107.60000610351562,239.4000015258789
1763888389472,107.60000610351562,240.4000015258789
1763888389488,107.60000610351562,241.4000015258789
1763888389572,107.60000610351562,242.4000015258789
1763888389588,107.60000610351562,244.4000015258789
1763888389652,109.60000610351562,244.4000015258789
1763888389659,110.60000610351562,244.4000015258789
1763888389672,113.60000610351562,244.4000015258789
1763888389688,120.60000610351562,243.4000015258789
1763888389705,127.60000610351562,241.4000015258789
1763888389721,131.60000610351562,239.4000015258789
1763888389738,134.60000610351562,239.4000015258789
1763888389755,135.60000610351562,238.4000015258789
1763888389805,136.60000610351562,238.4000015258789
1763888389821,137.60000610351562,238.4000015258789
1763888389838,137.60000610351562,239.4000015258789
1763888389996,137.60000610351562,238.4000015258789
1763888390004,137.60000610351562,237.4000015258789
1763888390021,137.60000610351562,234.4000015258789
1763888390038,137.60000610351562,227.4000015258789
1763888390054,137.60000610351562,216.4000015258789
1763888390071,139.60000610351562,210.4000015258789
1763888390088,140.60000610351562,207.4000015258789
1763888390104,140.60000610351562,204.4000015258789
1763888390121,140.60000610351562,202.4000015258789
1763888390138,140.60000610351562,200.4000015258789
1763888390154,140.60000610351562,198.4000015258789
1763888390171,140.60000610351562,198.4000015258789
1763888390188,140.60000610351562,194.4000015258789
1763888390204,140.60000610351562,189.4000015258789
1763888390221,140.60000610351562,188.4000015258789
1763888390238,140.60000610351562,186.4000015258789
1763888390254,140.60000610351562,184.4000015258789
1763888390271,140.60000610351562,183.4000015258789
1763888390288,140.60000610351562,181.4000015258789
1763888390304,140.60000610351562,179.4000015258789
1763888390321,140.60000610351562,176.4000015258789
1763888390338,143.60000610351562,174.4000015258789
1763888390354,144.60000610351562,173.4000015258789
1763888390444,146.60000610351562,174.4000015258789
1763888390454,147.60000610351562,175.4000015258789
1763888390471,147.60000610351562,179.4000015258789
1763888390487,147.60000610351562,183.4000015258789
1763888390504,147.60000610351562,187.4000015258789
1763888390521,147.60000610351562,191.4000015258789
1763888390580,147.60000610351562,191.4000015258789
1763888390588,147.60000610351562,192.4000015258789
1763888390604,147.60000610351562,194.4000015258789
1763888390621,147.60000610351562,195.4000015258789
1763888390637,147.60000610351562,197.4000015258789
1763888390732,147.60000610351562,196.4000015258789
1763888390739,148.60000610351562,195.4000015258789
1763888390754,149.60000610351562,193.4000015258789
1763888390771,151.60000610351562,189.4000015258789
1763888390787,153.60000610351562,186.4000015258789
1763888390804,154.60000610351562,184.4000015258789
1763888390821,154.60000610351562,183.4000015258789
1763888390837,156.60000610351562,179.4000015258789
1763888390854,156.60000610351562,176.4000015258789
1763888390870,156.60000610351562,174.4000015258789
1763888390887,157.60000610351562,171.4000015258789
1763888390904,157.60000610351562,169.4000015258789
1763888390920,157.60000610351562,167.4000015258789
1763888390937,157.60000610351562,165.4000015258789
1763888390954,157.60000610351562,163.4000015258789
1763888390971,157.60000610351562,162.4000015258789
1763888390987,157.60000610351562,159.4000015258789
1763888391004,157.60000610351562,156.4000015258789
1763888391020,158.60000610351562,155.4000015258789
1763888391037,159.60000610351562,152.4000015258789
1763888391104,159.60000610351562,154.4000015258789
1763888391120,161.60000610351562,157.4000015258789
1763888391137,161.60000610351562,162.4000015258789
1763888391154,161.60000610351562,166.4000015258789
1763888391170,161.60000610351562,170.4000015258789
1763888391187,161.60000610351562,171.4000015258789
1763888391204,161.60000610351562,174.4000015258789
1763888391220,161.60000610351562,176.4000015258789
1763888391237,160.60000610351562,178.4000015258789
1763888391253,157.60000610351562,181.4000015258789
1763888391270,157.60000610351562,182.4000015258789
1763888391287,155.60000610351562,182.4000015258789
1763888391303,153.60000610351562,184.4000015258789
1763888391332,152.60000610351562,184.4000015258789
1763888391339,151.60000610351562,185.4000015258789
1763888391356,151.60000610351562,186.4000015258789
1763888391370,150.60000610351562,186.4000015258789
1763888391387,149.60000610351562,187.4000015258789
1763888391403,149.60000610351562,188.4000015258789
1763888391420,146.60000610351562,190.4000015258789
1763888391437,146.60000610351562,190.4000015258789
1763888391453,146.60000610351562,192.4000015258789
1763888391470,146.60000610351562,193.4000015258789
1763888391487,146.60000610351562,195.4000015258789
1763888391503,146.60000610351562,197.4000015258789
1763888391521,146.60000610351562,198.4000015258789
1763888391537,146.60000610351562,200.4000015258789
1763888391554,145.60000610351562,202.4000015258789
1763888391652,144.60000610351562,202.4000015258789
1763888391660,141.60000610351562,202.4000015258789
1763888391670,137.60000610351562,202.4000015258789
1763888391687,131.60000610351562,201.4000015258789
1763888391704,124.60000610351562,201.4000015258789
1763888391720,119.60000610351562,200.4000015258789
1763888391737,115.60000610351562,200.4000015258789
1763888391754,112.60000610351562,199.4000015258789
1763888391770,108.60000610351562,196.4000015258789
1763888391787,106.60000610351562,195.4000015258789
1763888391804,103.60000610351562,194.4000015258789
1763888391884,102.60000610351562,195.4000015258789
1763888391891,102.60000610351562,196.4000015258789
1763888391904,102.60000610351562,199.4000015258789
1763888391920,102.60000610351562,204.4000015258789
1763888391937,100.60000610351562,207.4000015258789
1763888391954,98.60000610351562,209.4000015258789
1763888391970,95.60000610351562,211.4000015258789
1763888391987,94.60000610351562,212.4000015258789
1763888392004,91.60000610351562,212.4000015258789
1763888392020,88.60000610351562,212.4000015258789
1763888392037,84.60000610351562,214.4000015258789
1763888392054,83.60000610351562,214.4000015258789
1763888392070,82.60000610351562,214.4000015258789
1763888392087,81.60000610351562,214.4000015258789
1763888392116,79.60000610351562,214.4000015258789
1763888392132,79.60000610351562,212.4000015258789
1763888392139,79.60000610351562,212.4000015258789
1763888392153,79.60000610351562,209.4000015258789
1763888392170,79.60000610351562,205.4000015258789
1763888392187,81.60000610351562,200.4000015258789
1763888392203,84.60000610351562,195.4000015258789
1763888392220,86.60000610351562,193.4000015258789
1763888392237,88.60000610351562,191.4000015258789
1763888392253,90.60000610351562,187.4000015258789
1763888392270,92.60000610351562,184.4000015258789
1763888392287,96.60000610351562,181.4000015258789
1763888392303,97.60000610351562,179.4000015258789
1763888392320,99.60000610351562,178.4000015258789
1763888392388,99.60000610351562,177.4000015258789
1763888392403,99.60000610351562,176.4000015258789
1763888392420,101.60000610351562,171.4000015258789
1763888392437,101.60000610351562,171.4000015258789
1763888392508,101.60000610351562,172.4000015258789
1763888392520,101.60000610351562,174.4000015258789
1763888392536,101.60000610351562,180.4000015258789
1763888392553,101.60000610351562,183.4000015258789
1763888392570,101.60000610351562,187.4000015258789
1763888392586,101.60000610351562,189.4000015258789
1763888392611,100.60000610351562,190.4000015258789
1763888392668,99.60000610351562,190.4000015258789
1763888392675,97.60000610351562,189.4000015258789
1763888392686,96.60000610351562,189.4000015258789
1763888392703,94.60000610351562,186.4000015258789
1763888392720,93.60000610351562,185.4000015258789
1763888392736,91.60000610351562,181.4000015258789
1763888392753,89.60000610351562,176.4000015258789
1763888392770,89.60000610351562,172.4000015258789
1763888392786,89.60000610351562,169.4000015258789
1763888392803,90.60000610351562,166.4000015258789
1763888392819,91.60000610351562,161.4000015258789
1763888392836,91.60000610351562,161.4000015258789
1763888392892,91.60000610351562,160.4000015258789
1763888392936,91.60000610351562,159.4000015258789
1763888392988,90.60000610351562,159.4000015258789
1763888393003,89.60000610351562,161.4000015258789
1763888393019,85.60000610351562,165.4000015258789
1763888393036,84.60000610351562,169.4000015258789
1763888393053,82.60000610351562,172.4000015258789
1763888393069,80.60000610351562,175.4000015258789
1763888393086,79.60000610351562,178.4000015258789
1763888393103,78.60000610351562,179.4000015258789
1763888393188,78.60000610351562,180.4000015258789
1763888393202,79.60000610351562,181.4000015258789
1763888393219,79.60000610351562,181.4000015258789
1763888393236,79.60000610351562,183.4000015258789
1763888393252,79.60000610351562,185.4000015258789
1763888393269,78.60000610351562,185.4000015258789
1763888393332,78.60000610351562,185.4000015258789
1763888393340,78.60000610351562,182.4000015258789
1763888393352,80.60000610351562,181.4000015258789
1763888393369,81.60000610351562,177.4000015258789
1763888393386,82.60000610351562,173.4000015258789
1763888393402,82.60000610351562,170.4000015258789
1763888393419,83.60000610351562,165.4000015258789
1763888393436,86.60000610351562,156.4000015258789
1763888393452,87.60000610351562,153.4000015258789
1763888393469,88.60000610351562,152.4000015258789
1763888393486,89.60000610351562,151.4000015258789
1763888393502,90.60000610351562,150.4000015258789
1763888393532,90.60000610351562,149.4000015258789
1763888393660,92.60000610351562,149.4000015258789
1763888393669,94.60000610351562,147.4000015258789
1763888393685,95.60000610351562,145.4000015258789
1763888393702,96.60000610351562,144.4000015258789
1763888393719,98.60000610351562,143.4000015258789
1763888393740,98.60000610351562,143.4000015258789
1763888393752,100.60000610351562,143.4000015258789
1763888393769,101.60000610351562,143.4000015258789
1763888393844,101.60000610351562,143.4000015258789
1763888393852,104.60000610351562,145.4000015258789
1763888393869,109.60000610351562,145.4000015258789
1763888393885,113.60000610351562,145.4000015258789
1763888393902,115.60000610351562,145.4000015258789
1763888393980,116.60000610351562,144.4000015258789
1763888393988,117.60000610351562,143.4000015258789
1763888394002,117.60000610351562,143.4000015258789
1763888394018,117.60000610351562,141.4000015258789
1763888394212,116.60000610351562,141.4000015258789
1763888394228,115.60000610351562,141.4000015258789
1763888394268,110.60000610351562,141.4000015258789
1763888394285,109.60000610351562,141.4000015258789
1763888394301,106.60000610351562,140.4000015258789
1763888394318,105.60000610351562,139.4000015258789
1763888394428,103.60000610351562,138.4000015258789
1763888394468,103.60000610351562,137.4000015258789
1763888394492,103.60000610351562,137.4000015258789
1763888394501,103.60000610351562,136.4000015258789
1763888394518,103.60000610351562,134.4000015258789
1763888394535,103.60000610351562,131.4000015258789
1763888394551,103.60000610351562,130.4000015258789
1763888394568,103.60000610351562,129.4000015258789
1763888394585,103.60000610351562,127.4000015258789
1763888394601,104.60000610351562,126.4000015258789
1763888394618,105.60000610351562,123.4000015258789
1763888394635,107.60000610351562,123.4000015258789
1763888394660,107.60000610351562,122.4000015258789
1763888394668,107.60000610351562,120.4000015258789
1763888394685,108.60000610351562,119.4000015258789
1763888394708,109.60000610351562,118.4000015258789
1763888394804,109.60000610351562,117.4000015258789
1763888394818,107.60000610351562,117.4000015258789
1763888394834,101.60000610351562,117.4000015258789
1763888394851,97.60000610351562,118.4000015258789
1763888394868,96.60000610351562,118.4000015258789
1763888394918,96.60000610351562,119.4000015258789
1763888394940,95.60000610351562,120.4000015258789
1763888394951,94.60000610351562,120.4000015258789
1763888394968,92.60000610351562,123.4000015258789
1763888394984,90.60000610351562,124.4000015258789
1763888395001,88.60000610351562,126.4000015258789
1763888395018,87.60000610351562,128.4000015258789
1763888395034,87.60000610351562,128.4000015258789
1763888395051,86.60000610351562,130.4000015258789
1763888395068,86.60000610351562,132.4000015258789
1763888395084,86.60000610351562,134.4000015258789
1763888395101,84.60000610351562,135.4000015258789
1763888395117,84.60000610351562,136.4000015258789
1763888395134,84.60000610351562,138.4000015258789
1763888395151,84.60000610351562,139.4000015258789
1763888395172,84.60000610351562,140.4000015258789
1763888395188,84.60000610351562,141.4000015258789
1763888395201,84.60000610351562,143.4000015258789
1763888395217,84.60000610351562,144.4000015258789
1763888395234,84.60000610351562,146.4000015258789
1763888395251,84.60000610351562,148.4000015258789
1763888395267,84.60000610351562,151.4000015258789
1763888395284,84.60000610351562,151.4000015258789
1763888395348,84.60000610351562,149.4000015258789
1763888395355,84.60000610351562,146.4000015258789
1763888395367,84.60000610351562,144.4000015258789
1763888395384,84.60000610351562,140.4000015258789
1763888395401,84.60000610351562,137.4000015258789
1763888395417,84.60000610351562,135.4000015258789
1763888395434,84.60000610351562,132.4000015258789
1763888395451,84.60000610351562,132.4000015258789
1763888395467,84.60000610351562,129.4000015258789
1763888395484,87.60000610351562,126.4000015258789
1763888395620,88.60000610351562,127.4000015258789
1763888395634,89.60000610351562,127.4000015258789
1763888395708,91.60000610351562,127.4000015258789
1763888395717,91.60000610351562,127.4000015258789
1763888395734,93.60000610351562,129.4000015258789
1763888395751,94.60000610351562,130.4000015258789
1763888395828,94.60000610351562,130.4000015258789
1763888395836,94.60000610351562,131.4000015258789
1763888395850,94.60000610351562,134.4000015258789
1763888395867,94.60000610351562,136.4000015258789
1763888395884,94.60000610351562,138.4000015258789
1763888395908,94.60000610351562,140.4000015258789
1763888395924,94.60000610351562,141.4000015258789
1763888396020,94.60000610351562,140.4000015258789
1763888396034,94.60000610351562,137.4000015258789
1763888396050,94.60000610351562,135.4000015258789
1763888396067,97.60000610351562,133.4000015258789
1763888396084,99.60000610351562,129.4000015258789
1763888396108,99.60000610351562,128.4000015258789
1763888396117,100.60000610351562,127.4000015258789
1763888396134,101.60000610351562,125.4000015258789
1763888396150,102.60000610351562,123.4000015258789
1763888396284,101.60000610351562,124.4000015258789
1763888396308,99.60000610351562,125.4000015258789
1763888396317,98.60000610351562,127.4000015258789
1763888396333,97.60000610351562,127.4000015258789
1763888396350,95.60000610351562,127.4000015258789
1763888396372,95.60000610351562,129.4000015258789
1763888396383,94.60000610351562,130.4000015258789
1763888396400,91.60000610351562,134.4000015258789
1763888396417,91.60000610351562,136.4000015258789
1763888396433,91.60000610351562,140.4000015258789
1763888396450,91.60000610351562,145.4000015258789
1763888396467,91.60000610351562,148.4000015258789
1763888396483,91.60000610351562,152.4000015258789
1763888396500,91.60000610351562,156.4000015258789
1763888396517,89.60000610351562,159.4000015258789
1763888396533,89.60000610351562,160.4000015258789
1763888396550,88.60000610351562,163.4000015258789
1763888396567,88.60000610351562,164.4000015258789
1763888396588,88.60000610351562,165.4000015258789
1763888396600,88.60000610351562,167.4000015258789
1763888396616,87.60000610351562,168.4000015258789
1763888396633,85.60000610351562,168.4000015258789
1763888396650,83.60000610351562,168.4000015258789
1763888396666,81.60000610351562,170.4000015258789
1763888396683,80.60000610351562,170.4000015258789
1763888396700,79.60000610351562,171.4000015258789
1763888396716,78.60000610351562,172.4000015258789
1763888396766,77.60000610351562,173.4000015258789
1763888396783,77.60000610351562,174.4000015258789
1763888396800,77.60000610351562,176.4000015258789
1763888396816,77.60000610351562,177.4000015258789
1763888396833,77.60000610351562,179.4000015258789
1763888396850,77.60000610351562,180.4000015258789
1763888396866,78.60000610351562,182.4000015258789
1763888396883,79.60000610351562,182.4000015258789
1763888396916,80.60000610351562,184.4000015258789
1763888396933,80.60000610351562,186.4000015258789
1763888396950,80.60000610351562,189.4000015258789
1763888396966,80.60000610351562,191.4000015258789
1763888396983,80.60000610351562,192.4000015258789
1763888397000,80.60000610351562,193.4000015258789
1763888397049,82.60000610351562,194.4000015258789
1763888397066,82.60000610351562,195.4000015258789
1763888397083,82.60000610351562,197.4000015258789
1763888397099,82.60000610351562,200.4000015258789
1763888397116,82.60000610351562,203.4000015258789
1763888397133,82.60000610351562,204.4000015258789
1763888397149,82.60000610351562,205.4000015258789
1763888397166,82.60000610351562,207.4000015258789
1763888397183,82.60000610351562,209.4000015258789
1763888397199,82.60000610351562,210.4000015258789
1763888397220,82.60000610351562,212.4000015258789
1763888397236,82.60000610351562,212.4000015258789
1763888397249,82.60000610351562,214.4000015258789
1763888397266,83.60000610351562,216.4000015258789
1763888397283,83.60000610351562,216.4000015258789
1763888397299,83.60000610351562,217.4000015258789
1763888397316,83.60000610351562,219.4000015258789
1763888397340,83.60000610351562,221.4000015258789
1763888398636,190.60000610351562,281.4000015258789
1763888398660,190.60000610351562,282.4000015258789
1763888398676,190.60000610351562,284.4000015258789
1763888398684,190.60000610351562,285.4000015258789
1763888398698,189.60000610351562,286.4000015258789
1763888398715,189.60000610351562,290.4000015258789
1763888398731,189.60000610351562,293.4000015258789
1763888398748,189.60000610351562,293.4000015258789
1763888398844,187.60000610351562,294.4000015258789
1763888398860,186.60000610351562,294.4000015258789
1763888398868,183.60000610351562,292.4000015258789
1763888398881,183.60000610351562,292.4000015258789
1763888398898,183.60000610351562,289.4000015258789
1763888398914,183.60000610351562,286.4000015258789
1763888398931,183.60000610351562,284.4000015258789
1763888398948,183.60000610351562,282.4000015258789
1763888398964,183.60000610351562,281.4000015258789
1763888398981,183.60000610351562,279.4000015258789
1763888398998,183.60000610351562,276.4000015258789
1763888399060,183.60000610351562,278.4000015258789
1763888399068,183.60000610351562,279.4000015258789
1763888399081,183.60000610351562,283.4000015258789
1763888399098,183.60000610351562,286.4000015258789
1763888399114,183.60000610351562,288.4000015258789
1763888399131,183.60000610351562,293.4000015258789
1763888399148,183.60000610351562,296.4000015258789
1763888399164,182.60000610351562,296.4000015258789
1763888399197,182.60000610351562,297.4000015258789
1763888399214,181.60000610351562,299.4000015258789
1763888399231,179.60000610351562,303.4000015258789
1763888399247,179.60000610351562,304.4000015258789
1763888399396,179.60000610351562,303.4000015258789
1763888399404,179.60000610351562,303.4000015258789
1763888399414,179.60000610351562,301.4000015258789
1763888399431,179.60000610351562,298.4000015258789
1763888399447,179.60000610351562,295.4000015258789
1763888399464,179.60000610351562,293.4000015258789
1763888399481,179.60000610351562,291.4000015258789
1763888399497,179.60000610351562,289.4000015258789
1763888399514,179.60000610351562,287.4000015258789
1763888399531,179.60000610351562,286.4000015258789
1763888399547,179.60000610351562,284.4000015258789
1763888399620,179.60000610351562,286.4000015258789
1763888399630,179.60000610351562,287.4000015258789
1763888399647,181.60000610351562,291.4000015258789
1763888399664,181.60000610351562,295.4000015258789
1763888399680,181.60000610351562,298.4000015258789
1763888399697,182.60000610351562,299.4000015258789
1763888399714,182.60000610351562,302.4000015258789
1763888399730,182.60000610351562,303.4000015258789
1763888399828,183.60000610351562,303.4000015258789
1763888399884,184.60000610351562,302.4000015258789
1763888399897,186.60000610351562,301.4000015258789
1763888399914,187.60000610351562,300.4000015258789
1763888399930,190.60000610351562,298.4000015258789
1763888399980,190.60000610351562,296.4000015258789
1763888399997,192.60000610351562,293.4000015258789
1763888400013,192.60000610351562,290.4000015258789
1763888400030,193.60000610351562,287.4000015258789
1763888400047,194.60000610351562,285.4000015258789
1763888400108,195.60000610351562,285.4000015258789
1763888400116,195.60000610351562,288.4000015258789
1763888400163,197.60000610351562,295.4000015258789
1763888400180,197.60000610351562,296.4000015258789
1763888400197,196.60000610351562,298.4000015258789
1763888400213,194.60000610351562,300.4000015258789
1763888400230,194.60000610351562,300.4000015258789
1763888400247,194.60000610351562,302.4000015258789
1763888400268,194.60000610351562,303.4000015258789
1763888400284,193.60000610351562,303.4000015258789
1763888400297,192.60000610351562,303.4000015258789
1763888400313,189.60000610351562,304.4000015258789
1763888400330,189.60000610351562,305.4000015258789
1763888400380,187.60000610351562,306.4000015258789
1763888400396,186.60000610351562,306.4000015258789
1763888400413,185.60000610351562,306.4000015258789
1763888400430,184.60000610351562,305.4000015258789
1763888400446,183.60000610351562,305.4000015258789
1763888400463,183.60000610351562,304.4000015258789
1763888400480,182.60000610351562,303.4000015258789
1763888400500,181.60000610351562,302.4000015258789
1763888400524,179.60000610351562,300.4000015258789
1763888400580,179.60000610351562,296.4000015258789
1763888400596,179.60000610351562,292.4000015258789
1763888400613,179.60000610351562,289.4000015258789
1763888400630,179.60000610351562,287.4000015258789
1763888400646,179.60000610351562,284.4000015258789
1763888400663,179.60000610351562,284.4000015258789
1763888400680,179.60000610351562,281.4000015258789
1763888400696,180.60000610351562,279.4000015258789
1763888400713,181.60000610351562,277.4000015258789
1763888400730,181.60000610351562,273.4000015258789
1763888400746,183.60000610351562,269.4000015258789
1763888400763,183.60000610351562,266.4000015258789
1763888400780,184.60000610351562,261.4000015258789
1763888400796,185.60000610351562,258.4000015258789
1763888400813,185.60000610351562,256.4000015258789
1763888400829,185.60000610351562,255.4000015258789
1763888400860,186.60000610351562,254.4000015258789
1763888400908,187.60000610351562,257.4000015258789
1763888400916,187.60000610351562,259.4000015258789
1763888400929,187.60000610351562,262.4000015258789
1763888400946,187.60000610351562,266.4000015258789
1763888400963,187.60000610351562,269.4000015258789
1763888400979,187.60000610351562,272.4000015258789
1763888400996,187.60000610351562,274.4000015258789
1763888401013,186.60000610351562,277.4000015258789
1763888401029,185.60000610351562,278.4000015258789
1763888401060,185.60000610351562,279.4000015258789
1763888401148,185.60000610351562,278.4000015258789
1763888401162,185.60000610351562,277.4000015258789
1763888401179,188.60000610351562,270.4000015258789
1763888401196,193.60000610351562,260.4000015258789
1763888401212,194.60000610351562,257.4000015258789
1763888401229,194.60000610351562,256.4000015258789
1763888401279,194.60000610351562,256.4000015258789
1763888401662,195.60000610351562,255.4000015258789
1763888401679,195.60000610351562,252.4000015258789
1763888401756,194.60000610351562,254.4000015258789
1763888401764,194.60000610351562,256.4000015258789
1763888401779,194.60000610351562,259.4000015258789
1763888401795,191.60000610351562,266.4000015258789
1763888401812,190.60000610351562,270.4000015258789
1763888401829,190.60000610351562,271.4000015258789
1763888401845,190.60000610351562,275.4000015258789
1763888401862,190.60000610351562,276.4000015258789
1763888401964,190.60000610351562,274.4000015258789
1763888401978,190.60000610351562,269.4000015258789
1763888401995,190.60000610351562,266.4000015258789
1763888402012,190.60000610351562,260.4000015258789
1763888402076,190.60000610351562,261.4000015258789
1763888402084,192.60000610351562,263.4000015258789
1763888402095,193.60000610351562,267.4000015258789
1763888402245,195.60000610351562,279.4000015258789
1763888402261,192.60000610351562,273.4000015258789
1763888402278,188.60000610351562,267.4000015258789
1763888402295,187.60000610351562,260.4000015258789
1763888402311,187.60000610351562,250.4000015258789
1763888402328,187.60000610351562,243.4000015258789
1763888402345,187.60000610351562,238.4000015258789
1763888402361,187.60000610351562,234.4000015258789
1763888402378,185.60000610351562,232.4000015258789
1763888402395,185.60000610351562,231.4000015258789
1763888402411,185.60000610351562,229.4000015258789
1763888402461,184.60000610351562,229.4000015258789
1763888402478,183.60000610351562,233.4000015258789
1763888402495,183.60000610351562,240.4000015258789
1763888402511,183.60000610351562,245.4000015258789
1763888402528,183.60000610351562,250.4000015258789
1763888402545,183.60000610351562,253.4000015258789
1763888402561,183.60000610351562,255.4000015258789
1763888402636,183.60000610351562,253.4000015258789
1763888402644,182.60000610351562,250.4000015258789
1763888402661,181.60000610351562,243.4000015258789
1763888402678,180.60000610351562,235.4000015258789
1763888402694,180.60000610351562,230.4000015258789
1763888402711,181.60000610351562,228.4000015258789
1763888402788,181.60000610351562,229.4000015258789
1763888402796,181.60000610351562,233.4000015258789
1763888402811,181.60000610351562,235.4000015258789
1763888402828,183.60000610351562,245.4000015258789
1763888402844,183.60000610351562,248.4000015258789
1763888402861,183.60000610351562,249.4000015258789
1763888402978,184.60000610351562,247.4000015258789
1763888402994,185.60000610351562,242.4000015258789
1763888403011,188.60000610351562,237.4000015258789
1763888403028,188.60000610351562,237.4000015258789
1763888403084,188.60000610351562,238.4000015258789
1763888403094,189.60000610351562,240.4000015258789
1763888403111,189.60000610351562,246.4000015258789
1763888403127,189.60000610351562,248.4000015258789
1763888403144,189.60000610351562,250.4000015258789
1763888403228,189.60000610351562,249.4000015258789
1763888403244,189.60000610351562,242.4000015258789
1763888403261,189.60000610351562,232.4000015258789
1763888403277,189.60000610351562,229.4000015258789
1763888403294,189.60000610351562,227.4000015258789
1763888403344,190.60000610351562,227.4000015258789
1763888403361,193.60000610351562,230.4000015258789
1763888403377,193.60000610351562,234.4000015258789
1763888403394,193.60000610351562,238.4000015258789
1763888403411,193.60000610351562,240.4000015258789
1763888403427,193.60000610351562,241.4000015258789
1763888403444,193.60000610351562,242.4000015258789
1763888403508,192.60000610351562,241.4000015258789
1763888403517,192.60000610351562,239.4000015258789
1763888403527,192.60000610351562,236.4000015258789
1763888403544,192.60000610351562,233.4000015258789
1763888403560,192.60000610351562,232.4000015258789
1763888403577,193.60000610351562,231.4000015258789
1763888403627,192.60000610351562,232.4000015258789
1763888403644,193.60000610351562,238.4000015258789
1763888403660,193.60000610351562,240.4000015258789
1763888403677,193.60000610351562,243.4000015258789
1763888403694,193.60000610351562,243.4000015258789
1763888403780,193.60000610351562,244.4000015258789
1763888403804,195.60000610351562,244.4000015258789
1763888403820,196.60000610351562,240.4000015258789
1763888403828,197.60000610351562,237.4000015258789
1763888403843,198.60000610351562,235.4000015258789
1763888403860,198.60000610351562,234.4000015258789
1763888403948,198.60000610351562,233.4000015258789
1763888403993,199.60000610351562,234.4000015258789
1763888404027,197.60000610351562,241.4000015258789
1763888404188,197.60000610351562,241.4000015258789
1763888405460,46.600006103515625,291.4000015258789
1763888405509,46.600006103515625,293.4000015258789
1763888405525,46.600006103515625,295.4000015258789
1763888405536,46.600006103515625,296.4000015258789
1763888405553,46.600006103515625,298.4000015258789
1763888405652,46.600006103515625,297.4000015258789
1763888405669,45.600006103515625,294.4000015258789
1763888405686,43.600006103515625,293.4000015258789
1763888405702,43.600006103515625,290.4000015258789
1763888405719,43.600006103515625,289.4000015258789
1763888405812,43.600006103515625,289.4000015258789
1763888405820,44.600006103515625,290.4000015258789
1763888405836,46.600006103515625,292.4000015258789
1763888405852,46.600006103515625,294.4000015258789
1763888405869,46.600006103515625,297.4000015258789
1763888405886,46.600006103515625,298.4000015258789
1763888405902,46.600006103515625,299.4000015258789
1763888405919,46.600006103515625,301.4000015258789
1763888406044,44.600006103515625,299.4000015258789
1763888406052,43.600006103515625,299.4000015258789
1763888406069,42.600006103515625,297.4000015258789
1763888406172,41.600006103515625,299.4000015258789
1763888406188,41.600006103515625,301.4000015258789
1763888406204,41.600006103515625,301.4000015258789
1763888406228,41.600006103515625,303.4000015258789
1763888406252,41.600006103515625,304.4000015258789
1763888406269,41.600006103515625,305.4000015258789
1763888406468,46.600006103515625,308.4000015258789
1763888406485,46.600006103515625,303.4000015258789
1763888406502,47.600006103515625,300.4000015258789
1763888406518,48.600006103515625,297.4000015258789
1763888406535,48.600006103515625,294.4000015258789
1763888406552,48.600006103515625,293.4000015258789
1763888406568,49.600006103515625,291.4000015258789
1763888406585,49.600006103515625,289.4000015258789
1763888406636,49.600006103515625,289.4000015258789
1763888406652,51.600006103515625,291.4000015258789
1763888406668,53.600006103515625,296.4000015258789
1763888406685,55.600006103515625,299.4000015258789
1763888406702,57.600006103515625,302.4000015258789
1763888406718,57.600006103515625,303.4000015258789
1763888406768,58.600006103515625,303.4000015258789
1763888406818,58.600006103515625,302.4000015258789
1763888406835,57.600006103515625,297.4000015258789
1763888406852,57.600006103515625,297.4000015258789
1763888406868,57.600006103515625,295.4000015258789
1763888406900,57.600006103515625,296.4000015258789
1763888406908,57.600006103515625,297.4000015258789
1763888406918,57.600006103515625,299.4000015258789
1763888406935,57.600006103515625,303.4000015258789
1763888406951,57.600006103515625,308.4000015258789
1763888406968,56.600006103515625,309.4000015258789
1763888407051,53.600006103515625,309.4000015258789
1763888407068,49.600006103515625,301.4000015258789
1763888407085,48.600006103515625,297.4000015258789
1763888407101,47.600006103515625,295.4000015258789
1763888407172,47.600006103515625,296.4000015258789
1763888407184,48.600006103515625,297.4000015258789
1763888407201,51.600006103515625,300.4000015258789
1763888407218,53.600006103515625,302.4000015258789
1763888407308,53.600006103515625,301.4000015258789
1763888407318,53.600006103515625,300.4000015258789
1763888407334,53.600006103515625,295.4000015258789
1763888407351,52.600006103515625,292.4000015258789
1763888407368,52.600006103515625,290.4000015258789
1763888407444,52.600006103515625,291.4000015258789
1763888407452,52.600006103515625,291.4000015258789
1763888407468,52.600006103515625,294.4000015258789
1763888407484,52.600006103515625,295.4000015258789
1763888407556,52.600006103515625,294.4000015258789
1763888407567,52.600006103515625,292.4000015258789
1763888407584,52.600006103515625,284.4000015258789
1763888407601,52.600006103515625,279.4000015258789
1763888407617,52.600006103515625,276.4000015258789
1763888407634,52.600006103515625,275.4000015258789
1763888407700,52.600006103515625,276.4000015258789
1763888407717,52.600006103515625,281.4000015258789
1763888407734,52.600006103515625,286.4000015258789
1763888407751,52.600006103515625,288.4000015258789
1763888407820,52.600006103515625,286.4000015258789
1763888407834,52.600006103515625,284.4000015258789
1763888407851,49.600006103515625,273.4000015258789
1763888407867,46.600006103515625,268.4000015258789
1763888407884,44.600006103515625,264.4000015258789
1763888407901,44.600006103515625,263.4000015258789
1763888407950,44.600006103515625,263.4000015258789
1763888407967,44.600006103515625,269.4000015258789
1763888407984,42.600006103515625,275.4000015258789
1763888408000,42.600006103515625,280.4000015258789
1763888408017,42.600006103515625,282.4000015258789
1763888408034,42.600006103515625,284.4000015258789
1763888408124,42.600006103515625,281.4000015258789
1763888408134,42.600006103515625,279.4000015258789
1763888408150,42.600006103515625,276.4000015258789
1763888408200,42.600006103515625,279.4000015258789
1763888408217,44.600006103515625,285.4000015258789
1763888408234,45.600006103515625,292.4000015258789
1763888408250,48.600006103515625,298.4000015258789
1763888408267,49.600006103515625,301.4000015258789
1763888408348,50.600006103515625,298.4000015258789
1763888408356,50.600006103515625,296.4000015258789
1763888408367,50.600006103515625,290.4000015258789
1763888408383,50.600006103515625,281.4000015258789
1763888408400,50.600006103515625,277.4000015258789
1763888408417,50.600006103515625,277.4000015258789
1763888408468,50.600006103515625,281.4000015258789
1763888408483,50.600006103515625,284.4000015258789
1763888408500,50.600006103515625,294.4000015258789
1763888408517,50.600006103515625,297.4000015258789
1763888408533,50.600006103515625,298.4000015258789
1763888408550,51.600006103515625,299.4000015258789
1763888408600,52.600006103515625,299.4000015258789
1763888408617,52.600006103515625,295.4000015258789
1763888408633,52.600006103515625,290.4000015258789
1763888408650,52.600006103515625,281.4000015258789
1763888408667,52.600006103515625,270.4000015258789
1763888408683,52.600006103515625,264.4000015258789
1763888408700,52.600006103515625,260.4000015258789
1763888408716,52.600006103515625,257.4000015258789
1763888408733,52.600006103515625,256.4000015258789
1763888408750,52.600006103515625,255.4000015258789
1763888408812,52.600006103515625,256.4000015258789
1763888408820,52.600006103515625,259.4000015258789
1763888408833,52.600006103515625,263.4000015258789
1763888408850,52.600006103515625,269.4000015258789
1763888408866,52.600006103515625,273.4000015258789
1763888408883,52.600006103515625,274.4000015258789
1763888408940,52.600006103515625,271.4000015258789
1763888408950,52.600006103515625,267.4000015258789
1763888408966,49.600006103515625,260.4000015258789
1763888408983,48.600006103515625,254.4000015258789
1763888409000,48.600006103515625,249.4000015258789
1763888409016,47.600006103515625,249.4000015258789
1763888409068,47.600006103515625,249.4000015258789
1763888409083,47.600006103515625,251.4000015258789
1763888409100,47.600006103515625,261.4000015258789
1763888409116,47.600006103515625,264.4000015258789
1763888409188,47.600006103515625,261.4000015258789
1763888409199,46.600006103515625,257.4000015258789
1763888409216,46.600006103515625,248.4000015258789
1763888409233,44.600006103515625,239.4000015258789
1763888409249,43.600006103515625,234.4000015258789
1763888409308,43.600006103515625,236.4000015258789
1763888409316,43.600006103515625,240.4000015258789
1763888409333,47.600006103515625,249.4000015258789
1763888409349,48.600006103515625,254.4000015258789
1763888409366,49.600006103515625,257.4000015258789
1763888409383,49.600006103515625,259.4000015258789
1763888409444,49.600006103515625,258.4000015258789
1763888409452,49.600006103515625,256.4000015258789
1763888409466,49.600006103515625,253.4000015258789
1763888409482,49.600006103515625,244.4000015258789
1763888409499,49.600006103515625,239.4000015258789
1763888409516,49.600006103515625,237.4000015258789
1763888409566,49.600006103515625,240.4000015258789
1763888409582,49.600006103515625,252.4000015258789
1763888409599,49.600006103515625,257.4000015258789
1763888409616,49.600006103515625,261.4000015258789
1763888409632,49.600006103515625,262.4000015258789
1763888409708,49.600006103515625,259.4000015258789
1763888409716,49.600006103515625,256.4000015258789
1763888409732,46.600006103515625,243.4000015258789
1763888409749,45.600006103515625,241.4000015258789
1763888409766,45.600006103515625,240.4000015258789
1763888409782,44.600006103515625,239.4000015258789
1763888409868,44.600006103515625,240.4000015258789
1763888409882,44.600006103515625,243.4000015258789
1763888409899,44.600006103515625,249.4000015258789
1763888409915,44.600006103515625,252.4000015258789
1763888409932,44.600006103515625,255.4000015258789
1763888410004,43.600006103515625,251.4000015258789
1763888410015,41.600006103515625,247.4000015258789
1763888410032,40.600006103515625,240.4000015258789
1763888410049,36.600006103515625,233.4000015258789
1763888410065,36.600006103515625,229.4000015258789
1763888410082,36.600006103515625,227.4000015258789
1763888410156,36.600006103515625,229.4000015258789
1763888410165,36.600006103515625,233.4000015258789
1763888410182,38.600006103515625,239.4000015258789
1763888410199,39.600006103515625,243.4000015258789
1763888410215,39.600006103515625,244.4000015258789
1763888410232,40.600006103515625,247.4000015258789
1763888410324,41.600006103515625,244.4000015258789
1763888410332,41.600006103515625,241.4000015258789
1763888410348,42.600006103515625,230.4000015258789
1763888410365,44.600006103515625,220.4000015258789
1763888410382,44.600006103515625,216.4000015258789
1763888410432,45.600006103515625,216.4000015258789
1763888410448,47.600006103515625,218.4000015258789
1763888410465,47.600006103515625,223.4000015258789
1763888410482,49.600006103515625,239.4000015258789
1763888410498,49.600006103515625,242.4000015258789
1763888410515,49.600006103515625,244.4000015258789
1763888410532,50.600006103515625,245.4000015258789
1763888410582,50.600006103515625,242.4000015258789
1763888410599,50.600006103515625,234.4000015258789
1763888410615,50.600006103515625,227.4000015258789
1763888410632,50.600006103515625,226.4000015258789
1763888410698,50.600006103515625,232.4000015258789
1763888410715,50.600006103515625,236.4000015258789
1763888410732,50.600006103515625,238.4000015258789
1763888410788,49.600006103515625,238.4000015258789
1763888410798,51.600006103515625,236.4000015258789
1763888410815,51.600006103515625,233.4000015258789
1763888410832,52.600006103515625,227.4000015258789
1763888410848,54.600006103515625,222.4000015258789
1763888410865,54.600006103515625,219.4000015258789
1763888410924,54.600006103515625,220.4000015258789
1763888410932,54.600006103515625,223.4000015258789
1763888410948,51.600006103515625,232.4000015258789
1763888410965,51.600006103515625,236.4000015258789
1763888411052,51.600006103515625,235.4000015258789
1763888411065,50.600006103515625,233.4000015258789
1763888411081,49.600006103515625,227.4000015258789
1763888411098,48.600006103515625,224.4000015258789
1763888411164,46.600006103515625,225.4000015258789
1763888411181,46.600006103515625,229.4000015258789
1763888411198,46.600006103515625,232.4000015258789
1763888411284,46.600006103515625,231.4000015258789
1763888411298,46.600006103515625,228.4000015258789
1763888411315,46.600006103515625,219.4000015258789
1763888411331,42.600006103515625,212.4000015258789
1763888411348,41.600006103515625,211.4000015258789
1763888411380,42.600006103515625,214.4000015258789
1763888411388,42.600006103515625,218.4000015258789
1763888411398,42.600006103515625,224.4000015258789
1763888411414,42.600006103515625,229.4000015258789
1763888411431,42.600006103515625,232.4000015258789
1763888411448,42.600006103515625,233.4000015258789
1763888411524,42.600006103515625,232.4000015258789
1763888411532,42.600006103515625,231.4000015258789
1763888411604,42.600006103515625,234.4000015258789
1763888411614,42.600006103515625,234.4000015258789
1763888411631,43.600006103515625,236.4000015258789
1763888411648,43.600006103515625,238.4000015258789
1763888411698,43.600006103515625,241.4000015258789
1763888411714,43.600006103515625,244.4000015258789
1763888411731,43.600006103515625,247.4000015258789
1763888411748,44.600006103515625,250.4000015258789
1763888411764,44.600006103515625,254.4000015258789
1763888411781,44.600006103515625,259.4000015258789
1763888411797,43.600006103515625,262.4000015258789
1763888411814,43.600006103515625,263.4000015258789
1763888411836,42.600006103515625,264.4000015258789
1763888411860,42.600006103515625,265.4000015258789
1763888411868,42.600006103515625,266.4000015258789
1763888411881,42.600006103515625,268.4000015258789
1763888411897,42.600006103515625,270.4000015258789
1763888411914,42.600006103515625,273.4000015258789
1763888411931,41.600006103515625,274.4000015258789
1763888411947,40.600006103515625,276.4000015258789
1763888411964,40.600006103515625,278.4000015258789
1763888411988,39.600006103515625,279.4000015258789
1763888412197,38.600006103515625,294.4000015258789
1763888412228,39.600006103515625,295.4000015258789
1763888412236,41.600006103515625,296.4000015258789
1763888412247,41.600006103515625,297.4000015258789
1763888412264,42.600006103515625,298.4000015258789
1763888412280,45.600006103515625,299.4000015258789
1763888412297,45.600006103515625,300.4000015258789
1763888412316,47.600006103515625,300.4000015258789
1763888412340,48.600006103515625,300.4000015258789
1763888412348,48.600006103515625,301.4000015258789
1763888412372,49.600006103515625,302.4000015258789
1763888412388,50.600006103515625,302.4000015258789
1763888412404,51.600006103515625,303.4000015258789
1763888412428,52.600006103515625,305.4000015258789
1763888412464,52.600006103515625,306.4000015258789
1763888412692,53.600006103515625,306.4000015258789
1763888414300,38.600006103515625,221.4000015258789
1763888414452,38.600006103515625,221.4000015258789
1763888414463,38.600006103515625,222.4000015258789
1763888414474,38.600006103515625,224.4000015258789
1763888414491,36.600006103515625,225.4000015258789
1763888414508,35.600006103515625,226.4000015258789
1763888415557,38.600006103515625,243.4000015258789
1763888415573,39.600006103515625,246.4000015258789
1763888415590,39.600006103515625,250.4000015258789
1763888415607,39.600006103515625,254.4000015258789
1763888415673,41.600006103515625,264.4000015258789
1763888418308,151.60000610351562,180.4000015258789
1763888418324,153.60000610351562,181.4000015258789
1763888418340,154.60000610351562,182.4000015258789
1763888418364,156.60000610351562,183.4000015258789
1763888418452,156.60000610351562,185.4000015258789
1763888418468,156.60000610351562,185.4000015258789
1763888418476,157.60000610351562,187.4000015258789
1763888418492,157.60000610351562,188.4000015258789
1763888418509,157.60000610351562,189.4000015258789
1763888418525,157.60000610351562,190.4000015258789
1763888418588,157.60000610351562,191.4000015258789
1763888418596,157.60000610351562,192.4000015258789
1763888418612,157.60000610351562,193.4000015258789
1763888418625,157.60000610351562,194.4000015258789
1763888418642,157.60000610351562,196.4000015258789
1763888418708,157.60000610351562,197.4000015258789
1763888418725,156.60000610351562,199.4000015258789
1763888418742,153.60000610351562,199.4000015258789
1763888418759,152.60000610351562,197.4000015258789
1763888418775,149.60000610351562,196.4000015258789
1763888418792,145.60000610351562,193.4000015258789
1763888418809,139.60000610351562,189.4000015258789
1763888418825,134.60000610351562,186.4000015258789
1763888418842,127.60000610351562,184.4000015258789
1763888418859,118.60000610351562,181.4000015258789
1763888418875,114.60000610351562,178.4000015258789
1763888418892,108.60000610351562,175.4000015258789
1763888418909,106.60000610351562,173.4000015258789
1763888418925,104.60000610351562,173.4000015258789
1763888418942,102.60000610351562,171.4000015258789
1763888418959,101.60000610351562,170.4000015258789
1763888419020,99.60000610351562,170.4000015258789
1763888419028,99.60000610351562,170.4000015258789
1763888419044,97.60000610351562,170.4000015258789
1763888419058,95.60000610351562,170.4000015258789
1763888419075,91.60000610351562,171.4000015258789
1763888419092,87.60000610351562,172.4000015258789
1763888419108,87.60000610351562,173.4000015258789
1763888419196,86.60000610351562,173.4000015258789
1763888419208,85.60000610351562,174.4000015258789
1763888419258,84.60000610351562,176.4000015258789
1763888419275,84.60000610351562,176.4000015258789
1763888419292,84.60000610351562,178.4000015258789
1763888419308,84.60000610351562,179.4000015258789
1763888419358,85.60000610351562,180.4000015258789
1763888419375,86.60000610351562,183.4000015258789
1763888419391,86.60000610351562,184.4000015258789
1763888422948,70.60000610351562,309.4000015258789
1763888422988,73.60000610351562,311.4000015258789
1763888423005,74.60000610351562,315.4000015258789
1763888423022,74.60000610351562,318.4000015258789
1763888423038,75.60000610351562,320.4000015258789
1763888423055,75.60000610351562,322.4000015258789
1763888423072,77.60000610351562,324.4000015258789
1763888423212,78.60000610351562,325.4000015258789
1763888423221,79.60000610351562,326.4000015258789
1763888423244,79.60000610351562,327.4000015258789
1763888423255,79.60000610351562,328.4000015258789
1763888423271,79.60000610351562,331.4000015258789
1763888423288,79.60000610351562,332.4000015258789
1763888423305,79.60000610351562,334.4000015258789
1763888423321,79.60000610351562,336.4000015258789
1763888423338,79.60000610351562,337.4000015258789
1763888423355,79.60000610351562,338.4000015258789
1763888423405,79.60000610351562,341.4000015258789
1763888423421,79.60000610351562,341.4000015258789
1763888423438,79.60000610351562,343.4000015258789
1763888423455,79.60000610351562,345.4000015258789
1763888423476,79.60000610351562,346.4000015258789
1763888423500,79.60000610351562,348.4000015258789
1763888423516,79.60000610351562,348.4000015258789
1763888423532,79.60000610351562,350.4000015258789
1763888423540,79.60000610351562,351.4000015258789
1763888423556,79.60000610351562,351.4000015258789
1763888423571,79.60000610351562,352.4000015258789
1763888423588,79.60000610351562,353.4000015258789
1763888423605,79.60000610351562,357.4000015258789
1763888423621,79.60000610351562,358.4000015258789
1763888423671,81.60000610351562,366.4000015258789
1763888423688,81.60000610351562,367.4000015258789
1763888423704,84.60000610351562,369.4000015258789
1763888423721,84.60000610351562,370.4000015258789
1763888423738,85.60000610351562,373.4000015258789
1763888423754,85.60000610351562,375.4000015258789
1763888423771,86.60000610351562,377.4000015258789
1763888423788,86.60000610351562,379.4000015258789
1763888423804,86.60000610351562,381.4000015258789
1763888423821,87.60000610351562,383.4000015258789
1763888423838,87.60000610351562,384.4000015258789
1763888423854,87.60000610351562,386.4000015258789
1763888423871,87.60000610351562,388.4000015258789
1763888423888,87.60000610351562,389.4000015258789
1763888423904,87.60000610351562,390.4000015258789
1763888423921,87.60000610351562,393.4000015258789
1763888423937,87.60000610351562,395.4000015258789
1763888423954,87.60000610351562,396.4000015258789
1763888423971,87.60000610351562,398.4000015258789
1763888423987,87.60000610351562,398.4000015258789
1763888424004,87.60000610351562,400.4000015258789
1763888424054,87.60000610351562,401.4000015258789
1763888424071,87.60000610351562,403.4000015258789
1763888424087,87.60000610351562,405.4000015258789
1763888424104,86.60000610351562,406.4000015258789
1763888424121,86.60000610351562,408.4000015258789
1763888424137,86.60000610351562,409.4000015258789
1763888424154,86.60000610351562,410.4000015258789
1763888424171,85.60000610351562,412.4000015258789
1763888424187,85.60000610351562,413.4000015258789
1763888424204,85.60000610351562,414.4000015258789
1763888424221,85.60000610351562,417.4000015258789
1763888424237,85.60000610351562,419.4000015258789
1763888424254,85.60000610351562,421.4000015258789
1763888424276,84.60000610351562,421.4000015258789
1763888424287,84.60000610351562,422.4000015258789
1763888424304,84.60000610351562,424.4000015258789
1763888424320,84.60000610351562,426.4000015258789
1763888424337,84.60000610351562,431.4000015258789
1763888424354,84.60000610351562,432.4000015258789
1763888424371,83.60000610351562,434.4000015258789
1763888424387,83.60000610351562,436.4000015258789
1763888424812,91.60000610351562,469.4000015258789
1763888424828,92.60000610351562,470.4000015258789
1763888424870,92.60000610351562,471.4000015258789
1763888424887,93.60000610351562,473.4000015258789
1763888424903,94.60000610351562,474.4000015258789
1763888424920,94.60000610351562,474.4000015258789
1763888424937,95.60000610351562,475.4000015258789
1763888424956,96.60000610351562,476.4000015258789
1763888424980,96.60000610351562,477.4000015258789
1763888424988,96.60000610351562,477.4000015258789
1763888425004,96.60000610351562,478.4000015258789
1763888425092,95.60000610351562,476.4000015258789
1763888425100,95.60000610351562,475.4000015258789
1763888425270,89.60000610351562,454.4000015258789
1763888425286,88.60000610351562,449.4000015258789
1763888425303,86.60000610351562,445.4000015258789
1763888425320,85.60000610351562,441.4000015258789
1763888425336,84.60000610351562,439.4000015258789
1763888425353,84.60000610351562,437.4000015258789
1763888425370,84.60000610351562,434.4000015258789
1763888425386,83.60000610351562,432.4000015258789
1763888425403,83.60000610351562,431.4000015258789
1763888425420,81.60000610351562,429.4000015258789
1763888425470,84.60000610351562,432.4000015258789
1763888425486,86.60000610351562,435.4000015258789
1763888425503,88.60000610351562,439.4000015258789
1763888425519,89.60000610351562,444.4000015258789
1763888425536,94.60000610351562,451.4000015258789
1763888425553,95.60000610351562,455.4000015258789
1763888425569,97.60000610351562,458.4000015258789
1763888425586,99.60000610351562,460.4000015258789
1763888425603,100.60000610351562,463.4000015258789
1763888425619,101.60000610351562,465.4000015258789
1763888425636,102.60000610351562,467.4000015258789
1763888425653,104.60000610351562,471.4000015258789
1763888425676,104.60000610351562,471.4000015258789
1763888425686,104.60000610351562,472.4000015258789
1763888425703,104.60000610351562,474.4000015258789
1763888425719,104.60000610351562,474.4000015258789
1763888425736,104.60000610351562,477.4000015258789
1763888425753,104.60000610351562,478.4000015258789
1763888425769,104.60000610351562,479.4000015258789
1763888425786,104.60000610351562,480.4000015258789
1763888425803,104.60000610351562,481.4000015258789
1763888425819,104.60000610351562,482.4000015258789
1763888425836,104.60000610351562,482.4000015258789
1763888425852,104.60000610351562,485.4000015258789
1763888425869,103.60000610351562,485.4000015258789
1763888425886,102.60000610351562,485.4000015258789
1763888425952,101.60000610351562,485.4000015258789
1763888425969,100.60000610351562,485.4000015258789
1763888425986,98.60000610351562,485.4000015258789
1763888426002,97.60000610351562,483.4000015258789
1763888426019,94.60000610351562,479.4000015258789
1763888426036,94.60000610351562,476.4000015258789
1763888426052,93.60000610351562,473.4000015258789
1763888426180,93.60000610351562,473.4000015258789
1763888426188,93.60000610351562,476.4000015258789
1763888426219,96.60000610351562,489.4000015258789
1763888426236,97.60000610351562,495.4000015258789
1763888426252,99.60000610351562,499.4000015258789
1763888426269,99.60000610351562,501.4000015258789
1763888426319,99.60000610351562,501.4000015258789
1763888426340,99.60000610351562,503.4000015258789
1763888426352,99.60000610351562,503.4000015258789
1763888426369,99.60000610351562,505.4000015258789
1763888426388,99.60000610351562,506.4000015258789
1763888426412,99.60000610351562,507.4000015258789
1763888426420,99.60000610351562,508.4000015258789
1763888426435,99.60000610351562,510.4000015258789
1763888426452,97.60000610351562,514.4000015258789
1763888426469,97.60000610351562,517.4000015258789
1763888426485,96.60000610351562,520.4000015258789
1763888426502,96.60000610351562,521.4000015258789
1763888426725,94.60000610351562,521.4000015258789
1763888426748,94.60000610351562,521.4000015258789
1763888426804,93.60000610351562,521.4000015258789
1763888426847,92.60000610351562,521.4000015258789
1763888426864,92.60000610351562,521.4000015258789
1763888426884,91.60000610351562,522.4000015258789
1763888426930,90.60000610351562,522.4000015258789
1763888426947,89.60000610351562,522.4000015258789
1763888426964,88.60000610351562,523.4000015258789
1763888427060,88.60000610351562,523.4000015258789
1763888427113,89.60000610351562,525.4000015258789
1763888427130,89.60000610351562,525.4000015258789
1763888427147,93.60000610351562,525.4000015258789
1763888427163,95.60000610351562,525.4000015258789
1763888427180,97.60000610351562,525.4000015258789
1763888427197,99.60000610351562,525.4000015258789
1763888427213,100.60000610351562,525.4000015258789
1763888427230,101.60000610351562,525.4000015258789
1763888427247,102.60000610351562,525.4000015258789
1763888427263,104.60000610351562,525.4000015258789
1763888427280,106.60000610351562,525.4000015258789
1763888427297,107.60000610351562,525.4000015258789
1763888427346,108.60000610351562,525.4000015258789
1763888427363,109.60000610351562,525.4000015258789
1763888427436,109.60000610351562,525.4000015258789
1763888427446,109.60000610351562,524.4000015258789
1763888427463,109.60000610351562,520.4000015258789
1763888427480,109.60000610351562,518.4000015258789
1763888427496,109.60000610351562,515.4000015258789
1763888427513,109.60000610351562,514.4000015258789
1763888427530,109.60000610351562,513.4000015258789
1763888427546,109.60000610351562,512.4000015258789
1763888427563,108.60000610351562,510.4000015258789
1763888427580,107.60000610351562,510.4000015258789
1763888427663,107.60000610351562,510.4000015258789
1763888427680,107.60000610351562,514.4000015258789
1763888427696,107.60000610351562,518.4000015258789
1763888427713,107.60000610351562,521.4000015258789
1763888427730,107.60000610351562,523.4000015258789
1763888427868,107.60000610351562,522.4000015258789
1763888427879,107.60000610351562,519.4000015258789
1763888427896,110.60000610351562,514.4000015258789
1763888427913,112.60000610351562,510.4000015258789
1763888427929,113.60000610351562,508.4000015258789
1763888427946,114.60000610351562,506.4000015258789
1763888427972,114.60000610351562,505.4000015258789
1763888428028,114.60000610351562,505.4000015258789
1763888428036,114.60000610351562,503.4000015258789
1763888428046,115.60000610351562,502.4000015258789
1763888428236,114.60000610351562,517.4000015258789
1763888428246,113.60000610351562,517.4000015258789
1763888428262,110.60000610351562,514.4000015258789
1763888428279,110.60000610351562,513.4000015258789
1763888428296,107.60000610351562,509.4000015258789
1763888428312,107.60000610351562,505.4000015258789
1763888428329,107.60000610351562,502.4000015258789
1763888428346,107.60000610351562,498.4000015258789
1763888428362,107.60000610351562,493.4000015258789
1763888428379,108.60000610351562,492.4000015258789
1763888428436,108.60000610351562,494.4000015258789
1763888428446,108.60000610351562,495.4000015258789
1763888428462,110.60000610351562,503.4000015258789
1763888428479,110.60000610351562,509.4000015258789
1763888428496,110.60000610351562,514.4000015258789
1763888428512,110.60000610351562,516.4000015258789
1763888428588,110.60000610351562,513.4000015258789
1763888428596,107.60000610351562,507.4000015258789
1763888428612,106.60000610351562,499.4000015258789
1763888428629,106.60000610351562,497.4000015258789
1763888428645,106.60000610351562,493.4000015258789
1763888428662,106.60000610351562,492.4000015258789
1763888428712,106.60000610351562,493.4000015258789
1763888428729,107.60000610351562,500.4000015258789
1763888428745,107.60000610351562,507.4000015258789
1763888428762,107.60000610351562,512.4000015258789
1763888428779,107.60000610351562,514.4000015258789
1763888428852,107.60000610351562,512.4000015258789
1763888428862,106.60000610351562,508.4000015258789
1763888428878,104.60000610351562,501.4000015258789
1763888428895,103.60000610351562,492.4000015258789
1763888428912,103.60000610351562,489.4000015258789
1763888428972,103.60000610351562,491.4000015258789
1763888428980,103.60000610351562,495.4000015258789
1763888428995,104.60000610351562,498.4000015258789
1763888429012,104.60000610351562,510.4000015258789
1763888429028,105.60000610351562,516.4000015258789
1763888429045,105.60000610351562,518.4000015258789
1763888429100,105.60000610351562,516.4000015258789
1763888429112,107.60000610351562,512.4000015258789
1763888429128,107.60000610351562,500.4000015258789
1763888429145,110.60000610351562,485.4000015258789
1763888429162,110.60000610351562,477.4000015258789
1763888429428,112.60000610351562,492.4000015258789
1763888429445,110.60000610351562,490.4000015258789
1763888429461,106.60000610351562,485.4000015258789
1763888429478,105.60000610351562,480.4000015258789
1763888429495,103.60000610351562,477.4000015258789
1763888429511,102.60000610351562,474.4000015258789
1763888429572,102.60000610351562,476.4000015258789
1763888429580,104.60000610351562,480.4000015258789
1763888429595,104.60000610351562,485.4000015258789
1763888429611,106.60000610351562,492.4000015258789
1763888429628,106.60000610351562,495.4000015258789
1763888429684,106.60000610351562,493.4000015258789
1763888429694,106.60000610351562,489.4000015258789
1763888429711,106.60000610351562,477.4000015258789
1763888429728,106.60000610351562,459.4000015258789
1763888429744,106.60000610351562,443.4000015258789
1763888429761,106.60000610351562,436.4000015258789
1763888429778,106.60000610351562,433.4000015258789
1763888429828,106.60000610351562,435.4000015258789
1763888429844,109.60000610351562,444.4000015258789
1763888429980,109.60000610351562,452.4000015258789
1763888430124,103.60000610351562,445.4000015258789
1763888430132,103.60000610351562,447.4000015258789
1763888430144,103.60000610351562,453.4000015258789
1763888430161,103.60000610351562,463.4000015258789
1763888430177,103.60000610351562,469.4000015258789
1763888430194,103.60000610351562,472.4000015258789
1763888430252,103.60000610351562,471.4000015258789
1763888430261,103.60000610351562,468.4000015258789
1763888430277,103.60000610351562,450.4000015258789
1763888430294,101.60000610351562,433.4000015258789
1763888430311,98.60000610351562,421.4000015258789
1763888430327,98.60000610351562,420.4000015258789
1763888430377,98.60000610351562,425.4000015258789
1763888430394,102.60000610351562,433.4000015258789
1763888430410,102.60000610351562,438.4000015258789
1763888430427,104.60000610351562,443.4000015258789
1763888431292,94.60000610351562,421.4000015258789
1763888431300,94.60000610351562,424.4000015258789
1763888431310,94.60000610351562,426.4000015258789
1763888431326,94.60000610351562,438.4000015258789
1763888431349,94.60000610351562,455.4000015258789
1763888431365,94.60000610351562,465.4000015258789
1763888431382,94.60000610351562,472.4000015258789
1763888431399,94.60000610351562,474.4000015258789
1763888431468,94.60000610351562,472.4000015258789
1763888431482,93.60000610351562,469.4000015258789
1763888431499,87.60000610351562,448.4000015258789
1763888431515,85.60000610351562,432.4000015258789
1763888431532,83.60000610351562,420.4000015258789
1763888431549,83.60000610351562,414.4000015258789
1763888431565,83.60000610351562,411.4000015258789
1763888431628,83.60000610351562,415.4000015258789
1763888431636,86.60000610351562,420.4000015258789
1763888431648,86.60000610351562,421.4000015258789
1763888431665,87.60000610351562,430.4000015258789
1763888431682,89.60000610351562,437.4000015258789
1763888431698,89.60000610351562,440.4000015258789
1763888431789,89.60000610351562,438.4000015258789
1763888431798,89.60000610351562,434.4000015258789
1763888431815,89.60000610351562,425.4000015258789
1763888431832,89.60000610351562,422.4000015258789
1763888431882,89.60000610351562,424.4000015258789
1763888431898,89.60000610351562,430.4000015258789
1763888431915,89.60000610351562,437.4000015258789
1763888431932,89.60000610351562,442.4000015258789
1763888431948,88.60000610351562,449.4000015258789
1763888431965,88.60000610351562,451.4000015258789
1763888431988,87.60000610351562,452.4000015258789
1763888432181,84.60000610351562,428.4000015258789
1763888432198,89.60000610351562,439.4000015258789
1763888432215,89.60000610351562,444.4000015258789
1763888432231,90.60000610351562,445.4000015258789
1763888432292,91.60000610351562,446.4000015258789
1763888432308,91.60000610351562,444.4000015258789
1763888432316,91.60000610351562,441.4000015258789
1763888432331,91.60000610351562,436.4000015258789
1763888432348,91.60000610351562,420.4000015258789
1763888432365,91.60000610351562,407.4000015258789
1763888432381,91.60000610351562,406.4000015258789
1763888432412,91.60000610351562,407.4000015258789
1763888432420,93.60000610351562,414.4000015258789
1763888432431,93.60000610351562,422.4000015258789
1763888432448,94.60000610351562,436.4000015258789
1763888432464,97.60000610351562,448.4000015258789
1763888432481,99.60000610351562,456.4000015258789
1763888432498,99.60000610351562,458.4000015258789
1763888432514,99.60000610351562,459.4000015258789
1763888432580,99.60000610351562,456.4000015258789
1763888432598,99.60000610351562,440.4000015258789
1763888432614,99.60000610351562,426.4000015258789
1763888432631,99.60000610351562,411.4000015258789
1763888432648,102.60000610351562,404.4000015258789
1763888432664,103.60000610351562,401.4000015258789
1763888432716,104.60000610351562,402.4000015258789
1763888432731,104.60000610351562,408.4000015258789
1763888432748,104.60000610351562,421.4000015258789
1763888432764,104.60000610351562,431.4000015258789
1763888432781,104.60000610351562,434.4000015258789
1763888432797,104.60000610351562,434.4000015258789
1763888432852,104.60000610351562,433.4000015258789
1763888432864,104.60000610351562,430.4000015258789
1763888432881,101.60000610351562,422.4000015258789
1763888432897,97.60000610351562,405.4000015258789
1763888432914,97.60000610351562,395.4000015258789
1763888432931,97.60000610351562,390.4000015258789
1763888432981,97.60000610351562,393.4000015258789
1763888432997,98.60000610351562,404.4000015258789
1763888433014,99.60000610351562,417.4000015258789
1763888433031,99.60000610351562,424.4000015258789
1763888433047,99.60000610351562,431.4000015258789
1763888433064,99.60000610351562,432.4000015258789
1763888433132,99.60000610351562,427.4000015258789
1763888433147,99.60000610351562,423.4000015258789
1763888433164,99.60000610351562,411.4000015258789
1763888433180,99.60000610351562,405.4000015258789
1763888433197,99.60000610351562,403.4000015258789
1763888433252,101.60000610351562,407.4000015258789
1763888433264,101.60000610351562,413.4000015258789
1763888433280,102.60000610351562,423.4000015258789
1763888433297,102.60000610351562,428.4000015258789
1763888433314,104.60000610351562,432.4000015258789
1763888433330,104.60000610351562,433.4000015258789
1763888433380,104.60000610351562,431.4000015258789
1763888433397,104.60000610351562,423.4000015258789
1763888433414,103.60000610351562,417.4000015258789
1763888433430,99.60000610351562,406.4000015258789
1763888433447,99.60000610351562,402.4000015258789
1763888433514,100.60000610351562,404.4000015258789
1763888433530,100.60000610351562,408.4000015258789
1763888433547,100.60000610351562,412.4000015258789
1763888433563,100.60000610351562,416.4000015258789
1763888433580,100.60000610351562,420.4000015258789
1763888433652,100.60000610351562,420.4000015258789
1763888433676,99.60000610351562,420.4000015258789
1763888433684,98.60000610351562,420.4000015258789
1763888433697,98.60000610351562,418.4000015258789
1763888433713,98.60000610351562,414.4000015258789
1763888433730,98.60000610351562,412.4000015258789
1763888433747,99.60000610351562,411.4000015258789
1763888433763,101.60000610351562,411.4000015258789
1763888433780,103.60000610351562,411.4000015258789
1763888433797,107.60000610351562,417.4000015258789
1763888433813,108.60000610351562,421.4000015258789
1763888433830,110.60000610351562,426.4000015258789
1763888433847,110.60000610351562,430.4000015258789
1763888433863,111.60000610351562,432.4000015258789
1763888433880,111.60000610351562,433.4000015258789
1763888433896,112.60000610351562,436.4000015258789
1763888433988,112.60000610351562,438.4000015258789
1763888433996,111.60000610351562,437.4000015258789
1763888434013,109.60000610351562,435.4000015258789
1763888434030,107.60000610351562,433.4000015258789
1763888434046,107.60000610351562,431.4000015258789
1763888434063,107.60000610351562,429.4000015258789
1763888434080,107.60000610351562,426.4000015258789
1763888434096,105.60000610351562,421.4000015258789
1763888434113,105.60000610351562,417.4000015258789
1763888434130,105.60000610351562,414.4000015258789
1763888434146,105.60000610351562,411.4000015258789
1763888434163,105.60000610351562,407.4000015258789
1763888434180,105.60000610351562,404.4000015258789
1763888434196,105.60000610351562,402.4000015258789
1763888434252,105.60000610351562,406.4000015258789
1763888434263,105.60000610351562,408.4000015258789
1763888434279,105.60000610351562,417.4000015258789
1763888434296,105.60000610351562,426.4000015258789
1763888434313,102.60000610351562,436.4000015258789
1763888434329,101.60000610351562,443.4000015258789
1763888434346,99.60000610351562,445.4000015258789
1763888434363,99.60000610351562,447.4000015258789
1763888434379,99.60000610351562,450.4000015258789
1763888434396,95.60000610351562,454.4000015258789
1763888434413,92.60000610351562,457.4000015258789
1763888434429,91.60000610351562,459.4000015258789
1763888434508,91.60000610351562,458.4000015258789
1763888434516,91.60000610351562,456.4000015258789
1763888434529,91.60000610351562,447.4000015258789
1763888434546,91.60000610351562,432.4000015258789
1763888434563,96.60000610351562,419.4000015258789
1763888434579,98.60000610351562,413.4000015258789
1763888434596,99.60000610351562,412.4000015258789
1763888434628,99.60000610351562,412.4000015258789
1763888434646,99.60000610351562,419.4000015258789
1763888434663,99.60000610351562,428.4000015258789
1763888434679,99.60000610351562,435.4000015258789
1763888434696,99.60000610351562,441.4000015258789
1763888434712,99.60000610351562,445.4000015258789
1763888434729,99.60000610351562,449.4000015258789
1763888434746,99.60000610351562,451.4000015258789
1763888434762,99.60000610351562,452.4000015258789
1763888434779,99.60000610351562,454.4000015258789
1763888434836,99.60000610351562,456.4000015258789
1763888434846,99.60000610351562,457.4000015258789
1763888434862,99.60000610351562,462.4000015258789
1763888434879,99.60000610351562,467.4000015258789
1763888434896,99.60000610351562,471.4000015258789
1763888434912,99.60000610351562,474.4000015258789
1763888434932,99.60000610351562,476.4000015258789
1763888435012,99.60000610351562,478.4000015258789
1763888435029,99.60000610351562,478.4000015258789
1763888435045,99.60000610351562,480.4000015258789
1763888435116,99.60000610351562,479.4000015258789
1763888435129,99.60000610351562,476.4000015258789
1763888435145,99.60000610351562,468.4000015258789
1763888435162,102.60000610351562,459.4000015258789
1763888435179,104.60000610351562,451.4000015258789
1763888435195,107.60000610351562,443.4000015258789
1763888435212,107.60000610351562,432.4000015258789
1763888435229,107.60000610351562,428.4000015258789
1763888435245,107.60000610351562,423.4000015258789
1763888435262,107.60000610351562,416.4000015258789
1763888435279,107.60000610351562,408.4000015258789
1763888435295,107.60000610351562,400.4000015258789
1763888435312,107.60000610351562,389.4000015258789
1763888435329,107.60000610351562,376.4000015258789
1763888435345,109.60000610351562,367.4000015258789
1763888435362,110.60000610351562,362.4000015258789
1763888435379,110.60000610351562,360.4000015258789
1763888435428,110.60000610351562,361.4000015258789
1763888435445,110.60000610351562,370.4000015258789
1763888435462,105.60000610351562,385.4000015258789
1763888435478,104.60000610351562,399.4000015258789
1763888435495,102.60000610351562,415.4000015258789
1763888435512,102.60000610351562,417.4000015258789
1763888435564,104.60000610351562,417.4000015258789
1763888435578,104.60000610351562,415.4000015258789
1763888435595,104.60000610351562,403.4000015258789
1763888435612,104.60000610351562,388.4000015258789
1763888435628,104.60000610351562,361.4000015258789
1763888435645,104.60000610351562,348.4000015258789
1763888435662,104.60000610351562,347.4000015258789
1763888435678,104.60000610351562,347.4000015258789
1763888435695,104.60000610351562,348.4000015258789
1763888435712,104.60000610351562,350.4000015258789
1763888435728,105.60000610351562,367.4000015258789
1763888435745,105.60000610351562,384.4000015258789
1763888435761,105.60000610351562,399.4000015258789
1763888435778,105.60000610351562,405.4000015258789
1763888435795,105.60000610351562,406.4000015258789
1763888435845,105.60000610351562,404.4000015258789
1763888435861,105.60000610351562,391.4000015258789
1763888435878,110.60000610351562,361.4000015258789
1763888435895,112.60000610351562,334.4000015258789
1763888436128,109.60000610351562,357.4000015258789
1763888436144,104.60000610351562,327.4000015258789
1763888436161,105.60000610351562,317.4000015258789
1763888436178,105.60000610351562,313.4000015258789
1763888436194,105.60000610351562,313.4000015258789
1763888436220,105.60000610351562,313.4000015258789
1763888436228,105.60000610351562,316.4000015258789
1763888436244,105.60000610351562,330.4000015258789
1763888436261,104.60000610351562,350.4000015258789
1763888436278,101.60000610351562,367.4000015258789
1763888436294,98.60000610351562,376.4000015258789
1763888436311,98.60000610351562,379.4000015258789
1763888436364,98.60000610351562,376.4000015258789
1763888436378,98.60000610351562,371.4000015258789
1763888436394,104.60000610351562,351.4000015258789
1763888436411,111.60000610351562,326.4000015258789
1763888436444,118.60000610351562,303.4000015258789
1763888436468,118.60000610351562,304.4000015258789
1763888436484,118.60000610351562,306.4000015258789
1763888436494,118.60000610351562,310.4000015258789
1763888436694,118.60000610351562,317.4000015258789
1763888436711,118.60000610351562,316.4000015258789
1763888436761,121.60000610351562,323.4000015258789
1763888436777,121.60000610351562,337.4000015258789
1763888438093,109.60000610351562,313.4000015258789
1763888438143,109.60000610351562,317.4000015258789
1763888438159,109.60000610351562,322.4000015258789
1763888438171,108.60000610351562,325.4000015258789
1763888438188,108.60000610351562,329.4000015258789
1763888438204,108.60000610351562,332.4000015258789
1763888438221,107.60000610351562,334.4000015258789
1763888438238,107.60000610351562,337.4000015258789
1763888438254,107.60000610351562,341.4000015258789
1763888438271,107.60000610351562,347.4000015258789
1763888438288,105.60000610351562,351.4000015258789
1763888438304,104.60000610351562,354.4000015258789
1763888438321,103.60000610351562,357.4000015258789
1763888438338,103.60000610351562,358.4000015258789
1763888438354,103.60000610351562,361.4000015258789
1763888438371,103.60000610351562,363.4000015258789
1763888438388,100.60000610351562,367.4000015258789
1763888438404,100.60000610351562,370.4000015258789
1763888438421,98.60000610351562,371.4000015258789
1763888438438,98.60000610351562,372.4000015258789
1763888438454,98.60000610351562,373.4000015258789
1763888438481,98.60000610351562,378.4000015258789
1763888438488,98.60000610351562,379.4000015258789
1763888438499,98.60000610351562,380.4000015258789
1763888438516,95.60000610351562,384.4000015258789
1763888438533,93.60000610351562,388.4000015258789
1763888438554,93.60000610351562,389.4000015258789
1763888438571,93.60000610351562,391.4000015258789
1763888438588,93.60000610351562,394.4000015258789
1763888438604,93.60000610351562,398.4000015258789
1763888438621,93.60000610351562,400.4000015258789
1763888438637,93.60000610351562,401.4000015258789
1763888438687,93.60000610351562,400.4000015258789
1763888438704,93.60000610351562,396.4000015258789
1763888438721,93.60000610351562,388.4000015258789
1763888438737,93.60000610351562,378.4000015258789
1763888438754,93.60000610351562,365.4000015258789
1763888438771,93.60000610351562,356.4000015258789
1763888438787,93.60000610351562,350.4000015258789
1763888438804,93.60000610351562,344.4000015258789
1763888438821,93.60000610351562,339.4000015258789
1763888438876,94.60000610351562,340.4000015258789
1763888438887,94.60000610351562,344.4000015258789
1763888438904,97.60000610351562,356.4000015258789
1763888438920,97.60000610351562,371.4000015258789
1763888438937,97.60000610351562,384.4000015258789
1763888438954,97.60000610351562,394.4000015258789
1763888438970,97.60000610351562,400.4000015258789
1763888438987,97.60000610351562,402.4000015258789
1763888439045,97.60000610351562,400.4000015258789
1763888439054,97.60000610351562,396.4000015258789
1763888439070,97.60000610351562,381.4000015258789
1763888439087,97.60000610351562,368.4000015258789
1763888439104,97.60000610351562,354.4000015258789
1763888439120,97.60000610351562,346.4000015258789
1763888439137,97.60000610351562,340.4000015258789
1763888439154,97.60000610351562,336.4000015258789
1763888439170,97.60000610351562,334.4000015258789
1763888439187,97.60000610351562,333.4000015258789
1763888439270,97.60000610351562,340.4000015258789
1763888439287,97.60000610351562,349.4000015258789
1763888439304,97.60000610351562,356.4000015258789
1763888439320,97.60000610351562,361.4000015258789
1763888439337,95.60000610351562,363.4000015258789
1763888439388,94.60000610351562,361.4000015258789
1763888439403,92.60000610351562,360.4000015258789
1763888439420,88.60000610351562,356.4000015258789
1763888439437,87.60000610351562,351.4000015258789
1763888439453,87.60000610351562,345.4000015258789
1763888439470,87.60000610351562,341.4000015258789
1763888439487,87.60000610351562,338.4000015258789
1763888439503,87.60000610351562,336.4000015258789
1763888439520,87.60000610351562,334.4000015258789
1763888439537,87.60000610351562,333.4000015258789
1763888439553,86.60000610351562,329.4000015258789
1763888439570,86.60000610351562,327.4000015258789
1763888439587,86.60000610351562,326.4000015258789
1763888439603,84.60000610351562,324.4000015258789
1763888439620,84.60000610351562,324.4000015258789
1763888439637,82.60000610351562,320.4000015258789
1763888439668,81.60000610351562,320.4000015258789
1763888439685,80.60000610351562,319.4000015258789
1763888439700,80.60000610351562,318.4000015258789
1763888439716,77.60000610351562,317.4000015258789
1763888439753,77.60000610351562,317.4000015258789
1763888439770,76.60000610351562,315.4000015258789
1763888439786,76.60000610351562,313.4000015258789
1763888439812,76.60000610351562,312.4000015258789
1763888439853,79.60000610351562,310.4000015258789
1763888439870,84.60000610351562,310.4000015258789
1763888439886,87.60000610351562,310.4000015258789
1763888439903,91.60000610351562,310.4000015258789
1763888439920,94.60000610351562,310.4000015258789
1763888439936,96.60000610351562,310.4000015258789
1763888439953,96.60000610351562,310.4000015258789
1763888440003,98.60000610351562,310.4000015258789
1763888440068,98.60000610351562,310.4000015258789
1763888440076,100.60000610351562,310.4000015258789
1763888440086,101.60000610351562,309.4000015258789
1763888440116,102.60000610351562,309.4000015258789
1763888440124,103.60000610351562,309.4000015258789
1763888440136,104.60000610351562,309.4000015258789
1763888440186,106.60000610351562,310.4000015258789
1763888440236,108.60000610351562,311.4000015258789
1763888440260,108.60000610351562,312.4000015258789
1763888440269,108.60000610351562,313.4000015258789
1763888440286,108.60000610351562,314.4000015258789
1763888440308,108.60000610351562,316.4000015258789
1763888440332,108.60000610351562,316.4000015258789
1763888440348,108.60000610351562,319.4000015258789
1763888440356,108.60000610351562,320.4000015258789
1763888440369,106.60000610351562,323.4000015258789
1763888440386,104.60000610351562,325.4000015258789
1763888440403,104.60000610351562,326.4000015258789
1763888440452,100.60000610351562,331.4000015258789
1763888440469,100.60000610351562,332.4000015258789
1763888440556,100.60000610351562,330.4000015258789
1763888440569,100.60000610351562,327.4000015258789
1763888440586,100.60000610351562,320.4000015258789
1763888440602,100.60000610351562,312.4000015258789
1763888440619,100.60000610351562,309.4000015258789
1763888440636,100.60000610351562,308.4000015258789
1763888440668,101.60000610351562,308.4000015258789
1763888440686,104.60000610351562,308.4000015258789
1763888440702,105.60000610351562,307.4000015258789
1763888440719,107.60000610351562,306.4000015258789
1763888440820,106.60000610351562,307.4000015258789
1763888440835,104.60000610351562,308.4000015258789
1763888440852,101.60000610351562,312.4000015258789
1763888440869,99.60000610351562,314.4000015258789
1763888440885,97.60000610351562,315.4000015258789
1763888440941,94.60000610351562,314.4000015258789
1763888440952,92.60000610351562,312.4000015258789
1763888440969,92.60000610351562,309.4000015258789
1763888440985,92.60000610351562,307.4000015258789
1763888441002,92.60000610351562,307.4000015258789
1763888441052,92.60000610351562,305.4000015258789
1763888441069,93.60000610351562,306.4000015258789
1763888441181,92.60000610351562,307.4000015258789
1763888441188,90.60000610351562,305.4000015258789
1763888441202,90.60000610351562,304.4000015258789
1763888441218,89.60000610351562,302.4000015258789
1763888441293,88.60000610351562,303.4000015258789
1763888441302,88.60000610351562,304.4000015258789
1763888441318,88.60000610351562,308.4000015258789
1763888441335,88.60000610351562,309.4000015258789
1763888441388,89.60000610351562,310.4000015258789
1763888441402,91.60000610351562,308.4000015258789
1763888441418,95.60000610351562,306.4000015258789
1763888441435,96.60000610351562,305.4000015258789
1763888441452,98.60000610351562,303.4000015258789
1763888441502,98.60000610351562,305.4000015258789
1763888441518,99.60000610351562,308.4000015258789
1763888441535,99.60000610351562,309.4000015258789
1763888441613,99.60000610351562,307.4000015258789
1763888441620,100.60000610351562,305.4000015258789
1763888441635,100.60000610351562,304.4000015258789
1763888441685,100.60000610351562,307.4000015258789
1763888441701,100.60000610351562,309.4000015258789
1763888441718,100.60000610351562,310.4000015258789
1763888441735,101.60000610351562,312.4000015258789
1763888441788,101.60000610351562,313.4000015258789
1763888441801,101.60000610351562,314.4000015258789
1763888441818,101.60000610351562,319.4000015258789
1763888441835,99.60000610351562,323.4000015258789
1763888441908,99.60000610351562,323.4000015258789
1763888441918,98.60000610351562,324.4000015258789
1763888441934,97.60000610351562,326.4000015258789
1763888441951,97.60000610351562,327.4000015258789
1763888442165,96.60000610351562,326.4000015258789
1763888442204,96.60000610351562,326.4000015258789
1763888442220,94.60000610351562,327.4000015258789
1763888442234,94.60000610351562,330.4000015258789
1763888442251,93.60000610351562,336.4000015258789
1763888442268,92.60000610351562,340.4000015258789
1763888442284,91.60000610351562,341.4000015258789
1763888442334,89.60000610351562,339.4000015258789
1763888442351,88.60000610351562,337.4000015258789
1763888442367,86.60000610351562,331.4000015258789
1763888442384,86.60000610351562,327.4000015258789
1763888442401,86.60000610351562,322.4000015258789
1763888442417,86.60000610351562,321.4000015258789
1763888442467,86.60000610351562,319.4000015258789
1763888442484,86.60000610351562,319.4000015258789
1763888442501,86.60000610351562,317.4000015258789
1763888442517,86.60000610351562,315.4000015258789
1763888442567,86.60000610351562,320.4000015258789
1763888442584,87.60000610351562,334.4000015258789
1763888442601,89.60000610351562,347.4000015258789
1763888442617,90.60000610351562,354.4000015258789
1763888442634,92.60000610351562,357.4000015258789
1763888442650,93.60000610351562,359.4000015258789
1763888442667,93.60000610351562,360.4000015258789
1763888442684,93.60000610351562,361.4000015258789
1763888442700,94.60000610351562,363.4000015258789
1763888442717,95.60000610351562,365.4000015258789
1763888442734,96.60000610351562,368.4000015258789
1763888442750,96.60000610351562,369.4000015258789
1763888442767,96.60000610351562,370.4000015258789
1763888442784,97.60000610351562,373.4000015258789
1763888442800,99.60000610351562,377.4000015258789
1763888442817,99.60000610351562,380.4000015258789
1763888442834,99.60000610351562,384.4000015258789
1763888442850,99.60000610351562,386.4000015258789
1763888442867,99.60000610351562,389.4000015258789
1763888442884,99.60000610351562,391.4000015258789
1763888442900,98.60000610351562,395.4000015258789
1763888442917,96.60000610351562,397.4000015258789
1763888442934,96.60000610351562,399.4000015258789
1763888442950,96.60000610351562,401.4000015258789
1763888442967,96.60000610351562,401.4000015258789
1763888442984,96.60000610351562,404.4000015258789
1763888443000,96.60000610351562,405.4000015258789
1763888443017,96.60000610351562,409.4000015258789
1763888443034,96.60000610351562,410.4000015258789
1763888443050,96.60000610351562,412.4000015258789
1763888443067,96.60000610351562,413.4000015258789
1763888443084,96.60000610351562,413.4000015258789
1763888443100,96.60000610351562,417.4000015258789
1763888443117,96.60000610351562,417.4000015258789
1763888443133,96.60000610351562,420.4000015258789
1763888443150,96.60000610351562,421.4000015258789
1763888443167,96.60000610351562,423.4000015258789
1763888443183,96.60000610351562,425.4000015258789
1763888444466,128.60000610351562,325.4000015258789
1763888444482,128.60000610351562,330.4000015258789
1763888444499,128.60000610351562,332.4000015258789
1763888444516,128.60000610351562,336.4000015258789
1763888444532,128.60000610351562,339.4000015258789
1763888444549,128.60000610351562,342.4000015258789
1763888444565,128.60000610351562,343.4000015258789
1763888444582,128.60000610351562,346.4000015258789
1763888444599,128.60000610351562,346.4000015258789
1763888444665,128.60000610351562,343.4000015258789
1763888444682,128.60000610351562,334.4000015258789
1763888444699,128.60000610351562,326.4000015258789
1763888444715,128.60000610351562,320.4000015258789
1763888444732,128.60000610351562,318.4000015258789
1763888444813,128.60000610351562,320.4000015258789
1763888444820,128.60000610351562,324.4000015258789
1763888444832,130.60000610351562,327.4000015258789
1763888444849,131.60000610351562,333.4000015258789
1763888444865,131.60000610351562,337.4000015258789
1763888444882,131.60000610351562,338.4000015258789
1763888444941,131.60000610351562,335.4000015258789
1763888444949,131.60000610351562,333.4000015258789
1763888444965,131.60000610351562,326.4000015258789
1763888444982,134.60000610351562,319.4000015258789
1763888444998,134.60000610351562,319.4000015258789
1763888445061,134.60000610351562,320.4000015258789
1763888445068,134.60000610351562,321.4000015258789
1763888445082,134.60000610351562,323.4000015258789
1763888445098,134.60000610351562,325.4000015258789
1763888445115,134.60000610351562,326.4000015258789
1763888445165,134.60000610351562,321.4000015258789
1763888445182,137.60000610351562,316.4000015258789
1763888445198,138.60000610351562,311.4000015258789
1763888445215,138.60000610351562,309.4000015258789
1763888445236,139.60000610351562,309.4000015258789
1763888445252,140.60000610351562,309.4000015258789
1763888445265,141.60000610351562,309.4000015258789
1763888445282,141.60000610351562,313.4000015258789
1763888445298,141.60000610351562,313.4000015258789
1763888445315,143.60000610351562,315.4000015258789
1763888445365,143.60000610351562,311.4000015258789
1763888445381,143.60000610351562,307.4000015258789
1763888445398,143.60000610351562,306.4000015258789
1763888445448,143.60000610351562,309.4000015258789
1763888445465,144.60000610351562,316.4000015258789
1763888445481,144.60000610351562,321.4000015258789
1763888445498,144.60000610351562,323.4000015258789
1763888445515,143.60000610351562,324.4000015258789
1763888445565,141.60000610351562,320.4000015258789
1763888445581,142.60000610351562,317.4000015258789
1763888445604,142.60000610351562,316.4000015258789
1763888445620,143.60000610351562,316.4000015258789
1763888445631,144.60000610351562,318.4000015258789
1763888445648,146.60000610351562,324.4000015258789
1763888445665,146.60000610351562,329.4000015258789
1763888445681,146.60000610351562,330.4000015258789
1763888445731,148.60000610351562,330.4000015258789
1763888445748,148.60000610351562,326.4000015258789
1763888445764,149.60000610351562,319.4000015258789
1763888445781,150.60000610351562,315.4000015258789
1763888445798,150.60000610351562,314.4000015258789
1763888445814,151.60000610351562,312.4000015258789
1763888445844,152.60000610351562,312.4000015258789
1763888445881,152.60000610351562,312.4000015258789
1763888445898,155.60000610351562,312.4000015258789
1763888445914,156.60000610351562,316.4000015258789
1763888445931,156.60000610351562,319.4000015258789
1763888445948,155.60000610351562,321.4000015258789
1763888445980,154.60000610351562,320.4000015258789
1763888445998,152.60000610351562,317.4000015258789
1763888446014,152.60000610351562,310.4000015258789
1763888446031,152.60000610351562,306.4000015258789
1763888446048,152.60000610351562,304.4000015258789
1763888446064,152.60000610351562,302.4000015258789
1763888446125,152.60000610351562,303.4000015258789
1763888446132,152.60000610351562,306.4000015258789
1763888446147,152.60000610351562,311.4000015258789
1763888446164,152.60000610351562,316.4000015258789
1763888446181,152.60000610351562,318.4000015258789
1763888446277,152.60000610351562,319.4000015258789
1763888446284,152.60000610351562,320.4000015258789
1763888446297,152.60000610351562,321.4000015258789
1763888446314,152.60000610351562,326.4000015258789
1763888446331,152.60000610351562,333.4000015258789
1763888446347,152.60000610351562,343.4000015258789
1763888446364,152.60000610351562,349.4000015258789
1763888446381,152.60000610351562,351.4000015258789
1763888446437,152.60000610351562,349.4000015258789
1763888446447,152.60000610351562,348.4000015258789
1763888446464,152.60000610351562,339.4000015258789
1763888446481,152.60000610351562,332.4000015258789
1763888446497,152.60000610351562,328.4000015258789
1763888446514,152.60000610351562,327.4000015258789
1763888446597,152.60000610351562,329.4000015258789
1763888446614,152.60000610351562,333.4000015258789
1763888446630,152.60000610351562,335.4000015258789
1763888446701,152.60000610351562,334.4000015258789
1763888446714,152.60000610351562,332.4000015258789
1763888446730,153.60000610351562,327.4000015258789
1763888446747,156.60000610351562,324.4000015258789
1763888446764,158.60000610351562,321.4000015258789
1763888446796,159.60000610351562,321.4000015258789
1763888446814,161.60000610351562,321.4000015258789
1763888446830,162.60000610351562,321.4000015258789
1763888446947,156.60000610351562,348.4000015258789
1763888446963,155.60000610351562,350.4000015258789
1763888446980,155.60000610351562,351.4000015258789
1763888447012,155.60000610351562,353.4000015258789
1763888447020,155.60000610351562,355.4000015258789
1763888447147,154.60000610351562,363.4000015258789
1763888447163,154.60000610351562,355.4000015258789
1763888447180,152.60000610351562,347.4000015258789
1763888447197,149.60000610351562,339.4000015258789
1763888447213,149.60000610351562,337.4000015258789
1763888447263,149.60000610351562,339.4000015258789
1763888447280,149.60000610351562,346.4000015258789
1763888447296,149.60000610351562,356.4000015258789
1763888447313,147.60000610351562,362.4000015258789
1763888447330,146.60000610351562,366.4000015258789
1763888447346,146.60000610351562,368.4000015258789
1763888447396,144.60000610351562,367.4000015258789
1763888447413,144.60000610351562,361.4000015258789
1763888447430,144.60000610351562,351.4000015258789
1763888447446,144.60000610351562,343.4000015258789
1763888447463,144.60000610351562,342.4000015258789
1763888447513,144.60000610351562,345.4000015258789
1763888447530,143.60000610351562,352.4000015258789
1763888447546,142.60000610351562,359.4000015258789
1763888447563,139.60000610351562,366.4000015258789
1763888447580,139.60000610351562,369.4000015258789
1763888447596,138.60000610351562,371.4000015258789
1763888447646,138.60000610351562,369.4000015258789
1763888447663,138.60000610351562,360.4000015258789
1763888447679,138.60000610351562,348.4000015258789
1763888447696,138.60000610351562,339.4000015258789
1763888447713,138.60000610351562,336.4000015258789
1763888447763,138.60000610351562,338.4000015258789
1763888447779,137.60000610351562,345.4000015258789
1763888447796,137.60000610351562,355.4000015258789
1763888447813,135.60000610351562,370.4000015258789
1763888447829,134.60000610351562,375.4000015258789
1763888447846,133.60000610351562,378.4000015258789
1763888447863,133.60000610351562,379.4000015258789
1763888447884,132.60000610351562,380.4000015258789
1763888447900,131.60000610351562,380.4000015258789
1763888447913,129.60000610351562,379.4000015258789
1763888447929,128.60000610351562,372.4000015258789
1763888447946,126.60000610351562,367.4000015258789
1763888447963,126.60000610351562,355.4000015258789
1763888447979,126.60000610351562,344.4000015258789
1763888447996,126.60000610351562,336.4000015258789
1763888448013,127.60000610351562,331.4000015258789
1763888448093,127.60000610351562,335.4000015258789
1763888448100,127.60000610351562,337.4000015258789
1763888448112,129.60000610351562,339.4000015258789
1763888448129,130.60000610351562,352.4000015258789
1763888448146,132.60000610351562,361.4000015258789
1763888448162,132.60000610351562,365.4000015258789
1763888448179,133.60000610351562,369.4000015258789
1763888448196,134.60000610351562,373.4000015258789
1763888448212,134.60000610351562,375.4000015258789
1763888448285,134.60000610351562,373.4000015258789
1763888448296,134.60000610351562,370.4000015258789
1763888448312,134.60000610351562,361.4000015258789
1763888448329,137.60000610351562,355.4000015258789
1763888448346,137.60000610351562,354.4000015258789
1763888448362,138.60000610351562,353.4000015258789
1763888448379,139.60000610351562,355.4000015258789
1763888448396,140.60000610351562,363.4000015258789
1763888448412,140.60000610351562,384.4000015258789
1763888448429,140.60000610351562,390.4000015258789
1763888448445,140.60000610351562,393.4000015258789
1763888448512,140.60000610351562,389.4000015258789
1763888448529,140.60000610351562,377.4000015258789
1763888448545,140.60000610351562,362.4000015258789
1763888448562,142.60000610351562,348.4000015258789
1763888448579,143.60000610351562,339.4000015258789
1763888448595,145.60000610351562,336.4000015258789
1763888448645,145.60000610351562,342.4000015258789
1763888448662,140.60000610351562,370.4000015258789
1763888448679,137.60000610351562,387.4000015258789
1763888448695,137.60000610351562,394.4000015258789
1763888448712,137.60000610351562,398.4000015258789
1763888448729,137.60000610351562,399.4000015258789
1763888448788,137.60000610351562,398.4000015258789
1763888448797,137.60000610351562,396.4000015258789
1763888448812,137.60000610351562,392.4000015258789
1763888448829,137.60000610351562,379.4000015258789
1763888448845,137.60000610351562,373.4000015258789
1763888448862,137.60000610351562,371.4000015258789
1763888448917,137.60000610351562,372.4000015258789
1763888448928,137.60000610351562,375.4000015258789
1763888448945,136.60000610351562,385.4000015258789
1763888448962,132.60000610351562,396.4000015258789
1763888448978,130.60000610351562,403.4000015258789
1763888448995,130.60000610351562,404.4000015258789
1763888449012,129.60000610351562,405.4000015258789
1763888449062,126.60000610351562,400.4000015258789
1763888449078,125.60000610351562,394.4000015258789
1763888449095,125.60000610351562,386.4000015258789
1763888449112,125.60000610351562,381.4000015258789
1763888449128,125.60000610351562,378.4000015258789
1763888449145,125.60000610351562,377.4000015258789
1763888449173,126.60000610351562,378.4000015258789
1763888449180,126.60000610351562,380.4000015258789
1763888449195,128.60000610351562,383.4000015258789
1763888449212,129.60000610351562,392.4000015258789
1763888449228,132.60000610351562,401.4000015258789
1763888449245,132.60000610351562,408.4000015258789
1763888449261,132.60000610351562,414.4000015258789
1763888449278,132.60000610351562,417.4000015258789
1763888449345,132.60000610351562,416.4000015258789
1763888449361,132.60000610351562,409.4000015258789
1763888449378,132.60000610351562,402.4000015258789
1763888449395,132.60000610351562,398.4000015258789
1763888449411,132.60000610351562,396.4000015258789
1763888449444,132.60000610351562,396.4000015258789
1763888449461,132.60000610351562,405.4000015258789
1763888449478,132.60000610351562,420.4000015258789
1763888449495,132.60000610351562,439.4000015258789
1763888449511,132.60000610351562,456.4000015258789
1763888449528,132.60000610351562,463.4000015258789
1763888449545,132.60000610351562,467.4000015258789
1763888449561,133.60000610351562,467.4000015258789
1763888449611,133.60000610351562,466.4000015258789
1763888449628,133.60000610351562,460.4000015258789
1763888449644,133.60000610351562,449.4000015258789
1763888449661,133.60000610351562,445.4000015258789
1763888449725,133.60000610351562,447.4000015258789
1763888449732,133.60000610351562,448.4000015258789
1763888449744,133.60000610351562,451.4000015258789
1763888449761,133.60000610351562,458.4000015258789
1763888449778,133.60000610351562,463.4000015258789
1763888449794,133.60000610351562,467.4000015258789
1763888449811,133.60000610351562,468.4000015258789
1763888449862,133.60000610351562,465.4000015258789
1763888449878,131.60000610351562,460.4000015258789
1763888449895,130.60000610351562,454.4000015258789
1763888449912,129.60000610351562,451.4000015258789
1763888449962,131.60000610351562,456.4000015258789
1763888449978,131.60000610351562,464.4000015258789
1763888449995,134.60000610351562,472.4000015258789
1763888450012,135.60000610351562,478.4000015258789
1763888450028,136.60000610351562,484.4000015258789
1763888450109,136.60000610351562,484.4000015258789
1763888450117,136.60000610351562,483.4000015258789
1763888450128,136.60000610351562,479.4000015258789
1763888450145,136.60000610351562,475.4000015258789
1763888450163,136.60000610351562,474.4000015258789
1763888450211,136.60000610351562,475.4000015258789
1763888450228,136.60000610351562,482.4000015258789
1763888450245,137.60000610351562,491.4000015258789
1763888450261,137.60000610351562,494.4000015258789
1763888450278,137.60000610351562,495.4000015258789
1763888450333,137.60000610351562,494.4000015258789
1763888450345,137.60000610351562,491.4000015258789
1763888450361,132.60000610351562,482.4000015258789
1763888450378,130.60000610351562,475.4000015258789
1763888450395,130.60000610351562,470.4000015258789
1763888450445,130.60000610351562,474.4000015258789
1763888450461,130.60000610351562,478.4000015258789
1763888450478,130.60000610351562,482.4000015258789
1763888450494,130.60000610351562,489.4000015258789
1763888450511,130.60000610351562,491.4000015258789
1763888450581,128.60000610351562,489.4000015258789
1763888450594,128.60000610351562,488.4000015258789
1763888450611,128.60000610351562,482.4000015258789
1763888450628,128.60000610351562,480.4000015258789
1763888450644,128.60000610351562,480.4000015258789
1763888450661,128.60000610351562,482.4000015258789
1763888450678,129.60000610351562,486.4000015258789
1763888450694,129.60000610351562,492.4000015258789
1763888450711,129.60000610351562,496.4000015258789
1763888450728,130.60000610351562,497.4000015258789
1763888450744,130.60000610351562,499.4000015258789
1763888450811,130.60000610351562,500.4000015258789
1763888450885,130.60000610351562,500.4000015258789
1763888450894,129.60000610351562,499.4000015258789
1763888450949,129.60000610351562,499.4000015258789
1763888450961,129.60000610351562,502.4000015258789
1763888450977,129.60000610351562,507.4000015258789
1763888450994,128.60000610351562,512.4000015258789
1763888451011,127.60000610351562,514.4000015258789
1763888451027,127.60000610351562,515.4000015258789
1763888451044,126.60000610351562,516.4000015258789
1763888451094,126.60000610351562,516.4000015258789
1763888451111,123.60000610351562,513.4000015258789
1763888451127,123.60000610351562,508.4000015258789
1763888451144,123.60000610351562,500.4000015258789
1763888451161,123.60000610351562,496.4000015258789
1763888451177,123.60000610351562,492.4000015258789
1763888451194,123.60000610351562,490.4000015258789
1763888451212,123.60000610351562,489.4000015258789
1763888451260,123.60000610351562,494.4000015258789
1763888451277,123.60000610351562,497.4000015258789
1763888451294,124.60000610351562,502.4000015258789
1763888451310,124.60000610351562,507.4000015258789
1763888451327,125.60000610351562,511.4000015258789
1763888451344,126.60000610351562,513.4000015258789
1763888451453,126.60000610351562,514.4000015258789
1763888451510,126.60000610351562,514.4000015258789
1763888451527,128.60000610351562,515.4000015258789
1763888451544,128.60000610351562,518.4000015258789
1763888451560,128.60000610351562,520.4000015258789
1763888451577,129.60000610351562,521.4000015258789
1763888451629,130.60000610351562,522.4000015258789
1763888451643,130.60000610351562,523.4000015258789
1763888451660,130.60000610351562,524.4000015258789
1763888451677,130.60000610351562,525.4000015258789
1763888451693,130.60000610351562,527.4000015258789
1763888451710,130.60000610351562,527.4000015258789
1763888451789,128.60000610351562,528.4000015258789
1763888451796,128.60000610351562,528.4000015258789
1763888451812,125.60000610351562,528.4000015258789
1763888451827,124.60000610351562,527.4000015258789
1763888451843,123.60000610351562,527.4000015258789
1763888451943,121.60000610351562,523.4000015258789
1763888451960,123.60000610351562,521.4000015258789
1763888452021,123.60000610351562,521.4000015258789
1763888452077,123.60000610351562,520.4000015258789
1763888452100,125.60000610351562,522.4000015258789
1763888452116,126.60000610351562,522.4000015258789
1763888452126,127.60000610351562,522.4000015258789
1763888452143,128.60000610351562,523.4000015258789
1763888452160,129.60000610351562,524.4000015258789
1763888452188,129.60000610351562,524.4000015258789
1763888452196,131.60000610351562,524.4000015258789
1763888452220,132.60000610351562,526.4000015258789
1763888452228,133.60000610351562,526.4000015258789
1763888452276,134.60000610351562,526.4000015258789
1763888452293,135.60000610351562,526.4000015258789
1763888452310,136.60000610351562,526.4000015258789
1763888452326,138.60000610351562,526.4000015258789
1763888452343,140.60000610351562,526.4000015258789
1763888452364,141.60000610351562,526.4000015258789
1763888452376,142.60000610351562,526.4000015258789
1763888452393,143.60000610351562,526.4000015258789
1763888452517,144.60000610351562,525.4000015258789
1763888452532,144.60000610351562,525.4000015258789
1763888452543,144.60000610351562,524.4000015258789
1763888452559,143.60000610351562,522.4000015258789
1763888452576,140.60000610351562,521.4000015258789
1763888452593,139.60000610351562,520.4000015258789
1763888452609,138.60000610351562,519.4000015258789
1763888452626,136.60000610351562,519.4000015258789
1763888452644,135.60000610351562,517.4000015258789
1763888452668,135.60000610351562,516.4000015258789
1763888452676,133.60000610351562,514.4000015258789
1763888452693,133.60000610351562,513.4000015258789
1763888452709,133.60000610351562,510.4000015258789
1763888452726,133.60000610351562,509.4000015258789
1763888452781,134.60000610351562,509.4000015258789
1763888452796,136.60000610351562,512.4000015258789
1763888452812,136.60000610351562,515.4000015258789
1763888452826,136.60000610351562,516.4000015258789
1763888452842,138.60000610351562,519.4000015258789
1763888452859,139.60000610351562,521.4000015258789
1763888452876,140.60000610351562,523.4000015258789
1763888452892,140.60000610351562,523.4000015258789
1763888452924,141.60000610351562,524.4000015258789
1763888452965,141.60000610351562,524.4000015258789
1763888452988,143.60000610351562,523.4000015258789
1763888452996,143.60000610351562,523.4000015258789
1763888453009,143.60000610351562,522.4000015258789
1763888453026,143.60000610351562,519.4000015258789
1763888453092,139.60000610351562,504.4000015258789
1763888453109,139.60000610351562,500.4000015258789
1763888453142,137.60000610351562,495.4000015258789
1763888453159,137.60000610351562,492.4000015258789
1763888453175,137.60000610351562,490.4000015258789
1763888453192,137.60000610351562,488.4000015258789
1763888453253,138.60000610351562,489.4000015258789
1763888453458,138.60000610351562,481.4000015258789
1763888453475,138.60000610351562,468.4000015258789
1763888453492,138.60000610351562,453.4000015258789
1763888453509,138.60000610351562,443.4000015258789
1763888453525,138.60000610351562,441.4000015258789
1763888453549,137.60000610351562,441.4000015258789
1763888453573,137.60000610351562,441.4000015258789
1763888453581,136.60000610351562,444.4000015258789
1763888453592,134.60000610351562,447.4000015258789
1763888453608,133.60000610351562,454.4000015258789
1763888453625,133.60000610351562,459.4000015258789
1763888453642,133.60000610351562,460.4000015258789
1763888453694,133.60000610351562,460.4000015258789
1763888453708,133.60000610351562,451.4000015258789
1763888453725,133.60000610351562,444.4000015258789
1763888453742,133.60000610351562,412.4000015258789
1763888453758,131.60000610351562,402.4000015258789
1763888453775,131.60000610351562,399.4000015258789
1763888453792,131.60000610351562,398.4000015258789
1763888453821,131.60000610351562,398.4000015258789
1763888453828,131.60000610351562,400.4000015258789
1763888453842,131.60000610351562,404.4000015258789
1763888453858,131.60000610351562,416.4000015258789
1763888453875,131.60000610351562,426.4000015258789
1763888453892,131.60000610351562,434.4000015258789
1763888453908,131.60000610351562,438.4000015258789
1763888453925,131.60000610351562,441.4000015258789
1763888454045,131.60000610351562,440.4000015258789
1763888454058,131.60000610351562,438.4000015258789
1763888454075,131.60000610351562,433.4000015258789
1763888454091,131.60000610351562,431.4000015258789
1763888454141,131.60000610351562,434.4000015258789
1763888454158,131.60000610351562,441.4000015258789
1763888454175,132.60000610351562,448.4000015258789
1763888454191,133.60000610351562,453.4000015258789
1763888454208,134.60000610351562,454.4000015258789
1763888454258,134.60000610351562,454.4000015258789
1763888454274,134.60000610351562,449.4000015258789
1763888454291,134.60000610351562,440.4000015258789
1763888454308,134.60000610351562,432.4000015258789
1763888454324,134.60000610351562,420.4000015258789
1763888454341,134.60000610351562,415.4000015258789
1763888454358,134.60000610351562,413.4000015258789
1763888454429,134.60000610351562,414.4000015258789
1763888454441,134.60000610351562,416.4000015258789
1763888454458,134.60000610351562,427.4000015258789
1763888454474,134.60000610351562,434.4000015258789
1763888454491,134.60000610351562,439.4000015258789
1763888454508,134.60000610351562,441.4000015258789
1763888454589,134.60000610351562,438.4000015258789
1763888454596,134.60000610351562,434.4000015258789
1763888454607,134.60000610351562,430.4000015258789
1763888454624,134.60000610351562,420.4000015258789
1763888454641,134.60000610351562,418.4000015258789
1763888454668,134.60000610351562,417.4000015258789
1763888454676,135.60000610351562,420.4000015258789
1763888454691,135.60000610351562,422.4000015258789
1763888454707,137.60000610351562,432.4000015258789
1763888454724,137.60000610351562,439.4000015258789
1763888454741,139.60000610351562,449.4000015258789
1763888454757,139.60000610351562,451.4000015258789
1763888454780,139.60000610351562,453.4000015258789
1763888454837,139.60000610351562,450.4000015258789
1763888454845,139.60000610351562,446.4000015258789
1763888454857,139.60000610351562,438.4000015258789
1763888454874,144.60000610351562,424.4000015258789
1763888454891,146.60000610351562,414.4000015258789
1763888454907,146.60000610351562,413.4000015258789
1763888454932,147.60000610351562,413.4000015258789
1763888454941,148.60000610351562,417.4000015258789
1763888454957,148.60000610351562,430.4000015258789
1763888454974,148.60000610351562,444.4000015258789
1763888455107,148.60000610351562,441.4000015258789
1763888455124,148.60000610351562,429.4000015258789
1763888455140,149.60000610351562,412.4000015258789
1763888455190,151.60000610351562,412.4000015258789
1763888455207,151.60000610351562,419.4000015258789
1763888455224,151.60000610351562,426.4000015258789
1763888455240,151.60000610351562,433.4000015258789
1763888455257,151.60000610351562,437.4000015258789
1763888455333,151.60000610351562,433.4000015258789
1763888455340,151.60000610351562,430.4000015258789
1763888455357,151.60000610351562,417.4000015258789
1763888455374,151.60000610351562,402.4000015258789
1763888455390,151.60000610351562,394.4000015258789
1763888455407,151.60000610351562,392.4000015258789
1763888455480,145.60000610351562,403.4000015258789
1763888455490,145.60000610351562,410.4000015258789
1763888455507,143.60000610351562,418.4000015258789
1763888455523,142.60000610351562,423.4000015258789
1763888455540,142.60000610351562,426.4000015258789
1763888455605,142.60000610351562,423.4000015258789
1763888455612,142.60000610351562,418.4000015258789
1763888455623,143.60000610351562,412.4000015258789
1763888455640,145.60000610351562,395.4000015258789
1763888455657,148.60000610351562,374.4000015258789
1763888455673,150.60000610351562,368.4000015258789
1763888455741,150.60000610351562,370.4000015258789
1763888455757,150.60000610351562,379.4000015258789
1763888455773,150.60000610351562,389.4000015258789
1763888455790,150.60000610351562,395.4000015258789
1763888455806,150.60000610351562,397.4000015258789
1763888455861,150.60000610351562,396.4000015258789
1763888455873,150.60000610351562,394.4000015258789
1763888455890,150.60000610351562,381.4000015258789
1763888455906,150.60000610351562,363.4000015258789
1763888455923,153.60000610351562,354.4000015258789
1763888455940,153.60000610351562,349.4000015258789
1763888455956,153.60000610351562,347.4000015258789
1763888455973,154.60000610351562,346.4000015258789
1763888455996,154.60000610351562,348.4000015258789
1763888456006,156.60000610351562,351.4000015258789
1763888456173,155.60000610351562,355.4000015258789
1763888456189,157.60000610351562,342.4000015258789
1763888456273,159.60000610351562,336.4000015258789
1763888456306,155.60000610351562,353.4000015258789
1763888456323,152.60000610351562,363.4000015258789
1763888456339,150.60000610351562,369.4000015258789
1763888456356,150.60000610351562,370.4000015258789
1763888456406,150.60000610351562,369.4000015258789
1763888456423,150.60000610351562,363.4000015258789
1763888456439,150.60000610351562,354.4000015258789
1763888456456,150.60000610351562,353.4000015258789
1763888456485,150.60000610351562,357.4000015258789
1763888456492,149.60000610351562,365.4000015258789
1763888456506,149.60000610351562,374.4000015258789
1763888456523,147.60000610351562,387.4000015258789
1763888456539,147.60000610351562,396.4000015258789
1763888456556,147.60000610351562,402.4000015258789
1763888456572,147.60000610351562,410.4000015258789
1763888456589,147.60000610351562,411.4000015258789
1763888456606,147.60000610351562,412.4000015258789
1763888456709,147.60000610351562,413.4000015258789
1763888456722,147.60000610351562,415.4000015258789
1763888456739,147.60000610351562,420.4000015258789
1763888456756,147.60000610351562,423.4000015258789
1763888456772,147.60000610351562,425.4000015258789
1763888456837,147.60000610351562,422.4000015258789
1763888456845,145.60000610351562,419.4000015258789
1763888456856,145.60000610351562,413.4000015258789
1763888456872,141.60000610351562,396.4000015258789
1763888456889,141.60000610351562,385.4000015258789
1763888456906,139.60000610351562,378.4000015258789
1763888456922,139.60000610351562,377.4000015258789
1763888456939,138.60000610351562,377.4000015258789
1763888456955,138.60000610351562,378.4000015258789
1763888456972,135.60000610351562,390.4000015258789
1763888456989,132.60000610351562,409.4000015258789
1763888457005,130.60000610351562,417.4000015258789
1763888457022,129.60000610351562,422.4000015258789
1763888457039,129.60000610351562,424.4000015258789
1763888457055,129.60000610351562,425.4000015258789
1763888457109,129.60000610351562,423.4000015258789
1763888457122,129.60000610351562,418.4000015258789
1763888457139,130.60000610351562,408.4000015258789
1763888457155,130.60000610351562,400.4000015258789
1763888457172,131.60000610351562,399.4000015258789
1763888457189,135.60000610351562,398.4000015258789
1763888457205,138.60000610351562,406.4000015258789
1763888457222,139.60000610351562,414.4000015258789
1763888457239,140.60000610351562,422.4000015258789
1763888457255,140.60000610351562,428.4000015258789
1763888457272,141.60000610351562,432.4000015258789
1763888457288,141.60000610351562,433.4000015258789
1763888457421,141.60000610351562,435.4000015258789
1763888457428,141.60000610351562,437.4000015258789
1763888457438,141.60000610351562,439.4000015258789
1763888457455,141.60000610351562,442.4000015258789
1763888457472,141.60000610351562,445.4000015258789
1763888457488,141.60000610351562,449.4000015258789
1763888457505,141.60000610351562,451.4000015258789
1763888457522,140.60000610351562,452.4000015258789
1763888457573,140.60000610351562,454.4000015258789
1763888457588,140.60000610351562,456.4000015258789
1763888457605,140.60000610351562,457.4000015258789
1763888457622,140.60000610351562,458.4000015258789
1763888457638,140.60000610351562,461.4000015258789
1763888457655,140.60000610351562,463.4000015258789
1763888457672,140.60000610351562,465.4000015258789
1763888457741,140.60000610351562,464.4000015258789
1763888457755,140.60000610351562,462.4000015258789
1763888457771,140.60000610351562,454.4000015258789
1763888457788,143.60000610351562,445.4000015258789
1763888457805,147.60000610351562,434.4000015258789
1763888457821,149.60000610351562,433.4000015258789
1763888457885,149.60000610351562,434.4000015258789
1763888457892,149.60000610351562,435.4000015258789
1763888457905,148.60000610351562,438.4000015258789
1763888457921,146.60000610351562,441.4000015258789
1763888457938,145.60000610351562,443.4000015258789
1763888457955,143.60000610351562,446.4000015258789
1763888457971,142.60000610351562,446.4000015258789
1763888457988,141.60000610351562,450.4000015258789
1763888458005,141.60000610351562,450.4000015258789
1763888458077,141.60000610351562,449.4000015258789
1763888458088,141.60000610351562,448.4000015258789
1763888458104,142.60000610351562,441.4000015258789
1763888458121,145.60000610351562,432.4000015258789
1763888458138,149.60000610351562,417.4000015258789
1763888458154,149.60000610351562,405.4000015258789
1763888458171,149.60000610351562,398.4000015258789
1763888458188,149.60000610351562,395.4000015258789
1763888458204,149.60000610351562,394.4000015258789
1763888458221,148.60000610351562,392.4000015258789
1763888458238,145.60000610351562,390.4000015258789
1763888458254,145.60000610351562,385.4000015258789
1763888458271,145.60000610351562,379.4000015258789
1763888458288,145.60000610351562,374.4000015258789
1763888458304,145.60000610351562,372.4000015258789
1763888458321,145.60000610351562,370.4000015258789
1763888458338,145.60000610351562,368.4000015258789
1763888458388,145.60000610351562,368.4000015258789
1763888458404,144.60000610351562,375.4000015258789
1763888458421,143.60000610351562,386.4000015258789
1763888458437,140.60000610351562,394.4000015258789
1763888458454,138.60000610351562,399.4000015258789
1763888458471,138.60000610351562,404.4000015258789
1763888458487,137.60000610351562,407.4000015258789
1763888458504,137.60000610351562,409.4000015258789
1763888458521,135.60000610351562,412.4000015258789
1763888458538,135.60000610351562,415.4000015258789
1763888458554,135.60000610351562,419.4000015258789
1763888458571,135.60000610351562,421.4000015258789
1763888458587,135.60000610351562,422.4000015258789
1763888458604,135.60000610351562,424.4000015258789
1763888458621,133.60000610351562,427.4000015258789
1763888458637,133.60000610351562,431.4000015258789
1763888458654,133.60000610351562,433.4000015258789
1763888458671,132.60000610351562,435.4000015258789
1763888458687,132.60000610351562,435.4000015258789
1763888458704,132.60000610351562,438.4000015258789
1763888458721,131.60000610351562,441.4000015258789
1763888458737,130.60000610351562,443.4000015258789
1763888458797,128.60000610351562,444.4000015258789
1763888458804,127.60000610351562,444.4000015258789
1763888458820,124.60000610351562,444.4000015258789
1763888459120,122.60000610351562,419.4000015258789
1763888459137,122.60000610351562,427.4000015258789
1763888459154,122.60000610351562,431.4000015258789
1763888459170,122.60000610351562,435.4000015258789
1763888459187,122.60000610351562,439.4000015258789
1763888459353,122.60000610351562,436.4000015258789
1763888459370,122.60000610351562,424.4000015258789
1763888459470,125.60000610351562,406.4000015258789
1763888459487,125.60000610351562,414.4000015258789
1763888459503,125.60000610351562,424.4000015258789
1763888459520,127.60000610351562,432.4000015258789
1763888459537,128.60000610351562,441.4000015258789
1763888459553,128.60000610351562,445.4000015258789
1763888459570,129.60000610351562,451.4000015258789
1763888459586,129.60000610351562,453.4000015258789
1763888459603,129.60000610351562,455.4000015258789
1763888459620,129.60000610351562,458.4000015258789
1763888459637,129.60000610351562,460.4000015258789
1763888459653,129.60000610351562,464.4000015258789
1763888459670,127.60000610351562,466.4000015258789
1763888459720,126.60000610351562,466.4000015258789
1763888459741,126.60000610351562,467.4000015258789
1763888459797,126.60000610351562,467.4000015258789
1763888459837,125.60000610351562,467.4000015258789
1763888459853,125.60000610351562,460.4000015258789
1763888459870,125.60000610351562,449.4000015258789
1763888459886,125.60000610351562,432.4000015258789
1763888459903,125.60000610351562,415.4000015258789
1763888459920,125.60000610351562,406.4000015258789
1763888459936,125.60000610351562,400.4000015258789
1763888459953,125.60000610351562,395.4000015258789
1763888459970,124.60000610351562,390.4000015258789
1763888459986,124.60000610351562,385.4000015258789
1763888460003,124.60000610351562,378.4000015258789
1763888460019,124.60000610351562,373.4000015258789
1763888460036,125.60000610351562,370.4000015258789
1763888460053,126.60000610351562,366.4000015258789
1763888460069,128.60000610351562,363.4000015258789
1763888460086,129.60000610351562,357.4000015258789
1763888460103,130.60000610351562,351.4000015258789
1763888460119,131.60000610351562,346.4000015258789
1763888460136,132.60000610351562,344.4000015258789
1763888460213,135.60000610351562,347.4000015258789
1763888460221,136.60000610351562,351.4000015258789
1763888460236,136.60000610351562,354.4000015258789
1763888460253,136.60000610351562,369.4000015258789
1763888460269,136.60000610351562,374.4000015258789
1763888460286,136.60000610351562,376.4000015258789
1763888460341,136.60000610351562,376.4000015258789
1763888460353,136.60000610351562,373.4000015258789
1763888460369,138.60000610351562,360.4000015258789
1763888460386,139.60000610351562,345.4000015258789
1763888460402,143.60000610351562,333.4000015258789
1763888460419,147.60000610351562,324.4000015258789
1763888460436,150.60000610351562,319.4000015258789
1763888460452,150.60000610351562,317.4000015258789
1763888460469,150.60000610351562,316.4000015258789
1763888460533,150.60000610351562,318.4000015258789
1763888460541,150.60000610351562,321.4000015258789
1763888460552,150.60000610351562,326.4000015258789
1763888460569,150.60000610351562,335.4000015258789
1763888460586,150.60000610351562,339.4000015258789
1763888460602,150.60000610351562,340.4000015258789
1763888460669,150.60000610351562,338.4000015258789
1763888460686,150.60000610351562,333.4000015258789
1763888460702,153.60000610351562,326.4000015258789
1763888460719,154.60000610351562,323.4000015258789
1763888460735,154.60000610351562,321.4000015258789
1763888460813,154.60000610351562,322.4000015258789
1763888460821,154.60000610351562,324.4000015258789
1763888460836,154.60000610351562,327.4000015258789
1763888460852,154.60000610351562,336.4000015258789
1763888460869,154.60000610351562,349.4000015258789
1763888460885,154.60000610351562,350.4000015258789
1763888460902,153.60000610351562,350.4000015258789
1763888460919,153.60000610351562,349.4000015258789
1763888460935,152.60000610351562,347.4000015258789
1763888460952,152.60000610351562,344.4000015258789
1763888460969,152.60000610351562,337.4000015258789
1763888460985,152.60000610351562,330.4000015258789
1763888461002,152.60000610351562,323.4000015258789
1763888461019,154.60000610351562,317.4000015258789
1763888461035,154.60000610351562,310.4000015258789
1763888461052,155.60000610351562,305.4000015258789
1763888461069,156.60000610351562,304.4000015258789
1763888461101,157.60000610351562,304.4000015258789
1763888461109,158.60000610351562,304.4000015258789
1763888461118,160.60000610351562,304.4000015258789
1763888461135,161.60000610351562,306.4000015258789
1763888461152,161.60000610351562,306.4000015258789
1763888461169,161.60000610351562,310.4000015258789
1763888461186,161.60000610351562,315.4000015258789
1763888461203,161.60000610351562,319.4000015258789
1763888461219,160.60000610351562,323.4000015258789
1763888461236,160.60000610351562,323.4000015258789
1763888461352,159.60000610351562,324.4000015258789
1763888461402,158.60000610351562,323.4000015258789
1763888461419,158.60000610351562,320.4000015258789
1763888461436,158.60000610351562,315.4000015258789
1763888461486,158.60000610351562,318.4000015258789
1763888461502,156.60000610351562,326.4000015258789
1763888461519,153.60000610351562,334.4000015258789
1763888461536,152.60000610351562,338.4000015258789
1763888461552,151.60000610351562,340.4000015258789
1763888461569,150.60000610351562,341.4000015258789
1763888461586,150.60000610351562,341.4000015258789
1763888462052,112.60000610351562,338.4000015258789
1763888462069,110.60000610351562,346.4000015258789
1763888462085,109.60000610351562,351.4000015258789
1763888462102,108.60000610351562,353.4000015258789
1763888462118,108.60000610351562,356.4000015258789
1763888462135,108.60000610351562,357.4000015258789
1763888462152,108.60000610351562,361.4000015258789
1763888462168,107.60000610351562,365.4000015258789
1763888462185,105.60000610351562,369.4000015258789
1763888462202,105.60000610351562,375.4000015258789
1763888462218,105.60000610351562,378.4000015258789
1763888462235,105.60000610351562,379.4000015258789
1763888462261,104.60000610351562,379.4000015258789
1763888462285,103.60000610351562,379.4000015258789
1763888462302,103.60000610351562,371.4000015258789
1763888462318,104.60000610351562,358.4000015258789
1763888462335,104.60000610351562,350.4000015258789
1763888462352,104.60000610351562,345.4000015258789
1763888462401,104.60000610351562,350.4000015258789
1763888462418,104.60000610351562,358.4000015258789
1763888462435,104.60000610351562,370.4000015258789
1763888462451,104.60000610351562,380.4000015258789
1763888462468,104.60000610351562,384.4000015258789
1763888462485,104.60000610351562,385.4000015258789
1763888462535,104.60000610351562,379.4000015258789
1763888462551,106.60000610351562,369.4000015258789
1763888462568,106.60000610351562,352.4000015258789
1763888462585,106.60000610351562,348.4000015258789
1763888462601,106.60000610351562,346.4000015258789
1763888462651,106.60000610351562,346.4000015258789
1763888462668,103.60000610351562,351.4000015258789
1763888462685,97.60000610351562,365.4000015258789
1763888462701,95.60000610351562,372.4000015258789
1763888462718,95.60000610351562,376.4000015258789
1763888462735,95.60000610351562,377.4000015258789
1763888462751,95.60000610351562,378.4000015258789
1763888462801,93.60000610351562,379.4000015258789
1763888462818,90.60000610351562,376.4000015258789
1763888462834,85.60000610351562,361.4000015258789
1763888462851,81.60000610351562,344.4000015258789
1763888462868,80.60000610351562,334.4000015258789
1763888462884,78.60000610351562,330.4000015258789
1763888462917,78.60000610351562,330.4000015258789
1763888462924,78.60000610351562,332.4000015258789
1763888462934,79.60000610351562,335.4000015258789
1763888462951,80.60000610351562,344.4000015258789
1763888462968,82.60000610351562,354.4000015258789
1763888462984,85.60000610351562,361.4000015258789
1763888463001,85.60000610351562,363.4000015258789
1763888463018,86.60000610351562,365.4000015258789
1763888463077,87.60000610351562,363.4000015258789
1763888463085,87.60000610351562,359.4000015258789
1763888463101,90.60000610351562,346.4000015258789
1763888463118,93.60000610351562,337.4000015258789
1763888463134,93.60000610351562,334.4000015258789
1763888463184,93.60000610351562,339.4000015258789
1763888463201,93.60000610351562,350.4000015258789
1763888463217,93.60000610351562,359.4000015258789
1763888463234,93.60000610351562,363.4000015258789
1763888463251,93.60000610351562,366.4000015258789
1763888463267,93.60000610351562,371.4000015258789
1763888463284,93.60000610351562,376.4000015258789
1763888463301,93.60000610351562,378.4000015258789
1763888463317,93.60000610351562,380.4000015258789
1763888463389,93.60000610351562,378.4000015258789
1763888463401,93.60000610351562,377.4000015258789
1763888463405,94.60000610351562,374.4000015258789
1763888465317,142.60000610351562,335.4000015258789
1763888465332,140.60000610351562,334.4000015258789
1763888465349,140.60000610351562,332.4000015258789
1763888465366,138.60000610351562,329.4000015258789
1763888465382,137.60000610351562,329.4000015258789
1763888465399,136.60000610351562,327.4000015258789
1763888465416,136.60000610351562,326.4000015258789
1763888465493,136.60000610351562,327.4000015258789
1763888465509,136.60000610351562,327.4000015258789
1763888465525,136.60000610351562,329.4000015258789
1763888465533,136.60000610351562,330.4000015258789
1763888465549,136.60000610351562,336.4000015258789
1763888465565,136.60000610351562,342.4000015258789
1763888465582,136.60000610351562,345.4000015258789
1763888465599,136.60000610351562,347.4000015258789
1763888465682,136.60000610351562,350.4000015258789
1763888465699,136.60000610351562,354.4000015258789
1763888465715,136.60000610351562,356.4000015258789
1763888465732,136.60000610351562,359.4000015258789
1763888465749,138.60000610351562,366.4000015258789
1763888465765,138.60000610351562,369.4000015258789
1763888465782,138.60000610351562,374.4000015258789
1763888465798,139.60000610351562,376.4000015258789
1763888465815,139.60000610351562,379.4000015258789
1763888465832,139.60000610351562,383.4000015258789
1763888465848,139.60000610351562,387.4000015258789
1763888465865,138.60000610351562,390.4000015258789
1763888465882,136.60000610351562,393.4000015258789
1763888465898,135.60000610351562,395.4000015258789
1763888465915,133.60000610351562,400.4000015258789
1763888465932,132.60000610351562,403.4000015258789
1763888465948,132.60000610351562,406.4000015258789
1763888466013,131.60000610351562,406.4000015258789
1763888466021,129.60000610351562,404.4000015258789
1763888466032,129.60000610351562,400.4000015258789
1763888466048,128.60000610351562,387.4000015258789
1763888466065,128.60000610351562,372.4000015258789
1763888466082,129.60000610351562,364.4000015258789
1763888466189,129.60000610351562,368.4000015258789
1763888466198,129.60000610351562,371.4000015258789
1763888466215,128.60000610351562,380.4000015258789
1763888466231,128.60000610351562,386.4000015258789
1763888466248,125.60000610351562,389.4000015258789
1763888466265,125.60000610351562,394.4000015258789
1763888466281,125.60000610351562,399.4000015258789
1763888466298,124.60000610351562,402.4000015258789
1763888466325,124.60000610351562,403.4000015258789
1763888466381,124.60000610351562,401.4000015258789
1763888466398,124.60000610351562,391.4000015258789
1763888466415,124.60000610351562,383.4000015258789
1763888466431,124.60000610351562,379.4000015258789
1763888466461,124.60000610351562,378.4000015258789
1763888466498,127.60000610351562,380.4000015258789
1763888466515,129.60000610351562,382.4000015258789
1763888466531,129.60000610351562,386.4000015258789
1763888466548,130.60000610351562,391.4000015258789
1763888466564,130.60000610351562,396.4000015258789
1763888466581,130.60000610351562,398.4000015258789
1763888466637,129.60000610351562,399.4000015258789
1763888466676,127.60000610351562,399.4000015258789
1763888467228,85.60000610351562,327.4000015258789
1763888467264,85.60000610351562,326.4000015258789
1763888467314,86.60000610351562,326.4000015258789
1763888467330,86.60000610351562,326.4000015258789
1763888467381,87.60000610351562,326.4000015258789
1763888467397,89.60000610351562,326.4000015258789
1763888467477,89.60000610351562,326.4000015258789
1763888467485,89.60000610351562,325.4000015258789
1763888467497,89.60000610351562,324.4000015258789
1763888467514,89.60000610351562,320.4000015258789
1763888467530,89.60000610351562,318.4000015258789
1763888467547,89.60000610351562,317.4000015258789
1763888467573,90.60000610351562,316.4000015258789
1763888467581,91.60000610351562,316.4000015258789
1763888467605,92.60000610351562,316.4000015258789
1763888467629,92.60000610351562,317.4000015258789
1763888467645,93.60000610351562,317.4000015258789
1763888467653,94.60000610351562,317.4000015258789
1763888467669,95.60000610351562,319.4000015258789
1763888467693,96.60000610351562,320.4000015258789
1763888467747,96.60000610351562,320.4000015258789
1763888467763,96.60000610351562,321.4000015258789
1763888467780,95.60000610351562,326.4000015258789
1763888467797,93.60000610351562,334.4000015258789
1763888467813,91.60000610351562,341.4000015258789
1763888467830,91.60000610351562,348.4000015258789
1763888467847,91.60000610351562,355.4000015258789
1763888467863,91.60000610351562,362.4000015258789
1763888467880,91.60000610351562,367.4000015258789
1763888467897,91.60000610351562,375.4000015258789
1763888467913,91.60000610351562,379.4000015258789
1763888467930,91.60000610351562,380.4000015258789
1763888467947,92.60000610351562,384.4000015258789
1763888467963,92.60000610351562,385.4000015258789
1763888467980,93.60000610351562,390.4000015258789
1763888467997,93.60000610351562,397.4000015258789
1763888468013,93.60000610351562,402.4000015258789
1763888468030,93.60000610351562,406.4000015258789
1763888468047,93.60000610351562,409.4000015258789
1763888468063,94.60000610351562,410.4000015258789
1763888468080,95.60000610351562,410.4000015258789
1763888468097,97.60000610351562,410.4000015258789
1763888468101,98.60000610351562,410.4000015258789
1763888469061,779.6000061035156,292.4000015258789
1763888469096,777.6000061035156,291.4000015258789
1763888469112,774.6000061035156,289.4000015258789
1763888469129,772.6000061035156,286.4000015258789
1763888469149,771.6000061035156,285.4000015258789
1763888469196,770.6000061035156,285.4000015258789
1763888469229,770.6000061035156,287.4000015258789
1763888469246,773.6000061035156,292.4000015258789
1763888469262,775.6000061035156,297.4000015258789
1763888469279,775.6000061035156,300.4000015258789
1763888469309,776.6000061035156,301.4000015258789
1763888469461,776.6000061035156,300.4000015258789
1763888469477,777.6000061035156,298.4000015258789
1763888469485,777.6000061035156,298.4000015258789
1763888469495,777.6000061035156,295.4000015258789
1763888469512,777.6000061035156,291.4000015258789
1763888469529,778.6000061035156,288.4000015258789
1763888469545,778.6000061035156,286.4000015258789
1763888469562,778.6000061035156,283.4000015258789
1763888469579,778.6000061035156,282.4000015258789
1763888469677,778.6000061035156,281.4000015258789
1763888469712,779.6000061035156,281.4000015258789
1763888469773,779.6000061035156,281.4000015258789
1763888469781,779.6000061035156,282.4000015258789
1763888469795,779.6000061035156,283.4000015258789
1763888469812,779.6000061035156,285.4000015258789
1763888469828,778.6000061035156,287.4000015258789
1763888469845,778.6000061035156,289.4000015258789
1763888469862,778.6000061035156,290.4000015258789
1763888469917,778.6000061035156,292.4000015258789
1763888469928,778.6000061035156,292.4000015258789
1763888469945,778.6000061035156,295.4000015258789
1763888469962,778.6000061035156,297.4000015258789
1763888469978,779.6000061035156,299.4000015258789
1763888470061,782.6000061035156,298.4000015258789
1763888470078,784.6000061035156,296.4000015258789
1763888470095,787.6000061035156,290.4000015258789
1763888470111,789.6000061035156,287.4000015258789
1763888470128,789.6000061035156,286.4000015258789
1763888470229,788.6000061035156,287.4000015258789
1763888470245,786.6000061035156,291.4000015258789
1763888470261,785.6000061035156,294.4000015258789
1763888470428,785.6000061035156,291.4000015258789
1763888470444,785.6000061035156,285.4000015258789
1763888470494,785.6000061035156,283.4000015258789
1763888470517,785.6000061035156,281.4000015258789
1763888470561,782.6000061035156,281.4000015258789
1763888470578,781.6000061035156,281.4000015258789
1763888470594,780.6000061035156,281.4000015258789
1763888470611,778.6000061035156,280.4000015258789
1763888470629,777.6000061035156,278.4000015258789
1763888470644,776.6000061035156,277.4000015258789
1763888470661,774.6000061035156,276.4000015258789
1763888470678,774.6000061035156,274.4000015258789
1763888470777,775.6000061035156,273.4000015258789
1763888470794,776.6000061035156,273.4000015258789
1763888470811,778.6000061035156,273.4000015258789
1763888470829,779.6000061035156,273.4000015258789
1763888470853,780.6000061035156,274.4000015258789
1763888470861,781.6000061035156,274.4000015258789
1763888470877,783.6000061035156,274.4000015258789
1763888470894,785.6000061035156,274.4000015258789
1763888470911,787.6000061035156,276.4000015258789
1763888470927,788.6000061035156,277.4000015258789
1763888470944,790.6000061035156,278.4000015258789
1763888470997,791.6000061035156,279.4000015258789
1763888471011,791.6000061035156,280.4000015258789
1763888471027,788.6000061035156,284.4000015258789
1763888471044,782.6000061035156,285.4000015258789
1763888471061,780.6000061035156,286.4000015258789
1763888471085,779.6000061035156,286.4000015258789
1763888471094,778.6000061035156,286.4000015258789
1763888471111,776.6000061035156,286.4000015258789
1763888471127,773.6000061035156,286.4000015258789
1763888471144,769.6000061035156,284.4000015258789
1763888471160,768.6000061035156,283.4000015258789
1763888471245,768.6000061035156,284.4000015258789
1763888471260,768.6000061035156,285.4000015258789
1763888471277,768.6000061035156,288.4000015258789
1763888471294,768.6000061035156,289.4000015258789
1763888471344,768.6000061035156,290.4000015258789
1763888471360,769.6000061035156,293.4000015258789
1763888471377,769.6000061035156,295.4000015258789
1763888471394,769.6000061035156,296.4000015258789
1763888471421,770.6000061035156,297.4000015258789
1763888471437,771.6000061035156,298.4000015258789
1763888471453,772.6000061035156,298.4000015258789
1763888471469,773.6000061035156,298.4000015258789
1763888471477,775.6000061035156,298.4000015258789
1763888471494,779.6000061035156,297.4000015258789
1763888471510,780.6000061035156,295.4000015258789
1763888471527,782.6000061035156,294.4000015258789
1763888471543,783.6000061035156,293.4000015258789
1763888471733,782.6000061035156,292.4000015258789
1763888471743,781.6000061035156,294.4000015258789
1763888471760,778.6000061035156,296.4000015258789
1763888471777,777.6000061035156,297.4000015258789
1763888471805,776.6000061035156,298.4000015258789
1763888471845,776.6000061035156,298.4000015258789
1763888471860,776.6000061035156,299.4000015258789
1763888471877,776.6000061035156,301.4000015258789
1763888471933,776.6000061035156,301.4000015258789
1763888471989,776.6000061035156,302.4000015258789
1763888472026,777.6000061035156,302.4000015258789
1763888472043,777.6000061035156,302.4000015258789
1763888472060,780.6000061035156,302.4000015258789
1763888472076,782.6000061035156,302.4000015258789
1763888472093,787.6000061035156,302.4000015258789
1763888472110,788.6000061035156,301.4000015258789
1763888472126,789.6000061035156,301.4000015258789
1763888472143,791.6000061035156,301.4000015258789
1763888472160,792.6000061035156,301.4000015258789
1763888472176,793.6000061035156,301.4000015258789
1763888472193,796.6000061035156,301.4000015258789
1763888472210,799.6000061035156,301.4000015258789
1763888472226,801.6000061035156,301.4000015258789
1763888472243,804.6000061035156,298.4000015258789
1763888472261,804.6000061035156,296.4000015258789
1763888472276,804.6000061035156,294.4000015258789
1763888472293,804.6000061035156,292.4000015258789
1763888472317,804.6000061035156,291.4000015258789
1763888472326,803.6000061035156,291.4000015258789
1763888472343,802.6000061035156,291.4000015258789
1763888472359,801.6000061035156,289.4000015258789
1763888472376,800.6000061035156,289.4000015258789
1763888472393,796.6000061035156,291.4000015258789
1763888472409,793.6000061035156,293.4000015258789
1763888472429,793.6000061035156,294.4000015258789
1763888472443,792.6000061035156,294.4000015258789
1763888472459,789.6000061035156,296.4000015258789
1763888472477,789.6000061035156,297.4000015258789
1763888472493,788.6000061035156,297.4000015258789
1763888472517,787.6000061035156,297.4000015258789
1763888472526,785.6000061035156,296.4000015258789
1763888472543,785.6000061035156,294.4000015258789
1763888472559,785.6000061035156,291.4000015258789
1763888472693,786.6000061035156,291.4000015258789
1763888472709,787.6000061035156,287.4000015258789
1763888472726,787.6000061035156,284.4000015258789
1763888472805,787.6000061035156,286.4000015258789
1763888472813,787.6000061035156,289.4000015258789
1763888472837,787.6000061035156,290.4000015258789
1763888472845,787.6000061035156,291.4000015258789
1763888472869,787.6000061035156,293.4000015258789
1763888472926,788.6000061035156,293.4000015258789
1763888472943,789.6000061035156,293.4000015258789
1763888472960,791.6000061035156,291.4000015258789
1763888472976,793.6000061035156,288.4000015258789
1763888472993,794.6000061035156,286.4000015258789
1763888473053,794.6000061035156,288.4000015258789
1763888473061,794.6000061035156,290.4000015258789
1763888473085,794.6000061035156,291.4000015258789
1763888473093,794.6000061035156,291.4000015258789
1763888473110,794.6000061035156,292.4000015258789
1763888473160,795.6000061035156,293.4000015258789
1763888473181,795.6000061035156,292.4000015258789
1763888473193,795.6000061035156,291.4000015258789
1763888473209,795.6000061035156,287.4000015258789
1763888473229,795.6000061035156,286.4000015258789
1763888473243,795.6000061035156,284.4000015258789
1763888473259,794.6000061035156,284.4000015258789
1763888473285,793.6000061035156,287.4000015258789
1763888473293,791.6000061035156,288.4000015258789
1763888473309,786.6000061035156,292.4000015258789
1763888473326,783.6000061035156,296.4000015258789
1763888473389,783.6000061035156,294.4000015258789
1763888473397,782.6000061035156,293.4000015258789
1763888473409,782.6000061035156,291.4000015258789
1763888473426,782.6000061035156,285.4000015258789
1763888473443,782.6000061035156,280.4000015258789
1763888473459,782.6000061035156,276.4000015258789
1763888473525,782.6000061035156,277.4000015258789
1763888473543,782.6000061035156,281.4000015258789
1763888473559,782.6000061035156,285.4000015258789
1763888473576,780.6000061035156,289.4000015258789
1763888473592,778.6000061035156,292.4000015258789
1763888473609,778.6000061035156,294.4000015258789
1763888473626,777.6000061035156,294.4000015258789
1763888473653,775.6000061035156,294.4000015258789
1763888473661,775.6000061035156,294.4000015258789
1763888473676,773.6000061035156,294.4000015258789
1763888473692,770.6000061035156,292.4000015258789
1763888473709,767.6000061035156,290.4000015258789
1763888473733,767.6000061035156,289.4000015258789
1763888473742,765.6000061035156,288.4000015258789
1763888473759,765.6000061035156,287.4000015258789
1763888473776,768.6000061035156,283.4000015258789
1763888473792,770.6000061035156,280.4000015258789
1763888473809,774.6000061035156,278.4000015258789
1763888473826,775.6000061035156,277.4000015258789
1763888473893,775.6000061035156,276.4000015258789
1763888473917,775.6000061035156,275.4000015258789
1763888473925,775.6000061035156,274.4000015258789
1763888473942,775.6000061035156,272.4000015258789
1763888473959,775.6000061035156,268.4000015258789
1763888473975,775.6000061035156,266.4000015258789
1763888474029,777.6000061035156,266.4000015258789
1763888474053,780.6000061035156,268.4000015258789
1763888474117,781.6000061035156,269.4000015258789
1763888474125,782.6000061035156,270.4000015258789
1763888474142,783.6000061035156,272.4000015258789
1763888474159,784.6000061035156,276.4000015258789
1763888474175,784.6000061035156,278.4000015258789
1763888474192,785.6000061035156,279.4000015258789
1763888474242,785.6000061035156,281.4000015258789
1763888474259,785.6000061035156,281.4000015258789
1763888474275,785.6000061035156,284.4000015258789
1763888474292,787.6000061035156,287.4000015258789
1763888474309,787.6000061035156,288.4000015258789
1763888474358,788.6000061035156,289.4000015258789
1763888474375,790.6000061035156,290.4000015258789
1763888474392,791.6000061035156,290.4000015258789
1763888474408,792.6000061035156,291.4000015258789
1763888474437,792.6000061035156,292.4000015258789
1763888474475,792.6000061035156,292.4000015258789
1763888474492,792.6000061035156,294.4000015258789
1763888474508,792.6000061035156,295.4000015258789
1763888474558,794.6000061035156,295.4000015258789
1763888474608,795.6000061035156,295.4000015258789
1763888474669,796.6000061035156,295.4000015258789
1763888474685,796.6000061035156,295.4000015258789
1763888474693,797.6000061035156,295.4000015258789
1763888474741,798.6000061035156,295.4000015258789
1763888474765,798.6000061035156,293.4000015258789
1763888474781,801.6000061035156,290.4000015258789
1763888474791,802.6000061035156,288.4000015258789
1763888474808,802.6000061035156,286.4000015258789
1763888474825,802.6000061035156,284.4000015258789
1763888474841,800.6000061035156,282.4000015258789
1763888474858,798.6000061035156,281.4000015258789
1763888474875,795.6000061035156,279.4000015258789
1763888474893,794.6000061035156,278.4000015258789
1763888474908,793.6000061035156,277.4000015258789
1763888474925,792.6000061035156,274.4000015258789
1763888474941,792.6000061035156,272.4000015258789
1763888474958,792.6000061035156,269.4000015258789
1763888475069,793.6000061035156,269.4000015258789
1763888475117,794.6000061035156,269.4000015258789
1763888475229,794.6000061035156,269.4000015258789
1763888475241,793.6000061035156,270.4000015258789
1763888475258,793.6000061035156,270.4000015258789
1763888475274,793.6000061035156,271.4000015258789
1763888475291,792.6000061035156,273.4000015258789
1763888475309,791.6000061035156,274.4000015258789
1763888475324,790.6000061035156,274.4000015258789
1763888475341,787.6000061035156,275.4000015258789
1763888475358,786.6000061035156,278.4000015258789
1763888475477,786.6000061035156,277.4000015258789
1763888475491,786.6000061035156,275.4000015258789
1763888475507,786.6000061035156,271.4000015258789
1763888475524,786.6000061035156,263.4000015258789
1763888475541,788.6000061035156,257.4000015258789
1763888475557,788.6000061035156,254.4000015258789
1763888475629,788.6000061035156,256.4000015258789
1763888475641,788.6000061035156,257.4000015258789
1763888475657,788.6000061035156,261.4000015258789
1763888475674,788.6000061035156,265.4000015258789
1763888475691,788.6000061035156,269.4000015258789
1763888475707,788.6000061035156,270.4000015258789
1763888475724,787.6000061035156,272.4000015258789
1763888475741,786.6000061035156,276.4000015258789
1763888475757,785.6000061035156,278.4000015258789
1763888475774,785.6000061035156,279.4000015258789
1763888475797,784.6000061035156,280.4000015258789
1763888475857,784.6000061035156,278.4000015258789
1763888475874,784.6000061035156,278.4000015258789
1763888475890,785.6000061035156,276.4000015258789
1763888475907,787.6000061035156,276.4000015258789
1763888475924,790.6000061035156,276.4000015258789
1763888475941,790.6000061035156,276.4000015258789
1763888475957,791.6000061035156,276.4000015258789
1763888475981,792.6000061035156,276.4000015258789
1763888475997,793.6000061035156,275.4000015258789
1763888476007,793.6000061035156,274.4000015258789
1763888476024,792.6000061035156,271.4000015258789
1763888476040,791.6000061035156,269.4000015258789
1763888476057,791.6000061035156,268.4000015258789
1763888476074,791.6000061035156,267.4000015258789
1763888476090,793.6000061035156,266.4000015258789
1763888476107,793.6000061035156,265.4000015258789
1763888476157,793.6000061035156,266.4000015258789
1763888476174,793.6000061035156,269.4000015258789
1763888476190,792.6000061035156,272.4000015258789
1763888476207,792.6000061035156,273.4000015258789
1763888476223,791.6000061035156,274.4000015258789
1763888476240,791.6000061035156,275.4000015258789
1763888476301,791.6000061035156,274.4000015258789
1763888476309,791.6000061035156,274.4000015258789
1763888476323,791.6000061035156,272.4000015258789
1763888476340,791.6000061035156,271.4000015258789
1763888476357,790.6000061035156,268.4000015258789
1763888476407,788.6000061035156,268.4000015258789
1763888476423,786.6000061035156,269.4000015258789
1763888476440,786.6000061035156,270.4000015258789
1763888476457,783.6000061035156,270.4000015258789
1763888476473,782.6000061035156,271.4000015258789
1763888476490,781.6000061035156,271.4000015258789
1763888476507,780.6000061035156,271.4000015258789
1763888476523,778.6000061035156,271.4000015258789
1763888476540,776.6000061035156,271.4000015258789
1763888476557,774.6000061035156,271.4000015258789
1763888476621,773.6000061035156,273.4000015258789
1763888476629,773.6000061035156,274.4000015258789
1763888476640,773.6000061035156,275.4000015258789
1763888476656,773.6000061035156,277.4000015258789
1763888476673,773.6000061035156,278.4000015258789
1763888476690,773.6000061035156,280.4000015258789
1763888476706,773.6000061035156,281.4000015258789
1763888476723,773.6000061035156,282.4000015258789
1763888476740,773.6000061035156,283.4000015258789
1763888476797,773.6000061035156,284.4000015258789
1763888476806,774.6000061035156,286.4000015258789
1763888476823,775.6000061035156,287.4000015258789
1763888476840,776.6000061035156,289.4000015258789
1763888476856,778.6000061035156,291.4000015258789
1763888476873,778.6000061035156,291.4000015258789
1763888476890,779.6000061035156,292.4000015258789
1763888476906,782.6000061035156,292.4000015258789
1763888476923,784.6000061035156,292.4000015258789
1763888476940,785.6000061035156,292.4000015258789
1763888476956,788.6000061035156,291.4000015258789
1763888476973,790.6000061035156,286.4000015258789
1763888476989,790.6000061035156,283.4000015258789
1763888477006,790.6000061035156,280.4000015258789
1763888477023,792.6000061035156,279.4000015258789
1763888477039,792.6000061035156,276.4000015258789
1763888477056,792.6000061035156,275.4000015258789
1763888477133,792.6000061035156,277.4000015258789
1763888477141,792.6000061035156,278.4000015258789
1763888477156,792.6000061035156,279.4000015258789
1763888477173,792.6000061035156,280.4000015258789
1763888477189,792.6000061035156,282.4000015258789
1763888477206,792.6000061035156,282.4000015258789
1763888477223,793.6000061035156,285.4000015258789
1763888477273,793.6000061035156,286.4000015258789
1763888477341,794.6000061035156,288.4000015258789
1763888477389,794.6000061035156,290.4000015258789
1763888477565,793.6000061035156,291.4000015258789
1763888477573,793.6000061035156,292.4000015258789
1763888477589,791.6000061035156,294.4000015258789
1763888480341,786.6000061035156,268.4000015258789
1763888480365,784.6000061035156,267.4000015258789
1763888480373,784.6000061035156,266.4000015258789
1763888480382,783.6000061035156,265.4000015258789
1763888480413,783.6000061035156,264.4000015258789
1763888480447,783.6000061035156,262.4000015258789
1763888480464,783.6000061035156,260.4000015258789
1763888480541,784.6000061035156,259.4000015258789
1763888480549,785.6000061035156,259.4000015258789
1763888480564,786.6000061035156,259.4000015258789
1763888480580,790.6000061035156,259.4000015258789
1763888480597,791.6000061035156,258.4000015258789
1763888480653,792.6000061035156,257.4000015258789
-1,-1,-1
-1,-1,-1
-1,-1,-1
