1763888180528,115.60000610351562,71.4000015258789
1763888180544,117.60000610351562,75.4000015258789
1763888180560,118.60000610351562,81.4000015258789
1763888180577,120.60000610351562,87.4000015258789
1763888180591,120.60000610351562,89.4000015258789
1763888180608,120.60000610351562,93.4000015258789
1763888180688,120.60000610351562,91.4000015258789
1763888180695,119.60000610351562,89.4000015258789
1763888180707,119.60000610351562,87.4000015258789
1763888180724,119.60000610351562,84.4000015258789
1763888180741,119.60000610351562,82.4000015258789
1763888180864,118.60000610351562,81.4000015258789
1763888180874,118.60000610351562,81.4000015258789
1763888180891,115.60000610351562,79.4000015258789
1763888180908,114.60000610351562,74.4000015258789
1763888180925,114.60000610351562,65.4000015258789
1763888180941,114.60000610351562,59.400001525878906
1763888180958,114.60000610351562,55.400001525878906
1763888180975,114.60000610351562,54.400001525878906
1763888181040,114.60000610351562,56.400001525878906
1763888181047,115.60000610351562,58.400001525878906
1763888181058,115.60000610351562,61.400001525878906
1763888181075,115.60000610351562,65.4000015258789
1763888181091,116.60000610351562,67.4000015258789
1763888181108,116.60000610351562,68.4000015258789
1763888181125,117.60000610351562,69.4000015258789
1763888181141,118.60000610351562,70.4000015258789
1763888181158,118.60000610351562,73.4000015258789
1763888181175,118.60000610351562,76.4000015258789
1763888181191,118.60000610351562,78.4000015258789
1763888181280,118.60000610351562,76.4000015258789
1763888181291,118.60000610351562,75.4000015258789
1763888181341,119.60000610351562,80.4000015258789
1763888181358,119.60000610351562,85.4000015258789
1763888181374,119.60000610351562,87.4000015258789
1763888181432,118.60000610351562,88.4000015258789
1763888181496,118.60000610351562,88.4000015258789
1763888181512,117.60000610351562,89.4000015258789
1763888181524,117.60000610351562,90.4000015258789
1763888181574,116.60000610351562,90.4000015258789
1763888181591,114.60000610351562,90.4000015258789
1763888181607,111.60000610351562,90.4000015258789
1763888181624,109.60000610351562,92.4000015258789
1763888181641,108.60000610351562,93.4000015258789
1763888181696,108.60000610351562,92.4000015258789
1763888181707,108.60000610351562,90.4000015258789
1763888181724,108.60000610351562,86.4000015258789
1763888181741,108.60000610351562,81.4000015258789
1763888181757,108.60000610351562,79.4000015258789
1763888181807,109.60000610351562,83.4000015258789
1763888181824,109.60000610351562,89.4000015258789
1763888181841,109.60000610351562,92.4000015258789
1763888181857,109.60000610351562,95.4000015258789
1763888181874,109.60000610351562,96.4000015258789
1763888181891,110.60000610351562,99.4000015258789
1763888181907,110.60000610351562,100.4000015258789
1763888181924,110.60000610351562,101.4000015258789
1763888181952,110.60000610351562,102.4000015258789
1763888181990,110.60000610351562,104.4000015258789
1763888182057,110.60000610351562,105.4000015258789
1763888182074,112.60000610351562,105.4000015258789
1763888182124,113.60000610351562,106.4000015258789
1763888182140,115.60000610351562,106.4000015258789
1763888182157,121.60000610351562,106.4000015258789
1763888182174,125.60000610351562,105.4000015258789
1763888182190,126.60000610351562,104.4000015258789
1763888182216,126.60000610351562,102.4000015258789
1763888182224,126.60000610351562,102.4000015258789
1763888182240,128.60000610351562,99.4000015258789
1763888182257,129.60000610351562,98.4000015258789
1763888182274,129.60000610351562,98.4000015258789
1763888182304,130.60000610351562,98.4000015258789
1763888182311,131.60000610351562,100.4000015258789
1763888182323,132.60000610351562,102.4000015258789
1763888182340,133.60000610351562,105.4000015258789
1763888182357,135.60000610351562,108.4000015258789
1763888182373,136.60000610351562,109.4000015258789
1763888182390,136.60000610351562,110.4000015258789
1763888182407,136.60000610351562,111.4000015258789
1763888182424,136.60000610351562,113.4000015258789
1763888182440,136.60000610351562,116.4000015258789
1763888182457,137.60000610351562,118.4000015258789
1763888182473,138.60000610351562,118.4000015258789
1763888182490,138.60000610351562,120.4000015258789
1763888182540,140.60000610351562,122.4000015258789
1763888182557,140.60000610351562,124.4000015258789
1763888182573,140.60000610351562,128.4000015258789
1763888182590,140.60000610351562,132.4000015258789
1763888182607,140.60000610351562,134.4000015258789
1763888182656,140.60000610351562,135.4000015258789
1763888182680,138.60000610351562,137.4000015258789
1763888182690,136.60000610351562,138.4000015258789
1763888182706,131.60000610351562,138.4000015258789
1763888182723,130.60000610351562,139.4000015258789
1763888182784,130.60000610351562,140.4000015258789
1763888182791,130.60000610351562,143.4000015258789
1763888182806,131.60000610351562,144.4000015258789
1763888182823,137.60000610351562,150.4000015258789
1763888182840,141.60000610351562,150.4000015258789
1763888182906,141.60000610351562,151.4000015258789
1763888182923,141.60000610351562,152.4000015258789
1763888182940,141.60000610351562,153.4000015258789
1763888182956,141.60000610351562,155.4000015258789
1763888182973,141.60000610351562,157.4000015258789
1763888182990,140.60000610351562,159.4000015258789
1763888183006,140.60000610351562,161.4000015258789
1763888183023,140.60000610351562,163.4000015258789
1763888183040,140.60000610351562,164.4000015258789
1763888183106,140.60000610351562,168.4000015258789
1763888183123,140.60000610351562,168.4000015258789
1763888183139,140.60000610351562,170.4000015258789
1763888183336,140.60000610351562,171.4000015258789
1763888183343,140.60000610351562,172.4000015258789
1763888183400,140.60000610351562,173.4000015258789
1763888183408,141.60000610351562,171.4000015258789
1763888183422,141.60000610351562,169.4000015258789
1763888183439,141.60000610351562,164.4000015258789
1763888183456,141.60000610351562,157.4000015258789
1763888183472,141.60000610351562,154.4000015258789
1763888183489,141.60000610351562,151.4000015258789
1763888183506,141.60000610351562,149.4000015258789
1763888183522,141.60000610351562,146.4000015258789
1763888183539,141.60000610351562,142.4000015258789
1763888183556,141.60000610351562,139.4000015258789
1763888183572,140.60000610351562,137.4000015258789
1763888183589,140.60000610351562,136.4000015258789
1763888183672,144.60000610351562,140.4000015258789
1763888183689,150.60000610351562,148.4000015258789
1763888183706,153.60000610351562,152.4000015258789
1763888183722,153.60000610351562,153.4000015258789
1763888183739,155.60000610351562,157.4000015258789
1763888183756,155.60000610351562,160.4000015258789
1763888183772,155.60000610351562,162.4000015258789
1763888183789,155.60000610351562,165.4000015258789
1763888183806,153.60000610351562,168.4000015258789
1763888183822,152.60000610351562,169.4000015258789
1763888183872,151.60000610351562,169.4000015258789
1763888183889,149.60000610351562,169.4000015258789
1763888183905,148.60000610351562,170.4000015258789
1763888183922,147.60000610351562,172.4000015258789
1763888183939,146.60000610351562,172.4000015258789
1763888183955,145.60000610351562,172.4000015258789
1763888183972,145.60000610351562,174.4000015258789
1763888183989,143.60000610351562,175.4000015258789
1763888184005,142.60000610351562,176.4000015258789
1763888184022,139.60000610351562,178.4000015258789
1763888184039,136.60000610351562,179.4000015258789
1763888184055,132.60000610351562,180.4000015258789
1763888184072,131.60000610351562,180.4000015258789
1763888184089,131.60000610351562,181.4000015258789
1763888184105,128.60000610351562,184.4000015258789
1763888184122,126.60000610351562,185.4000015258789
1763888184139,124.60000610351562,186.4000015258789
1763888184155,123.60000610351562,186.4000015258789
1763888184172,122.60000610351562,186.4000015258789
1763888184189,120.60000610351562,186.4000015258789
1763888184205,117.60000610351562,184.4000015258789
1763888184222,111.60000610351562,177.4000015258789
1763888184239,110.60000610351562,173.4000015258789
1763888184255,107.60000610351562,170.4000015258789
1763888184336,107.60000610351562,169.4000015258789
1763888184352,108.60000610351562,168.4000015258789
1763888184359,108.60000610351562,166.4000015258789
1763888184372,108.60000610351562,165.4000015258789
1763888184389,108.60000610351562,161.4000015258789
1763888184405,108.60000610351562,157.4000015258789
1763888184422,108.60000610351562,153.4000015258789
1763888184438,108.60000610351562,149.4000015258789
1763888184455,108.60000610351562,145.4000015258789
1763888184472,108.60000610351562,141.4000015258789
1763888184488,112.60000610351562,141.4000015258789
1763888184505,114.60000610351562,141.4000015258789
1763888184522,116.60000610351562,141.4000015258789
1763888184538,117.60000610351562,141.4000015258789
1763888184555,122.60000610351562,139.4000015258789
1763888184571,123.60000610351562,138.4000015258789
1763888184588,124.60000610351562,137.4000015258789
1763888184608,125.60000610351562,136.4000015258789
1763888184623,126.60000610351562,136.4000015258789
1763888184638,127.60000610351562,137.4000015258789
1763888184655,128.60000610351562,138.4000015258789
1763888184671,131.60000610351562,141.4000015258789
1763888184688,132.60000610351562,144.4000015258789
1763888184705,134.60000610351562,146.4000015258789
1763888184776,136.60000610351562,147.4000015258789
1763888184792,137.60000610351562,148.4000015258789
1763888184872,137.60000610351562,146.4000015258789
1763888184888,136.60000610351562,138.4000015258789
1763888184904,135.60000610351562,134.4000015258789
1763888184921,133.60000610351562,130.4000015258789
1763888184938,131.60000610351562,126.4000015258789
1763888184954,131.60000610351562,124.4000015258789
1763888185004,130.60000610351562,123.4000015258789
1763888185021,129.60000610351562,126.4000015258789
1763888185038,125.60000610351562,131.4000015258789
1763888185054,123.60000610351562,135.4000015258789
1763888185071,120.60000610351562,138.4000015258789
1763888185088,119.60000610351562,139.4000015258789
1763888185104,116.60000610351562,139.4000015258789
1763888185121,116.60000610351562,140.4000015258789
1763888185138,116.60000610351562,140.4000015258789
1763888185154,113.60000610351562,143.4000015258789
1763888185171,113.60000610351562,147.4000015258789
1763888185188,112.60000610351562,151.4000015258789
1763888185204,111.60000610351562,156.4000015258789
1763888185221,111.60000610351562,159.4000015258789
1763888185238,111.60000610351562,160.4000015258789
1763888185254,111.60000610351562,162.4000015258789
1763888185271,111.60000610351562,165.4000015258789
1763888185288,112.60000610351562,169.4000015258789
1763888185304,115.60000610351562,172.4000015258789
1763888185335,116.60000610351562,172.4000015258789
1763888185371,118.60000610351562,172.4000015258789
1763888185387,118.60000610351562,172.4000015258789
1763888185404,122.60000610351562,172.4000015258789
1763888185421,126.60000610351562,172.4000015258789
1763888185437,130.60000610351562,172.4000015258789
1763888185454,131.60000610351562,170.4000015258789
1763888185471,133.60000610351562,168.4000015258789
1763888185487,133.60000610351562,163.4000015258789
1763888185504,132.60000610351562,155.4000015258789
1763888185521,130.60000610351562,151.4000015258789
1763888185537,128.60000610351562,150.4000015258789
1763888185554,127.60000610351562,149.4000015258789
1763888185571,126.60000610351562,149.4000015258789
1763888185592,125.60000610351562,148.4000015258789
1763888185608,124.60000610351562,147.4000015258789
1763888185632,123.60000610351562,147.4000015258789
1763888185648,122.60000610351562,145.4000015258789
1763888185728,122.60000610351562,147.4000015258789
1763888185737,122.60000610351562,150.4000015258789
1763888185754,122.60000610351562,154.4000015258789
1763888185770,122.60000610351562,157.4000015258789
1763888185787,122.60000610351562,161.4000015258789
1763888185804,121.60000610351562,163.4000015258789
1763888185820,121.60000610351562,166.4000015258789
1763888185837,121.60000610351562,168.4000015258789
1763888185854,121.60000610351562,170.4000015258789
1763888185870,122.60000610351562,172.4000015258789
1763888185888,123.60000610351562,173.4000015258789
1763888185904,123.60000610351562,175.4000015258789
1763888185920,124.60000610351562,176.4000015258789
1763888185937,126.60000610351562,178.4000015258789
1763888185987,126.60000610351562,178.4000015258789
1763888186016,126.60000610351562,178.4000015258789
1763888186024,126.60000610351562,176.4000015258789
1763888186037,126.60000610351562,174.4000015258789
1763888186054,126.60000610351562,170.4000015258789
1763888186070,126.60000610351562,169.4000015258789
1763888186087,126.60000610351562,167.4000015258789
1763888186104,126.60000610351562,165.4000015258789
1763888186120,125.60000610351562,164.4000015258789
1763888186137,123.60000610351562,163.4000015258789
1763888186153,122.60000610351562,162.4000015258789
1763888186170,122.60000610351562,162.4000015258789
1763888186187,121.60000610351562,161.4000015258789
1763888186237,121.60000610351562,163.4000015258789
1763888186253,121.60000610351562,168.4000015258789
1763888186270,121.60000610351562,173.4000015258789
1763888186287,121.60000610351562,178.4000015258789
1763888186303,121.60000610351562,180.4000015258789
1763888186320,121.60000610351562,183.4000015258789
1763888186337,121.60000610351562,185.4000015258789
1763888186353,123.60000610351562,188.4000015258789
1763888186370,126.60000610351562,189.4000015258789
1763888186387,127.60000610351562,190.4000015258789
1763888186403,130.60000610351562,191.4000015258789
1763888186432,130.60000610351562,191.4000015258789
1763888186448,132.60000610351562,192.4000015258789
1763888186486,133.60000610351562,192.4000015258789
1763888186503,134.60000610351562,192.4000015258789
1763888186520,137.60000610351562,192.4000015258789
1763888186536,141.60000610351562,190.4000015258789
1763888186553,142.60000610351562,188.4000015258789
1763888186570,144.60000610351562,184.4000015258789
1763888186586,147.60000610351562,180.4000015258789
1763888186603,147.60000610351562,176.4000015258789
1763888186620,147.60000610351562,176.4000015258789
1763888186636,147.60000610351562,174.4000015258789
1763888186653,147.60000610351562,172.4000015258789
1763888186670,147.60000610351562,168.4000015258789
1763888186686,147.60000610351562,164.4000015258789
1763888186703,148.60000610351562,162.4000015258789
1763888186720,149.60000610351562,159.4000015258789
1763888186744,149.60000610351562,158.4000015258789
1763888186832,149.60000610351562,159.4000015258789
1763888186840,149.60000610351562,159.4000015258789
1763888186853,149.60000610351562,162.4000015258789
1763888186869,149.60000610351562,169.4000015258789
1763888186886,149.60000610351562,173.4000015258789
1763888186903,145.60000610351562,177.4000015258789
1763888186919,142.60000610351562,181.4000015258789
1763888186952,141.60000610351562,181.4000015258789
1763888186960,141.60000610351562,181.4000015258789
1763888186969,140.60000610351562,182.4000015258789
1763888186986,139.60000610351562,184.4000015258789
1763888187003,136.60000610351562,186.4000015258789
1763888187019,134.60000610351562,187.4000015258789
1763888187036,133.60000610351562,187.4000015258789
1763888187088,133.60000610351562,187.4000015258789
1763888187136,131.60000610351562,186.4000015258789
1763888187160,130.60000610351562,185.4000015258789
1763888187169,129.60000610351562,185.4000015258789
1763888187224,129.60000610351562,185.4000015258789
1763888187240,129.60000610351562,183.4000015258789
1763888187252,131.60000610351562,182.4000015258789
1763888187269,136.60000610351562,180.4000015258789
1763888187286,139.60000610351562,178.4000015258789
1763888187302,141.60000610351562,174.4000015258789
1763888187319,146.60000610351562,170.4000015258789
1763888187336,148.60000610351562,165.4000015258789
1763888187352,148.60000610351562,165.4000015258789
1763888187369,148.60000610351562,162.4000015258789
1763888187386,148.60000610351562,161.4000015258789
1763888187402,148.60000610351562,157.4000015258789
1763888187419,149.60000610351562,153.4000015258789
1763888187436,149.60000610351562,151.4000015258789
1763888187452,150.60000610351562,149.4000015258789
1763888187469,150.60000610351562,146.4000015258789
1763888187486,150.60000610351562,145.4000015258789
1763888187502,148.60000610351562,143.4000015258789
1763888187519,147.60000610351562,142.4000015258789
1763888187536,145.60000610351562,141.4000015258789
1763888187552,143.60000610351562,140.4000015258789
1763888187576,142.60000610351562,140.4000015258789
1763888187586,141.60000610351562,139.4000015258789
1763888187608,140.60000610351562,138.4000015258789
1763888187619,140.60000610351562,137.4000015258789
1763888187636,140.60000610351562,133.4000015258789
1763888187685,141.60000610351562,133.4000015258789
1763888187702,142.60000610351562,133.4000015258789
1763888187719,145.60000610351562,134.4000015258789
1763888187735,150.60000610351562,138.4000015258789
1763888187752,152.60000610351562,143.4000015258789
1763888187769,153.60000610351562,146.4000015258789
1763888187786,153.60000610351562,147.4000015258789
1763888187802,153.60000610351562,150.4000015258789
1763888187819,153.60000610351562,151.4000015258789
1763888187835,153.60000610351562,153.4000015258789
1763888187852,153.60000610351562,155.4000015258789
1763888187869,153.60000610351562,157.4000015258789
1763888187885,154.60000610351562,159.4000015258789
1763888187902,154.60000610351562,159.4000015258789
1763888187919,155.60000610351562,162.4000015258789
1763888187935,157.60000610351562,163.4000015258789
1763888188016,155.60000610351562,162.4000015258789
1763888188024,153.60000610351562,160.4000015258789
1763888188035,150.60000610351562,159.4000015258789
1763888188052,147.60000610351562,155.4000015258789
1763888188068,146.60000610351562,153.4000015258789
1763888188085,145.60000610351562,151.4000015258789
1763888188102,144.60000610351562,148.4000015258789
1763888188118,144.60000610351562,147.4000015258789
1763888188135,142.60000610351562,144.4000015258789
1763888188152,139.60000610351562,140.4000015258789
1763888188184,138.60000610351562,140.4000015258789
1763888188224,138.60000610351562,141.4000015258789
1763888188235,137.60000610351562,144.4000015258789
1763888188252,135.60000610351562,150.4000015258789
1763888188268,135.60000610351562,154.4000015258789
1763888188285,135.60000610351562,158.4000015258789
1763888188302,135.60000610351562,159.4000015258789
1763888188318,135.60000610351562,160.4000015258789
1763888188335,135.60000610351562,162.4000015258789
1763888188352,135.60000610351562,165.4000015258789
1763888188368,135.60000610351562,167.4000015258789
1763888188385,135.60000610351562,169.4000015258789
1763888188401,135.60000610351562,170.4000015258789
1763888188496,135.60000610351562,170.4000015258789
1763888188512,133.60000610351562,170.4000015258789
1763888188528,133.60000610351562,169.4000015258789
1763888188536,130.60000610351562,166.4000015258789
1763888188551,128.60000610351562,165.4000015258789
1763888188568,125.60000610351562,161.4000015258789
1763888188585,124.60000610351562,158.4000015258789
1763888188601,124.60000610351562,156.4000015258789
1763888188618,124.60000610351562,153.4000015258789
1763888188635,124.60000610351562,150.4000015258789
1763888188651,124.60000610351562,148.4000015258789
1763888188672,124.60000610351562,147.4000015258789
1763888188685,124.60000610351562,146.4000015258789
1763888188701,127.60000610351562,144.4000015258789
1763888188718,129.60000610351562,143.4000015258789
1763888188735,131.60000610351562,142.4000015258789
1763888188751,133.60000610351562,141.4000015258789
1763888188768,135.60000610351562,138.4000015258789
1763888188784,136.60000610351562,136.4000015258789
1763888188801,137.60000610351562,134.4000015258789
1763888188818,137.60000610351562,132.4000015258789
1763888188901,137.60000610351562,131.4000015258789
1763888188920,135.60000610351562,131.4000015258789
1763888188934,133.60000610351562,131.4000015258789
1763888188951,130.60000610351562,134.4000015258789
1763888188968,129.60000610351562,135.4000015258789
1763888188992,127.60000610351562,135.4000015258789
1763888189008,126.60000610351562,136.4000015258789
1763888189018,126.60000610351562,136.4000015258789
1763888189034,122.60000610351562,138.4000015258789
1763888189051,121.60000610351562,139.4000015258789
1763888189068,119.60000610351562,140.4000015258789
1763888189084,118.60000610351562,142.4000015258789
1763888189101,117.60000610351562,146.4000015258789
1763888189118,116.60000610351562,149.4000015258789
1763888189134,115.60000610351562,151.4000015258789
1763888189151,115.60000610351562,152.4000015258789
1763888189168,115.60000610351562,153.4000015258789
1763888189272,115.60000610351562,152.4000015258789
1763888189284,115.60000610351562,150.4000015258789
1763888189301,116.60000610351562,146.4000015258789
1763888189317,118.60000610351562,143.4000015258789
1763888189334,120.60000610351562,137.4000015258789
1763888189351,121.60000610351562,134.4000015258789
1763888189367,123.60000610351562,130.4000015258789
1763888189384,125.60000610351562,125.4000015258789
1763888189401,126.60000610351562,122.4000015258789
1763888189417,126.60000610351562,121.4000015258789
1763888189488,126.60000610351562,120.4000015258789
1763888189512,127.60000610351562,120.4000015258789
1763888189568,128.60000610351562,120.4000015258789
1763888189592,129.60000610351562,120.4000015258789
1763888189600,129.60000610351562,121.4000015258789
1763888189617,129.60000610351562,122.4000015258789
1763888189634,126.60000610351562,125.4000015258789
1763888189650,122.60000610351562,128.4000015258789
1763888189667,120.60000610351562,128.4000015258789
1763888189684,118.60000610351562,129.4000015258789
1763888189700,117.60000610351562,131.4000015258789
1763888189717,114.60000610351562,133.4000015258789
1763888189734,113.60000610351562,136.4000015258789
1763888189750,112.60000610351562,138.4000015258789
1763888189767,111.60000610351562,140.4000015258789
1763888189784,111.60000610351562,141.4000015258789
1763888189800,111.60000610351562,143.4000015258789
1763888189817,111.60000610351562,146.4000015258789
1763888189834,111.60000610351562,150.4000015258789
1763888189850,111.60000610351562,153.4000015258789
1763888189867,111.60000610351562,156.4000015258789
1763888189884,111.60000610351562,157.4000015258789
1763888189900,112.60000610351562,159.4000015258789
1763888189917,113.60000610351562,160.4000015258789
1763888189934,114.60000610351562,162.4000015258789
1763888189950,115.60000610351562,164.4000015258789
1763888189967,115.60000610351562,166.4000015258789
1763888189983,117.60000610351562,168.4000015258789
1763888190128,117.60000610351562,166.4000015258789
1763888190144,117.60000610351562,165.4000015258789
1763888190152,117.60000610351562,161.4000015258789
1763888190167,117.60000610351562,159.4000015258789
1763888190183,117.60000610351562,151.4000015258789
1763888190200,117.60000610351562,148.4000015258789
1763888190217,117.60000610351562,146.4000015258789
1763888190288,117.60000610351562,147.4000015258789
1763888190300,117.60000610351562,148.4000015258789
1763888190317,117.60000610351562,154.4000015258789
1763888190333,119.60000610351562,158.4000015258789
1763888190350,120.60000610351562,160.4000015258789
1763888190366,121.60000610351562,162.4000015258789
1763888190383,122.60000610351562,164.4000015258789
1763888190400,125.60000610351562,166.4000015258789
1763888190416,127.60000610351562,171.4000015258789
1763888190433,127.60000610351562,174.4000015258789
1763888190450,129.60000610351562,176.4000015258789
1763888190466,129.60000610351562,178.4000015258789
1763888190483,129.60000610351562,179.4000015258789
1763888190500,127.60000610351562,180.4000015258789
1763888190516,126.60000610351562,181.4000015258789
1763888190533,126.60000610351562,182.4000015258789
1763888190552,126.60000610351562,182.4000015258789
1763888190566,126.60000610351562,184.4000015258789
1763888190583,126.60000610351562,188.4000015258789
1763888190600,126.60000610351562,193.4000015258789
1763888190616,126.60000610351562,194.4000015258789
1763888190633,126.60000610351562,196.4000015258789
1763888190712,126.60000610351562,196.4000015258789
1763888190749,127.60000610351562,196.4000015258789
1763888190766,128.60000610351562,196.4000015258789
1763888190783,130.60000610351562,196.4000015258789
1763888190799,133.60000610351562,196.4000015258789
1763888190824,134.60000610351562,193.4000015258789
1763888190833,134.60000610351562,193.4000015258789
1763888190849,137.60000610351562,191.4000015258789
1763888190866,140.60000610351562,191.4000015258789
1763888190883,142.60000610351562,190.4000015258789
1763888190933,143.60000610351562,190.4000015258789
1763888190949,144.60000610351562,190.4000015258789
1763888190966,146.60000610351562,189.4000015258789
1763888190983,147.60000610351562,188.4000015258789
1763888191016,148.60000610351562,187.4000015258789
1763888191032,149.60000610351562,185.4000015258789
1763888191040,149.60000610351562,185.4000015258789
1763888191064,151.60000610351562,185.4000015258789
1763888191080,152.60000610351562,184.4000015258789
1763888191088,152.60000610351562,182.4000015258789
1763888191100,152.60000610351562,181.4000015258789
1763888191117,152.60000610351562,179.4000015258789
1763888191133,152.60000610351562,175.4000015258789
1763888191150,152.60000610351562,172.4000015258789
1763888191167,152.60000610351562,168.4000015258789
1763888191183,152.60000610351562,165.4000015258789
1763888191233,152.60000610351562,165.4000015258789
1763888191250,152.60000610351562,163.4000015258789
1763888191328,151.60000610351562,166.4000015258789
1763888191344,151.60000610351562,167.4000015258789
1763888191352,151.60000610351562,169.4000015258789
1763888191366,151.60000610351562,169.4000015258789
1763888191383,151.60000610351562,171.4000015258789
1763888191400,149.60000610351562,173.4000015258789
1763888191416,147.60000610351562,173.4000015258789
1763888191433,144.60000610351562,173.4000015258789
1763888191450,139.60000610351562,169.4000015258789
1763888191466,132.60000610351562,166.4000015258789
1763888191483,128.60000610351562,164.4000015258789
1763888191500,127.60000610351562,163.4000015258789
1763888191516,125.60000610351562,161.4000015258789
1763888191533,123.60000610351562,159.4000015258789
1763888191550,121.60000610351562,157.4000015258789
1763888191566,119.60000610351562,153.4000015258789
1763888191583,119.60000610351562,152.4000015258789
1763888191599,119.60000610351562,150.4000015258789
1763888191632,119.60000610351562,153.4000015258789
1763888191640,119.60000610351562,158.4000015258789
1763888191649,119.60000610351562,161.4000015258789
1763888191666,119.60000610351562,167.4000015258789
1763888191683,119.60000610351562,171.4000015258789
1763888191699,119.60000610351562,174.4000015258789
1763888191716,120.60000610351562,175.4000015258789
1763888191776,121.60000610351562,175.4000015258789
1763888191792,122.60000610351562,175.4000015258789
1763888191800,123.60000610351562,175.4000015258789
1763888191816,124.60000610351562,175.4000015258789
1763888191833,126.60000610351562,177.4000015258789
1763888191849,126.60000610351562,177.4000015258789
1763888191866,127.60000610351562,178.4000015258789
1763888191944,127.60000610351562,179.4000015258789
1763888191952,126.60000610351562,180.4000015258789
1763888191966,125.60000610351562,182.4000015258789
1763888191982,122.60000610351562,182.4000015258789
1763888191999,120.60000610351562,182.4000015258789
1763888192016,119.60000610351562,182.4000015258789
1763888192032,117.60000610351562,182.4000015258789
1763888192049,115.60000610351562,182.4000015258789
1763888192066,114.60000610351562,182.4000015258789
1763888192082,113.60000610351562,181.4000015258789
1763888192099,112.60000610351562,177.4000015258789
1763888192116,113.60000610351562,174.4000015258789
1763888192132,114.60000610351562,171.4000015258789
1763888192149,114.60000610351562,170.4000015258789
1763888192166,114.60000610351562,166.4000015258789
1763888192182,114.60000610351562,162.4000015258789
1763888192199,115.60000610351562,159.4000015258789
1763888192216,118.60000610351562,156.4000015258789
1763888192232,119.60000610351562,154.4000015258789
1763888192249,122.60000610351562,153.4000015258789
1763888192266,124.60000610351562,152.4000015258789
1763888192282,126.60000610351562,152.4000015258789
1763888192299,129.60000610351562,152.4000015258789
1763888192315,130.60000610351562,152.4000015258789
1763888192332,133.60000610351562,153.4000015258789
1763888192349,134.60000610351562,155.4000015258789
1763888192365,134.60000610351562,161.4000015258789
1763888192382,134.60000610351562,165.4000015258789
1763888192399,136.60000610351562,167.4000015258789
1763888192488,136.60000610351562,167.4000015258789
1763888192499,136.60000610351562,169.4000015258789
1763888192515,136.60000610351562,171.4000015258789
1763888192532,135.60000610351562,174.4000015258789
1763888192552,135.60000610351562,176.4000015258789
1763888192568,135.60000610351562,177.4000015258789
1763888192582,135.60000610351562,178.4000015258789
1763888192682,135.60000610351562,174.4000015258789
1763888192698,135.60000610351562,167.4000015258789
1763888192715,135.60000610351562,164.4000015258789
1763888192732,135.60000610351562,161.4000015258789
1763888192748,134.60000610351562,159.4000015258789
1763888192765,132.60000610351562,157.4000015258789
1763888192782,131.60000610351562,157.4000015258789
1763888192798,129.60000610351562,156.4000015258789
1763888192816,128.60000610351562,155.4000015258789
1763888192912,128.60000610351562,156.4000015258789
1763888192920,129.60000610351562,157.4000015258789
1763888192932,130.60000610351562,158.4000015258789
1763888192948,131.60000610351562,159.4000015258789
1763888192965,132.60000610351562,161.4000015258789
1763888193464,116.60000610351562,196.4000015258789
1763888193481,117.60000610351562,197.4000015258789
1763888193498,117.60000610351562,199.4000015258789
1763888193514,117.60000610351562,201.4000015258789
1763888193531,117.60000610351562,205.4000015258789
1763888193548,117.60000610351562,210.4000015258789
1763888193564,117.60000610351562,211.4000015258789
1763888193581,117.60000610351562,213.4000015258789
1763888193598,117.60000610351562,216.4000015258789
1763888193614,116.60000610351562,216.4000015258789
1763888193888,114.60000610351562,218.4000015258789
1763888193897,113.60000610351562,218.4000015258789
1763888193914,106.60000610351562,223.4000015258789
1763888193931,100.60000610351562,225.4000015258789
1763888193947,98.60000610351562,226.4000015258789
1763888193961,97.60000610351562,226.4000015258789
1763888194032,98.60000610351562,226.4000015258789
1763888194044,99.60000610351562,226.4000015258789
1763888194061,104.60000610351562,227.4000015258789
1763888194077,106.60000610351562,228.4000015258789
1763888194094,108.60000610351562,228.4000015258789
1763888194110,110.60000610351562,228.4000015258789
1763888194176,111.60000610351562,229.4000015258789
1763888194248,111.60000610351562,229.4000015258789
1763888194260,113.60000610351562,229.4000015258789
1763888194277,117.60000610351562,229.4000015258789
1763888194294,122.60000610351562,229.4000015258789
1763888194310,126.60000610351562,229.4000015258789
1763888194327,128.60000610351562,230.4000015258789
1763888194344,129.60000610351562,231.4000015258789
1763888194448,129.60000610351562,232.4000015258789
1763888194460,128.60000610351562,232.4000015258789
1763888194477,123.60000610351562,234.4000015258789
1763888194493,118.60000610351562,236.4000015258789
1763888194510,113.60000610351562,237.4000015258789
1763888194527,111.60000610351562,238.4000015258789
1763888194543,108.60000610351562,238.4000015258789
1763888194560,107.60000610351562,238.4000015258789
1763888194584,106.60000610351562,238.4000015258789
1763888194593,105.60000610351562,239.4000015258789
1763888194610,104.60000610351562,240.4000015258789
1763888194664,105.60000610351562,240.4000015258789
1763888194677,108.60000610351562,242.4000015258789
1763888194693,111.60000610351562,243.4000015258789
1763888194710,115.60000610351562,244.4000015258789
1763888194727,116.60000610351562,245.4000015258789
1763888194743,117.60000610351562,245.4000015258789
1763888194760,119.60000610351562,247.4000015258789
1763888194777,121.60000610351562,247.4000015258789
1763888194872,121.60000610351562,247.4000015258789
1763888194880,122.60000610351562,247.4000015258789
1763888194893,123.60000610351562,247.4000015258789
1763888194912,124.60000610351562,247.4000015258789
1763888194928,125.60000610351562,247.4000015258789
1763888194943,126.60000610351562,247.4000015258789
1763888194960,130.60000610351562,249.4000015258789
1763888194976,133.60000610351562,249.4000015258789
1763888194993,136.60000610351562,250.4000015258789
1763888195093,133.60000610351562,251.4000015258789
1763888195110,128.60000610351562,251.4000015258789
1763888195126,124.60000610351562,252.4000015258789
1763888195143,122.60000610351562,254.4000015258789
1763888195160,120.60000610351562,254.4000015258789
1763888195176,117.60000610351562,254.4000015258789
1763888195193,115.60000610351562,254.4000015258789
1763888195210,112.60000610351562,254.4000015258789
1763888195226,109.60000610351562,254.4000015258789
1763888195243,108.60000610351562,254.4000015258789
1763888195260,107.60000610351562,254.4000015258789
1763888195392,108.60000610351562,254.4000015258789
1763888195409,110.60000610351562,256.4000015258789
1763888195432,111.60000610351562,256.4000015258789
1763888195476,111.60000610351562,256.4000015258789
1763888195493,113.60000610351562,256.4000015258789
1763888195509,118.60000610351562,255.4000015258789
1763888195526,121.60000610351562,255.4000015258789
1763888195543,123.60000610351562,255.4000015258789
1763888195559,124.60000610351562,255.4000015258789
1763888195576,125.60000610351562,255.4000015258789
1763888195626,127.60000610351562,255.4000015258789
1763888195642,133.60000610351562,251.4000015258789
1763888195659,137.60000610351562,250.4000015258789
1763888195676,139.60000610351562,249.4000015258789
1763888195744,138.60000610351562,249.4000015258789
1763888195759,135.60000610351562,250.4000015258789
1763888195776,127.60000610351562,252.4000015258789
1763888195792,122.60000610351562,253.4000015258789
1763888195809,118.60000610351562,253.4000015258789
1763888195826,113.60000610351562,253.4000015258789
1763888195842,110.60000610351562,253.4000015258789
1763888195859,108.60000610351562,254.4000015258789
1763888195912,106.60000610351562,254.4000015258789
1763888195926,105.60000610351562,255.4000015258789
1763888195942,103.60000610351562,257.4000015258789
1763888196040,106.60000610351562,258.4000015258789
1763888196048,108.60000610351562,258.4000015258789
1763888196059,112.60000610351562,259.4000015258789
1763888196075,117.60000610351562,259.4000015258789
1763888196092,122.60000610351562,261.4000015258789
1763888196109,125.60000610351562,261.4000015258789
1763888196125,130.60000610351562,261.4000015258789
1763888196142,134.60000610351562,261.4000015258789
1763888196159,138.60000610351562,261.4000015258789
1763888196175,140.60000610351562,261.4000015258789
1763888196275,138.60000610351562,261.4000015258789
1763888196292,135.60000610351562,261.4000015258789
1763888196309,128.60000610351562,261.4000015258789
1763888196325,121.60000610351562,261.4000015258789
1763888196342,114.60000610351562,261.4000015258789
1763888196358,109.60000610351562,262.4000015258789
1763888196375,106.60000610351562,263.4000015258789
1763888196392,104.60000610351562,263.4000015258789
1763888196408,102.60000610351562,263.4000015258789
1763888196425,100.60000610351562,261.4000015258789
1763888196512,101.60000610351562,261.4000015258789
1763888196525,101.60000610351562,261.4000015258789
1763888196544,102.60000610351562,262.4000015258789
1763888196558,103.60000610351562,263.4000015258789
1763888196575,104.60000610351562,263.4000015258789
1763888196592,108.60000610351562,264.4000015258789
1763888196608,110.60000610351562,264.4000015258789
1763888196625,112.60000610351562,265.4000015258789
1763888196642,113.60000610351562,265.4000015258789
1763888196658,115.60000610351562,265.4000015258789
1763888196675,117.60000610351562,265.4000015258789
1763888196692,120.60000610351562,265.4000015258789
1763888196741,120.60000610351562,265.4000015258789
1763888196758,122.60000610351562,265.4000015258789
1763888196775,123.60000610351562,266.4000015258789
1763888196791,124.60000610351562,266.4000015258789
1763888196808,129.60000610351562,266.4000015258789
1763888196825,132.60000610351562,266.4000015258789
1763888196841,136.60000610351562,266.4000015258789
1763888196858,139.60000610351562,266.4000015258789
1763888196936,139.60000610351562,265.4000015258789
1763888196944,138.60000610351562,265.4000015258789
1763888196958,136.60000610351562,264.4000015258789
1763888196975,132.60000610351562,262.4000015258789
1763888196991,130.60000610351562,260.4000015258789
1763888197008,127.60000610351562,256.4000015258789
1763888197025,127.60000610351562,253.4000015258789
1763888197048,127.60000610351562,253.4000015258789
1763888197064,126.60000610351562,253.4000015258789
1763888197075,125.60000610351562,253.4000015258789
1763888197091,123.60000610351562,251.4000015258789
1763888197108,121.60000610351562,251.4000015258789
1763888197125,119.60000610351562,251.4000015258789
1763888197141,116.60000610351562,250.4000015258789
1763888197158,115.60000610351562,250.4000015258789
1763888197174,114.60000610351562,249.4000015258789
1763888197191,113.60000610351562,249.4000015258789
1763888197216,112.60000610351562,249.4000015258789
1763888197232,110.60000610351562,248.4000015258789
1763888197248,109.60000610351562,247.4000015258789
1763888197258,108.60000610351562,246.4000015258789
1763888197288,108.60000610351562,245.4000015258789
1763888197296,108.60000610351562,244.4000015258789
1763888197308,109.60000610351562,242.4000015258789
1763888197324,113.60000610351562,239.4000015258789
1763888197341,118.60000610351562,237.4000015258789
1763888197358,120.60000610351562,237.4000015258789
1763888197374,123.60000610351562,237.4000015258789
1763888197391,124.60000610351562,237.4000015258789
1763888197408,128.60000610351562,237.4000015258789
1763888197424,128.60000610351562,238.4000015258789
1763888197441,129.60000610351562,239.4000015258789
1763888197458,130.60000610351562,239.4000015258789
1763888197474,132.60000610351562,239.4000015258789
1763888197491,135.60000610351562,239.4000015258789
1763888197508,137.60000610351562,239.4000015258789
1763888197576,135.60000610351562,239.4000015258789
1763888197591,130.60000610351562,238.4000015258789
1763888197607,121.60000610351562,236.4000015258789
1763888197624,113.60000610351562,236.4000015258789
1763888197641,109.60000610351562,236.4000015258789
1763888197657,108.60000610351562,235.4000015258789
1763888197674,107.60000610351562,235.4000015258789
1763888197691,105.60000610351562,234.4000015258789
1763888197712,104.60000610351562,233.4000015258789
1763888197724,103.60000610351562,232.4000015258789
1763888197741,99.60000610351562,229.4000015258789
1763888197760,99.60000610351562,228.4000015258789
1763888197840,100.60000610351562,228.4000015258789
1763888197857,107.60000610351562,228.4000015258789
1763888197874,117.60000610351562,228.4000015258789
1763888197890,122.60000610351562,228.4000015258789
1763888197907,124.60000610351562,228.4000015258789
1763888197924,126.60000610351562,229.4000015258789
1763888197952,126.60000610351562,229.4000015258789
1763888197990,129.60000610351562,226.4000015258789
1763888198007,129.60000610351562,225.4000015258789
1763888198024,129.60000610351562,224.4000015258789
1763888198040,128.60000610351562,222.4000015258789
1763888198057,127.60000610351562,221.4000015258789
1763888198074,125.60000610351562,219.4000015258789
1763888198090,121.60000610351562,219.4000015258789
1763888198107,120.60000610351562,219.4000015258789
1763888198124,117.60000610351562,219.4000015258789
1763888198140,115.60000610351562,219.4000015258789
1763888198157,113.60000610351562,219.4000015258789
1763888198174,111.60000610351562,219.4000015258789
1763888198192,109.60000610351562,218.4000015258789
1763888198216,109.60000610351562,217.4000015258789
1763888198232,108.60000610351562,216.4000015258789
1763888198273,108.60000610351562,216.4000015258789
1763888198290,108.60000610351562,215.4000015258789
1763888198307,111.60000610351562,213.4000015258789
1763888198323,116.60000610351562,213.4000015258789
1763888198340,119.60000610351562,213.4000015258789
1763888198357,122.60000610351562,213.4000015258789
1763888198373,124.60000610351562,213.4000015258789
1763888198390,125.60000610351562,213.4000015258789
1763888198464,126.60000610351562,213.4000015258789
1763888198507,127.60000610351562,213.4000015258789
1763888198523,126.60000610351562,212.4000015258789
1763888198540,125.60000610351562,212.4000015258789
1763888198557,122.60000610351562,212.4000015258789
1763888198632,121.60000610351562,211.4000015258789
1763888198656,121.60000610351562,210.4000015258789
1763888198673,121.60000610351562,209.4000015258789
1763888198690,123.60000610351562,206.4000015258789
1763888198706,125.60000610351562,206.4000015258789
1763888198723,129.60000610351562,204.4000015258789
1763888198740,132.60000610351562,204.4000015258789
1763888198756,136.60000610351562,204.4000015258789
1763888198773,139.60000610351562,204.4000015258789
1763888198790,141.60000610351562,204.4000015258789
1763888198806,143.60000610351562,204.4000015258789
1763888198888,141.60000610351562,204.4000015258789
1763888198896,138.60000610351562,202.4000015258789
1763888198906,137.60000610351562,202.4000015258789
1763888198923,129.60000610351562,201.4000015258789
1763888198940,123.60000610351562,199.4000015258789
1763888198956,119.60000610351562,198.4000015258789
1763888198973,118.60000610351562,198.4000015258789
1763888198990,117.60000610351562,198.4000015258789
1763888199056,115.60000610351562,197.4000015258789
1763888199112,115.60000610351562,197.4000015258789
1763888199160,115.60000610351562,196.4000015258789
1763888199176,116.60000610351562,195.4000015258789
1763888199192,117.60000610351562,195.4000015258789
1763888199208,120.60000610351562,195.4000015258789
1763888199223,121.60000610351562,195.4000015258789
1763888199239,124.60000610351562,195.4000015258789
1763888199256,127.60000610351562,195.4000015258789
1763888199273,129.60000610351562,195.4000015258789
1763888199392,127.60000610351562,195.4000015258789
1763888199406,126.60000610351562,195.4000015258789
1763888199422,122.60000610351562,195.4000015258789
1763888199439,118.60000610351562,195.4000015258789
1763888199456,114.60000610351562,199.4000015258789
1763888199472,110.60000610351562,204.4000015258789
1763888199489,109.60000610351562,206.4000015258789
1763888199506,108.60000610351562,207.4000015258789
1763888199672,109.60000610351562,207.4000015258789
1763888199689,113.60000610351562,207.4000015258789
1763888199706,116.60000610351562,207.4000015258789
1763888199722,119.60000610351562,207.4000015258789
1763888199744,119.60000610351562,207.4000015258789
1763888199756,120.60000610351562,208.4000015258789
1763888199805,120.60000610351562,209.4000015258789
1763888199822,119.60000610351562,211.4000015258789
1763888199839,119.60000610351562,214.4000015258789
1763888199855,116.60000610351562,215.4000015258789
1763888199872,111.60000610351562,215.4000015258789
1763888199889,110.60000610351562,215.4000015258789
1763888199939,108.60000610351562,215.4000015258789
1763888200008,109.60000610351562,216.4000015258789
1763888200022,111.60000610351562,217.4000015258789
1763888200039,117.60000610351562,219.4000015258789
1763888200055,119.60000610351562,220.4000015258789
1763888200072,121.60000610351562,220.4000015258789
1763888200089,122.60000610351562,220.4000015258789
1763888200105,123.60000610351562,220.4000015258789
1763888200122,124.60000610351562,220.4000015258789
1763888200139,125.60000610351562,220.4000015258789
1763888200155,126.60000610351562,222.4000015258789
1763888200205,126.60000610351562,223.4000015258789
1763888200222,125.60000610351562,226.4000015258789
1763888200238,121.60000610351562,226.4000015258789
1763888200255,119.60000610351562,227.4000015258789
1763888200272,116.60000610351562,229.4000015258789
1763888200288,115.60000610351562,229.4000015258789
1763888200432,115.60000610351562,228.4000015258789
1763888200472,121.60000610351562,227.4000015258789
1763888200488,128.60000610351562,227.4000015258789
1763888200505,130.60000610351562,227.4000015258789
1763888200522,131.60000610351562,227.4000015258789
1763888200538,133.60000610351562,227.4000015258789
1763888200616,132.60000610351562,227.4000015258789
1763888200624,131.60000610351562,227.4000015258789
1763888200638,130.60000610351562,227.4000015258789
1763888200655,126.60000610351562,227.4000015258789
1763888200672,124.60000610351562,227.4000015258789
1763888200688,120.60000610351562,227.4000015258789
1763888200705,116.60000610351562,226.4000015258789
1763888200721,113.60000610351562,226.4000015258789
1763888200738,109.60000610351562,224.4000015258789
1763888200755,108.60000610351562,224.4000015258789
1763888200816,106.60000610351562,224.4000015258789
1763888200928,107.60000610351562,224.4000015258789
1763888200938,108.60000610351562,224.4000015258789
1763888200955,112.60000610351562,224.4000015258789
1763888200971,115.60000610351562,224.4000015258789
1763888200988,120.60000610351562,224.4000015258789
1763888201004,124.60000610351562,227.4000015258789
1763888201021,127.60000610351562,227.4000015258789
1763888201040,128.60000610351562,229.4000015258789
1763888201064,129.60000610351562,230.4000015258789
1763888201072,129.60000610351562,231.4000015258789
1763888201088,129.60000610351562,231.4000015258789
1763888201104,127.60000610351562,237.4000015258789
1763888201121,123.60000610351562,240.4000015258789
1763888201138,119.60000610351562,241.4000015258789
1763888201154,117.60000610351562,241.4000015258789
1763888201171,115.60000610351562,241.4000015258789
1763888201188,115.60000610351562,241.4000015258789
1763888201204,111.60000610351562,241.4000015258789
1763888201221,108.60000610351562,241.4000015258789
1763888201238,107.60000610351562,242.4000015258789
1763888201344,109.60000610351562,242.4000015258789
1763888201354,114.60000610351562,242.4000015258789
1763888201371,122.60000610351562,244.4000015258789
1763888201388,125.60000610351562,244.4000015258789
1763888201404,128.60000610351562,244.4000015258789
1763888201421,129.60000610351562,244.4000015258789
1763888201437,132.60000610351562,244.4000015258789
1763888201454,134.60000610351562,245.4000015258789
1763888201554,134.60000610351562,245.4000015258789
1763888201571,130.60000610351562,247.4000015258789
1763888201587,120.60000610351562,250.4000015258789
1763888201604,115.60000610351562,253.4000015258789
1763888201621,111.60000610351562,254.4000015258789
1763888201637,110.60000610351562,254.4000015258789
1763888201654,109.60000610351562,254.4000015258789
1763888201671,108.60000610351562,254.4000015258789
1763888201687,107.60000610351562,254.4000015258789
1763888201704,103.60000610351562,254.4000015258789
1763888201720,101.60000610351562,255.4000015258789
1763888201737,99.60000610351562,256.4000015258789
1763888201754,98.60000610351562,257.4000015258789
1763888201840,98.60000610351562,257.4000015258789
1763888201856,101.60000610351562,259.4000015258789
1763888201870,101.60000610351562,259.4000015258789
1763888201887,104.60000610351562,259.4000015258789
1763888201904,105.60000610351562,259.4000015258789
1763888201920,107.60000610351562,259.4000015258789
1763888201944,109.60000610351562,260.4000015258789
1763888201968,110.60000610351562,261.4000015258789
1763888201984,111.60000610351562,261.4000015258789
1763888201992,112.60000610351562,262.4000015258789
1763888202008,113.60000610351562,262.4000015258789
1763888202020,115.60000610351562,262.4000015258789
1763888202037,119.60000610351562,262.4000015258789
1763888202054,124.60000610351562,262.4000015258789
1763888202070,126.60000610351562,262.4000015258789
1763888202087,126.60000610351562,262.4000015258789
1763888202160,126.60000610351562,263.4000015258789
1763888202170,125.60000610351562,263.4000015258789
1763888202187,122.60000610351562,263.4000015258789
1763888202203,118.60000610351562,264.4000015258789
1763888202220,115.60000610351562,265.4000015258789
1763888202237,113.60000610351562,266.4000015258789
1763888202253,111.60000610351562,268.4000015258789
1763888202270,108.60000610351562,268.4000015258789
1763888202287,107.60000610351562,268.4000015258789
1763888202303,106.60000610351562,268.4000015258789
1763888202336,105.60000610351562,268.4000015258789
1763888202353,103.60000610351562,269.4000015258789
1763888202440,108.60000610351562,268.4000015258789
1763888202453,112.60000610351562,268.4000015258789
1763888202470,118.60000610351562,267.4000015258789
1763888202487,120.60000610351562,267.4000015258789
1763888202503,124.60000610351562,267.4000015258789
1763888202520,132.60000610351562,267.4000015258789
1763888202536,137.60000610351562,267.4000015258789
1763888202553,139.60000610351562,267.4000015258789
1763888202576,140.60000610351562,267.4000015258789
1763888202600,141.60000610351562,267.4000015258789
1763888202636,142.60000610351562,266.4000015258789
1763888202653,142.60000610351562,265.4000015258789
1763888202670,142.60000610351562,263.4000015258789
1763888202686,137.60000610351562,257.4000015258789
1763888202703,133.60000610351562,253.4000015258789
1763888202720,128.60000610351562,249.4000015258789
1763888202752,127.60000610351562,249.4000015258789
1763888202770,126.60000610351562,249.4000015258789
1763888202819,126.60000610351562,249.4000015258789
1763888202836,124.60000610351562,247.4000015258789
1763888202853,124.60000610351562,246.4000015258789
1763888202869,124.60000610351562,245.4000015258789
1763888202886,125.60000610351562,243.4000015258789
1763888202903,126.60000610351562,242.4000015258789
1763888202920,129.60000610351562,242.4000015258789
1763888202936,130.60000610351562,240.4000015258789
1763888202953,132.60000610351562,238.4000015258789
1763888202969,134.60000610351562,237.4000015258789
1763888202986,135.60000610351562,235.4000015258789
1763888203003,136.60000610351562,233.4000015258789
1763888203019,136.60000610351562,231.4000015258789
1763888203036,134.60000610351562,227.4000015258789
1763888203053,133.60000610351562,226.4000015258789
1763888203069,130.60000610351562,223.4000015258789
1763888203086,126.60000610351562,221.4000015258789
1763888203103,125.60000610351562,219.4000015258789
1763888203119,124.60000610351562,219.4000015258789
1763888203136,122.60000610351562,218.4000015258789
1763888203153,121.60000610351562,217.4000015258789
1763888203169,119.60000610351562,214.4000015258789
1763888203186,119.60000610351562,212.4000015258789
1763888203203,119.60000610351562,208.4000015258789
1763888203219,121.60000610351562,204.4000015258789
1763888203236,122.60000610351562,202.4000015258789
1763888203253,125.60000610351562,200.4000015258789
1763888203269,126.60000610351562,198.4000015258789
1763888203286,127.60000610351562,197.4000015258789
1763888203303,129.60000610351562,196.4000015258789
1763888203319,129.60000610351562,195.4000015258789
1763888203440,129.60000610351562,195.4000015258789
1763888203486,129.60000610351562,194.4000015258789
1763888203502,133.60000610351562,192.4000015258789
1763888203519,137.60000610351562,190.4000015258789
1763888203536,138.60000610351562,189.4000015258789
1763888203552,139.60000610351562,188.4000015258789
1763888203602,137.60000610351562,186.4000015258789
1763888203619,126.60000610351562,183.4000015258789
1763888203636,115.60000610351562,180.4000015258789
1763888203652,113.60000610351562,180.4000015258789
1763888203669,111.60000610351562,178.4000015258789
1763888203685,109.60000610351562,178.4000015258789
1763888203776,109.60000610351562,177.4000015258789
1763888203792,109.60000610351562,176.4000015258789
1763888203816,110.60000610351562,174.4000015258789
1763888203824,111.60000610351562,174.4000015258789
1763888203835,112.60000610351562,173.4000015258789
1763888203852,113.60000610351562,173.4000015258789
1763888203869,114.60000610351562,173.4000015258789
1763888203885,117.60000610351562,173.4000015258789
1763888203902,118.60000610351562,173.4000015258789
1763888203919,120.60000610351562,172.4000015258789
1763888203935,121.60000610351562,171.4000015258789
1763888203952,124.60000610351562,168.4000015258789
1763888203969,126.60000610351562,166.4000015258789
1763888204032,128.60000610351562,166.4000015258789
1763888204048,128.60000610351562,165.4000015258789
1763888204064,128.60000610351562,164.4000015258789
1763888204072,129.60000610351562,163.4000015258789
1763888204088,129.60000610351562,162.4000015258789
1763888204102,129.60000610351562,160.4000015258789
1763888204118,130.60000610351562,157.4000015258789
1763888204135,131.60000610351562,156.4000015258789
1763888204152,132.60000610351562,155.4000015258789
1763888204224,132.60000610351562,153.4000015258789
1763888204240,132.60000610351562,153.4000015258789
1763888204688,132.60000610351562,128.4000015258789
1763888204702,134.60000610351562,128.4000015258789
1763888204719,135.60000610351562,126.4000015258789
1763888204735,135.60000610351562,125.4000015258789
1763888204752,135.60000610351562,125.4000015258789
1763888204769,134.60000610351562,124.4000015258789
1763888204791,134.60000610351562,122.4000015258789
1763888204807,130.60000610351562,120.4000015258789
1763888204824,128.60000610351562,117.4000015258789
1763888204841,127.60000610351562,113.4000015258789
1763888204857,127.60000610351562,113.4000015258789
1763888204874,126.60000610351562,109.4000015258789
1763888204891,126.60000610351562,109.4000015258789
1763888204960,126.60000610351562,108.4000015258789
1763888204974,128.60000610351562,106.4000015258789
1763888204991,132.60000610351562,105.4000015258789
1763888205040,132.60000610351562,104.4000015258789
1763888205093,131.60000610351562,104.4000015258789
1763888205107,127.60000610351562,101.4000015258789
1763888205124,123.60000610351562,100.4000015258789
1763888205140,123.60000610351562,100.4000015258789
1763888205157,122.60000610351562,99.4000015258789
1763888205174,121.60000610351562,99.4000015258789
1763888205192,120.60000610351562,98.4000015258789
1763888205207,120.60000610351562,98.4000015258789
1763888205224,118.60000610351562,97.4000015258789
1763888205248,119.60000610351562,96.4000015258789
1763888205264,120.60000610351562,96.4000015258789
1763888205288,121.60000610351562,96.4000015258789
1763888205296,122.60000610351562,97.4000015258789
1763888205407,120.60000610351562,94.4000015258789
1763888205424,116.60000610351562,92.4000015258789
1763888205440,114.60000610351562,91.4000015258789
1763888205504,113.60000610351562,90.4000015258789
1763888205520,113.60000610351562,90.4000015258789
1763888205528,112.60000610351562,89.4000015258789
1763888205544,113.60000610351562,87.4000015258789
1763888205557,114.60000610351562,87.4000015258789
1763888205573,117.60000610351562,84.4000015258789
1763888205623,117.60000610351562,84.4000015258789
1763888205640,119.60000610351562,84.4000015258789
1763888205672,121.60000610351562,85.4000015258789
1763888205777,121.60000610351562,86.4000015258789
1763888205790,119.60000610351562,86.4000015258789
1763888205807,112.60000610351562,86.4000015258789
1763888205823,109.60000610351562,86.4000015258789
1763888205840,107.60000610351562,86.4000015258789
1763888205856,107.60000610351562,86.4000015258789
1763888205906,106.60000610351562,85.4000015258789
1763888205956,112.60000610351562,83.4000015258789
1763888205973,124.60000610351562,83.4000015258789
1763888205990,130.60000610351562,83.4000015258789
1763888206006,132.60000610351562,83.4000015258789
1763888206120,130.60000610351562,83.4000015258789
1763888206128,128.60000610351562,82.4000015258789
1763888206140,127.60000610351562,81.4000015258789
1763888206156,126.60000610351562,80.4000015258789
1763888206173,125.60000610351562,80.4000015258789
1763888206190,124.60000610351562,80.4000015258789
1763888206206,121.60000610351562,80.4000015258789
1763888206223,121.60000610351562,80.4000015258789
1763888206240,118.60000610351562,79.4000015258789
1763888206256,118.60000610351562,78.4000015258789
1763888206288,117.60000610351562,77.4000015258789
1763888206305,116.60000610351562,77.4000015258789
1763888206339,115.60000610351562,76.4000015258789
1763888206432,116.60000610351562,76.4000015258789
1763888206440,117.60000610351562,76.4000015258789
1763888206456,120.60000610351562,76.4000015258789
1763888206473,121.60000610351562,76.4000015258789
1763888206489,122.60000610351562,76.4000015258789
1763888206506,123.60000610351562,76.4000015258789
1763888206576,122.60000610351562,76.4000015258789
1763888206589,120.60000610351562,76.4000015258789
1763888206606,116.60000610351562,76.4000015258789
1763888206622,111.60000610351562,76.4000015258789
1763888206639,108.60000610351562,75.4000015258789
1763888206656,102.60000610351562,73.4000015258789
1763888206672,101.60000610351562,73.4000015258789
1763888206760,102.60000610351562,73.4000015258789
1763888206772,102.60000610351562,73.4000015258789
1763888206789,105.60000610351562,73.4000015258789
1763888206806,109.60000610351562,73.4000015258789
1763888206822,112.60000610351562,73.4000015258789
1763888206839,115.60000610351562,72.4000015258789
1763888206856,116.60000610351562,72.4000015258789
1763888206872,117.60000610351562,72.4000015258789
1763888206889,118.60000610351562,72.4000015258789
1763888206906,119.60000610351562,72.4000015258789
1763888206922,120.60000610351562,72.4000015258789
1763888206939,123.60000610351562,72.4000015258789
1763888206955,124.60000610351562,72.4000015258789
1763888207096,123.60000610351562,72.4000015258789
1763888207105,122.60000610351562,72.4000015258789
1763888207122,120.60000610351562,72.4000015258789
1763888207172,119.60000610351562,72.4000015258789
1763888207200,119.60000610351562,72.4000015258789
1763888207208,119.60000610351562,71.4000015258789
1763888207232,119.60000610351562,69.4000015258789
1763888207240,119.60000610351562,69.4000015258789
1763888207255,119.60000610351562,67.4000015258789
1763888207272,119.60000610351562,66.4000015258789
1763888207322,118.60000610351562,64.4000015258789
1763888207339,117.60000610351562,64.4000015258789
1763888207569,116.60000610351562,64.4000015258789
1763888207576,116.60000610351562,64.4000015258789
1763888207588,112.60000610351562,64.4000015258789
1763888207605,108.60000610351562,64.4000015258789
1763888207622,107.60000610351562,64.4000015258789
1763888207704,108.60000610351562,64.4000015258789
1763888207712,108.60000610351562,64.4000015258789
1763888207728,110.60000610351562,64.4000015258789
1763888207744,111.60000610351562,64.4000015258789
1763888207758,111.60000610351562,65.4000015258789
1763888207774,113.60000610351562,66.4000015258789
1763888207791,115.60000610351562,67.4000015258789
1763888207808,117.60000610351562,67.4000015258789
1763888207824,118.60000610351562,68.4000015258789
1763888207841,119.60000610351562,69.4000015258789
1763888207976,118.60000610351562,69.4000015258789
1763888207992,117.60000610351562,69.4000015258789
1763888208041,116.60000610351562,69.4000015258789
1763888208064,117.60000610351562,67.4000015258789
1763888208080,117.60000610351562,66.4000015258789
1763888208124,119.60000610351562,65.4000015258789
1763888208141,120.60000610351562,65.4000015258789
1763888208168,121.60000610351562,65.4000015258789
1763888208184,121.60000610351562,65.4000015258789
1763888208192,122.60000610351562,65.4000015258789
1763888208216,123.60000610351562,65.4000015258789
1763888208240,124.60000610351562,65.4000015258789
1763888208257,125.60000610351562,65.4000015258789
1763888208274,127.60000610351562,66.4000015258789
1763888208291,127.60000610351562,66.4000015258789
1763888208307,127.60000610351562,67.4000015258789
1763888208328,127.60000610351562,69.4000015258789
1763888208344,127.60000610351562,69.4000015258789
1763888208360,127.60000610351562,71.4000015258789
1763888208374,127.60000610351562,72.4000015258789
1763888208390,126.60000610351562,77.4000015258789
1763888208407,123.60000610351562,79.4000015258789
1763888208424,122.60000610351562,80.4000015258789
1763888208480,121.60000610351562,80.4000015258789
1763888208490,120.60000610351562,81.4000015258789
1763888208507,118.60000610351562,81.4000015258789
1763888208524,117.60000610351562,81.4000015258789
1763888208540,116.60000610351562,81.4000015258789
1763888208600,117.60000610351562,82.4000015258789
1763888208608,118.60000610351562,82.4000015258789
1763888208624,119.60000610351562,82.4000015258789
1763888208640,120.60000610351562,82.4000015258789
1763888208657,122.60000610351562,82.4000015258789
1763888208673,123.60000610351562,82.4000015258789
1763888208690,124.60000610351562,82.4000015258789
1763888208707,125.60000610351562,83.4000015258789
1763888208760,125.60000610351562,83.4000015258789
1763888208773,123.60000610351562,86.4000015258789
1763888208790,120.60000610351562,87.4000015258789
1763888208807,116.60000610351562,88.4000015258789
1763888208823,115.60000610351562,89.4000015258789
1763888208856,114.60000610351562,89.4000015258789
1763888208873,113.60000610351562,89.4000015258789
1763888208904,112.60000610351562,89.4000015258789
1763888208952,111.60000610351562,88.4000015258789
1763888209008,115.60000610351562,88.4000015258789
1763888209023,115.60000610351562,88.4000015258789
1763888209040,120.60000610351562,89.4000015258789
1763888209064,121.60000610351562,89.4000015258789
1763888209073,122.60000610351562,89.4000015258789
1763888209090,123.60000610351562,89.4000015258789
1763888209106,126.60000610351562,91.4000015258789
1763888209123,127.60000610351562,91.4000015258789
1763888209140,127.60000610351562,91.4000015258789
1763888209156,129.60000610351562,91.4000015258789
1763888209206,130.60000610351562,91.4000015258789
1763888209223,130.60000610351562,91.4000015258789
1763888209240,130.60000610351562,92.4000015258789
1763888209290,129.60000610351562,93.4000015258789
1763888209306,124.60000610351562,95.4000015258789
1763888209323,121.60000610351562,95.4000015258789
1763888209340,118.60000610351562,96.4000015258789
1763888209356,115.60000610351562,96.4000015258789
1763888209373,111.60000610351562,96.4000015258789
1763888209390,109.60000610351562,96.4000015258789
1763888209406,106.60000610351562,97.4000015258789
1763888209480,106.60000610351562,97.4000015258789
1763888209523,111.60000610351562,100.4000015258789
1763888209539,118.60000610351562,101.4000015258789
1763888209556,121.60000610351562,101.4000015258789
1763888209573,122.60000610351562,101.4000015258789
1763888209632,121.60000610351562,101.4000015258789
1763888209640,118.60000610351562,103.4000015258789
1763888209656,114.60000610351562,103.4000015258789
1763888209673,110.60000610351562,105.4000015258789
1763888209689,109.60000610351562,105.4000015258789
1763888209706,107.60000610351562,105.4000015258789
1763888209784,106.60000610351562,105.4000015258789
1763888209792,106.60000610351562,106.4000015258789
1763888209806,108.60000610351562,107.4000015258789
1763888209823,112.60000610351562,109.4000015258789
1763888209839,119.60000610351562,110.4000015258789
1763888209856,122.60000610351562,110.4000015258789
1763888209872,126.60000610351562,110.4000015258789
1763888209889,127.60000610351562,110.4000015258789
1763888209906,129.60000610351562,110.4000015258789
1763888209922,131.60000610351562,110.4000015258789
1763888209952,131.60000610351562,111.4000015258789
1763888210000,131.60000610351562,111.4000015258789
1763888210016,131.60000610351562,112.4000015258789
1763888210024,131.60000610351562,113.4000015258789
1763888210072,131.60000610351562,113.4000015258789
1763888210096,130.60000610351562,113.4000015258789
1763888210112,129.60000610351562,113.4000015258789
1763888210136,127.60000610351562,113.4000015258789
1763888210176,125.60000610351562,113.4000015258789
1763888210189,124.60000610351562,113.4000015258789
1763888210206,120.60000610351562,114.4000015258789
1763888210222,117.60000610351562,116.4000015258789
1763888210239,116.60000610351562,117.4000015258789
1763888210256,114.60000610351562,117.4000015258789
1763888210272,113.60000610351562,118.4000015258789
1763888210289,112.60000610351562,119.4000015258789
1763888210512,112.60000610351562,119.4000015258789
1763888210522,114.60000610351562,119.4000015258789
1763888210538,117.60000610351562,119.4000015258789
1763888210555,128.60000610351562,119.4000015258789
1763888210572,133.60000610351562,119.4000015258789
1763888210589,136.60000610351562,119.4000015258789
1763888210611,138.60000610351562,121.4000015258789
1763888210627,139.60000610351562,121.4000015258789
1763888210696,137.60000610351562,123.4000015258789
1763888210711,134.60000610351562,123.4000015258789
1763888210727,129.60000610351562,123.4000015258789
1763888210744,125.60000610351562,124.4000015258789
1763888210768,124.60000610351562,124.4000015258789
1763888210840,123.60000610351562,124.4000015258789
1763888210848,121.60000610351562,124.4000015258789
1763888210861,120.60000610351562,124.4000015258789
1763888210877,118.60000610351562,125.4000015258789
1763888210904,119.60000610351562,125.4000015258789
1763888210912,120.60000610351562,126.4000015258789
1763888210927,120.60000610351562,126.4000015258789
1763888210944,122.60000610351562,126.4000015258789
1763888210961,124.60000610351562,128.4000015258789
1763888210984,125.60000610351562,128.4000015258789
1763888211000,126.60000610351562,128.4000015258789
1763888211010,127.60000610351562,129.4000015258789
1763888211096,127.60000610351562,126.4000015258789
1763888211110,127.60000610351562,124.4000015258789
1763888211127,127.60000610351562,118.4000015258789
1763888211144,127.60000610351562,116.4000015258789
1763888211160,125.60000610351562,109.4000015258789
1763888211177,122.60000610351562,108.4000015258789
1763888211194,122.60000610351562,106.4000015258789
1763888211272,122.60000610351562,108.4000015258789
1763888211280,120.60000610351562,110.4000015258789
1763888211293,120.60000610351562,111.4000015258789
1763888211310,119.60000610351562,115.4000015258789
1763888211327,117.60000610351562,119.4000015258789
1763888211344,116.60000610351562,121.4000015258789
1763888211360,114.60000610351562,123.4000015258789
1763888211480,113.60000610351562,123.4000015258789
1763888211527,114.60000610351562,124.4000015258789
1763888211543,115.60000610351562,124.4000015258789
1763888211560,118.60000610351562,126.4000015258789
1763888211577,118.60000610351562,129.4000015258789
1763888211593,118.60000610351562,133.4000015258789
1763888211610,118.60000610351562,136.4000015258789
1763888211627,116.60000610351562,137.4000015258789
1763888211643,115.60000610351562,138.4000015258789
1763888211693,116.60000610351562,141.4000015258789
1763888211710,118.60000610351562,143.4000015258789
1763888211727,119.60000610351562,144.4000015258789
1763888211743,119.60000610351562,146.4000015258789
1763888211760,120.60000610351562,146.4000015258789
1763888211784,121.60000610351562,146.4000015258789
1763888211793,122.60000610351562,147.4000015258789
1763888211816,125.60000610351562,148.4000015258789
1763888211840,127.60000610351562,148.4000015258789
1763888211848,129.60000610351562,149.4000015258789
1763888211860,131.60000610351562,149.4000015258789
1763888211880,132.60000610351562,149.4000015258789
1763888211896,133.60000610351562,149.4000015258789
1763888211910,136.60000610351562,148.4000015258789
1763888211926,140.60000610351562,146.4000015258789
1763888211943,141.60000610351562,145.4000015258789
1763888212016,141.60000610351562,146.4000015258789
1763888212032,141.60000610351562,147.4000015258789
1763888212043,140.60000610351562,149.4000015258789
1763888212060,138.60000610351562,151.4000015258789
1763888212109,138.60000610351562,152.4000015258789
1763888212128,138.60000610351562,152.4000015258789
1763888212143,139.60000610351562,153.4000015258789
1763888212159,141.60000610351562,155.4000015258789
1763888212176,145.60000610351562,158.4000015258789
1763888212193,148.60000610351562,159.4000015258789
1763888212297,148.60000610351562,159.4000015258789
1763888212309,148.60000610351562,161.4000015258789
1763888212326,145.60000610351562,165.4000015258789
1763888212343,145.60000610351562,166.4000015258789
1763888212359,144.60000610351562,169.4000015258789
1763888212409,144.60000610351562,170.4000015258789
1763888212528,143.60000610351562,170.4000015258789
1763888212542,143.60000610351562,171.4000015258789
1763888212559,146.60000610351562,175.4000015258789
1763888212576,146.60000610351562,176.4000015258789
1763888212592,147.60000610351562,176.4000015258789
1763888212648,145.60000610351562,178.4000015258789
1763888212659,144.60000610351562,179.4000015258789
1763888212676,141.60000610351562,181.4000015258789
1763888212692,139.60000610351562,181.4000015258789
1763888212776,138.60000610351562,182.4000015258789
1763888212800,138.60000610351562,182.4000015258789
1763888212824,139.60000610351562,183.4000015258789
1763888212832,140.60000610351562,183.4000015258789
1763888212856,141.60000610351562,183.4000015258789
1763888212864,141.60000610351562,184.4000015258789
1763888212909,142.60000610351562,185.4000015258789
1763888212936,143.60000610351562,186.4000015258789
1763888212944,143.60000610351562,187.4000015258789
1763888212959,143.60000610351562,188.4000015258789
1763888212975,143.60000610351562,189.4000015258789
1763888212992,143.60000610351562,191.4000015258789
1763888213009,143.60000610351562,192.4000015258789
1763888213025,143.60000610351562,193.4000015258789
1763888213042,143.60000610351562,195.4000015258789
1763888213059,143.60000610351562,196.4000015258789
1763888213075,143.60000610351562,198.4000015258789
1763888213092,143.60000610351562,199.4000015258789
1763888213109,142.60000610351562,201.4000015258789
1763888213125,141.60000610351562,202.4000015258789
1763888213142,140.60000610351562,202.4000015258789
1763888213159,137.60000610351562,203.4000015258789
1763888213175,136.60000610351562,203.4000015258789
1763888213192,136.60000610351562,203.4000015258789
1763888213209,134.60000610351562,203.4000015258789
1763888213225,133.60000610351562,203.4000015258789
1763888213280,132.60000610351562,203.4000015258789
1763888213292,132.60000610351562,203.4000015258789
1763888213308,129.60000610351562,203.4000015258789
1763888213369,128.60000610351562,203.4000015258789
1763888213384,127.60000610351562,203.4000015258789
1763888213392,126.60000610351562,204.4000015258789
1763888213408,126.60000610351562,205.4000015258789
1763888213440,126.60000610351562,206.4000015258789
1763888213475,126.60000610351562,208.4000015258789
1763888213492,127.60000610351562,209.4000015258789
1763888213508,128.60000610351562,209.4000015258789
1763888213525,131.60000610351562,211.4000015258789
1763888213542,134.60000610351562,213.4000015258789
1763888213558,136.60000610351562,213.4000015258789
1763888213575,137.60000610351562,213.4000015258789
1763888213744,136.60000610351562,213.4000015258789
1763888213758,134.60000610351562,212.4000015258789
1763888213775,134.60000610351562,211.4000015258789
1763888213791,134.60000610351562,209.4000015258789
1763888213808,134.60000610351562,204.4000015258789
1763888213825,134.60000610351562,201.4000015258789
1763888213841,136.60000610351562,198.4000015258789
1763888213858,138.60000610351562,197.4000015258789
1763888213984,138.60000610351562,198.4000015258789
1763888213992,138.60000610351562,199.4000015258789
1763888214008,138.60000610351562,200.4000015258789
1763888214024,135.60000610351562,207.4000015258789
1763888214041,135.60000610351562,212.4000015258789
1763888214058,134.60000610351562,216.4000015258789
1763888214074,134.60000610351562,219.4000015258789
1763888214091,134.60000610351562,222.4000015258789
1763888214185,134.60000610351562,224.4000015258789
1763888214192,134.60000610351562,224.4000015258789
1763888214208,134.60000610351562,227.4000015258789
1763888214224,134.60000610351562,232.4000015258789
1763888214274,137.60000610351562,232.4000015258789
1763888214291,139.60000610351562,232.4000015258789
1763888214308,141.60000610351562,231.4000015258789
1763888214324,142.60000610351562,231.4000015258789
1763888214344,142.60000610351562,231.4000015258789
1763888214368,144.60000610351562,231.4000015258789
1763888214424,144.60000610351562,231.4000015258789
1763888214474,144.60000610351562,232.4000015258789
1763888214491,144.60000610351562,235.4000015258789
1763888214507,141.60000610351562,237.4000015258789
1763888214528,141.60000610351562,238.4000015258789
1763888214544,141.60000610351562,239.4000015258789
1763888214557,141.60000610351562,239.4000015258789
1763888214574,142.60000610351562,242.4000015258789
1763888214591,143.60000610351562,245.4000015258789
1763888214607,143.60000610351562,249.4000015258789
1763888214624,144.60000610351562,251.4000015258789
1763888214680,144.60000610351562,252.4000015258789
1763888214691,144.60000610351562,253.4000015258789
1763888214707,142.60000610351562,255.4000015258789
1763888214724,141.60000610351562,256.4000015258789
1763888214741,140.60000610351562,258.4000015258789
1763888214760,138.60000610351562,258.4000015258789
1763888214774,137.60000610351562,258.4000015258789
1763888214790,135.60000610351562,258.4000015258789
1763888214807,134.60000610351562,259.4000015258789
1763888214952,135.60000610351562,260.4000015258789
1763888215016,135.60000610351562,260.4000015258789
1763888215024,135.60000610351562,261.4000015258789
1763888215040,135.60000610351562,262.4000015258789
1763888215057,135.60000610351562,263.4000015258789
1763888215074,135.60000610351562,265.4000015258789
1763888215090,135.60000610351562,266.4000015258789
1763888215107,134.60000610351562,267.4000015258789
1763888215124,134.60000610351562,268.4000015258789
1763888215140,130.60000610351562,268.4000015258789
1763888215157,130.60000610351562,268.4000015258789
1763888215173,128.60000610351562,268.4000015258789
1763888215190,127.60000610351562,268.4000015258789
1763888215207,126.60000610351562,268.4000015258789
1763888215336,126.60000610351562,268.4000015258789
1763888215344,127.60000610351562,267.4000015258789
1763888215357,129.60000610351562,267.4000015258789
1763888215373,134.60000610351562,265.4000015258789
1763888215390,135.60000610351562,264.4000015258789
1763888215407,137.60000610351562,263.4000015258789
1763888215423,139.60000610351562,263.4000015258789
1763888215440,141.60000610351562,263.4000015258789
1763888215470,143.60000610351562,263.4000015258789
1763888215489,144.60000610351562,263.4000015258789
1763888215507,145.60000610351562,263.4000015258789
1763888215523,148.60000610351562,261.4000015258789
1763888215540,148.60000610351562,260.4000015258789
1763888215590,146.60000610351562,260.4000015258789
1763888215606,144.60000610351562,258.4000015258789
1763888215623,138.60000610351562,253.4000015258789
1763888215640,130.60000610351562,246.4000015258789
1763888215656,124.60000610351562,237.4000015258789
1763888215673,124.60000610351562,235.4000015258789
1763888215690,124.60000610351562,234.4000015258789
1763888215720,124.60000610351562,233.4000015258789
1763888215737,125.60000610351562,232.4000015258789
1763888215752,126.60000610351562,230.4000015258789
1763888215760,128.60000610351562,229.4000015258789
1763888215773,130.60000610351562,227.4000015258789
1763888215790,136.60000610351562,226.4000015258789
1763888215806,140.60000610351562,226.4000015258789
1763888215823,141.60000610351562,226.4000015258789
1763888215840,144.60000610351562,226.4000015258789
1763888215864,145.60000610351562,226.4000015258789
1763888215873,146.60000610351562,226.4000015258789
1763888215890,148.60000610351562,226.4000015258789
1763888215906,148.60000610351562,226.4000015258789
1763888215928,150.60000610351562,226.4000015258789
1763888215989,150.60000610351562,225.4000015258789
1763888216006,147.60000610351562,224.4000015258789
1763888216023,144.60000610351562,222.4000015258789
1763888216039,142.60000610351562,221.4000015258789
1763888216056,139.60000610351562,219.4000015258789
1763888216088,138.60000610351562,218.4000015258789
1763888216106,136.60000610351562,218.4000015258789
1763888216136,135.60000610351562,218.4000015258789
1763888216144,134.60000610351562,217.4000015258789
1763888216322,132.60000610351562,217.4000015258789
1763888216339,128.60000610351562,217.4000015258789
1763888216356,125.60000610351562,217.4000015258789
1763888216372,123.60000610351562,217.4000015258789
1763888216389,121.60000610351562,217.4000015258789
1763888216408,120.60000610351562,217.4000015258789
1763888216422,119.60000610351562,216.4000015258789
1763888216439,119.60000610351562,215.4000015258789
1763888216456,119.60000610351562,214.4000015258789
1763888216472,119.60000610351562,213.4000015258789
1763888216585,119.60000610351562,215.4000015258789
1763888216592,119.60000610351562,216.4000015258789
1763888216606,119.60000610351562,218.4000015258789
1763888216622,118.60000610351562,220.4000015258789
1763888216639,117.60000610351562,222.4000015258789
1763888216689,116.60000610351562,223.4000015258789
1763888216745,116.60000610351562,223.4000015258789
1763888216793,115.60000610351562,223.4000015258789
1763888216805,113.60000610351562,224.4000015258789
1763888216822,111.60000610351562,226.4000015258789
1763888216839,111.60000610351562,227.4000015258789
1763888216855,111.60000610351562,228.4000015258789
1763888216872,112.60000610351562,230.4000015258789
1763888216889,113.60000610351562,230.4000015258789
1763888216905,116.60000610351562,231.4000015258789
1763888216922,118.60000610351562,231.4000015258789
1763888216939,119.60000610351562,231.4000015258789
1763888216955,120.60000610351562,232.4000015258789
1763888216976,121.60000610351562,233.4000015258789
1763888216992,121.60000610351562,233.4000015258789
1763888217005,121.60000610351562,234.4000015258789
1763888217022,118.60000610351562,238.4000015258789
1763888217039,114.60000610351562,238.4000015258789
1763888217055,110.60000610351562,239.4000015258789
1763888217072,107.60000610351562,239.4000015258789
1763888217088,105.60000610351562,239.4000015258789
1763888217105,102.60000610351562,240.4000015258789
1763888217122,101.60000610351562,241.4000015258789
1763888217138,100.60000610351562,242.4000015258789
1763888217273,100.60000610351562,241.4000015258789
1763888217288,100.60000610351562,239.4000015258789
1763888217305,100.60000610351562,235.4000015258789
1763888217322,100.60000610351562,231.4000015258789
1763888217338,100.60000610351562,225.4000015258789
1763888217355,100.60000610351562,220.4000015258789
1763888217372,100.60000610351562,214.4000015258789
1763888217388,100.60000610351562,210.4000015258789
1763888217405,100.60000610351562,207.4000015258789
1763888217422,102.60000610351562,206.4000015258789
1763888217448,104.60000610351562,206.4000015258789
1763888217456,106.60000610351562,206.4000015258789
1763888217472,107.60000610351562,206.4000015258789
1763888217488,108.60000610351562,206.4000015258789
1763888217569,109.60000610351562,205.4000015258789
1763888217576,109.60000610351562,204.4000015258789
1763888217649,111.60000610351562,204.4000015258789
1763888217656,114.60000610351562,204.4000015258789
1763888217671,118.60000610351562,204.4000015258789
1763888217688,123.60000610351562,204.4000015258789
1763888217705,126.60000610351562,204.4000015258789
1763888217721,128.60000610351562,204.4000015258789
1763888217738,128.60000610351562,204.4000015258789
1763888217755,130.60000610351562,205.4000015258789
1763888217771,131.60000610351562,208.4000015258789
1763888217788,131.60000610351562,212.4000015258789
1763888217805,131.60000610351562,213.4000015258789
1763888217821,131.60000610351562,214.4000015258789
1763888217838,131.60000610351562,216.4000015258789
1763888217854,131.60000610351562,218.4000015258789
1763888217871,131.60000610351562,221.4000015258789
1763888217888,132.60000610351562,224.4000015258789
1763888217904,132.60000610351562,226.4000015258789
1763888217928,133.60000610351562,226.4000015258789
1763888217944,135.60000610351562,226.4000015258789
1763888217968,136.60000610351562,227.4000015258789
1763888218004,138.60000610351562,227.4000015258789
1763888218021,140.60000610351562,228.4000015258789
1763888218038,141.60000610351562,228.4000015258789
1763888218054,142.60000610351562,228.4000015258789
1763888218071,143.60000610351562,229.4000015258789
1763888218088,144.60000610351562,231.4000015258789
1763888218104,145.60000610351562,231.4000015258789
1763888218121,146.60000610351562,231.4000015258789
1763888218138,146.60000610351562,232.4000015258789
1763888218154,146.60000610351562,235.4000015258789
1763888218171,146.60000610351562,237.4000015258789
1763888218188,146.60000610351562,239.4000015258789
1763888218204,146.60000610351562,242.4000015258789
1763888218221,145.60000610351562,244.4000015258789
1763888218237,144.60000610351562,245.4000015258789
1763888218254,143.60000610351562,246.4000015258789
1763888218271,139.60000610351562,247.4000015258789
1763888218288,138.60000610351562,247.4000015258789
1763888218304,136.60000610351562,247.4000015258789
1763888218328,135.60000610351562,247.4000015258789
1763888218385,134.60000610351562,247.4000015258789
1763888218392,134.60000610351562,247.4000015258789
1763888218404,134.60000610351562,246.4000015258789
1763888218421,133.60000610351562,245.4000015258789
1763888218437,131.60000610351562,243.4000015258789
1763888218454,131.60000610351562,241.4000015258789
1763888218504,130.60000610351562,240.4000015258789
1763888218521,129.60000610351562,240.4000015258789
1763888218537,125.60000610351562,240.4000015258789
1763888218554,122.60000610351562,240.4000015258789
1763888218571,119.60000610351562,240.4000015258789
1763888218587,117.60000610351562,240.4000015258789
1763888218637,116.60000610351562,240.4000015258789
1763888218654,112.60000610351562,241.4000015258789
1763888218670,107.60000610351562,243.4000015258789
1763888218687,105.60000610351562,245.4000015258789
1763888218704,103.60000610351562,246.4000015258789
1763888218728,103.60000610351562,246.4000015258789
1763888218770,102.60000610351562,246.4000015258789
1763888218787,99.60000610351562,246.4000015258789
1763888218804,98.60000610351562,246.4000015258789
1763888218820,96.60000610351562,245.4000015258789
1763888218870,96.60000610351562,244.4000015258789
1763888218887,96.60000610351562,241.4000015258789
1763888218904,97.60000610351562,238.4000015258789
1763888218920,98.60000610351562,237.4000015258789
1763888218937,99.60000610351562,233.4000015258789
1763888218954,99.60000610351562,229.4000015258789
1763888218970,99.60000610351562,227.4000015258789
1763888218987,101.60000610351562,225.4000015258789
1763888219004,102.60000610351562,222.4000015258789
1763888219020,102.60000610351562,220.4000015258789
1763888219037,103.60000610351562,217.4000015258789
1763888219053,103.60000610351562,217.4000015258789
1763888219070,104.60000610351562,215.4000015258789
1763888219120,103.60000610351562,214.4000015258789
1763888219137,102.60000610351562,213.4000015258789
1763888219153,101.60000610351562,211.4000015258789
1763888219220,106.60000610351562,211.4000015258789
1763888219237,127.60000610351562,211.4000015258789
1763888219253,134.60000610351562,211.4000015258789
1763888219270,136.60000610351562,211.4000015258789
1763888222064,114.60000610351562,69.4000015258789
1763888222073,112.60000610351562,70.4000015258789
1763888222084,111.60000610351562,71.4000015258789
1763888222101,109.60000610351562,72.4000015258789
1763888222117,105.60000610351562,74.4000015258789
1763888222129,104.60000610351562,75.4000015258789
1763888222145,103.60000610351562,75.4000015258789
1763888222209,102.60000610351562,75.4000015258789
1763888222245,101.60000610351562,74.4000015258789
1763888222273,100.60000610351562,73.4000015258789
1763888222361,100.60000610351562,74.4000015258789
1763888222377,100.60000610351562,76.4000015258789
1763888222385,100.60000610351562,78.4000015258789
1763888222395,101.60000610351562,81.4000015258789
1763888222412,101.60000610351562,86.4000015258789
1763888222428,101.60000610351562,91.4000015258789
1763888222445,103.60000610351562,92.4000015258789
1763888222462,103.60000610351562,93.4000015258789
1763888222681,103.60000610351562,94.4000015258789
1763888222695,103.60000610351562,96.4000015258789
1763888222711,107.60000610351562,96.4000015258789
1763888222728,110.60000610351562,98.4000015258789
1763888222745,111.60000610351562,98.4000015258789
1763888222801,111.60000610351562,98.4000015258789
1763888222817,108.60000610351562,99.4000015258789
1763888222833,105.60000610351562,100.4000015258789
1763888222850,104.60000610351562,100.4000015258789
1763888222880,103.60000610351562,100.4000015258789
1763888222888,101.60000610351562,100.4000015258789
1763888222900,101.60000610351562,101.4000015258789
1763888222917,101.60000610351562,102.4000015258789
1763888222967,101.60000610351562,103.4000015258789
1763888222983,101.60000610351562,104.4000015258789
1763888223000,101.60000610351562,106.4000015258789
1763888223017,101.60000610351562,110.4000015258789
1763888223033,101.60000610351562,112.4000015258789
1763888223064,101.60000610351562,113.4000015258789
1763888223100,102.60000610351562,113.4000015258789
1763888223116,102.60000610351562,113.4000015258789
1763888223133,104.60000610351562,113.4000015258789
1763888223150,106.60000610351562,114.4000015258789
1763888223166,107.60000610351562,115.4000015258789
1763888223183,110.60000610351562,116.4000015258789
1763888223233,111.60000610351562,116.4000015258789
1763888223250,112.60000610351562,116.4000015258789
1763888223266,113.60000610351562,116.4000015258789
1763888223316,114.60000610351562,117.4000015258789
1763888223385,114.60000610351562,116.4000015258789
1763888223400,114.60000610351562,114.4000015258789
1763888223416,113.60000610351562,110.4000015258789
1763888223433,111.60000610351562,107.4000015258789
1763888223505,111.60000610351562,108.4000015258789
1763888223516,111.60000610351562,108.4000015258789
1763888223533,111.60000610351562,111.4000015258789
1763888223549,111.60000610351562,113.4000015258789
1763888223566,112.60000610351562,114.4000015258789
1763888223583,112.60000610351562,115.4000015258789
1763888223599,112.60000610351562,116.4000015258789
1763888223616,114.60000610351562,116.4000015258789
1763888223666,117.60000610351562,118.4000015258789
1763888223683,118.60000610351562,119.4000015258789
1763888223699,120.60000610351562,122.4000015258789
1763888223716,120.60000610351562,124.4000015258789
1763888223733,120.60000610351562,128.4000015258789
1763888223749,120.60000610351562,129.4000015258789
1763888223766,120.60000610351562,130.4000015258789
1763888223783,120.60000610351562,132.4000015258789
1763888223799,119.60000610351562,134.4000015258789
1763888223816,118.60000610351562,135.4000015258789
1763888223833,116.60000610351562,135.4000015258789
1763888223849,113.60000610351562,135.4000015258789
1763888223866,110.60000610351562,135.4000015258789
1763888223882,108.60000610351562,137.4000015258789
1763888223899,107.60000610351562,139.4000015258789
1763888223953,107.60000610351562,139.4000015258789
1763888223969,107.60000610351562,141.4000015258789
1763888223982,107.60000610351562,142.4000015258789
1763888223999,107.60000610351562,146.4000015258789
1763888224016,108.60000610351562,146.4000015258789
1763888224032,108.60000610351562,147.4000015258789
1763888224099,110.60000610351562,148.4000015258789
1763888224116,110.60000610351562,149.4000015258789
1763888224132,111.60000610351562,150.4000015258789
1763888224149,112.60000610351562,153.4000015258789
1763888224166,112.60000610351562,156.4000015258789
1763888224182,112.60000610351562,158.4000015258789
1763888224199,112.60000610351562,160.4000015258789
1763888224225,113.60000610351562,161.4000015258789
1763888224232,113.60000610351562,162.4000015258789
1763888224249,113.60000610351562,164.4000015258789
1763888224266,113.60000610351562,168.4000015258789
1763888224282,114.60000610351562,170.4000015258789
1763888224299,114.60000610351562,172.4000015258789
1763888224315,114.60000610351562,175.4000015258789
1763888224332,114.60000610351562,176.4000015258789
1763888224349,114.60000610351562,177.4000015258789
1763888224365,114.60000610351562,179.4000015258789
1763888224392,114.60000610351562,179.4000015258789
1763888224497,115.60000610351562,180.4000015258789
1763888224512,115.60000610351562,180.4000015258789
1763888224528,117.60000610351562,181.4000015258789
1763888224565,118.60000610351562,182.4000015258789
1763888224582,119.60000610351562,182.4000015258789
1763888224632,120.60000610351562,183.4000015258789
1763888224648,121.60000610351562,184.4000015258789
1763888224680,122.60000610351562,184.4000015258789
1763888224715,123.60000610351562,184.4000015258789
1763888224732,125.60000610351562,187.4000015258789
1763888224748,126.60000610351562,190.4000015258789
1763888224765,127.60000610351562,193.4000015258789
1763888224782,129.60000610351562,195.4000015258789
1763888224832,129.60000610351562,195.4000015258789
1763888224953,130.60000610351562,195.4000015258789
1763888224965,132.60000610351562,195.4000015258789
1763888224982,134.60000610351562,191.4000015258789
1763888224998,136.60000610351562,188.4000015258789
1763888225015,138.60000610351562,186.4000015258789
1763888225032,140.60000610351562,183.4000015258789
1763888225097,140.60000610351562,182.4000015258789
1763888225105,140.60000610351562,180.4000015258789
1763888225115,140.60000610351562,178.4000015258789
1763888225131,144.60000610351562,177.4000015258789
1763888225148,144.60000610351562,177.4000015258789
1763888225241,145.60000610351562,177.4000015258789
1763888225248,147.60000610351562,175.4000015258789
1763888225265,147.60000610351562,172.4000015258789
1763888225281,147.60000610351562,170.4000015258789
1763888225298,147.60000610351562,168.4000015258789
1763888225315,147.60000610351562,166.4000015258789
1763888225331,147.60000610351562,163.4000015258789
1763888225348,147.60000610351562,160.4000015258789
1763888225365,149.60000610351562,156.4000015258789
1763888225381,149.60000610351562,153.4000015258789
1763888225398,149.60000610351562,151.4000015258789
1763888225414,149.60000610351562,149.4000015258789
1763888225431,149.60000610351562,146.4000015258789
1763888225448,149.60000610351562,146.4000015258789
1763888225464,149.60000610351562,143.4000015258789
1763888225481,148.60000610351562,142.4000015258789
1763888225505,148.60000610351562,142.4000015258789
1763888225520,148.60000610351562,141.4000015258789
1763888225531,148.60000610351562,139.4000015258789
1763888225548,148.60000610351562,137.4000015258789
1763888225564,148.60000610351562,136.4000015258789
1763888225641,149.60000610351562,137.4000015258789
1763888225648,151.60000610351562,139.4000015258789
1763888225664,154.60000610351562,142.4000015258789
1763888225681,154.60000610351562,145.4000015258789
1763888225698,156.60000610351562,146.4000015258789
1763888225714,157.60000610351562,147.4000015258789
1763888225731,157.60000610351562,148.4000015258789
1763888225747,157.60000610351562,150.4000015258789
1763888225764,157.60000610351562,152.4000015258789
1763888225781,157.60000610351562,153.4000015258789
1763888225797,157.60000610351562,154.4000015258789
1763888225814,157.60000610351562,155.4000015258789
1763888225889,157.60000610351562,156.4000015258789
1763888225931,157.60000610351562,158.4000015258789
1763888225947,157.60000610351562,161.4000015258789
1763888225964,157.60000610351562,163.4000015258789
1763888225981,157.60000610351562,165.4000015258789
1763888226031,157.60000610351562,166.4000015258789
1763888226047,155.60000610351562,169.4000015258789
1763888226064,154.60000610351562,171.4000015258789
1763888226081,154.60000610351562,172.4000015258789
1763888226097,154.60000610351562,173.4000015258789
1763888226114,154.60000610351562,176.4000015258789
1763888226131,154.60000610351562,177.4000015258789
1763888226147,154.60000610351562,178.4000015258789
1763888226164,154.60000610351562,180.4000015258789
1763888226180,153.60000610351562,180.4000015258789
1763888226200,153.60000610351562,183.4000015258789
1763888226214,151.60000610351562,184.4000015258789
1763888226230,150.60000610351562,187.4000015258789
1763888226247,149.60000610351562,188.4000015258789
1763888226264,149.60000610351562,189.4000015258789
1763888226397,148.60000610351562,190.4000015258789
1763888226414,148.60000610351562,190.4000015258789
1763888226430,147.60000610351562,190.4000015258789
1763888226456,146.60000610351562,189.4000015258789
1763888226473,146.60000610351562,188.4000015258789
1763888226480,147.60000610351562,188.4000015258789
1763888226497,148.60000610351562,187.4000015258789
1763888226513,149.60000610351562,185.4000015258789
1763888226530,149.60000610351562,184.4000015258789
1763888226547,149.60000610351562,181.4000015258789
1763888226563,149.60000610351562,180.4000015258789
1763888226657,149.60000610351562,179.4000015258789
1763888226673,148.60000610351562,178.4000015258789
1763888226689,147.60000610351562,177.4000015258789
1763888226697,146.60000610351562,177.4000015258789
1763888226713,143.60000610351562,175.4000015258789
1763888226730,142.60000610351562,173.4000015258789
1763888226747,140.60000610351562,173.4000015258789
1763888226763,138.60000610351562,173.4000015258789
1763888226780,136.60000610351562,173.4000015258789
1763888226797,133.60000610351562,174.4000015258789
1763888226813,130.60000610351562,175.4000015258789
1763888226830,127.60000610351562,177.4000015258789
1763888226847,124.60000610351562,178.4000015258789
1763888226863,122.60000610351562,178.4000015258789
1763888226880,119.60000610351562,178.4000015258789
1763888226897,117.60000610351562,178.4000015258789
1763888226913,116.60000610351562,178.4000015258789
1763888226930,114.60000610351562,178.4000015258789
1763888226946,113.60000610351562,177.4000015258789
1763888226963,112.60000610351562,176.4000015258789
1763888226980,111.60000610351562,176.4000015258789
1763888226996,110.60000610351562,176.4000015258789
1763888227113,109.60000610351562,175.4000015258789
1763888227130,109.60000610351562,172.4000015258789
1763888227146,109.60000610351562,169.4000015258789
1763888227163,109.60000610351562,166.4000015258789
1763888227180,109.60000610351562,162.4000015258789
1763888227196,109.60000610351562,159.4000015258789
1763888227213,109.60000610351562,156.4000015258789
1763888227230,109.60000610351562,152.4000015258789
1763888227246,109.60000610351562,148.4000015258789
1763888227263,111.60000610351562,144.4000015258789
1763888227279,111.60000610351562,143.4000015258789
1763888227296,112.60000610351562,142.4000015258789
1763888227313,113.60000610351562,140.4000015258789
1763888227329,114.60000610351562,139.4000015258789
1763888227393,114.60000610351562,139.4000015258789
1763888227400,114.60000610351562,138.4000015258789
1763888227413,114.60000610351562,135.4000015258789
1763888227429,114.60000610351562,131.4000015258789
1763888227446,116.60000610351562,129.4000015258789
1763888227463,116.60000610351562,128.4000015258789
1763888227479,116.60000610351562,127.4000015258789
1763888227630,115.60000610351562,129.4000015258789
1763888227646,113.60000610351562,133.4000015258789
1763888227663,111.60000610351562,135.4000015258789
1763888227680,109.60000610351562,138.4000015258789
1763888227696,108.60000610351562,138.4000015258789
1763888227713,108.60000610351562,139.4000015258789
1763888227730,107.60000610351562,141.4000015258789
1763888227746,106.60000610351562,142.4000015258789
1763888227763,105.60000610351562,143.4000015258789
1763888227779,103.60000610351562,144.4000015258789
1763888227841,103.60000610351562,145.4000015258789
1763888227849,102.60000610351562,147.4000015258789
1763888227865,101.60000610351562,148.4000015258789
1763888227879,99.60000610351562,150.4000015258789
1763888227896,98.60000610351562,152.4000015258789
1763888227913,96.60000610351562,152.4000015258789
1763888228041,96.60000610351562,152.4000015258789
1763888228049,96.60000610351562,150.4000015258789
1763888228063,97.60000610351562,148.4000015258789
1763888228079,98.60000610351562,145.4000015258789
1763888228096,100.60000610351562,141.4000015258789
1763888228113,103.60000610351562,137.4000015258789
1763888228129,103.60000610351562,137.4000015258789
1763888228146,104.60000610351562,135.4000015258789
1763888228162,105.60000610351562,134.4000015258789
1763888228241,106.60000610351562,134.4000015258789
1763888228279,106.60000610351562,134.4000015258789
1763888228296,107.60000610351562,137.4000015258789
1763888228312,107.60000610351562,142.4000015258789
1763888228329,104.60000610351562,147.4000015258789
1763888228346,103.60000610351562,149.4000015258789
1763888228364,102.60000610351562,150.4000015258789
1763888228412,101.60000610351562,150.4000015258789
1763888228441,101.60000610351562,151.4000015258789
1763888228457,101.60000610351562,152.4000015258789
1763888228465,101.60000610351562,153.4000015258789
1763888228481,102.60000610351562,155.4000015258789
1763888228497,102.60000610351562,155.4000015258789
1763888228512,102.60000610351562,156.4000015258789
1763888228529,102.60000610351562,160.4000015258789
1763888228546,102.60000610351562,161.4000015258789
1763888228562,102.60000610351562,163.4000015258789
1763888228641,102.60000610351562,165.4000015258789
1763888228689,102.60000610351562,165.4000015258789
1763888228705,103.60000610351562,166.4000015258789
1763888228712,103.60000610351562,167.4000015258789
1763888228729,103.60000610351562,168.4000015258789
1763888228745,103.60000610351562,169.4000015258789
1763888228762,103.60000610351562,170.4000015258789
1763888228779,103.60000610351562,172.4000015258789
1763888228795,103.60000610351562,175.4000015258789
1763888228812,103.60000610351562,176.4000015258789
1763888228945,103.60000610351562,177.4000015258789
1763888228969,104.60000610351562,177.4000015258789
1763888228985,105.60000610351562,177.4000015258789
1763888229009,107.60000610351562,177.4000015258789
1763888229045,108.60000610351562,178.4000015258789
1763888229065,108.60000610351562,178.4000015258789
1763888229078,109.60000610351562,178.4000015258789
1763888229128,110.60000610351562,179.4000015258789
1763888229145,112.60000610351562,179.4000015258789
1763888229162,114.60000610351562,179.4000015258789
1763888229178,117.60000610351562,180.4000015258789
1763888229209,118.60000610351562,182.4000015258789
1763888229245,120.60000610351562,183.4000015258789
1763888229262,122.60000610351562,186.4000015258789
1763888229489,122.60000610351562,188.4000015258789
1763888229497,122.60000610351562,189.4000015258789
1763888229513,122.60000610351562,189.4000015258789
1763888229528,122.60000610351562,190.4000015258789
1763888229545,122.60000610351562,191.4000015258789
1763888229595,120.60000610351562,191.4000015258789
1763888229617,120.60000610351562,191.4000015258789
1763888229745,120.60000610351562,191.4000015258789
1763888229761,126.60000610351562,191.4000015258789
1763888229778,134.60000610351562,191.4000015258789
1763888229794,142.60000610351562,191.4000015258789
1763888229811,142.60000610351562,191.4000015258789
1763888229841,143.60000610351562,191.4000015258789
1763888229848,144.60000610351562,191.4000015258789
1763888229921,145.60000610351562,192.4000015258789
1763888229937,143.60000610351562,193.4000015258789
1763888229945,142.60000610351562,194.4000015258789
1763888229961,142.60000610351562,195.4000015258789
1763888229978,142.60000610351562,196.4000015258789
1763888229994,142.60000610351562,196.4000015258789
1763888230049,142.60000610351562,197.4000015258789
1763888230061,142.60000610351562,198.4000015258789
1763888230078,142.60000610351562,199.4000015258789
1763888230094,142.60000610351562,200.4000015258789
1763888230111,142.60000610351562,202.4000015258789
1763888230127,142.60000610351562,203.4000015258789
1763888230144,142.60000610351562,204.4000015258789
1763888230161,142.60000610351562,206.4000015258789
1763888230177,142.60000610351562,207.4000015258789
1763888230194,142.60000610351562,209.4000015258789
1763888230211,142.60000610351562,210.4000015258789
1763888230227,143.60000610351562,211.4000015258789
1763888230289,145.60000610351562,213.4000015258789
1763888230327,145.60000610351562,213.4000015258789
1763888230344,145.60000610351562,214.4000015258789
1763888230361,145.60000610351562,216.4000015258789
1763888230377,145.60000610351562,216.4000015258789
1763888230394,145.60000610351562,219.4000015258789
1763888230411,145.60000610351562,220.4000015258789
1763888230427,145.60000610351562,220.4000015258789
1763888230444,145.60000610351562,221.4000015258789
1763888230513,145.60000610351562,222.4000015258789
1763888230537,144.60000610351562,222.4000015258789
1763888230545,144.60000610351562,222.4000015258789
1763888230560,140.60000610351562,220.4000015258789
1763888230577,140.60000610351562,219.4000015258789
1763888230594,140.60000610351562,216.4000015258789
1763888230610,140.60000610351562,214.4000015258789
1763888230627,140.60000610351562,212.4000015258789
1763888230644,140.60000610351562,211.4000015258789
1763888230744,139.60000610351562,212.4000015258789
1763888230760,137.60000610351562,215.4000015258789
1763888230777,133.60000610351562,221.4000015258789
1763888230794,131.60000610351562,222.4000015258789
1763888230810,128.60000610351562,223.4000015258789
1763888230827,125.60000610351562,223.4000015258789
1763888230844,121.60000610351562,223.4000015258789
1763888230860,118.60000610351562,223.4000015258789
1763888230877,117.60000610351562,224.4000015258789
1763888230893,115.60000610351562,224.4000015258789
1763888230910,112.60000610351562,226.4000015258789
1763888230927,111.60000610351562,226.4000015258789
1763888230943,109.60000610351562,226.4000015258789
1763888230961,108.60000610351562,225.4000015258789
1763888230977,108.60000610351562,223.4000015258789
1763888230993,108.60000610351562,221.4000015258789
1763888231043,108.60000610351562,219.4000015258789
1763888231129,108.60000610351562,218.4000015258789
1763888231143,108.60000610351562,217.4000015258789
1763888231160,108.60000610351562,215.4000015258789
1763888231177,108.60000610351562,213.4000015258789
1763888231310,106.60000610351562,215.4000015258789
1763888231326,105.60000610351562,216.4000015258789
1763888231343,103.60000610351562,220.4000015258789
1763888231360,102.60000610351562,222.4000015258789
1763888231393,101.60000610351562,222.4000015258789
1763888231410,100.60000610351562,222.4000015258789
1763888231426,100.60000610351562,222.4000015258789
1763888231521,103.60000610351562,222.4000015258789
1763888231529,108.60000610351562,222.4000015258789
1763888231543,110.60000610351562,221.4000015258789
1763888231560,112.60000610351562,220.4000015258789
1763888231576,114.60000610351562,219.4000015258789
1763888231593,115.60000610351562,219.4000015258789
1763888231609,115.60000610351562,219.4000015258789
1763888231641,116.60000610351562,220.4000015258789
1763888231657,116.60000610351562,221.4000015258789
1763888231664,114.60000610351562,223.4000015258789
1763888231676,111.60000610351562,223.4000015258789
1763888231693,103.60000610351562,226.4000015258789
1763888231709,98.60000610351562,228.4000015258789
1763888231726,96.60000610351562,228.4000015258789
1763888231743,95.60000610351562,228.4000015258789
1763888231759,93.60000610351562,228.4000015258789
1763888231776,89.60000610351562,228.4000015258789
1763888231793,87.60000610351562,228.4000015258789
1763888231809,86.60000610351562,228.4000015258789
1763888231865,87.60000610351562,228.4000015258789
1763888231876,87.60000610351562,228.4000015258789
1763888231893,89.60000610351562,230.4000015258789
1763888231909,90.60000610351562,230.4000015258789
1763888231926,94.60000610351562,230.4000015258789
1763888231943,97.60000610351562,230.4000015258789
1763888231959,99.60000610351562,230.4000015258789
1763888231976,101.60000610351562,231.4000015258789
1763888231993,102.60000610351562,232.4000015258789
1763888232025,103.60000610351562,233.4000015258789
1763888232059,103.60000610351562,233.4000015258789
1763888232076,103.60000610351562,234.4000015258789
1763888232092,101.60000610351562,237.4000015258789
1763888232109,98.60000610351562,237.4000015258789
1763888232126,95.60000610351562,237.4000015258789
1763888232153,94.60000610351562,237.4000015258789
1763888232161,93.60000610351562,237.4000015258789
1763888232217,94.60000610351562,237.4000015258789
1763888232226,97.60000610351562,239.4000015258789
1763888232242,109.60000610351562,240.4000015258789
1763888232259,119.60000610351562,240.4000015258789
1763888232276,121.60000610351562,240.4000015258789
1763888232297,124.60000610351562,241.4000015258789
1763888232313,124.60000610351562,241.4000015258789
1763888232329,124.60000610351562,243.4000015258789
1763888232342,124.60000610351562,244.4000015258789
1763888232359,122.60000610351562,248.4000015258789
1763888232376,116.60000610351562,249.4000015258789
1763888232392,111.60000610351562,250.4000015258789
1763888232409,104.60000610351562,250.4000015258789
1763888232425,102.60000610351562,250.4000015258789
1763888232442,101.60000610351562,250.4000015258789
1763888232459,100.60000610351562,250.4000015258789
1763888232481,99.60000610351562,250.4000015258789
1763888232492,98.60000610351562,250.4000015258789
1763888232513,97.60000610351562,250.4000015258789
1763888232601,98.60000610351562,250.4000015258789
1763888232609,100.60000610351562,250.4000015258789
1763888232625,103.60000610351562,250.4000015258789
1763888232642,108.60000610351562,249.4000015258789
1763888232659,110.60000610351562,248.4000015258789
1763888232675,113.60000610351562,248.4000015258789
1763888232692,118.60000610351562,248.4000015258789
1763888232709,119.60000610351562,248.4000015258789
1763888232729,120.60000610351562,248.4000015258789
1763888232745,122.60000610351562,248.4000015258789
1763888232758,122.60000610351562,248.4000015258789
1763888232775,126.60000610351562,248.4000015258789
1763888232792,130.60000610351562,248.4000015258789
1763888232808,134.60000610351562,248.4000015258789
1763888232889,134.60000610351562,248.4000015258789
1763888232896,136.60000610351562,248.4000015258789
1763888232908,137.60000610351562,248.4000015258789
1763888232925,139.60000610351562,248.4000015258789
1763888232942,141.60000610351562,248.4000015258789
1763888232958,144.60000610351562,248.4000015258789
1763888232975,145.60000610351562,248.4000015258789
1763888232992,146.60000610351562,247.4000015258789
1763888233042,148.60000610351562,247.4000015258789
1763888233065,149.60000610351562,246.4000015258789
1763888233075,150.60000610351562,246.4000015258789
1763888233092,152.60000610351562,243.4000015258789
1763888233108,154.60000610351562,242.4000015258789
1763888233125,154.60000610351562,242.4000015258789
1763888233145,154.60000610351562,241.4000015258789
1763888233169,153.60000610351562,239.4000015258789
1763888233176,151.60000610351562,239.4000015258789
1763888233191,150.60000610351562,239.4000015258789
1763888233208,146.60000610351562,236.4000015258789
1763888233225,139.60000610351562,234.4000015258789
1763888233241,135.60000610351562,234.4000015258789
1763888233258,132.60000610351562,233.4000015258789
1763888233275,129.60000610351562,232.4000015258789
1763888233291,127.60000610351562,231.4000015258789
1763888233308,125.60000610351562,230.4000015258789
1763888233325,123.60000610351562,228.4000015258789
1763888233341,119.60000610351562,225.4000015258789
1763888233358,118.60000610351562,223.4000015258789
1763888233375,116.60000610351562,221.4000015258789
1763888233401,115.60000610351562,220.4000015258789
1763888233441,115.60000610351562,218.4000015258789
1763888233458,115.60000610351562,215.4000015258789
1763888233474,117.60000610351562,212.4000015258789
1763888233491,118.60000610351562,212.4000015258789
1763888233508,119.60000610351562,211.4000015258789
1763888233569,117.60000610351562,210.4000015258789
1763888233576,115.60000610351562,210.4000015258789
1763888233591,112.60000610351562,210.4000015258789
1763888233608,109.60000610351562,210.4000015258789
1763888233624,105.60000610351562,208.4000015258789
1763888233641,104.60000610351562,208.4000015258789
1763888233691,103.60000610351562,208.4000015258789
1763888233833,103.60000610351562,208.4000015258789
1763888233841,105.60000610351562,208.4000015258789
1763888233857,111.60000610351562,208.4000015258789
1763888233874,115.60000610351562,208.4000015258789
1763888233891,120.60000610351562,207.4000015258789
1763888233908,125.60000610351562,206.4000015258789
1763888233924,128.60000610351562,206.4000015258789
1763888234001,127.60000610351562,206.4000015258789
1763888234008,125.60000610351562,206.4000015258789
1763888234024,124.60000610351562,206.4000015258789
1763888234041,113.60000610351562,206.4000015258789
1763888234057,109.60000610351562,206.4000015258789
1763888234074,109.60000610351562,206.4000015258789
1763888234091,106.60000610351562,205.4000015258789
1763888234113,105.60000610351562,205.4000015258789
1763888234124,103.60000610351562,205.4000015258789
1763888234141,100.60000610351562,205.4000015258789
1763888234157,97.60000610351562,205.4000015258789
1763888234174,97.60000610351562,205.4000015258789
1763888234257,96.60000610351562,205.4000015258789
1763888234274,94.60000610351562,206.4000015258789
1763888234290,94.60000610351562,208.4000015258789
1763888234307,94.60000610351562,211.4000015258789
1763888234324,94.60000610351562,214.4000015258789
1763888234340,94.60000610351562,215.4000015258789
1763888234401,96.60000610351562,215.4000015258789
1763888234409,96.60000610351562,215.4000015258789
1763888234424,100.60000610351562,216.4000015258789
1763888234440,103.60000610351562,216.4000015258789
1763888234457,108.60000610351562,216.4000015258789
1763888234474,110.60000610351562,216.4000015258789
1763888234569,109.60000610351562,216.4000015258789
1763888234585,107.60000610351562,216.4000015258789
1763888234593,106.60000610351562,216.4000015258789
1763888234607,106.60000610351562,216.4000015258789
1763888234624,104.60000610351562,216.4000015258789
1763888234649,102.60000610351562,216.4000015258789
1763888234690,102.60000610351562,216.4000015258789
1763888234707,100.60000610351562,216.4000015258789
1763888234757,100.60000610351562,217.4000015258789
1763888234807,100.60000610351562,217.4000015258789
1763888234823,99.60000610351562,219.4000015258789
1763888234840,98.60000610351562,220.4000015258789
1763888234857,97.60000610351562,220.4000015258789
1763888234873,95.60000610351562,220.4000015258789
1763888234890,93.60000610351562,222.4000015258789
1763888234969,93.60000610351562,223.4000015258789
1763888235049,93.60000610351562,223.4000015258789
1763888235057,95.60000610351562,224.4000015258789
1763888235073,96.60000610351562,225.4000015258789
1763888235090,99.60000610351562,225.4000015258789
1763888235106,101.60000610351562,225.4000015258789
1763888235123,104.60000610351562,225.4000015258789
1763888235140,106.60000610351562,226.4000015258789
1763888235156,108.60000610351562,227.4000015258789
1763888235173,109.60000610351562,229.4000015258789
1763888235190,111.60000610351562,231.4000015258789
1763888235206,111.60000610351562,232.4000015258789
1763888235223,111.60000610351562,234.4000015258789
1763888235240,111.60000610351562,235.4000015258789
1763888235256,108.60000610351562,237.4000015258789
1763888235273,107.60000610351562,237.4000015258789
1763888235290,106.60000610351562,237.4000015258789
1763888235306,102.60000610351562,237.4000015258789
1763888235323,100.60000610351562,237.4000015258789
1763888235340,99.60000610351562,237.4000015258789
1763888235473,98.60000610351562,238.4000015258789
1763888235489,98.60000610351562,238.4000015258789
1763888235545,99.60000610351562,240.4000015258789
1763888235561,100.60000610351562,240.4000015258789
1763888235573,100.60000610351562,241.4000015258789
1763888235589,101.60000610351562,241.4000015258789
1763888235617,103.60000610351562,241.4000015258789
1763888235681,103.60000610351562,242.4000015258789
1763888235689,101.60000610351562,243.4000015258789
1763888235706,97.60000610351562,243.4000015258789
1763888235723,92.60000610351562,243.4000015258789
1763888235739,91.60000610351562,244.4000015258789
1763888235756,90.60000610351562,245.4000015258789
1763888235773,89.60000610351562,245.4000015258789
1763888235889,90.60000610351562,245.4000015258789
1763888235906,92.60000610351562,247.4000015258789
1763888235929,93.60000610351562,247.4000015258789
1763888235945,93.60000610351562,247.4000015258789
1763888235956,96.60000610351562,247.4000015258789
1763888235972,100.60000610351562,247.4000015258789
1763888235989,104.60000610351562,247.4000015258789
1763888236006,107.60000610351562,247.4000015258789
1763888236022,108.60000610351562,247.4000015258789
1763888236039,109.60000610351562,247.4000015258789
1763888236056,110.60000610351562,247.4000015258789
1763888236072,112.60000610351562,247.4000015258789
1763888236137,111.60000610351562,247.4000015258789
1763888236145,110.60000610351562,247.4000015258789
1763888236155,109.60000610351562,247.4000015258789
1763888236172,105.60000610351562,247.4000015258789
1763888236189,103.60000610351562,247.4000015258789
1763888236205,101.60000610351562,247.4000015258789
1763888236222,101.60000610351562,248.4000015258789
1763888236313,103.60000610351562,248.4000015258789
1763888236322,105.60000610351562,248.4000015258789
1763888236339,116.60000610351562,248.4000015258789
1763888236355,125.60000610351562,248.4000015258789
1763888236372,128.60000610351562,248.4000015258789
1763888236389,132.60000610351562,246.4000015258789
1763888236405,135.60000610351562,244.4000015258789
1763888236422,137.60000610351562,244.4000015258789
1763888236439,139.60000610351562,242.4000015258789
1763888236455,140.60000610351562,242.4000015258789
1763888236472,142.60000610351562,242.4000015258789
1763888236489,143.60000610351562,241.4000015258789
1763888236521,143.60000610351562,240.4000015258789
1763888236529,143.60000610351562,240.4000015258789
1763888236539,143.60000610351562,238.4000015258789
1763888236555,143.60000610351562,235.4000015258789
1763888236572,143.60000610351562,233.4000015258789
1763888236589,145.60000610351562,231.4000015258789
1763888236605,148.60000610351562,228.4000015258789
1763888236622,152.60000610351562,225.4000015258789
1763888236639,157.60000610351562,223.4000015258789
1763888236705,158.60000610351562,222.4000015258789
1763888236737,158.60000610351562,222.4000015258789
1763888236772,158.60000610351562,220.4000015258789
1763888236788,156.60000610351562,219.4000015258789
1763888236805,154.60000610351562,217.4000015258789
1763888236822,152.60000610351562,216.4000015258789
1763888236838,148.60000610351562,214.4000015258789
1763888236855,147.60000610351562,214.4000015258789
1763888236881,147.60000610351562,213.4000015258789
1763888236961,147.60000610351562,213.4000015258789
1763888236977,147.60000610351562,212.4000015258789
1763888236988,148.60000610351562,210.4000015258789
1763888237005,150.60000610351562,209.4000015258789
1763888237025,152.60000610351562,209.4000015258789
1763888237038,152.60000610351562,210.4000015258789
1763888237055,153.60000610351562,214.4000015258789
1763888237071,153.60000610351562,217.4000015258789
1763888237088,153.60000610351562,219.4000015258789
1763888237105,152.60000610351562,220.4000015258789
1763888237121,152.60000610351562,221.4000015258789
1763888237221,153.60000610351562,221.4000015258789
1763888237385,153.60000610351562,222.4000015258789
1763888237393,153.60000610351562,223.4000015258789
1763888237405,152.60000610351562,225.4000015258789
1763888237421,150.60000610351562,227.4000015258789
1763888237473,149.60000610351562,228.4000015258789
1763888237488,148.60000610351562,228.4000015258789
1763888237504,144.60000610351562,231.4000015258789
1763888237521,142.60000610351562,233.4000015258789
1763888237553,142.60000610351562,234.4000015258789
1763888237588,142.60000610351562,235.4000015258789
1763888237609,142.60000610351562,236.4000015258789
1763888237621,142.60000610351562,236.4000015258789
1763888237638,142.60000610351562,237.4000015258789
1763888237665,144.60000610351562,237.4000015258789
1763888237673,145.60000610351562,237.4000015258789
1763888237688,146.60000610351562,237.4000015258789
1763888237704,150.60000610351562,236.4000015258789
1763888237721,153.60000610351562,234.4000015258789
1763888237753,153.60000610351562,234.4000015258789
1763888237793,153.60000610351562,234.4000015258789
1763888237804,152.60000610351562,234.4000015258789
1763888237821,149.60000610351562,235.4000015258789
1763888237837,146.60000610351562,236.4000015258789
1763888237854,145.60000610351562,237.4000015258789
1763888237871,144.60000610351562,238.4000015258789
1763888237897,144.60000610351562,239.4000015258789
1763888237905,143.60000610351562,239.4000015258789
1763888237921,141.60000610351562,241.4000015258789
1763888237937,140.60000610351562,241.4000015258789
1763888237954,140.60000610351562,242.4000015258789
1763888238004,139.60000610351562,242.4000015258789
1763888238021,138.60000610351562,246.4000015258789
1763888238037,135.60000610351562,250.4000015258789
1763888238054,133.60000610351562,254.4000015258789
1763888238071,131.60000610351562,256.4000015258789
1763888238121,129.60000610351562,256.4000015258789
1763888238137,129.60000610351562,256.4000015258789
1763888238154,127.60000610351562,256.4000015258789
1763888238170,125.60000610351562,258.4000015258789
1763888238187,121.60000610351562,259.4000015258789
1763888238201,115.60000610351562,259.4000015258789
1763888239169,118.60000610351562,76.4000015258789
1763888239186,117.60000610351562,75.4000015258789
1763888239209,115.60000610351562,75.4000015258789
1763888239233,114.60000610351562,75.4000015258789
1763888239270,113.60000610351562,74.4000015258789
1763888239287,111.60000610351562,73.4000015258789
1763888239304,111.60000610351562,72.4000015258789
1763888239320,109.60000610351562,70.4000015258789
1763888239393,108.60000610351562,69.4000015258789
1763888239409,108.60000610351562,69.4000015258789
1763888239433,107.60000610351562,69.4000015258789
1763888239441,106.60000610351562,68.4000015258789
1763888239469,105.60000610351562,67.4000015258789
1763888239503,104.60000610351562,65.4000015258789
1763888239570,103.60000610351562,65.4000015258789
1763888239587,103.60000610351562,64.4000015258789
1763888239603,103.60000610351562,64.4000015258789
1763888239625,104.60000610351562,61.400001525878906
1763888239689,105.60000610351562,61.400001525878906
1763888239703,105.60000610351562,60.400001525878906
1763888239720,107.60000610351562,59.400001525878906
1763888239737,109.60000610351562,56.400001525878906
1763888239801,110.60000610351562,56.400001525878906
1763888239817,112.60000610351562,56.400001525878906
1763888239853,114.60000610351562,56.400001525878906
1763888239870,115.60000610351562,57.400001525878906
1763888239886,116.60000610351562,59.400001525878906
1763888239969,117.60000610351562,59.400001525878906
1763888239986,118.60000610351562,60.400001525878906
1763888240009,119.60000610351562,62.400001525878906
1763888240081,121.60000610351562,63.400001525878906
1763888240089,121.60000610351562,63.400001525878906
1763888240105,122.60000610351562,64.4000015258789
1763888240129,122.60000610351562,65.4000015258789
1763888240153,122.60000610351562,65.4000015258789
1763888240265,122.60000610351562,66.4000015258789
1763888240281,122.60000610351562,67.4000015258789
1763888240289,122.60000610351562,68.4000015258789
1763888240305,122.60000610351562,69.4000015258789
1763888240319,121.60000610351562,70.4000015258789
1763888240336,121.60000610351562,71.4000015258789
1763888240353,120.60000610351562,72.4000015258789
1763888240403,119.60000610351562,72.4000015258789
1763888240419,119.60000610351562,73.4000015258789
1763888240441,119.60000610351562,75.4000015258789
1763888240465,118.60000610351562,76.4000015258789
1763888240513,118.60000610351562,77.4000015258789
1763888240552,118.60000610351562,79.4000015258789
1763888240577,119.60000610351562,80.4000015258789
1763888240681,119.60000610351562,81.4000015258789
1763888240689,119.60000610351562,82.4000015258789
1763888240702,119.60000610351562,84.4000015258789
1763888240729,119.60000610351562,86.4000015258789
1763888240737,119.60000610351562,87.4000015258789
1763888240752,119.60000610351562,88.4000015258789
1763888240769,119.60000610351562,89.4000015258789
1763888240833,119.60000610351562,90.4000015258789
1763888255666,101.60000610351562,26.400001525878906
1763888255761,100.60000610351562,26.400001525878906
1763888255772,100.60000610351562,27.400001525878906
1763888255788,97.60000610351562,28.400001525878906
1763888255805,97.60000610351562,29.400001525878906
1763888255945,99.60000610351562,29.400001525878906
1763888255954,99.60000610351562,28.400001525878906
1763888255971,101.60000610351562,27.400001525878906
1763888255988,103.60000610351562,25.400001525878906
1763888256004,103.60000610351562,25.400001525878906
1763888256021,107.60000610351562,25.400001525878906
1763888256038,109.60000610351562,25.400001525878906
1763888256054,112.60000610351562,23.400001525878906
1763888256071,114.60000610351562,22.400001525878906
1763888256138,112.60000610351562,26.400001525878906
1763888256154,109.60000610351562,29.400001525878906
1763888256171,107.60000610351562,31.400001525878906
1763888256188,104.60000610351562,33.400001525878906
1763888256204,103.60000610351562,33.400001525878906
1763888256221,102.60000610351562,33.400001525878906
1763888256238,100.60000610351562,33.400001525878906
1763888256254,97.60000610351562,33.400001525878906
1763888256271,96.60000610351562,33.400001525878906
1763888256287,95.60000610351562,33.400001525878906
1763888256369,95.60000610351562,33.400001525878906
1763888256377,97.60000610351562,33.400001525878906
1763888256387,99.60000610351562,33.400001525878906
1763888256404,102.60000610351562,33.400001525878906
1763888256421,104.60000610351562,33.400001525878906
1763888256437,106.60000610351562,33.400001525878906
1763888256454,106.60000610351562,33.400001525878906
1763888256471,109.60000610351562,33.400001525878906
1763888256489,110.60000610351562,33.400001525878906
1763888256537,112.60000610351562,35.400001525878906
1763888256561,111.60000610351562,38.400001525878906
1763888256570,109.60000610351562,38.400001525878906
1763888256587,105.60000610351562,38.400001525878906
1763888256604,102.60000610351562,40.400001525878906
1763888256625,100.60000610351562,40.400001525878906
1763888256637,99.60000610351562,41.400001525878906
1763888256714,101.60000610351562,42.400001525878906
1763888256721,101.60000610351562,42.400001525878906
1763888256737,104.60000610351562,42.400001525878906
1763888256754,105.60000610351562,42.400001525878906
1763888256785,106.60000610351562,42.400001525878906
1763888256793,108.60000610351562,42.400001525878906
1763888256804,109.60000610351562,43.400001525878906
1763888256820,110.60000610351562,44.400001525878906
1763888256837,112.60000610351562,45.400001525878906
1763888256857,112.60000610351562,46.400001525878906
1763888256873,112.60000610351562,47.400001525878906
1763888256993,112.60000610351562,48.400001525878906
1763888257009,112.60000610351562,48.400001525878906
1763888257020,114.60000610351562,51.400001525878906
1763888257037,116.60000610351562,51.400001525878906
1763888257053,118.60000610351562,52.400001525878906
1763888257103,119.60000610351562,51.400001525878906
1763888257120,118.60000610351562,49.400001525878906
1763888257137,116.60000610351562,46.400001525878906
1763888257153,112.60000610351562,42.400001525878906
1763888257170,111.60000610351562,41.400001525878906
1763888257193,111.60000610351562,40.400001525878906
1763888257209,111.60000610351562,38.400001525878906
1763888257225,111.60000610351562,37.400001525878906
1763888257241,112.60000610351562,37.400001525878906
1763888257253,112.60000610351562,37.400001525878906
1763888257270,116.60000610351562,35.400001525878906
1763888257287,120.60000610351562,35.400001525878906
1763888257303,122.60000610351562,34.400001525878906
1763888257320,125.60000610351562,33.400001525878906
1763888257337,126.60000610351562,32.400001525878906
1763888257353,127.60000610351562,32.400001525878906
1763888257403,127.60000610351562,32.400001525878906
1763888257505,128.60000610351562,32.400001525878906
1763888257529,129.60000610351562,32.400001525878906
1763888257593,130.60000610351562,32.400001525878906
1763888257673,130.60000610351562,33.400001525878906
1763888257689,130.60000610351562,33.400001525878906
1763888257736,130.60000610351562,36.400001525878906
1763888257753,131.60000610351562,37.400001525878906
1763888257905,130.60000610351562,37.400001525878906
1763888257919,130.60000610351562,38.400001525878906
1763888257936,126.60000610351562,39.400001525878906
1763888257953,125.60000610351562,40.400001525878906
1763888257969,123.60000610351562,41.400001525878906
1763888258049,124.60000610351562,41.400001525878906
1763888258057,125.60000610351562,41.400001525878906
1763888258069,127.60000610351562,40.400001525878906
1763888258086,129.60000610351562,39.400001525878906
1763888258103,132.60000610351562,38.400001525878906
1763888258119,134.60000610351562,36.400001525878906
1763888258136,136.60000610351562,35.400001525878906
1763888258153,136.60000610351562,34.400001525878906
1763888258169,136.60000610351562,31.400001525878906
1763888258186,136.60000610351562,29.400001525878906
1763888258202,136.60000610351562,27.400001525878906
1763888258219,136.60000610351562,26.400001525878906
1763888258236,136.60000610351562,25.400001525878906
1763888258252,136.60000610351562,24.400001525878906
1763888258269,136.60000610351562,24.400001525878906
1763888258319,135.60000610351562,23.400001525878906
1763888258336,134.60000610351562,23.400001525878906
1763888258353,133.60000610351562,22.400001525878906
1763888258385,130.60000610351562,21.400001525878906
1763888258417,130.60000610351562,20.400001525878906
1763888258433,128.60000610351562,17.400001525878906
1763888258449,126.60000610351562,16.400001525878906
1763888258457,124.60000610351562,16.400001525878906
1763888258473,123.60000610351562,15.400001525878906
1763888258489,122.60000610351562,15.400001525878906
1763888258513,121.60000610351562,15.400001525878906
1763888258521,119.60000610351562,15.400001525878906
1763888258535,119.60000610351562,15.400001525878906
1763888258552,116.60000610351562,15.400001525878906
1763888258569,114.60000610351562,15.400001525878906
1763888258585,113.60000610351562,16.400001525878906
1763888258657,114.60000610351562,16.400001525878906
1763888258673,115.60000610351562,16.400001525878906
1763888258685,117.60000610351562,16.400001525878906
1763888258702,120.60000610351562,16.400001525878906
1763888258719,122.60000610351562,16.400001525878906
1763888258735,123.60000610351562,17.400001525878906
1763888258793,124.60000610351562,17.400001525878906
1763888258835,121.60000610351562,18.400001525878906
1763888258852,117.60000610351562,18.400001525878906
1763888258868,115.60000610351562,18.400001525878906
1763888258885,114.60000610351562,18.400001525878906
1763888258913,113.60000610351562,18.400001525878906
1763888258921,112.60000610351562,18.400001525878906
1763888258935,112.60000610351562,17.400001525878906
1763888259035,111.60000610351562,18.400001525878906
1763888259052,110.60000610351562,20.400001525878906
1763888259068,109.60000610351562,21.400001525878906
1763888259085,108.60000610351562,22.400001525878906
1763888259137,107.60000610351562,22.400001525878906
1763888259152,106.60000610351562,22.400001525878906
1763888259168,105.60000610351562,22.400001525878906
1763888259185,103.60000610351562,22.400001525878906
1763888259249,101.60000610351562,22.400001525878906
1763888259297,101.60000610351562,22.400001525878906
1763888259305,99.60000610351562,22.400001525878906
1763888259318,98.60000610351562,22.400001525878906
1763888259335,97.60000610351562,22.400001525878906
1763888259351,96.60000610351562,22.400001525878906
1763888259497,98.60000610351562,21.400001525878906
1763888259505,100.60000610351562,20.400001525878906
1763888259518,100.60000610351562,20.400001525878906
1763888259535,104.60000610351562,19.400001525878906
1763888259551,106.60000610351562,18.400001525878906
1763888259568,108.60000610351562,18.400001525878906
1763888259585,109.60000610351562,18.400001525878906
1763888259601,110.60000610351562,18.400001525878906
1763888259618,111.60000610351562,18.400001525878906
1763888259668,112.60000610351562,18.400001525878906
1763888259684,114.60000610351562,18.400001525878906
1763888259705,114.60000610351562,18.400001525878906
1763888259729,116.60000610351562,18.400001525878906
1763888259737,117.60000610351562,18.400001525878906
1763888259751,118.60000610351562,18.400001525878906
1763888259768,121.60000610351562,18.400001525878906
1763888259784,121.60000610351562,18.400001525878906
1763888259801,125.60000610351562,20.400001525878906
1763888259818,126.60000610351562,20.400001525878906
1763888259834,128.60000610351562,20.400001525878906
1763888259851,130.60000610351562,20.400001525878906
1763888259868,131.60000610351562,20.400001525878906
1763888259884,133.60000610351562,21.400001525878906
1763888259901,135.60000610351562,21.400001525878906
1763888259918,136.60000610351562,22.400001525878906
1763888259993,136.60000610351562,23.400001525878906
1763888260001,136.60000610351562,24.400001525878906
1763888260018,136.60000610351562,26.400001525878906
1763888260034,136.60000610351562,28.400001525878906
1763888260051,136.60000610351562,29.400001525878906
1763888260068,136.60000610351562,31.400001525878906
1763888260084,137.60000610351562,32.400001525878906
1763888260113,138.60000610351562,33.400001525878906
1763888260121,138.60000610351562,33.400001525878906
1763888260137,138.60000610351562,34.400001525878906
1763888260153,138.60000610351562,36.400001525878906
1763888260167,138.60000610351562,36.400001525878906
1763888260193,139.60000610351562,37.400001525878906
1763888260345,139.60000610351562,38.400001525878906
1763888260384,138.60000610351562,38.400001525878906
1763888260400,137.60000610351562,38.400001525878906
1763888260417,136.60000610351562,38.400001525878906
1763888260441,134.60000610351562,38.400001525878906
1763888260450,134.60000610351562,39.400001525878906
1763888260467,133.60000610351562,39.400001525878906
1763888260484,130.60000610351562,41.400001525878906
1763888260500,129.60000610351562,41.400001525878906
1763888260517,128.60000610351562,41.400001525878906
1763888260567,127.60000610351562,41.400001525878906
1763888260584,126.60000610351562,43.400001525878906
1763888260601,126.60000610351562,44.400001525878906
1763888260753,125.60000610351562,45.400001525878906
1763888260769,125.60000610351562,45.400001525878906
1763888260783,123.60000610351562,45.400001525878906
1763888260800,121.60000610351562,45.400001525878906
1763888260817,118.60000610351562,44.400001525878906
1763888260833,117.60000610351562,43.400001525878906
1763888260857,116.60000610351562,43.400001525878906
1763888261025,117.60000610351562,43.400001525878906
1763888261067,117.60000610351562,44.400001525878906
1763888261089,115.60000610351562,45.400001525878906
1763888261100,114.60000610351562,46.400001525878906
1763888261117,111.60000610351562,47.400001525878906
1763888261133,108.60000610351562,47.400001525878906
1763888261150,107.60000610351562,47.400001525878906
1763888261166,106.60000610351562,47.400001525878906
1763888261183,105.60000610351562,47.400001525878906
1763888261200,103.60000610351562,47.400001525878906
1763888261216,102.60000610351562,47.400001525878906
1763888261233,100.60000610351562,47.400001525878906
1763888261250,98.60000610351562,47.400001525878906
1763888261266,98.60000610351562,47.400001525878906
1763888261283,96.60000610351562,47.400001525878906
1763888261300,95.60000610351562,47.400001525878906
1763888261316,93.60000610351562,45.400001525878906
1763888261333,92.60000610351562,43.400001525878906
1763888261350,91.60000610351562,41.400001525878906
1763888261366,90.60000610351562,39.400001525878906
1763888261465,91.60000610351562,40.400001525878906
1763888261483,92.60000610351562,40.400001525878906
1763888261500,93.60000610351562,42.400001525878906
1763888261516,94.60000610351562,43.400001525878906
1763888261533,96.60000610351562,44.400001525878906
1763888261585,97.60000610351562,44.400001525878906
1763888261601,99.60000610351562,44.400001525878906
1763888261616,100.60000610351562,44.400001525878906
1763888261633,101.60000610351562,44.400001525878906
1763888261649,104.60000610351562,44.400001525878906
1763888261666,107.60000610351562,44.400001525878906
1763888261683,109.60000610351562,44.400001525878906
1763888261699,112.60000610351562,44.400001525878906
1763888261716,113.60000610351562,44.400001525878906
1763888261733,114.60000610351562,44.400001525878906
1763888261749,116.60000610351562,44.400001525878906
1763888261766,119.60000610351562,44.400001525878906
1763888261783,123.60000610351562,44.400001525878906
1763888261799,127.60000610351562,43.400001525878906
1763888261816,128.60000610351562,41.400001525878906
1763888261841,130.60000610351562,41.400001525878906
1763888261849,131.60000610351562,40.400001525878906
1763888261866,132.60000610351562,39.400001525878906
1763888261882,133.60000610351562,39.400001525878906
1763888261899,135.60000610351562,39.400001525878906
1763888261961,135.60000610351562,39.400001525878906
1763888261969,137.60000610351562,39.400001525878906
1763888261982,138.60000610351562,40.400001525878906
1763888261999,138.60000610351562,41.400001525878906
1763888262089,138.60000610351562,42.400001525878906
1763888262099,138.60000610351562,43.400001525878906
1763888262116,136.60000610351562,45.400001525878906
1763888262132,135.60000610351562,45.400001525878906
1763888262182,133.60000610351562,45.400001525878906
1763888262199,132.60000610351562,46.400001525878906
1763888262217,131.60000610351562,47.400001525878906
1763888262241,131.60000610351562,47.400001525878906
1763888262289,130.60000610351562,47.400001525878906
1763888262377,131.60000610351562,47.400001525878906
1763888262385,132.60000610351562,48.400001525878906
1763888262399,133.60000610351562,48.400001525878906
1763888262415,134.60000610351562,48.400001525878906
1763888262432,136.60000610351562,48.400001525878906
1763888262449,138.60000610351562,48.400001525878906
1763888262569,135.60000610351562,48.400001525878906
1763888262582,134.60000610351562,48.400001525878906
1763888262599,132.60000610351562,48.400001525878906
1763888262615,130.60000610351562,46.400001525878906
1763888262632,129.60000610351562,45.400001525878906
1763888262648,128.60000610351562,44.400001525878906
1763888262665,128.60000610351562,44.400001525878906
1763888262682,129.60000610351562,43.400001525878906
1763888262705,130.60000610351562,43.400001525878906
1763888262721,131.60000610351562,43.400001525878906
1763888262745,132.60000610351562,43.400001525878906
1763888262753,133.60000610351562,44.400001525878906
1763888262769,134.60000610351562,45.400001525878906
1763888262785,134.60000610351562,45.400001525878906
1763888262801,136.60000610351562,46.400001525878906
1763888262825,137.60000610351562,46.400001525878906
1763888263138,137.60000610351562,46.400001525878906
1763888263148,139.60000610351562,46.400001525878906
1763888263165,141.60000610351562,46.400001525878906
1763888263181,142.60000610351562,46.400001525878906
1763888263198,144.60000610351562,45.400001525878906
1763888263377,144.60000610351562,48.400001525878906
1763888263479,143.60000610351562,48.400001525878906
1763888263493,143.60000610351562,48.400001525878906
1763888263570,141.60000610351562,48.400001525878906
1763888263690,140.60000610351562,48.400001525878906
1763888263730,140.60000610351562,48.400001525878906
1763888263898,139.60000610351562,48.400001525878906
1763888263910,136.60000610351562,48.400001525878906
1763888263926,132.60000610351562,48.400001525878906
1763888263943,129.60000610351562,48.400001525878906
1763888263960,128.60000610351562,48.400001525878906
1763888263977,127.60000610351562,48.400001525878906
1763888263994,125.60000610351562,48.400001525878906
1763888264009,122.60000610351562,48.400001525878906
1763888264026,120.60000610351562,48.400001525878906
1763888264043,117.60000610351562,48.400001525878906
1763888264073,116.60000610351562,48.400001525878906
1763888264186,115.60000610351562,48.400001525878906
1763888264193,113.60000610351562,48.400001525878906
1763888264209,112.60000610351562,49.400001525878906
1763888264226,111.60000610351562,50.400001525878906
1763888264243,110.60000610351562,51.400001525878906
1763888264273,109.60000610351562,51.400001525878906
1763888264281,109.60000610351562,51.400001525878906
1763888264292,107.60000610351562,51.400001525878906
1763888264309,104.60000610351562,48.400001525878906
1763888264326,103.60000610351562,47.400001525878906
1763888264342,101.60000610351562,45.400001525878906
1763888264359,101.60000610351562,44.400001525878906
1763888264376,101.60000610351562,44.400001525878906
1763888264474,101.60000610351562,43.400001525878906
1763888264481,101.60000610351562,42.400001525878906
1763888264492,101.60000610351562,42.400001525878906
1763888264509,101.60000610351562,40.400001525878906
1763888264526,100.60000610351562,37.400001525878906
1763888264542,99.60000610351562,36.400001525878906
1763888264559,98.60000610351562,36.400001525878906
1763888264576,97.60000610351562,36.400001525878906
1763888264626,96.60000610351562,37.400001525878906
1763888264642,94.60000610351562,37.400001525878906
1763888264673,93.60000610351562,37.400001525878906
1763888264721,92.60000610351562,37.400001525878906
1763888264737,91.60000610351562,37.400001525878906
1763888264793,90.60000610351562,36.400001525878906
1763888264809,90.60000610351562,35.400001525878906
1763888265058,99.60000610351562,20.400001525878906
1763888265075,102.60000610351562,19.400001525878906
1763888265097,103.60000610351562,19.400001525878906
1763888265121,104.60000610351562,19.400001525878906
1763888265178,105.60000610351562,18.400001525878906
1763888265193,105.60000610351562,17.400001525878906
1763888265209,106.60000610351562,17.400001525878906
1763888265273,106.60000610351562,16.400001525878906
1763888265289,107.60000610351562,15.400001525878906
1763888265325,108.60000610351562,15.400001525878906
1763888265342,108.60000610351562,15.400001525878906
1763888265358,110.60000610351562,15.400001525878906
1763888265375,111.60000610351562,15.400001525878906
1763888265392,112.60000610351562,15.400001525878906
1763888265408,113.60000610351562,15.400001525878906
1763888265425,115.60000610351562,15.400001525878906
1763888265441,117.60000610351562,15.400001525878906
1763888265491,118.60000610351562,15.400001525878906
1763888265513,120.60000610351562,16.400001525878906
1763888265529,121.60000610351562,16.400001525878906
1763888265541,122.60000610351562,16.400001525878906
1763888265558,125.60000610351562,16.400001525878906
1763888265585,126.60000610351562,17.400001525878906
1763888265601,128.60000610351562,18.400001525878906
1763888265641,130.60000610351562,20.400001525878906
1763888265658,130.60000610351562,21.400001525878906
1763888265708,130.60000610351562,22.400001525878906
1763888265725,130.60000610351562,23.400001525878906
1763888265741,130.60000610351562,24.400001525878906
1763888265761,130.60000610351562,25.400001525878906
1763888265777,130.60000610351562,27.400001525878906
1763888265793,130.60000610351562,27.400001525878906
1763888265809,132.60000610351562,29.400001525878906
1763888265858,133.60000610351562,30.400001525878906
1763888265874,133.60000610351562,30.400001525878906
1763888265891,134.60000610351562,31.400001525878906
1763888265908,135.60000610351562,33.400001525878906
1763888265924,139.60000610351562,35.400001525878906
1763888265941,139.60000610351562,37.400001525878906
1763888266009,140.60000610351562,37.400001525878906
1763888266033,141.60000610351562,37.400001525878906
1763888266041,141.60000610351562,38.400001525878906
1763888266058,141.60000610351562,41.400001525878906
1763888266074,142.60000610351562,42.400001525878906
1763888266091,143.60000610351562,43.400001525878906
1763888266241,143.60000610351562,42.400001525878906
1763888274033,778.6000061035156,298.4000015258789
1763888274051,778.6000061035156,299.4000015258789
1763888274074,779.6000061035156,299.4000015258789
1763888274111,780.6000061035156,299.4000015258789
1763888274128,781.6000061035156,299.4000015258789
1763888274145,782.6000061035156,299.4000015258789
1763888274161,783.6000061035156,298.4000015258789
1763888274282,782.6000061035156,298.4000015258789
1763888274306,781.6000061035156,298.4000015258789
1763888274345,780.6000061035156,298.4000015258789
1763888274466,781.6000061035156,298.4000015258789
1763888274478,781.6000061035156,297.4000015258789
1763888274494,782.6000061035156,296.4000015258789
1763888274511,783.6000061035156,295.4000015258789
1763888274602,783.6000061035156,295.4000015258789
1763888274611,782.6000061035156,294.4000015258789
1763888274628,781.6000061035156,294.4000015258789
1763888274644,779.6000061035156,292.4000015258789
1763888274762,780.6000061035156,292.4000015258789
1763888274778,782.6000061035156,292.4000015258789
1763888274802,784.6000061035156,292.4000015258789
1763888274818,785.6000061035156,292.4000015258789
1763888274898,784.6000061035156,291.4000015258789
1763888274911,783.6000061035156,290.4000015258789
1763888274927,781.6000061035156,290.4000015258789
1763888274944,780.6000061035156,290.4000015258789
1763888274961,779.6000061035156,290.4000015258789
1763888275058,780.6000061035156,290.4000015258789
1763888275065,782.6000061035156,290.4000015258789
1763888275077,784.6000061035156,290.4000015258789
1763888275094,786.6000061035156,289.4000015258789
1763888275111,786.6000061035156,288.4000015258789
1763888275194,786.6000061035156,288.4000015258789
1763888275210,783.6000061035156,288.4000015258789
1763888275227,783.6000061035156,288.4000015258789
1763888275244,781.6000061035156,288.4000015258789
1763888275266,780.6000061035156,288.4000015258789
1763888275277,779.6000061035156,288.4000015258789
1763888275294,776.6000061035156,288.4000015258789
1763888275310,776.6000061035156,288.4000015258789
1763888275327,773.6000061035156,288.4000015258789
1763888275344,772.6000061035156,288.4000015258789
1763888275490,772.6000061035156,287.4000015258789
1763888275497,772.6000061035156,286.4000015258789
1763888275510,773.6000061035156,286.4000015258789
1763888275527,776.6000061035156,286.4000015258789
1763888275543,778.6000061035156,286.4000015258789
1763888275560,780.6000061035156,286.4000015258789
1763888275577,783.6000061035156,286.4000015258789
1763888275593,785.6000061035156,284.4000015258789
1763888275610,787.6000061035156,284.4000015258789
1763888275706,784.6000061035156,283.4000015258789
1763888275722,782.6000061035156,283.4000015258789
1763888275730,780.6000061035156,283.4000015258789
1763888275746,780.6000061035156,283.4000015258789
1763888275834,779.6000061035156,283.4000015258789
1763888275843,778.6000061035156,282.4000015258789
1763888275946,778.6000061035156,283.4000015258789
1763888275962,779.6000061035156,283.4000015258789
1763888275978,780.6000061035156,283.4000015258789
1763888275993,781.6000061035156,283.4000015258789
1763888276010,784.6000061035156,285.4000015258789
1763888276066,784.6000061035156,285.4000015258789
1763888276110,784.6000061035156,287.4000015258789
1763888276126,781.6000061035156,287.4000015258789
1763888276143,777.6000061035156,288.4000015258789
1763888276160,776.6000061035156,290.4000015258789
1763888276176,775.6000061035156,290.4000015258789
1763888276282,774.6000061035156,290.4000015258789
1763888276362,774.6000061035156,291.4000015258789
1763888276409,774.6000061035156,292.4000015258789
1763888276426,775.6000061035156,292.4000015258789
1763888276450,775.6000061035156,294.4000015258789
1763888276493,774.6000061035156,296.4000015258789
1763888276514,773.6000061035156,296.4000015258789
1763888276526,773.6000061035156,296.4000015258789
1763888276543,769.6000061035156,296.4000015258789
1763888276559,766.6000061035156,296.4000015258789
1763888276576,765.6000061035156,296.4000015258789
1763888276682,767.6000061035156,296.4000015258789
1763888276692,767.6000061035156,296.4000015258789
1763888276709,771.6000061035156,296.4000015258789
1763888276726,773.6000061035156,294.4000015258789
1763888276742,774.6000061035156,294.4000015258789
1763888276759,775.6000061035156,293.4000015258789
1763888276776,775.6000061035156,292.4000015258789
1763888276792,777.6000061035156,290.4000015258789
1763888276809,778.6000061035156,287.4000015258789
1763888276826,780.6000061035156,284.4000015258789
1763888276850,780.6000061035156,283.4000015258789
1763888276859,780.6000061035156,281.4000015258789
1763888276876,779.6000061035156,279.4000015258789
1763888276898,779.6000061035156,278.4000015258789
1763888276962,781.6000061035156,278.4000015258789
1763888276976,783.6000061035156,276.4000015258789
1763888276992,785.6000061035156,276.4000015258789
1763888277250,785.6000061035156,278.4000015258789
1763888277259,786.6000061035156,280.4000015258789
1763888277275,787.6000061035156,284.4000015258789
1763888277292,788.6000061035156,287.4000015258789
1763888277386,788.6000061035156,288.4000015258789
1763888277393,788.6000061035156,289.4000015258789
1763888277418,788.6000061035156,290.4000015258789
1763888277456,788.6000061035156,291.4000015258789
1763888277472,789.6000061035156,294.4000015258789
1763888277570,788.6000061035156,296.4000015258789
1763888277586,788.6000061035156,296.4000015258789
1763888277722,789.6000061035156,298.4000015258789
1763888277834,789.6000061035156,298.4000015258789
1763888277962,789.6000061035156,300.4000015258789
1763888277972,788.6000061035156,300.4000015258789
1763888277989,787.6000061035156,301.4000015258789
1763888278106,787.6000061035156,302.4000015258789
1763888278172,787.6000061035156,302.4000015258789
1763888278450,788.6000061035156,302.4000015258789
1763888278458,788.6000061035156,301.4000015258789
1763888278471,789.6000061035156,300.4000015258789
1763888278488,790.6000061035156,299.4000015258789
1763888278505,791.6000061035156,298.4000015258789
1763888278522,792.6000061035156,297.4000015258789
1763888278554,792.6000061035156,296.4000015258789
1763888278570,791.6000061035156,295.4000015258789
1763888278578,790.6000061035156,295.4000015258789
1763888278589,790.6000061035156,294.4000015258789
1763888278606,789.6000061035156,293.4000015258789
1763888278622,788.6000061035156,293.4000015258789
1763888278650,786.6000061035156,290.4000015258789
1763888278666,785.6000061035156,289.4000015258789
1763888278674,784.6000061035156,289.4000015258789
1763888278689,783.6000061035156,288.4000015258789
1763888278706,782.6000061035156,286.4000015258789
1763888278730,780.6000061035156,285.4000015258789
1763888278746,780.6000061035156,284.4000015258789
1763888278756,780.6000061035156,282.4000015258789
1763888278772,780.6000061035156,280.4000015258789
1763888278789,782.6000061035156,279.4000015258789
1763888278806,782.6000061035156,279.4000015258789
1763888278822,784.6000061035156,279.4000015258789
1763888278839,786.6000061035156,278.4000015258789
1763888278855,786.6000061035156,278.4000015258789
1763888278872,789.6000061035156,278.4000015258789
1763888278889,790.6000061035156,277.4000015258789
1763888278939,790.6000061035156,275.4000015258789
1763888278955,790.6000061035156,274.4000015258789
1763888278972,788.6000061035156,272.4000015258789
1763888278989,787.6000061035156,272.4000015258789
1763888279005,786.6000061035156,272.4000015258789
1763888279022,782.6000061035156,272.4000015258789
1763888279039,780.6000061035156,272.4000015258789
1763888279055,778.6000061035156,272.4000015258789
1763888279072,777.6000061035156,273.4000015258789
1763888279089,777.6000061035156,274.4000015258789
1763888279106,776.6000061035156,274.4000015258789
1763888279155,776.6000061035156,274.4000015258789
1763888279205,775.6000061035156,275.4000015258789
1763888279222,775.6000061035156,278.4000015258789
1763888279239,777.6000061035156,280.4000015258789
1763888279255,777.6000061035156,281.4000015258789
1763888279362,776.6000061035156,282.4000015258789
1763888279372,775.6000061035156,283.4000015258789
1763888279388,774.6000061035156,283.4000015258789
1763888279410,774.6000061035156,283.4000015258789
1763888279482,773.6000061035156,284.4000015258789
1763888279497,773.6000061035156,284.4000015258789
1763888279505,771.6000061035156,285.4000015258789
1763888279522,769.6000061035156,286.4000015258789
1763888279538,768.6000061035156,286.4000015258789
1763888279555,767.6000061035156,286.4000015258789
1763888279610,767.6000061035156,287.4000015258789
1763888279626,767.6000061035156,289.4000015258789
1763888279642,768.6000061035156,290.4000015258789
1763888279658,769.6000061035156,291.4000015258789
1763888279671,770.6000061035156,291.4000015258789
1763888279786,773.6000061035156,294.4000015258789
1763888279898,773.6000061035156,294.4000015258789
1763888279938,775.6000061035156,292.4000015258789
1763888279955,776.6000061035156,290.4000015258789
1763888279971,776.6000061035156,289.4000015258789
1763888280042,776.6000061035156,288.4000015258789
1763888280146,777.6000061035156,288.4000015258789
1763888280162,777.6000061035156,288.4000015258789
1763888280204,779.6000061035156,288.4000015258789
1763888280418,780.6000061035156,288.4000015258789
1763888280490,780.6000061035156,289.4000015258789
1763888280504,781.6000061035156,289.4000015258789
1763888280526,782.6000061035156,289.4000015258789
1763888280543,783.6000061035156,289.4000015258789
1763888280570,784.6000061035156,289.4000015258789
1763888280586,786.6000061035156,289.4000015258789
1763888280602,786.6000061035156,289.4000015258789
1763888280626,788.6000061035156,289.4000015258789
1763888280643,789.6000061035156,290.4000015258789
1763888280826,790.6000061035156,290.4000015258789
1763888280843,794.6000061035156,290.4000015258789
1763888280859,798.6000061035156,290.4000015258789
1763888280876,799.6000061035156,289.4000015258789
1763888280926,799.6000061035156,288.4000015258789
1763888280946,798.6000061035156,287.4000015258789
1763888280959,797.6000061035156,287.4000015258789
1763888280976,797.6000061035156,287.4000015258789
1763888280994,795.6000061035156,285.4000015258789
1763888281009,794.6000061035156,285.4000015258789
1763888281026,792.6000061035156,284.4000015258789
1763888281042,790.6000061035156,283.4000015258789
1763888281059,789.6000061035156,283.4000015258789
1763888281076,789.6000061035156,283.4000015258789
1763888281218,789.6000061035156,283.4000015258789
1763888281226,789.6000061035156,284.4000015258789
1763888281242,789.6000061035156,287.4000015258789
1763888281362,788.6000061035156,288.4000015258789
1763888281434,787.6000061035156,288.4000015258789
1763888281450,787.6000061035156,289.4000015258789
1763888281530,786.6000061035156,289.4000015258789
1763888281542,786.6000061035156,289.4000015258789
1763888281559,782.6000061035156,290.4000015258789
1763888281575,781.6000061035156,291.4000015258789
1763888281625,780.6000061035156,291.4000015258789
1763888281642,778.6000061035156,290.4000015258789
1763888281874,780.6000061035156,290.4000015258789
-1,-1,-1
-1,-1,-1
-1,-1,-1
