1763888456308,84.15152740478516,135.21212768554688
1763888456322,84.15152740478516,134.21212768554688
1763888456359,82.15152740478516,131.21212768554688
1763888456371,82.15152740478516,130.21212768554688
1763888456392,81.15152740478516,129.21212768554688
1763888456405,79.15152740478516,129.21212768554688
1763888456421,78.15152740478516,129.21212768554688
1763888456438,77.15152740478516,129.21212768554688
1763888456455,74.15152740478516,130.21212768554688
1763888456472,73.15152740478516,131.21212768554688
1763888456488,71.15152740478516,132.21212768554688
1763888456505,69.15152740478516,133.21212768554688
1763888456522,67.15152740478516,134.21212768554688
1763888456538,66.15152740478516,135.21212768554688
1763888456555,64.15152740478516,136.21212768554688
1763888456571,62.151527404785156,138.21212768554688
1763888456588,62.151527404785156,139.21212768554688
1763888456605,62.151527404785156,140.21212768554688
1763888456621,60.151527404785156,142.21212768554688
1763888456638,59.151527404785156,144.21212768554688
1763888456655,57.151527404785156,146.21212768554688
1763888456671,56.151527404785156,148.21212768554688
1763888456688,54.151527404785156,153.21212768554688
1763888456705,52.151527404785156,158.21212768554688
1763888456722,50.151527404785156,162.21212768554688
1763888456738,49.151527404785156,167.21212768554688
1763888456755,48.151527404785156,170.21212768554688
1763888456772,48.151527404785156,172.21212768554688
1763888456788,47.151527404785156,176.21212768554688
1763888456805,47.151527404785156,177.21212768554688
1763888456821,46.151527404785156,181.21212768554688
1763888456838,45.151527404785156,185.21212768554688
1763888456855,44.151527404785156,187.21212768554688
1763888456871,44.151527404785156,191.21212768554688
1763888456888,43.151527404785156,195.21212768554688
1763888456905,42.151527404785156,200.21212768554688
1763888456921,42.151527404785156,204.21212768554688
1763888456939,41.151527404785156,208.21212768554688
1763888456955,41.151527404785156,211.21212768554688
1763888456972,41.151527404785156,214.21212768554688
1763888456988,41.151527404785156,219.21212768554688
1763888457005,41.151527404785156,223.21212768554688
1763888457021,41.151527404785156,229.21212768554688
1763888457038,41.151527404785156,233.21212768554688
1763888457055,42.151527404785156,236.21212768554688
1763888457071,42.151527404785156,241.21212768554688
1763888457088,42.151527404785156,244.21212768554688
1763888457105,42.151527404785156,248.21212768554688
1763888457121,42.151527404785156,250.21212768554688
1763888457138,42.151527404785156,253.21212768554688
1763888457155,42.151527404785156,254.21212768554688
1763888457171,42.151527404785156,256.2121276855469
1763888457188,42.151527404785156,258.2121276855469
1763888457205,42.151527404785156,259.2121276855469
1763888457221,42.151527404785156,260.2121276855469
1763888457238,42.151527404785156,262.2121276855469
1763888457255,42.151527404785156,263.2121276855469
1763888457271,42.151527404785156,265.2121276855469
1763888457288,42.151527404785156,267.2121276855469
1763888457305,42.151527404785156,268.2121276855469
1763888457321,42.151527404785156,271.2121276855469
1763888457338,42.151527404785156,273.2121276855469
1763888457355,42.151527404785156,275.2121276855469
1763888457371,42.151527404785156,276.2121276855469
1763888457388,42.151527404785156,278.2121276855469
1763888457405,42.151527404785156,279.2121276855469
1763888457422,42.151527404785156,280.2121276855469
1763888457438,42.151527404785156,282.2121276855469
1763888457455,42.151527404785156,283.2121276855469
1763888457471,42.151527404785156,284.2121276855469
1763888457488,43.151527404785156,285.2121276855469
1763888457505,44.151527404785156,285.2121276855469
1763888457521,44.151527404785156,288.2121276855469
1763888457538,44.151527404785156,291.2121276855469
1763888457555,44.151527404785156,293.2121276855469
1763888457571,44.151527404785156,294.2121276855469
1763888457588,44.151527404785156,295.2121276855469
1763888457605,44.151527404785156,296.2121276855469
1763888457621,44.151527404785156,296.2121276855469
1763888457638,45.151527404785156,296.2121276855469
1763888457655,45.151527404785156,296.2121276855469
1763888457671,46.151527404785156,296.2121276855469
1763888457688,47.151527404785156,294.2121276855469
1763888457705,47.151527404785156,291.2121276855469
1763888457721,47.151527404785156,287.2121276855469
1763888457738,47.151527404785156,282.2121276855469
1763888457755,47.151527404785156,278.2121276855469
1763888457771,47.151527404785156,273.2121276855469
1763888457788,46.151527404785156,269.2121276855469
1763888457805,45.151527404785156,264.2121276855469
1763888457821,45.151527404785156,260.2121276855469
1763888457838,45.151527404785156,257.2121276855469
1763888457855,44.151527404785156,251.21212768554688
1763888457871,43.151527404785156,247.21212768554688
1763888457888,42.151527404785156,242.21212768554688
1763888457905,42.151527404785156,240.21212768554688
1763888457921,42.151527404785156,237.21212768554688
1763888457938,41.151527404785156,236.21212768554688
1763888457955,41.151527404785156,234.21212768554688
1763888457971,41.151527404785156,232.21212768554688
1763888457988,41.151527404785156,231.21212768554688
1763888458005,40.151527404785156,228.21212768554688
1763888458021,40.151527404785156,227.21212768554688
1763888458038,40.151527404785156,225.21212768554688
1763888458054,40.151527404785156,222.21212768554688
1763888458071,40.151527404785156,220.21212768554688
1763888458088,40.151527404785156,219.21212768554688
1763888458105,40.151527404785156,216.21212768554688
1763888458121,40.151527404785156,214.21212768554688
1763888458138,40.151527404785156,209.21212768554688
1763888458155,41.151527404785156,207.21212768554688
1763888458171,41.151527404785156,202.21212768554688
1763888458188,42.151527404785156,200.21212768554688
1763888458205,42.151527404785156,197.21212768554688
1763888458221,43.151527404785156,194.21212768554688
1763888458238,44.151527404785156,193.21212768554688
1763888458255,45.151527404785156,189.21212768554688
1763888458271,45.151527404785156,187.21212768554688
1763888458288,45.151527404785156,185.21212768554688
1763888458305,45.151527404785156,184.21212768554688
1763888458321,46.151527404785156,182.21212768554688
1763888458338,47.151527404785156,179.21212768554688
1763888458355,48.151527404785156,176.21212768554688
1763888458371,48.151527404785156,174.21212768554688
1763888458388,50.151527404785156,171.21212768554688
1763888458405,51.151527404785156,168.21212768554688
1763888458421,52.151527404785156,165.21212768554688
1763888458438,53.151527404785156,161.21212768554688
1763888458455,54.151527404785156,159.21212768554688
1763888458471,55.151527404785156,155.21212768554688
1763888458488,56.151527404785156,152.21212768554688
1763888458504,58.151527404785156,148.21212768554688
1763888458521,59.151527404785156,146.21212768554688
1763888458538,60.151527404785156,144.21212768554688
1763888458554,62.151527404785156,139.21212768554688
1763888458571,65.15152740478516,136.21212768554688
1763888458588,67.15152740478516,133.21212768554688
1763888458605,69.15152740478516,129.21212768554688
1763888458621,73.15152740478516,124.21212768554688
1763888458638,75.15152740478516,120.21212768554688
1763888458655,78.15152740478516,117.21212768554688
1763888458671,81.15152740478516,113.21212768554688
1763888458688,82.15152740478516,111.21212768554688
1763888458704,86.15152740478516,107.21212768554688
1763888458721,88.15152740478516,104.21212768554688
1763888458738,91.15152740478516,101.21212768554688
1763888458754,94.15152740478516,98.21212768554688
1763888458771,98.15152740478516,95.21212768554688
1763888458788,101.15152740478516,92.21212768554688
1763888458805,104.15152740478516,90.21212768554688
1763888458821,107.15152740478516,88.21212768554688
1763888458838,110.15152740478516,86.21212768554688
1763888458855,113.15152740478516,85.21212768554688
1763888458871,116.15152740478516,84.21212768554688
1763888458888,117.15152740478516,84.21212768554688
1763888458905,119.15152740478516,83.21212768554688
1763888458921,120.15152740478516,83.21212768554688
1763888458938,121.15152740478516,83.21212768554688
1763888458954,123.15152740478516,84.21212768554688
1763888458971,124.15152740478516,84.21212768554688
1763888458988,124.15152740478516,85.21212768554688
1763888459004,125.15152740478516,88.21212768554688
1763888459021,125.15152740478516,90.21212768554688
1763888459038,126.15152740478516,94.21212768554688
1763888459054,126.15152740478516,97.21212768554688
1763888459071,126.15152740478516,102.21212768554688
1763888459088,126.15152740478516,107.21212768554688
1763888459105,124.15152740478516,112.21212768554688
1763888459121,121.15152740478516,121.21212768554688
1763888459138,119.15152740478516,125.21212768554688
1763888459154,115.15152740478516,133.21212768554688
1763888459171,113.15152740478516,137.21212768554688
1763888459188,111.15152740478516,139.21212768554688
1763888459204,108.15152740478516,145.21212768554688
1763888459221,107.15152740478516,148.21212768554688
1763888459238,104.15152740478516,153.21212768554688
1763888459254,103.15152740478516,156.21212768554688
1763888459271,100.15152740478516,160.21212768554688
1763888459288,98.15152740478516,164.21212768554688
1763888459304,96.15152740478516,166.21212768554688
1763888459321,93.15152740478516,169.21212768554688
1763888459338,91.15152740478516,171.21212768554688
1763888459354,90.15152740478516,173.21212768554688
1763888459371,88.15152740478516,176.21212768554688
1763888459388,87.15152740478516,177.21212768554688
1763888459404,85.15152740478516,179.21212768554688
1763888459421,84.15152740478516,180.21212768554688
1763888459438,84.15152740478516,181.21212768554688
1763888459454,84.15152740478516,184.21212768554688
1763888459471,84.15152740478516,184.21212768554688
1763888459488,84.15152740478516,187.21212768554688
1763888459504,84.15152740478516,188.21212768554688
1763888459521,84.15152740478516,190.21212768554688
1763888459538,84.15152740478516,194.21212768554688
1763888459554,84.15152740478516,196.21212768554688
1763888459571,85.15152740478516,200.21212768554688
1763888459588,85.15152740478516,204.21212768554688
1763888459604,85.15152740478516,208.21212768554688
1763888459621,87.15152740478516,214.21212768554688
1763888459638,87.15152740478516,217.21212768554688
1763888459654,88.15152740478516,222.21212768554688
1763888459671,89.15152740478516,226.21212768554688
1763888459688,90.15152740478516,231.21212768554688
1763888459704,91.15152740478516,235.21212768554688
1763888459721,91.15152740478516,239.21212768554688
1763888459738,92.15152740478516,245.21212768554688
1763888459754,93.15152740478516,249.21212768554688
1763888459771,93.15152740478516,254.21212768554688
1763888459788,94.15152740478516,258.2121276855469
1763888459804,94.15152740478516,262.2121276855469
1763888459821,94.15152740478516,266.2121276855469
1763888459838,94.15152740478516,270.2121276855469
1763888459854,94.15152740478516,273.2121276855469
1763888459871,94.15152740478516,276.2121276855469
1763888459888,94.15152740478516,279.2121276855469
1763888459904,94.15152740478516,282.2121276855469
1763888459921,94.15152740478516,285.2121276855469
1763888459938,94.15152740478516,289.2121276855469
1763888459954,94.15152740478516,292.2121276855469
1763888459971,94.15152740478516,295.2121276855469
1763888459988,94.15152740478516,300.2121276855469
1763888460005,95.15152740478516,304.2121276855469
1763888460021,95.15152740478516,311.2121276855469
1763888460038,95.15152740478516,314.2121276855469
1763888460054,95.15152740478516,318.2121276855469
1763888460071,95.15152740478516,324.2121276855469
1763888460088,95.15152740478516,328.2121276855469
1763888460104,95.15152740478516,333.2121276855469
1763888460121,95.15152740478516,336.2121276855469
1763888460138,95.15152740478516,339.2121276855469
1763888460154,95.15152740478516,344.2121276855469
1763888460171,95.15152740478516,348.2121276855469
1763888460188,95.15152740478516,350.2121276855469
1763888460204,95.15152740478516,352.2121276855469
1763888460221,95.15152740478516,354.2121276855469
1763888460238,95.15152740478516,357.2121276855469
1763888460254,95.15152740478516,360.2121276855469
1763888460271,95.15152740478516,362.2121276855469
1763888460288,95.15152740478516,364.2121276855469
1763888460304,95.15152740478516,365.2121276855469
1763888460321,95.15152740478516,367.2121276855469
1763888460338,95.15152740478516,368.2121276855469
1763888460354,95.15152740478516,370.2121276855469
1763888460371,95.15152740478516,371.2121276855469
1763888460388,95.15152740478516,372.2121276855469
1763888460404,95.15152740478516,374.2121276855469
1763888460421,95.15152740478516,376.2121276855469
1763888460437,95.15152740478516,377.2121276855469
1763888460454,95.15152740478516,378.2121276855469
1763888460471,95.15152740478516,380.2121276855469
1763888460488,95.15152740478516,380.2121276855469
1763888460505,95.15152740478516,382.2121276855469
1763888460521,95.15152740478516,384.2121276855469
1763888460538,95.15152740478516,385.2121276855469
1763888460554,95.15152740478516,387.2121276855469
1763888460571,95.15152740478516,388.2121276855469
1763888460588,95.15152740478516,389.2121276855469
1763888460604,95.15152740478516,391.2121276855469
1763888460621,95.15152740478516,392.2121276855469
1763888460637,95.15152740478516,394.2121276855469
1763888460654,95.15152740478516,395.2121276855469
1763888460671,95.15152740478516,396.2121276855469
1763888460687,95.15152740478516,397.2121276855469
1763888460704,95.15152740478516,399.2121276855469
1763888460721,95.15152740478516,401.2121276855469
1763888460738,95.15152740478516,402.2121276855469
1763888460754,95.15152740478516,404.2121276855469
1763888460771,95.15152740478516,404.2121276855469
1763888460788,95.15152740478516,405.2121276855469
1763888460804,95.15152740478516,406.2121276855469
1763888460821,95.15152740478516,408.2121276855469
1763888460837,96.15152740478516,413.2121276855469
1763888460854,96.15152740478516,415.2121276855469
1763888460871,96.15152740478516,418.2121276855469
1763888460887,96.15152740478516,422.2121276855469
1763888460904,96.15152740478516,424.2121276855469
1763888460921,96.15152740478516,428.2121276855469
1763888460937,96.15152740478516,430.2121276855469
1763888460954,96.15152740478516,431.2121276855469
1763888460971,96.15152740478516,434.2121276855469
1763888460988,97.15152740478516,436.2121276855469
1763888461004,98.15152740478516,435.2121276855469
1763888461021,98.15152740478516,433.2121276855469
1763888461038,98.15152740478516,432.2121276855469
1763888461054,98.15152740478516,428.2121276855469
1763888461071,98.15152740478516,427.2121276855469
1763888461087,98.15152740478516,423.2121276855469
1763888461104,98.15152740478516,421.2121276855469
1763888461121,97.15152740478516,417.2121276855469
1763888461137,96.15152740478516,408.2121276855469
1763888461154,96.15152740478516,402.2121276855469
1763888461171,96.15152740478516,388.2121276855469
1763888461188,94.15152740478516,379.2121276855469
1763888461204,94.15152740478516,371.2121276855469
1763888461221,93.15152740478516,362.2121276855469
1763888461237,93.15152740478516,357.2121276855469
1763888461254,92.15152740478516,347.2121276855469
1763888461271,92.15152740478516,342.2121276855469
1763888461287,91.15152740478516,334.2121276855469
1763888461304,90.15152740478516,327.2121276855469
1763888461321,88.15152740478516,321.2121276855469
1763888461337,87.15152740478516,313.2121276855469
1763888461354,85.15152740478516,305.2121276855469
1763888461371,83.15152740478516,296.2121276855469
1763888461387,81.15152740478516,288.2121276855469
1763888461404,81.15152740478516,279.2121276855469
1763888461421,79.15152740478516,268.2121276855469
1763888461437,78.15152740478516,260.2121276855469
1763888461454,78.15152740478516,245.21212768554688
1763888461471,79.15152740478516,236.21212768554688
1763888461487,80.15152740478516,228.21212768554688
1763888461504,81.15152740478516,219.21212768554688
1763888461521,82.15152740478516,214.21212768554688
1763888461537,84.15152740478516,207.21212768554688
1763888461554,85.15152740478516,204.21212768554688
1763888461571,87.15152740478516,199.21212768554688
1763888461587,90.15152740478516,194.21212768554688
1763888461604,91.15152740478516,191.21212768554688
1763888461621,94.15152740478516,187.21212768554688
1763888461637,96.15152740478516,185.21212768554688
1763888461654,99.15152740478516,180.21212768554688
1763888461671,102.15152740478516,179.21212768554688
1763888461687,103.15152740478516,177.21212768554688
1763888461704,105.15152740478516,177.21212768554688
1763888461721,106.15152740478516,176.21212768554688
1763888461737,108.15152740478516,176.21212768554688
1763888461754,109.15152740478516,176.21212768554688
1763888461771,110.15152740478516,177.21212768554688
1763888461787,112.15152740478516,180.21212768554688
1763888461804,113.15152740478516,184.21212768554688
1763888461821,115.15152740478516,188.21212768554688
1763888461837,116.15152740478516,193.21212768554688
1763888461854,117.15152740478516,197.21212768554688
1763888461871,119.15152740478516,205.21212768554688
1763888461887,122.15152740478516,217.21212768554688
1763888461904,126.15152740478516,233.21212768554688
1763888461921,128.15152740478516,244.21212768554688
1763888461937,130.15152740478516,250.21212768554688
1763888461954,132.15152740478516,263.2121276855469
1763888461971,133.15152740478516,271.2121276855469
1763888461987,135.15152740478516,283.2121276855469
1763888462004,136.15152740478516,287.2121276855469
1763888462021,137.15152740478516,291.2121276855469
1763888462037,138.15152740478516,296.2121276855469
1763888462054,138.15152740478516,297.2121276855469
1763888462071,139.15152740478516,302.2121276855469
1763888462087,139.15152740478516,305.2121276855469
1763888462104,140.15152740478516,310.2121276855469
1763888462121,141.15152740478516,314.2121276855469
1763888462137,141.15152740478516,317.2121276855469
1763888462154,142.15152740478516,321.2121276855469
1763888462171,142.15152740478516,325.2121276855469
1763888462187,142.15152740478516,331.2121276855469
1763888462204,142.15152740478516,338.2121276855469
1763888462221,142.15152740478516,342.2121276855469
1763888462237,142.15152740478516,349.2121276855469
1763888462254,142.15152740478516,353.2121276855469
1763888462271,142.15152740478516,355.2121276855469
1763888462287,142.15152740478516,360.2121276855469
1763888462304,142.15152740478516,363.2121276855469
1763888462321,142.15152740478516,368.2121276855469
1763888462337,142.15152740478516,369.2121276855469
1763888462354,142.15152740478516,371.2121276855469
1763888462371,142.15152740478516,374.2121276855469
1763888462387,142.15152740478516,374.2121276855469
1763888462404,142.15152740478516,377.2121276855469
1763888462421,142.15152740478516,378.2121276855469
1763888462437,142.15152740478516,380.2121276855469
1763888462454,142.15152740478516,382.2121276855469
1763888462471,142.15152740478516,383.2121276855469
1763888462487,142.15152740478516,385.2121276855469
1763888462504,142.15152740478516,387.2121276855469
1763888462521,142.15152740478516,388.2121276855469
1763888462537,142.15152740478516,390.2121276855469
1763888462554,142.15152740478516,391.2121276855469
1763888462571,142.15152740478516,394.2121276855469
1763888462587,142.15152740478516,396.2121276855469
1763888462604,142.15152740478516,397.2121276855469
1763888462621,141.15152740478516,399.2121276855469
1763888462637,141.15152740478516,400.2121276855469
1763888462654,141.15152740478516,402.2121276855469
1763888462671,141.15152740478516,403.2121276855469
1763888462687,141.15152740478516,404.2121276855469
1763888462704,140.15152740478516,406.2121276855469
1763888462721,139.15152740478516,408.2121276855469
1763888462737,139.15152740478516,408.2121276855469
1763888462754,139.15152740478516,410.2121276855469
1763888462771,139.15152740478516,411.2121276855469
1763888462787,139.15152740478516,413.2121276855469
1763888462804,139.15152740478516,413.2121276855469
1763888462821,138.15152740478516,414.2121276855469
1763888462837,138.15152740478516,415.2121276855469
1763888462854,138.15152740478516,417.2121276855469
1763888462871,138.15152740478516,421.2121276855469
1763888462887,138.15152740478516,426.2121276855469
1763888462904,138.15152740478516,428.2121276855469
1763888462921,138.15152740478516,432.2121276855469
1763888462937,138.15152740478516,437.2121276855469
1763888462954,138.15152740478516,440.2121276855469
1763888462971,138.15152740478516,445.2121276855469
1763888462987,138.15152740478516,448.2121276855469
1763888463004,138.15152740478516,452.2121276855469
1763888463020,138.15152740478516,457.2121276855469
1763888463037,138.15152740478516,460.2121276855469
1763888463054,138.15152740478516,465.2121276855469
1763888463070,138.15152740478516,468.2121276855469
1763888463087,138.15152740478516,471.2121276855469
1763888463104,138.15152740478516,476.2121276855469
1763888463121,138.15152740478516,479.2121276855469
1763888463137,138.15152740478516,482.2121276855469
1763888463154,138.15152740478516,484.2121276855469
1763888463171,138.15152740478516,485.2121276855469
1763888463187,138.15152740478516,487.2121276855469
1763888463254,138.15152740478516,485.2121276855469
1763888463270,136.15152740478516,473.2121276855469
1763888463287,136.15152740478516,454.2121276855469
1763888463304,133.15152740478516,425.2121276855469
1763888463320,133.15152740478516,412.2121276855469
1763888463337,133.15152740478516,401.2121276855469
1763888463354,131.15152740478516,387.2121276855469
1763888463370,129.15152740478516,378.2121276855469
1763888463387,128.15152740478516,367.2121276855469
1763888463404,127.15152740478516,362.2121276855469
1763888463421,125.15152740478516,357.2121276855469
1763888463437,124.15152740478516,351.2121276855469
1763888463454,124.15152740478516,345.2121276855469
1763888463470,122.15152740478516,335.2121276855469
1763888463487,121.15152740478516,330.2121276855469
1763888463504,120.15152740478516,322.2121276855469
1763888463520,118.15152740478516,311.2121276855469
1763888463537,118.15152740478516,305.2121276855469
1763888463554,117.15152740478516,294.2121276855469
1763888463571,116.15152740478516,286.2121276855469
1763888463587,116.15152740478516,268.2121276855469
1763888463604,116.15152740478516,256.2121276855469
1763888463620,116.15152740478516,248.21212768554688
1763888463637,116.15152740478516,237.21212768554688
1763888463654,116.15152740478516,230.21212768554688
1763888463670,116.15152740478516,222.21212768554688
1763888463687,116.15152740478516,219.21212768554688
1763888463704,116.15152740478516,214.21212768554688
1763888463720,116.15152740478516,209.21212768554688
1763888463737,117.15152740478516,204.21212768554688
1763888463754,118.15152740478516,199.21212768554688
1763888463770,118.15152740478516,194.21212768554688
1763888463787,119.15152740478516,189.21212768554688
1763888463804,120.15152740478516,181.21212768554688
1763888463820,120.15152740478516,178.21212768554688
1763888463837,121.15152740478516,175.21212768554688
1763888463854,121.15152740478516,174.21212768554688
1763888463870,121.15152740478516,173.21212768554688
1763888463887,121.15152740478516,172.21212768554688
1763888463904,122.15152740478516,172.21212768554688
1763888463920,123.15152740478516,173.21212768554688
1763888463937,124.15152740478516,174.21212768554688
1763888463954,125.15152740478516,178.21212768554688
1763888463970,126.15152740478516,183.21212768554688
1763888463987,127.15152740478516,188.21212768554688
1763888464004,131.15152740478516,214.21212768554688
1763888464020,133.15152740478516,235.21212768554688
1763888464037,136.15152740478516,268.2121276855469
1763888464054,139.15152740478516,292.2121276855469
1763888464070,139.15152740478516,308.2121276855469
1763888464087,141.15152740478516,324.2121276855469
1763888464104,141.15152740478516,327.2121276855469
1763888464120,141.15152740478516,330.2121276855469
1763888464137,141.15152740478516,331.2121276855469
1763888464154,141.15152740478516,332.2121276855469
1763888464170,141.15152740478516,333.2121276855469
1763888464225,141.15152740478516,333.2121276855469
1763888464237,141.15152740478516,332.2121276855469
1763888464254,141.15152740478516,328.2121276855469
1763888464271,141.15152740478516,322.2121276855469
1763888464287,139.15152740478516,307.2121276855469
1763888464304,138.15152740478516,289.2121276855469
1763888464320,138.15152740478516,268.2121276855469
1763888464337,138.15152740478516,243.21212768554688
1763888464354,138.15152740478516,231.21212768554688
1763888464370,138.15152740478516,213.21212768554688
1763888464387,139.15152740478516,204.21212768554688
1763888464404,139.15152740478516,191.21212768554688
1763888464420,139.15152740478516,175.21212768554688
1763888464437,139.15152740478516,163.21212768554688
1763888464453,141.15152740478516,151.21212768554688
1763888464470,141.15152740478516,147.21212768554688
1763888464487,141.15152740478516,140.21212768554688
1763888464504,141.15152740478516,134.21212768554688
1763888464520,141.15152740478516,131.21212768554688
1763888464537,141.15152740478516,125.21212768554688
1763888464554,142.15152740478516,123.21212768554688
1763888464570,142.15152740478516,120.21212768554688
1763888464587,142.15152740478516,119.21212768554688
1763888464604,143.15152740478516,118.21212768554688
1763888464620,143.15152740478516,117.21212768554688
1763888464640,144.15152740478516,116.21212768554688
1763888464653,145.15152740478516,116.21212768554688
1763888464670,145.15152740478516,116.21212768554688
1763888464687,146.15152740478516,116.21212768554688
1763888464703,147.15152740478516,116.21212768554688
1763888464720,147.15152740478516,116.21212768554688
1763888464737,148.15152740478516,118.21212768554688
1763888464754,149.15152740478516,119.21212768554688
1763888464770,150.15152740478516,120.21212768554688
1763888464787,150.15152740478516,120.21212768554688
1763888464804,151.15152740478516,122.21212768554688
1763888464820,153.15152740478516,124.21212768554688
1763888464837,153.15152740478516,124.21212768554688
1763888464854,154.15152740478516,124.21212768554688
1763888464870,156.15152740478516,125.21212768554688
1763888464887,157.15152740478516,127.21212768554688
1763888464903,160.15152740478516,127.21212768554688
1763888464920,161.15152740478516,127.21212768554688
1763888464937,162.15152740478516,128.21212768554688
1763888464953,164.15152740478516,128.21212768554688
1763888464970,165.15152740478516,130.21212768554688
1763888464987,166.15152740478516,131.21212768554688
1763888465003,168.15152740478516,131.21212768554688
1763888465020,170.15152740478516,132.21212768554688
1763888465037,170.15152740478516,133.21212768554688
1763888465053,171.15152740478516,134.21212768554688
1763888465070,173.15152740478516,134.21212768554688
1763888465087,174.15152740478516,135.21212768554688
1763888465104,175.15152740478516,137.21212768554688
1763888465120,176.15152740478516,139.21212768554688
1763888465137,176.15152740478516,139.21212768554688
1763888465153,178.15152740478516,141.21212768554688
1763888465170,178.15152740478516,143.21212768554688
1763888465187,179.15152740478516,145.21212768554688
1763888465203,181.15152740478516,147.21212768554688
1763888465220,181.15152740478516,149.21212768554688
1763888465237,182.15152740478516,153.21212768554688
1763888465254,184.15152740478516,156.21212768554688
1763888465270,185.15152740478516,160.21212768554688
1763888465287,185.15152740478516,163.21212768554688
1763888465304,186.15152740478516,165.21212768554688
1763888465320,187.15152740478516,169.21212768554688
1763888465337,188.15152740478516,171.21212768554688
1763888465353,188.15152740478516,174.21212768554688
1763888465370,188.15152740478516,176.21212768554688
1763888465387,188.15152740478516,178.21212768554688
1763888465403,188.15152740478516,180.21212768554688
1763888465420,188.15152740478516,182.21212768554688
1763888465437,188.15152740478516,184.21212768554688
1763888465454,188.15152740478516,187.21212768554688
1763888465470,189.15152740478516,188.21212768554688
1763888465487,190.15152740478516,193.21212768554688
1763888465503,190.15152740478516,196.21212768554688
1763888465520,191.15152740478516,200.21212768554688
1763888465537,191.15152740478516,203.21212768554688
1763888465553,191.15152740478516,207.21212768554688
1763888465570,191.15152740478516,209.21212768554688
1763888465587,191.15152740478516,210.21212768554688
1763888465603,191.15152740478516,213.21212768554688
1763888465620,191.15152740478516,214.21212768554688
1763888465637,191.15152740478516,216.21212768554688
1763888465653,191.15152740478516,218.21212768554688
1763888465670,191.15152740478516,219.21212768554688
1763888465687,192.15152740478516,222.21212768554688
1763888465703,192.15152740478516,224.21212768554688
1763888465720,192.15152740478516,225.21212768554688
1763888465737,193.15152740478516,227.21212768554688
1763888465754,193.15152740478516,228.21212768554688
1763888465770,193.15152740478516,231.21212768554688
1763888465787,193.15152740478516,233.21212768554688
1763888465803,194.15152740478516,234.21212768554688
1763888465820,194.15152740478516,237.21212768554688
1763888465837,194.15152740478516,239.21212768554688
1763888465853,194.15152740478516,241.21212768554688
1763888465870,194.15152740478516,243.21212768554688
1763888465887,194.15152740478516,245.21212768554688
1763888465903,194.15152740478516,247.21212768554688
1763888465920,194.15152740478516,248.21212768554688
1763888465937,194.15152740478516,250.21212768554688
1763888465954,194.15152740478516,252.21212768554688
1763888465970,194.15152740478516,253.21212768554688
1763888465987,194.15152740478516,256.2121276855469
1763888466003,194.15152740478516,257.2121276855469
1763888466020,193.15152740478516,259.2121276855469
1763888466037,193.15152740478516,261.2121276855469
1763888466053,193.15152740478516,265.2121276855469
1763888466070,192.15152740478516,266.2121276855469
1763888466087,191.15152740478516,270.2121276855469
1763888466104,191.15152740478516,271.2121276855469
1763888466120,191.15152740478516,273.2121276855469
1763888466137,191.15152740478516,275.2121276855469
1763888466153,191.15152740478516,277.2121276855469
1763888466170,191.15152740478516,279.2121276855469
1763888466187,190.15152740478516,280.2121276855469
1763888466203,190.15152740478516,282.2121276855469
1763888466220,190.15152740478516,283.2121276855469
1763888466237,190.15152740478516,285.2121276855469
1763888466253,190.15152740478516,287.2121276855469
1763888466270,190.15152740478516,288.2121276855469
1763888466287,190.15152740478516,290.2121276855469
1763888466303,189.15152740478516,292.2121276855469
1763888466320,189.15152740478516,293.2121276855469
1763888466337,189.15152740478516,294.2121276855469
1763888466353,189.15152740478516,295.2121276855469
1763888466370,189.15152740478516,296.2121276855469
1763888466387,189.15152740478516,297.2121276855469
1763888466403,189.15152740478516,298.2121276855469
1763888466420,189.15152740478516,299.2121276855469
1763888466437,189.15152740478516,299.2121276855469
1763888466453,189.15152740478516,300.2121276855469
1763888466470,189.15152740478516,300.2121276855469
1763888466487,188.15152740478516,301.2121276855469
1763888466503,188.15152740478516,302.2121276855469
1763888466520,188.15152740478516,302.2121276855469
1763888466578,188.15152740478516,302.2121276855469
1763888466592,188.15152740478516,301.2121276855469
1763888466606,188.15152740478516,300.2121276855469
1763888466620,188.15152740478516,297.2121276855469
1763888466637,188.15152740478516,290.2121276855469
1763888466653,187.15152740478516,285.2121276855469
1763888466670,184.15152740478516,267.2121276855469
1763888466753,162.15152740478516,176.21212768554688
1763888466770,159.15152740478516,167.21212768554688
1763888466786,158.15152740478516,159.21212768554688
1763888466803,156.15152740478516,156.21212768554688
1763888466820,154.15152740478516,152.21212768554688
1763888466836,152.15152740478516,148.21212768554688
1763888466853,151.15152740478516,145.21212768554688
1763888466870,149.15152740478516,141.21212768554688
1763888466887,148.15152740478516,139.21212768554688
1763888466903,147.15152740478516,136.21212768554688
1763888466920,144.15152740478516,132.21212768554688
1763888466937,142.15152740478516,131.21212768554688
1763888466953,141.15152740478516,129.21212768554688
1763888466970,140.15152740478516,128.21212768554688
1763888466987,139.15152740478516,127.21212768554688
1763888467003,136.15152740478516,127.21212768554688
1763888467020,135.15152740478516,127.21212768554688
1763888467036,133.15152740478516,129.21212768554688
1763888467053,132.15152740478516,132.21212768554688
1763888467070,132.15152740478516,136.21212768554688
1763888467086,132.15152740478516,141.21212768554688
1763888467103,134.15152740478516,155.21212768554688
1763888467120,138.15152740478516,185.21212768554688
1763888467137,140.15152740478516,203.21212768554688
1763888467153,141.15152740478516,216.21212768554688
1763888467170,143.15152740478516,221.21212768554688
1763888467187,144.15152740478516,225.21212768554688
1763888467203,145.15152740478516,229.21212768554688
1763888467220,146.15152740478516,231.21212768554688
1763888467236,147.15152740478516,234.21212768554688
1763888467253,148.15152740478516,237.21212768554688
1763888467270,149.15152740478516,239.21212768554688
1763888467286,150.15152740478516,243.21212768554688
1763888467303,151.15152740478516,245.21212768554688
1763888467320,151.15152740478516,249.21212768554688
1763888467336,152.15152740478516,251.21212768554688
1763888467353,152.15152740478516,253.21212768554688
1763888467370,152.15152740478516,255.21212768554688
1763888467387,152.15152740478516,256.2121276855469
1763888467444,152.15152740478516,256.2121276855469
1763888467453,152.15152740478516,254.21212768554688
1763888467470,152.15152740478516,250.21212768554688
1763888467486,151.15152740478516,242.21212768554688
1763888467503,150.15152740478516,233.21212768554688
1763888467520,148.15152740478516,223.21212768554688
1763888467536,145.15152740478516,202.21212768554688
1763888467553,144.15152740478516,188.21212768554688
1763888467570,142.15152740478516,174.21212768554688
1763888467587,142.15152740478516,168.21212768554688
1763888467603,142.15152740478516,161.21212768554688
1763888467620,141.15152740478516,157.21212768554688
1763888467636,141.15152740478516,150.21212768554688
1763888467653,139.15152740478516,142.21212768554688
1763888467670,139.15152740478516,138.21212768554688
1763888467686,137.15152740478516,133.21212768554688
1763888467703,136.15152740478516,130.21212768554688
1763888467720,136.15152740478516,130.21212768554688
1763888467736,134.15152740478516,127.21212768554688
1763888467753,133.15152740478516,126.21212768554688
1763888467770,131.15152740478516,125.21212768554688
1763888467786,130.15152740478516,124.21212768554688
1763888467803,129.15152740478516,124.21212768554688
1763888467820,128.15152740478516,123.21212768554688
1763888467836,126.15152740478516,122.21212768554688
1763888467853,124.15152740478516,122.21212768554688
1763888467870,123.15152740478516,122.21212768554688
1763888467887,121.15152740478516,122.21212768554688
1763888467903,119.15152740478516,123.21212768554688
1763888467920,118.15152740478516,124.21212768554688
1763888467936,115.15152740478516,127.21212768554688
1763888467953,114.15152740478516,129.21212768554688
1763888467970,112.15152740478516,132.21212768554688
1763888467986,108.15152740478516,139.21212768554688
1763888468003,107.15152740478516,142.21212768554688
1763888468020,104.15152740478516,148.21212768554688
1763888468036,102.15152740478516,154.21212768554688
1763888468053,100.15152740478516,160.21212768554688
1763888468070,98.15152740478516,168.21212768554688
1763888468086,96.15152740478516,173.21212768554688
1763888468103,94.15152740478516,180.21212768554688
1763888468120,93.15152740478516,184.21212768554688
1763888468136,92.15152740478516,186.21212768554688
1763888468153,92.15152740478516,190.21212768554688
1763888468170,91.15152740478516,191.21212768554688
1763888468186,90.15152740478516,195.21212768554688
1763888468203,90.15152740478516,197.21212768554688
1763888468220,90.15152740478516,198.21212768554688
1763888468236,89.15152740478516,200.21212768554688
1763888468253,88.15152740478516,202.21212768554688
1763888468270,88.15152740478516,204.21212768554688
1763888468287,88.15152740478516,205.21212768554688
1763888468303,87.15152740478516,205.21212768554688
1763888468320,87.15152740478516,206.21212768554688
1763888468351,87.15152740478516,205.21212768554688
1763888468358,87.15152740478516,205.21212768554688
1763888468370,87.15152740478516,204.21212768554688
1763888468386,87.15152740478516,199.21212768554688
1763888468403,87.15152740478516,194.21212768554688
1763888468420,87.15152740478516,191.21212768554688
1763888468436,86.15152740478516,184.21212768554688
1763888468453,85.15152740478516,180.21212768554688
1763888468470,85.15152740478516,173.21212768554688
1763888468486,84.15152740478516,168.21212768554688
1763888468503,83.15152740478516,160.21212768554688
1763888468520,83.15152740478516,153.21212768554688
1763888468536,83.15152740478516,148.21212768554688
1763888468553,83.15152740478516,144.21212768554688
1763888468570,83.15152740478516,142.21212768554688
1763888468586,83.15152740478516,140.21212768554688
1763888468603,84.15152740478516,136.21212768554688
1763888468620,85.15152740478516,133.21212768554688
1763888468636,87.15152740478516,128.21212768554688
1763888468653,88.15152740478516,122.21212768554688
1763888468670,90.15152740478516,115.21212768554688
1763888468686,92.15152740478516,111.21212768554688
1763888468703,94.15152740478516,106.21212768554688
1763888468720,96.15152740478516,102.21212768554688
1763888468736,97.15152740478516,100.21212768554688
1763888468753,98.15152740478516,99.21212768554688
1763888468770,98.15152740478516,97.21212768554688
1763888468795,99.15152740478516,97.21212768554688
1763888468808,99.15152740478516,97.21212768554688
1763888468822,99.15152740478516,98.21212768554688
1763888468836,99.15152740478516,99.21212768554688
1763888468853,99.15152740478516,101.21212768554688
1763888468870,99.15152740478516,102.21212768554688
1763888468886,99.15152740478516,108.21212768554688
1763888468903,99.15152740478516,110.21212768554688
1763888468920,97.15152740478516,117.21212768554688
1763888468936,96.15152740478516,120.21212768554688
1763888468953,95.15152740478516,127.21212768554688
1763888468970,93.15152740478516,142.21212768554688
1763888468986,87.15152740478516,161.21212768554688
1763888469003,83.15152740478516,182.21212768554688
1763888469020,82.15152740478516,189.21212768554688
1763888469036,81.15152740478516,195.21212768554688
1763888469053,80.15152740478516,202.21212768554688
1763888469070,79.15152740478516,205.21212768554688
1763888469086,79.15152740478516,212.21212768554688
1763888469103,79.15152740478516,217.21212768554688
1763888469120,80.15152740478516,223.21212768554688
1763888469136,83.15152740478516,232.21212768554688
1763888469153,86.15152740478516,240.21212768554688
1763888469170,90.15152740478516,248.21212768554688
1763888469186,93.15152740478516,253.21212768554688
1763888469203,96.15152740478516,258.2121276855469
1763888469220,98.15152740478516,264.2121276855469
1763888469236,101.15152740478516,266.2121276855469
1763888469253,102.15152740478516,269.2121276855469
1763888469270,103.15152740478516,271.2121276855469
1763888469286,104.15152740478516,272.2121276855469
1763888469303,105.15152740478516,273.2121276855469
1763888469320,106.15152740478516,274.2121276855469
1763888469336,107.15152740478516,274.2121276855469
1763888469353,108.15152740478516,274.2121276855469
1763888469370,110.15152740478516,274.2121276855469
1763888469386,110.15152740478516,274.2121276855469
1763888469403,111.15152740478516,273.2121276855469
1763888469419,114.15152740478516,270.2121276855469
1763888469436,115.15152740478516,270.2121276855469
1763888469453,117.15152740478516,266.2121276855469
1763888469469,119.15152740478516,262.2121276855469
1763888469486,121.15152740478516,259.2121276855469
1763888469503,124.15152740478516,251.21212768554688
1763888469520,128.15152740478516,242.21212768554688
1763888469536,133.15152740478516,229.21212768554688
1763888469553,136.15152740478516,218.21212768554688
1763888469569,138.15152740478516,211.21212768554688
1763888469586,139.15152740478516,197.21212768554688
1763888469603,139.15152740478516,185.21212768554688
1763888469619,137.15152740478516,165.21212768554688
1763888469636,133.15152740478516,155.21212768554688
1763888469653,128.15152740478516,143.21212768554688
1763888469669,127.15152740478516,139.21212768554688
1763888469686,125.15152740478516,136.21212768554688
1763888469703,121.15152740478516,131.21212768554688
1763888469720,119.15152740478516,130.21212768554688
1763888469736,116.15152740478516,127.21212768554688
1763888469753,114.15152740478516,126.21212768554688
1763888469769,113.15152740478516,125.21212768554688
1763888469786,111.15152740478516,125.21212768554688
1763888469803,110.15152740478516,125.21212768554688
1763888469819,108.15152740478516,126.21212768554688
1763888469836,107.15152740478516,128.21212768554688
1763888469853,106.15152740478516,130.21212768554688
1763888469869,105.15152740478516,134.21212768554688
1763888469886,105.15152740478516,137.21212768554688
1763888469903,105.15152740478516,146.21212768554688
1763888469919,106.15152740478516,153.21212768554688
1763888469936,107.15152740478516,162.21212768554688
1763888469953,108.15152740478516,177.21212768554688
1763888469969,108.15152740478516,185.21212768554688
1763888469986,110.15152740478516,197.21212768554688
1763888470003,110.15152740478516,204.21212768554688
1763888470020,110.15152740478516,210.21212768554688
1763888470036,111.15152740478516,216.21212768554688
1763888470053,111.15152740478516,220.21212768554688
1763888470069,111.15152740478516,226.21212768554688
1763888470086,111.15152740478516,229.21212768554688
1763888470103,112.15152740478516,233.21212768554688
1763888470119,113.15152740478516,236.21212768554688
1763888470136,113.15152740478516,238.21212768554688
1763888470153,114.15152740478516,241.21212768554688
1763888470169,114.15152740478516,242.21212768554688
1763888470186,114.15152740478516,244.21212768554688
1763888470203,115.15152740478516,245.21212768554688
1763888470220,115.15152740478516,246.21212768554688
1763888470236,115.15152740478516,247.21212768554688
1763888470253,115.15152740478516,247.21212768554688
1763888470269,116.15152740478516,247.21212768554688
1763888470286,116.15152740478516,246.21212768554688
1763888470303,117.15152740478516,245.21212768554688
1763888470319,119.15152740478516,240.21212768554688
1763888470336,119.15152740478516,236.21212768554688
1763888470353,122.15152740478516,228.21212768554688
1763888470369,123.15152740478516,220.21212768554688
1763888470386,125.15152740478516,215.21212768554688
1763888470403,129.15152740478516,204.21212768554688
1763888470420,132.15152740478516,199.21212768554688
1763888470436,135.15152740478516,192.21212768554688
1763888470453,138.15152740478516,189.21212768554688
1763888470469,140.15152740478516,184.21212768554688
1763888470486,143.15152740478516,178.21212768554688
1763888470503,145.15152740478516,175.21212768554688
1763888470519,146.15152740478516,171.21212768554688
1763888470536,147.15152740478516,169.21212768554688
1763888470553,147.15152740478516,166.21212768554688
1763888470569,147.15152740478516,164.21212768554688
1763888470586,147.15152740478516,163.21212768554688
1763888470603,147.15152740478516,161.21212768554688
1763888470619,147.15152740478516,160.21212768554688
1763888470636,147.15152740478516,159.21212768554688
1763888470653,147.15152740478516,159.21212768554688
1763888470671,148.15152740478516,159.21212768554688
1763888470692,148.15152740478516,159.21212768554688
1763888470703,148.15152740478516,159.21212768554688
1763888470719,148.15152740478516,162.21212768554688
1763888470736,149.15152740478516,164.21212768554688
1763888470753,150.15152740478516,167.21212768554688
1763888470769,151.15152740478516,175.21212768554688
1763888470786,151.15152740478516,180.21212768554688
1763888470803,154.15152740478516,191.21212768554688
1763888470819,156.15152740478516,198.21212768554688
1763888470836,158.15152740478516,205.21212768554688
1763888470853,162.15152740478516,216.21212768554688
1763888471119,166.15152740478516,265.2121276855469
1763888471136,165.15152740478516,269.2121276855469
1763888471153,164.15152740478516,271.2121276855469
1763888471169,162.15152740478516,276.2121276855469
1763888471186,162.15152740478516,278.2121276855469
1763888471203,161.15152740478516,280.2121276855469
1763888471219,159.15152740478516,285.2121276855469
1763888471236,158.15152740478516,288.2121276855469
1763888471253,158.15152740478516,290.2121276855469
1763888471269,156.15152740478516,293.2121276855469
1763888471286,155.15152740478516,294.2121276855469
1763888471303,154.15152740478516,298.2121276855469
1763888471319,153.15152740478516,300.2121276855469
1763888471336,152.15152740478516,302.2121276855469
1763888471353,151.15152740478516,304.2121276855469
1763888471369,151.15152740478516,305.2121276855469
1763888471386,150.15152740478516,307.2121276855469
1763888471403,150.15152740478516,308.2121276855469
1763888471419,149.15152740478516,308.2121276855469
1763888471436,149.15152740478516,310.2121276855469
1763888471453,148.15152740478516,310.2121276855469
1763888471469,148.15152740478516,311.2121276855469
1763888471486,148.15152740478516,311.2121276855469
1763888471503,147.15152740478516,311.2121276855469
1763888471552,147.15152740478516,311.2121276855469
1763888471602,147.15152740478516,311.2121276855469
1763888471620,147.15152740478516,310.2121276855469
1763888471647,147.15152740478516,310.2121276855469
1763888471661,147.15152740478516,309.2121276855469
1763888471675,147.15152740478516,308.2121276855469
1763888471686,148.15152740478516,308.2121276855469
1763888471702,148.15152740478516,306.2121276855469
1763888471719,148.15152740478516,305.2121276855469
1763888471736,148.15152740478516,304.2121276855469
1763888471752,148.15152740478516,302.2121276855469
1763888471769,149.15152740478516,301.2121276855469
1763888471786,150.15152740478516,300.2121276855469
1763888471813,150.15152740478516,300.2121276855469
1763888471820,150.15152740478516,300.2121276855469
1763888471848,151.15152740478516,300.2121276855469
1763888471886,151.15152740478516,301.2121276855469
1763888471903,151.15152740478516,302.2121276855469
1763888471919,152.15152740478516,306.2121276855469
1763888471936,153.15152740478516,311.2121276855469
1763888471952,154.15152740478516,333.2121276855469
1763888471969,154.15152740478516,342.2121276855469
1763888471986,154.15152740478516,349.2121276855469
1763888472002,154.15152740478516,352.2121276855469
1763888472019,154.15152740478516,354.2121276855469
1763888472036,154.15152740478516,354.2121276855469
1763888472053,154.15152740478516,355.2121276855469
1763888472069,154.15152740478516,356.2121276855469
1763888472086,154.15152740478516,357.2121276855469
1763888472104,154.15152740478516,357.2121276855469
1763888472125,153.15152740478516,358.2121276855469
1763888472188,153.15152740478516,358.2121276855469
1763888472264,153.15152740478516,359.2121276855469
1763888472271,152.15152740478516,359.2121276855469
1763888472286,152.15152740478516,359.2121276855469
1763888472302,152.15152740478516,360.2121276855469
1763888472319,151.15152740478516,360.2121276855469
1763888472336,151.15152740478516,360.2121276855469
1763888472352,151.15152740478516,361.2121276855469
1763888472410,151.15152740478516,360.2121276855469
1763888472419,151.15152740478516,360.2121276855469
1763888472436,151.15152740478516,357.2121276855469
1763888472452,151.15152740478516,354.2121276855469
1763888472469,151.15152740478516,352.2121276855469
1763888472486,151.15152740478516,348.2121276855469
1763888472502,150.15152740478516,345.2121276855469
1763888472519,150.15152740478516,342.2121276855469
1763888472536,150.15152740478516,340.2121276855469
1763888472553,150.15152740478516,339.2121276855469
1763888472569,150.15152740478516,336.2121276855469
1763888472586,149.15152740478516,335.2121276855469
1763888472602,149.15152740478516,334.2121276855469
1763888472619,148.15152740478516,334.2121276855469
1763888472638,148.15152740478516,334.2121276855469
1763888472652,147.15152740478516,334.2121276855469
1763888472669,147.15152740478516,334.2121276855469
1763888472686,147.15152740478516,336.2121276855469
1763888472702,147.15152740478516,339.2121276855469
1763888472719,146.15152740478516,342.2121276855469
1763888472736,145.15152740478516,345.2121276855469
1763888472752,144.15152740478516,347.2121276855469
1763888472769,144.15152740478516,351.2121276855469
1763888472786,144.15152740478516,353.2121276855469
1763888472803,143.15152740478516,356.2121276855469
1763888472819,142.15152740478516,359.2121276855469
1763888472836,142.15152740478516,362.2121276855469
1763888472852,142.15152740478516,365.2121276855469
1763888472869,142.15152740478516,366.2121276855469
1763888472886,142.15152740478516,368.2121276855469
1763888472902,142.15152740478516,370.2121276855469
1763888472919,141.15152740478516,371.2121276855469
1763888472936,141.15152740478516,376.2121276855469
1763888472952,141.15152740478516,380.2121276855469
1763888472969,141.15152740478516,385.2121276855469
1763888472986,141.15152740478516,390.2121276855469
1763888473002,141.15152740478516,395.2121276855469
1763888473019,141.15152740478516,400.2121276855469
1763888473036,141.15152740478516,404.2121276855469
1763888473052,141.15152740478516,407.2121276855469
1763888473069,141.15152740478516,412.2121276855469
1763888473086,141.15152740478516,415.2121276855469
1763888473102,141.15152740478516,419.2121276855469
1763888473119,141.15152740478516,422.2121276855469
1763888473136,141.15152740478516,425.2121276855469
1763888473152,141.15152740478516,428.2121276855469
1763888473169,141.15152740478516,430.2121276855469
1763888473185,141.15152740478516,431.2121276855469
1763888474848,105.15152740478516,450.36363220214844
1763888474854,104.15152740478516,448.36363220214844
1763888474869,102.15152740478516,437.36363220214844
1763888474885,100.15152740478516,425.36363220214844
1763888474902,98.15152740478516,415.36363220214844
1763888474919,98.15152740478516,411.36363220214844
1763888474936,98.15152740478516,410.36363220214844
1763888474952,97.15152740478516,408.36363220214844
1763888474972,97.15152740478516,408.36363220214844
1763888475034,97.15152740478516,408.36363220214844
1763888475041,97.15152740478516,409.36363220214844
1763888475052,97.15152740478516,409.36363220214844
1763888475069,97.15152740478516,410.36363220214844
1763888475085,97.15152740478516,412.36363220214844
1763888475102,97.15152740478516,414.36363220214844
1763888475119,97.15152740478516,415.36363220214844
1763888475136,97.15152740478516,417.36363220214844
1763888475152,97.15152740478516,419.36363220214844
1763888475169,97.15152740478516,421.36363220214844
1763888475185,97.15152740478516,423.36363220214844
1763888475202,97.15152740478516,427.36363220214844
1763888475219,97.15152740478516,430.36363220214844
1763888475235,96.15152740478516,435.36363220214844
1763888475252,95.15152740478516,439.36363220214844
1763888475269,95.15152740478516,443.36363220214844
1763888475285,94.15152740478516,449.36363220214844
1763888475302,94.15152740478516,454.36363220214844
1763888475319,94.15152740478516,459.36363220214844
1763888475335,94.15152740478516,463.36363220214844
1763888475352,94.15152740478516,467.36363220214844
1763888475369,94.15152740478516,471.36363220214844
1763888475385,94.15152740478516,473.36363220214844
1763888475402,94.15152740478516,477.36363220214844
1763888475419,94.15152740478516,479.36363220214844
1763888475435,94.15152740478516,481.36363220214844
1763888475635,95.15152740478516,502.36363220214844
1763888475652,96.15152740478516,503.36363220214844
1763888475669,96.15152740478516,503.36363220214844
1763888475685,97.15152740478516,503.36363220214844
1763888475706,98.15152740478516,503.36363220214844
1763888475719,98.15152740478516,502.36363220214844
1763888475735,98.15152740478516,500.36363220214844
1763888475752,99.15152740478516,498.36363220214844
1763888475769,99.15152740478516,494.36363220214844
1763888475785,99.15152740478516,491.36363220214844
1763888475802,99.15152740478516,489.36363220214844
1763888475819,98.15152740478516,485.36363220214844
1763888475835,98.15152740478516,482.36363220214844
1763888475852,98.15152740478516,476.36363220214844
1763888475869,96.15152740478516,473.36363220214844
1763888475885,96.15152740478516,471.36363220214844
1763888475902,96.15152740478516,467.36363220214844
1763888475918,96.15152740478516,465.36363220214844
1763888475935,96.15152740478516,462.36363220214844
1763888475952,96.15152740478516,460.36363220214844
1763888475969,96.15152740478516,459.36363220214844
1763888475985,96.15152740478516,457.36363220214844
1763888476002,96.15152740478516,455.36363220214844
1763888476018,96.15152740478516,454.36363220214844
1763888476035,96.15152740478516,452.36363220214844
1763888476052,97.15152740478516,450.36363220214844
1763888476069,97.15152740478516,449.36363220214844
1763888476085,98.15152740478516,448.36363220214844
1763888476102,98.15152740478516,445.36363220214844
1763888476119,99.15152740478516,444.36363220214844
1763888476135,99.15152740478516,443.36363220214844
1763888476152,100.15152740478516,442.36363220214844
1763888476169,100.15152740478516,441.36363220214844
1763888476185,100.15152740478516,440.36363220214844
1763888476235,100.15152740478516,441.36363220214844
1763888476252,100.15152740478516,442.36363220214844
1763888476269,100.15152740478516,443.36363220214844
1763888476285,100.15152740478516,445.36363220214844
1763888476302,100.15152740478516,449.36363220214844
1763888476318,100.15152740478516,451.36363220214844
1763888476335,100.15152740478516,454.36363220214844
1763888476352,101.15152740478516,458.36363220214844
1763888476369,101.15152740478516,460.36363220214844
1763888476385,101.15152740478516,466.36363220214844
1763888476402,102.15152740478516,469.36363220214844
1763888476418,102.15152740478516,474.36363220214844
1763888476435,102.15152740478516,479.36363220214844
1763888476452,103.15152740478516,482.36363220214844
1763888476468,103.15152740478516,488.36363220214844
1763888476485,104.15152740478516,490.36363220214844
1763888476502,104.15152740478516,492.36363220214844
1763888476518,104.15152740478516,495.36363220214844
1763888476535,104.15152740478516,497.36363220214844
1763888476552,104.15152740478516,500.36363220214844
1763888476568,105.15152740478516,502.36363220214844
1763888476585,105.15152740478516,505.36363220214844
1763888476602,105.15152740478516,508.36363220214844
1763888476618,105.15152740478516,511.36363220214844
1763888476635,105.15152740478516,514.3636322021484
1763888476652,105.15152740478516,515.3636322021484
1763888476668,105.15152740478516,517.3636322021484
1763888476685,105.15152740478516,519.3636322021484
1763888476702,105.15152740478516,519.3636322021484
1763888476718,105.15152740478516,520.3636322021484
1763888476735,105.15152740478516,522.3636322021484
1763888476752,105.15152740478516,522.3636322021484
1763888476772,105.15152740478516,523.3636322021484
1763888476793,105.15152740478516,523.3636322021484
1763888476842,104.15152740478516,523.3636322021484
1763888476855,104.15152740478516,523.3636322021484
1763888476883,103.15152740478516,523.3636322021484
1763888476918,102.15152740478516,523.3636322021484
1763888476935,101.15152740478516,523.3636322021484
1763888476952,100.15152740478516,523.3636322021484
1763888476968,99.15152740478516,523.3636322021484
1763888476985,99.15152740478516,523.3636322021484
1763888477002,97.15152740478516,523.3636322021484
1763888477018,96.15152740478516,523.3636322021484
1763888477035,96.15152740478516,522.3636322021484
1763888477052,95.15152740478516,522.3636322021484
1763888477069,94.15152740478516,522.3636322021484
1763888477085,94.15152740478516,520.3636322021484
1763888477102,93.15152740478516,520.3636322021484
1763888477118,93.15152740478516,519.3636322021484
1763888477135,93.15152740478516,518.3636322021484
1763888477153,94.15152740478516,518.3636322021484
1763888477168,94.15152740478516,517.3636322021484
1763888477185,94.15152740478516,517.3636322021484
1763888477202,95.15152740478516,517.3636322021484
1763888477218,96.15152740478516,517.3636322021484
1763888477235,97.15152740478516,517.3636322021484
1763888477252,98.15152740478516,517.3636322021484
1763888477268,99.15152740478516,517.3636322021484
1763888477285,100.15152740478516,517.3636322021484
1763888477302,101.15152740478516,517.3636322021484
1763888477318,102.15152740478516,517.3636322021484
1763888477335,104.15152740478516,516.3636322021484
1763888477352,105.15152740478516,516.3636322021484
1763888477368,107.15152740478516,515.3636322021484
1763888477385,108.15152740478516,515.3636322021484
1763888477402,108.15152740478516,515.3636322021484
1763888477418,110.15152740478516,514.3636322021484
1763888477435,110.15152740478516,514.3636322021484
1763888477452,111.15152740478516,514.3636322021484
1763888477468,111.15152740478516,513.3636322021484
1763888477485,111.15152740478516,512.3636322021484
1763888477502,111.15152740478516,512.3636322021484
1763888477518,111.15152740478516,511.36363220214844
1763888477535,111.15152740478516,509.36363220214844
1763888477552,111.15152740478516,508.36363220214844
1763888477568,111.15152740478516,506.36363220214844
1763888477585,111.15152740478516,505.36363220214844
1763888477602,111.15152740478516,503.36363220214844
1763888477618,110.15152740478516,500.36363220214844
1763888477635,110.15152740478516,498.36363220214844
1763888477652,110.15152740478516,495.36363220214844
1763888477668,109.15152740478516,494.36363220214844
1763888477685,108.15152740478516,492.36363220214844
1763888477702,108.15152740478516,491.36363220214844
1763888477719,108.15152740478516,489.36363220214844
1763888477735,107.15152740478516,486.36363220214844
1763888477752,107.15152740478516,485.36363220214844
1763888477768,107.15152740478516,484.36363220214844
1763888477785,106.15152740478516,483.36363220214844
1763888477802,105.15152740478516,482.36363220214844
1763888477818,105.15152740478516,480.36363220214844
1763888477835,104.15152740478516,479.36363220214844
1763888477852,104.15152740478516,478.36363220214844
1763888477868,103.15152740478516,475.36363220214844
1763888477885,103.15152740478516,474.36363220214844
1763888477902,102.15152740478516,473.36363220214844
1763888477918,102.15152740478516,472.36363220214844
1763888477935,102.15152740478516,471.36363220214844
1763888477952,100.15152740478516,468.36363220214844
1763888477969,99.15152740478516,465.36363220214844
1763888477985,99.15152740478516,462.36363220214844
1763888478002,98.15152740478516,460.36363220214844
1763888478018,98.15152740478516,458.36363220214844
1763888478035,98.15152740478516,456.36363220214844
1763888478052,98.15152740478516,454.36363220214844
1763888478068,99.15152740478516,451.36363220214844
1763888478085,100.15152740478516,449.36363220214844
1763888478102,101.15152740478516,446.36363220214844
1763888478118,102.15152740478516,444.36363220214844
1763888478135,103.15152740478516,442.36363220214844
1763888478152,104.15152740478516,439.36363220214844
1763888478168,105.15152740478516,437.36363220214844
1763888478185,107.15152740478516,435.36363220214844
1763888478202,107.15152740478516,434.36363220214844
1763888478218,108.15152740478516,433.36363220214844
1763888478235,108.15152740478516,431.36363220214844
1763888478252,108.15152740478516,430.36363220214844
1763888478268,109.15152740478516,428.36363220214844
1763888478285,110.15152740478516,428.36363220214844
1763888478302,110.15152740478516,426.36363220214844
1763888478318,110.15152740478516,425.36363220214844
1763888478335,110.15152740478516,424.36363220214844
1763888478352,110.15152740478516,422.36363220214844
1763888478368,110.15152740478516,421.36363220214844
1763888478385,110.15152740478516,420.36363220214844
1763888478401,108.15152740478516,417.36363220214844
1763888478419,108.15152740478516,416.36363220214844
1763888478435,108.15152740478516,413.36363220214844
1763888478451,107.15152740478516,411.36363220214844
1763888478468,107.15152740478516,409.36363220214844
1763888478485,107.15152740478516,407.36363220214844
1763888478502,107.15152740478516,405.36363220214844
1763888478518,105.15152740478516,403.36363220214844
1763888478535,105.15152740478516,402.36363220214844
1763888478552,105.15152740478516,400.36363220214844
1763888478568,105.15152740478516,399.36363220214844
1763888478594,105.15152740478516,398.36363220214844
1763888478635,105.15152740478516,399.36363220214844
1763888478651,105.15152740478516,400.36363220214844
1763888478668,105.15152740478516,402.36363220214844
1763888478685,104.15152740478516,406.36363220214844
1763888478702,104.15152740478516,408.36363220214844
1763888478718,104.15152740478516,411.36363220214844
1763888478735,104.15152740478516,413.36363220214844
1763888478752,104.15152740478516,415.36363220214844
1763888478768,104.15152740478516,418.36363220214844
1763888478785,104.15152740478516,420.36363220214844
1763888478802,104.15152740478516,425.36363220214844
1763888478818,104.15152740478516,427.36363220214844
1763888478835,104.15152740478516,431.36363220214844
1763888478851,104.15152740478516,436.36363220214844
1763888478868,104.15152740478516,439.36363220214844
1763888478885,104.15152740478516,443.36363220214844
1763888478901,104.15152740478516,446.36363220214844
1763888478918,104.15152740478516,449.36363220214844
1763888478935,102.15152740478516,452.36363220214844
1763888478952,102.15152740478516,454.36363220214844
1763888478968,102.15152740478516,455.36363220214844
1763888478985,102.15152740478516,457.36363220214844
1763888479002,101.15152740478516,458.36363220214844
1763888479018,100.15152740478516,460.36363220214844
1763888479035,99.15152740478516,460.36363220214844
1763888479051,98.15152740478516,462.36363220214844
1763888479068,96.15152740478516,462.36363220214844
1763888479085,95.15152740478516,461.36363220214844
1763888479101,93.15152740478516,458.36363220214844
1763888479118,91.15152740478516,455.36363220214844
1763888479135,89.15152740478516,451.36363220214844
1763888479151,87.15152740478516,447.36363220214844
1763888479168,86.15152740478516,444.36363220214844
1763888479185,84.15152740478516,439.36363220214844
1763888479202,84.15152740478516,436.36363220214844
1763888479218,83.15152740478516,432.36363220214844
1763888479235,82.15152740478516,429.36363220214844
1763888479252,82.15152740478516,428.36363220214844
1763888479268,82.15152740478516,425.36363220214844
1763888479285,82.15152740478516,423.36363220214844
1763888479301,82.15152740478516,422.36363220214844
1763888479318,83.15152740478516,420.36363220214844
1763888479335,84.15152740478516,417.36363220214844
1763888479351,84.15152740478516,416.36363220214844
1763888479368,84.15152740478516,414.36363220214844
1763888479385,85.15152740478516,413.36363220214844
1763888479401,85.15152740478516,411.36363220214844
1763888479418,85.15152740478516,409.36363220214844
1763888479435,85.15152740478516,408.36363220214844
1763888479451,86.15152740478516,406.36363220214844
1763888479468,87.15152740478516,405.36363220214844
1763888479485,87.15152740478516,403.36363220214844
1763888479501,88.15152740478516,402.36363220214844
1763888479518,88.15152740478516,400.36363220214844
1763888479535,88.15152740478516,399.36363220214844
1763888479551,89.15152740478516,397.36363220214844
1763888479568,89.15152740478516,396.36363220214844
1763888479585,90.15152740478516,395.36363220214844
1763888479602,90.15152740478516,395.36363220214844
1763888479618,90.15152740478516,394.36363220214844
1763888479635,90.15152740478516,394.36363220214844
1763888479701,91.15152740478516,393.36363220214844
1763888479722,91.15152740478516,392.36363220214844
1763888479743,91.15152740478516,392.36363220214844
1763888479751,92.15152740478516,391.36363220214844
1763888479771,93.15152740478516,390.36363220214844
1763888479785,93.15152740478516,389.36363220214844
1763888479801,95.15152740478516,380.36363220214844
1763888479818,100.15152740478516,369.36363220214844
1763888479835,104.15152740478516,357.36363220214844
1763888479851,104.15152740478516,352.36363220214844
1763888479868,105.15152740478516,349.36363220214844
1763888479885,106.15152740478516,346.36363220214844
1763888479901,106.15152740478516,344.36363220214844
1763888479918,106.15152740478516,343.36363220214844
1763888479935,106.15152740478516,342.36363220214844
1763888479951,106.15152740478516,340.36363220214844
1763888479968,106.15152740478516,339.36363220214844
1763888479985,106.15152740478516,338.36363220214844
1763888480001,106.15152740478516,337.36363220214844
1763888480070,106.15152740478516,337.36363220214844
1763888480085,106.15152740478516,339.36363220214844
1763888480101,106.15152740478516,340.36363220214844
1763888480118,106.15152740478516,345.36363220214844
1763888480134,106.15152740478516,348.36363220214844
1763888480151,106.15152740478516,351.36363220214844
1763888480168,106.15152740478516,353.36363220214844
1763888480185,106.15152740478516,355.36363220214844
1763888480201,106.15152740478516,357.36363220214844
1763888480218,106.15152740478516,359.36363220214844
1763888480235,106.15152740478516,361.36363220214844
1763888480251,106.15152740478516,364.36363220214844
1763888480268,106.15152740478516,366.36363220214844
1763888480285,106.15152740478516,369.36363220214844
1763888480301,106.15152740478516,371.36363220214844
1763888480318,106.15152740478516,375.36363220214844
1763888480335,106.15152740478516,377.36363220214844
1763888480351,106.15152740478516,379.36363220214844
1763888480368,106.15152740478516,383.36363220214844
1763888480385,106.15152740478516,385.36363220214844
1763888480401,105.15152740478516,388.36363220214844
1763888480418,105.15152740478516,391.36363220214844
1763888480434,104.15152740478516,392.36363220214844
1763888480451,104.15152740478516,395.36363220214844
1763888480468,104.15152740478516,397.36363220214844
1763888480484,104.15152740478516,399.36363220214844
1763888480501,104.15152740478516,401.36363220214844
1763888480518,104.15152740478516,403.36363220214844
1763888480535,104.15152740478516,404.36363220214844
1763888480551,104.15152740478516,405.36363220214844
1763888480568,104.15152740478516,406.36363220214844
1763888480585,104.15152740478516,406.36363220214844
1763888480615,104.15152740478516,406.36363220214844
1763888480623,104.15152740478516,405.36363220214844
1763888480635,104.15152740478516,405.36363220214844
1763888480651,104.15152740478516,400.36363220214844
1763888480668,104.15152740478516,395.36363220214844
1763888480685,102.15152740478516,385.36363220214844
1763888480701,102.15152740478516,367.36363220214844
1763888480718,102.15152740478516,352.36363220214844
1763888480735,104.15152740478516,329.36363220214844
1763888480751,105.15152740478516,319.36363220214844
1763888480768,107.15152740478516,310.36363220214844
1763888480784,107.15152740478516,306.36363220214844
1763888480801,108.15152740478516,303.36363220214844
1763888480818,108.15152740478516,300.36363220214844
1763888480834,108.15152740478516,299.36363220214844
1763888480851,108.15152740478516,297.36363220214844
1763888480868,108.15152740478516,295.36363220214844
1763888480885,108.15152740478516,295.36363220214844
1763888480901,108.15152740478516,293.36363220214844
1763888480918,108.15152740478516,291.36363220214844
1763888480934,108.15152740478516,291.36363220214844
1763888480951,108.15152740478516,289.36363220214844
1763888480968,108.15152740478516,288.36363220214844
1763888480985,108.15152740478516,287.36363220214844
1763888481001,108.15152740478516,286.36363220214844
1763888481018,107.15152740478516,286.36363220214844
1763888481034,107.15152740478516,287.36363220214844
1763888481051,106.15152740478516,288.36363220214844
1763888481068,105.15152740478516,289.36363220214844
1763888481085,102.15152740478516,291.36363220214844
1763888481101,101.15152740478516,294.36363220214844
1763888481118,99.15152740478516,297.36363220214844
1763888481134,98.15152740478516,299.36363220214844
1763888481151,97.15152740478516,302.36363220214844
1763888481168,96.15152740478516,304.36363220214844
1763888481186,96.15152740478516,309.36363220214844
1763888481201,95.15152740478516,314.36363220214844
1763888481218,95.15152740478516,317.36363220214844
1763888481234,94.15152740478516,323.36363220214844
1763888481251,93.15152740478516,326.36363220214844
1763888481268,93.15152740478516,330.36363220214844
1763888481284,92.15152740478516,332.36363220214844
1763888481301,92.15152740478516,335.36363220214844
1763888481318,91.15152740478516,337.36363220214844
1763888481334,91.15152740478516,339.36363220214844
1763888481351,91.15152740478516,342.36363220214844
1763888481368,91.15152740478516,344.36363220214844
1763888481384,91.15152740478516,349.36363220214844
1763888481401,91.15152740478516,352.36363220214844
1763888481418,91.15152740478516,355.36363220214844
1763888481434,91.15152740478516,359.36363220214844
1763888481451,91.15152740478516,362.36363220214844
1763888481468,91.15152740478516,366.36363220214844
1763888481484,91.15152740478516,371.36363220214844
1763888481501,91.15152740478516,375.36363220214844
1763888481518,91.15152740478516,381.36363220214844
1763888481534,91.15152740478516,384.36363220214844
1763888481551,90.15152740478516,388.36363220214844
1763888481568,90.15152740478516,389.36363220214844
1763888481584,90.15152740478516,391.36363220214844
1763888481601,90.15152740478516,393.36363220214844
1763888481618,89.15152740478516,394.36363220214844
1763888481635,88.15152740478516,395.36363220214844
1763888481651,88.15152740478516,395.36363220214844
1763888481668,87.15152740478516,395.36363220214844
1763888481684,87.15152740478516,394.36363220214844
1763888481701,87.15152740478516,394.36363220214844
1763888481717,85.15152740478516,390.36363220214844
1763888481734,84.15152740478516,388.36363220214844
1763888481751,84.15152740478516,383.36363220214844
1763888481768,83.15152740478516,379.36363220214844
1763888481784,82.15152740478516,374.36363220214844
1763888481801,82.15152740478516,368.36363220214844
1763888481818,82.15152740478516,363.36363220214844
1763888481835,81.15152740478516,359.36363220214844
1763888481851,81.15152740478516,354.36363220214844
1763888481868,80.15152740478516,350.36363220214844
1763888481884,80.15152740478516,345.36363220214844
1763888481901,80.15152740478516,341.36363220214844
1763888481918,79.15152740478516,337.36363220214844
1763888481934,79.15152740478516,331.36363220214844
1763888481951,79.15152740478516,328.36363220214844
1763888481968,78.15152740478516,323.36363220214844
1763888481984,78.15152740478516,322.36363220214844
1763888482001,78.15152740478516,319.36363220214844
1763888482018,78.15152740478516,317.36363220214844
1763888482034,78.15152740478516,316.36363220214844
1763888482051,78.15152740478516,314.36363220214844
1763888482068,78.15152740478516,312.36363220214844
1763888482084,78.15152740478516,310.36363220214844
1763888482101,78.15152740478516,308.36363220214844
1763888482118,78.15152740478516,307.36363220214844
1763888482134,78.15152740478516,303.36363220214844
1763888482151,78.15152740478516,302.36363220214844
1763888482168,78.15152740478516,299.36363220214844
1763888482184,78.15152740478516,295.36363220214844
1763888482201,78.15152740478516,292.36363220214844
1763888482218,76.15152740478516,287.36363220214844
1763888482235,76.15152740478516,282.36363220214844
1763888482251,75.15152740478516,275.36363220214844
1763888482268,75.15152740478516,272.36363220214844
1763888482285,74.15152740478516,269.36363220214844
1763888482301,74.15152740478516,267.36363220214844
1763888482318,74.15152740478516,266.36363220214844
1763888482334,74.15152740478516,264.36363220214844
1763888482351,74.15152740478516,263.36363220214844
1763888482368,74.15152740478516,262.36363220214844
1763888482388,74.15152740478516,262.36363220214844
1763888482404,74.15152740478516,261.36363220214844
1763888482451,74.15152740478516,262.36363220214844
1763888482468,75.15152740478516,262.36363220214844
1763888482484,75.15152740478516,264.36363220214844
1763888482501,75.15152740478516,268.36363220214844
1763888482518,76.15152740478516,271.36363220214844
1763888482534,77.15152740478516,281.36363220214844
1763888482551,78.15152740478516,286.36363220214844
1763888482568,79.15152740478516,291.36363220214844
1763888482584,80.15152740478516,296.36363220214844
1763888482601,81.15152740478516,299.36363220214844
1763888482618,81.15152740478516,300.36363220214844
1763888482634,81.15152740478516,302.36363220214844
1763888482652,81.15152740478516,303.36363220214844
1763888482668,82.15152740478516,304.36363220214844
1763888482684,83.15152740478516,305.36363220214844
1763888482701,84.15152740478516,305.36363220214844
1763888482718,85.15152740478516,305.36363220214844
1763888482734,87.15152740478516,305.36363220214844
1763888482751,89.15152740478516,303.36363220214844
1763888482768,91.15152740478516,300.36363220214844
1763888482784,95.15152740478516,296.36363220214844
1763888482801,97.15152740478516,294.36363220214844
1763888482818,99.15152740478516,291.36363220214844
1763888482834,101.15152740478516,286.36363220214844
1763888482851,104.15152740478516,283.36363220214844
1763888482868,107.15152740478516,277.36363220214844
1763888482884,108.15152740478516,275.36363220214844
1763888482901,110.15152740478516,272.36363220214844
1763888482918,111.15152740478516,272.36363220214844
1763888482934,112.15152740478516,271.36363220214844
1763888482951,114.15152740478516,269.36363220214844
1763888482968,114.15152740478516,269.36363220214844
1763888482984,116.15152740478516,268.36363220214844
1763888483001,116.15152740478516,268.36363220214844
1763888483018,118.15152740478516,269.36363220214844
1763888483034,118.15152740478516,271.36363220214844
1763888483051,118.15152740478516,272.36363220214844
1763888483068,119.15152740478516,274.36363220214844
1763888483084,119.15152740478516,277.36363220214844
1763888483101,119.15152740478516,279.36363220214844
1763888483118,119.15152740478516,283.36363220214844
1763888483134,119.15152740478516,286.36363220214844
1763888483151,119.15152740478516,291.36363220214844
1763888483167,120.15152740478516,295.36363220214844
1763888483186,120.15152740478516,299.36363220214844
1763888483201,121.15152740478516,307.36363220214844
1763888483218,122.15152740478516,311.36363220214844
1763888483234,122.15152740478516,318.36363220214844
1763888483251,123.15152740478516,323.36363220214844
1763888483268,123.15152740478516,328.36363220214844
1763888483284,124.15152740478516,334.36363220214844
1763888483301,125.15152740478516,340.36363220214844
1763888483317,127.15152740478516,346.36363220214844
1763888483334,128.15152740478516,351.36363220214844
1763888483351,128.15152740478516,354.36363220214844
1763888483367,129.15152740478516,356.36363220214844
1763888483384,130.15152740478516,357.36363220214844
1763888483401,130.15152740478516,359.36363220214844
1763888483418,131.15152740478516,360.36363220214844
1763888483434,131.15152740478516,360.36363220214844
1763888483451,133.15152740478516,360.36363220214844
1763888483468,134.15152740478516,360.36363220214844
1763888483484,135.15152740478516,357.36363220214844
1763888483501,136.15152740478516,354.36363220214844
1763888483517,136.15152740478516,351.36363220214844
1763888483534,136.15152740478516,347.36363220214844
1763888483551,136.15152740478516,344.36363220214844
1763888483567,134.15152740478516,337.36363220214844
1763888483584,134.15152740478516,328.36363220214844
1763888483601,132.15152740478516,315.36363220214844
1763888483617,131.15152740478516,309.36363220214844
1763888483634,131.15152740478516,305.36363220214844
1763888483651,131.15152740478516,299.36363220214844
1763888483668,131.15152740478516,296.36363220214844
1763888483684,131.15152740478516,294.36363220214844
1763888483701,131.15152740478516,292.36363220214844
1763888483719,131.15152740478516,291.36363220214844
1763888483734,131.15152740478516,291.36363220214844
1763888483784,131.15152740478516,291.36363220214844
1763888483801,131.15152740478516,292.36363220214844
1763888483817,131.15152740478516,296.36363220214844
1763888483834,130.15152740478516,300.36363220214844
1763888483851,130.15152740478516,306.36363220214844
1763888483867,130.15152740478516,311.36363220214844
1763888483884,130.15152740478516,318.36363220214844
1763888483901,130.15152740478516,331.36363220214844
1763888483918,130.15152740478516,342.36363220214844
1763888483934,130.15152740478516,359.36363220214844
1763888483951,130.15152740478516,369.36363220214844
1763888483967,130.15152740478516,382.36363220214844
1763888483984,130.15152740478516,388.36363220214844
1763888484001,130.15152740478516,393.36363220214844
1763888484017,129.15152740478516,400.36363220214844
1763888484034,129.15152740478516,405.36363220214844
1763888484051,129.15152740478516,409.36363220214844
1763888484067,129.15152740478516,413.36363220214844
1763888484084,129.15152740478516,417.36363220214844
1763888484101,128.15152740478516,421.36363220214844
1763888484117,128.15152740478516,424.36363220214844
1763888484134,128.15152740478516,427.36363220214844
1763888484151,128.15152740478516,431.36363220214844
1763888484167,128.15152740478516,434.36363220214844
1763888484184,127.15152740478516,437.36363220214844
1763888484201,127.15152740478516,439.36363220214844
1763888484217,127.15152740478516,441.36363220214844
1763888484234,127.15152740478516,443.36363220214844
1763888484251,127.15152740478516,444.36363220214844
1763888484267,127.15152740478516,447.36363220214844
1763888484284,127.15152740478516,448.36363220214844
1763888484301,127.15152740478516,449.36363220214844
1763888484317,127.15152740478516,451.36363220214844
1763888484334,127.15152740478516,452.36363220214844
1763888484351,127.15152740478516,454.36363220214844
1763888484368,127.15152740478516,455.36363220214844
1763888484384,127.15152740478516,457.36363220214844
1763888484401,127.15152740478516,458.36363220214844
1763888484417,127.15152740478516,459.36363220214844
1763888484434,127.15152740478516,462.36363220214844
1763888484451,126.15152740478516,463.36363220214844
1763888484467,126.15152740478516,466.36363220214844
1763888484484,126.15152740478516,467.36363220214844
1763888484501,126.15152740478516,469.36363220214844
1763888484517,126.15152740478516,469.36363220214844
1763888484534,126.15152740478516,471.36363220214844
1763888484551,126.15152740478516,472.36363220214844
1763888484567,126.15152740478516,473.36363220214844
1763888484584,126.15152740478516,474.36363220214844
1763888484601,126.15152740478516,475.36363220214844
1763888484617,126.15152740478516,475.36363220214844
1763888484634,126.15152740478516,476.36363220214844
1763888484651,126.15152740478516,477.36363220214844
1763888484667,126.15152740478516,479.36363220214844
1763888484684,126.15152740478516,479.36363220214844
1763888484701,126.15152740478516,480.36363220214844
1763888484717,126.15152740478516,482.36363220214844
1763888484734,126.15152740478516,483.36363220214844
1763888484751,126.15152740478516,486.36363220214844
1763888484767,126.15152740478516,488.36363220214844
1763888484784,126.15152740478516,490.36363220214844
1763888484801,126.15152740478516,492.36363220214844
1763888484818,126.15152740478516,494.36363220214844
1763888484834,127.15152740478516,496.36363220214844
1763888484851,127.15152740478516,498.36363220214844
1763888484867,127.15152740478516,499.36363220214844
1763888484884,127.15152740478516,502.36363220214844
1763888484901,128.15152740478516,502.36363220214844
1763888484917,128.15152740478516,503.36363220214844
1763888484934,128.15152740478516,505.36363220214844
1763888484951,128.15152740478516,506.36363220214844
1763888484967,129.15152740478516,507.36363220214844
1763888484984,130.15152740478516,509.36363220214844
1763888485001,130.15152740478516,511.36363220214844
1763888485017,130.15152740478516,511.36363220214844
1763888485034,130.15152740478516,514.3636322021484
1763888485051,130.15152740478516,514.3636322021484
1763888485067,130.15152740478516,515.3636322021484
1763888485084,130.15152740478516,516.3636322021484
1763888485101,130.15152740478516,517.3636322021484
1763888485117,130.15152740478516,518.3636322021484
1763888485134,130.15152740478516,519.3636322021484
1763888485151,131.15152740478516,519.3636322021484
1763888485167,131.15152740478516,520.3636322021484
1763888485184,131.15152740478516,520.3636322021484
1763888485207,131.15152740478516,521.3636322021484
1763888485222,131.15152740478516,522.3636322021484
1763888485311,131.15152740478516,521.3636322021484
1763888485332,130.15152740478516,520.3636322021484
1763888485339,130.15152740478516,520.3636322021484
1763888485351,130.15152740478516,519.3636322021484
1763888485367,128.15152740478516,517.3636322021484
1763888485384,128.15152740478516,515.3636322021484
1763888485401,127.15152740478516,514.3636322021484
1763888485417,127.15152740478516,513.3636322021484
1763888485434,127.15152740478516,512.3636322021484
1763888485451,126.15152740478516,511.36363220214844
1763888485467,126.15152740478516,509.36363220214844
1763888485484,125.15152740478516,508.36363220214844
1763888485500,125.15152740478516,507.36363220214844
1763888485517,124.15152740478516,506.36363220214844
1763888485534,124.15152740478516,506.36363220214844
1763888485551,124.15152740478516,506.36363220214844
1763888485567,124.15152740478516,505.36363220214844
1763888485584,124.15152740478516,505.36363220214844
1763888485601,124.15152740478516,504.36363220214844
1763888485617,124.15152740478516,503.36363220214844
1763888485672,124.15152740478516,504.36363220214844
1763888485685,124.15152740478516,505.36363220214844
1763888485700,124.15152740478516,506.36363220214844
1763888485717,125.15152740478516,507.36363220214844
1763888485734,125.15152740478516,510.36363220214844
1763888485750,126.15152740478516,512.3636322021484
1763888485767,127.15152740478516,512.3636322021484
1763888485784,127.15152740478516,515.3636322021484
1763888485801,127.15152740478516,516.3636322021484
1763888485817,127.15152740478516,519.3636322021484
1763888485834,128.15152740478516,520.3636322021484
1763888485851,128.15152740478516,521.3636322021484
1763888485867,129.15152740478516,523.3636322021484
1763888485884,130.15152740478516,525.3636322021484
1763888485900,130.15152740478516,526.3636322021484
1763888485917,130.15152740478516,528.3636322021484
1763888485934,130.15152740478516,529.3636322021484
1763888485950,131.15152740478516,529.3636322021484
1763888485967,131.15152740478516,530.3636322021484
1763888485984,132.15152740478516,531.3636322021484
1763888486000,133.15152740478516,531.3636322021484
1763888486017,133.15152740478516,531.3636322021484
1763888486034,134.15152740478516,531.3636322021484
1763888486084,134.15152740478516,531.3636322021484
1763888486100,135.15152740478516,530.3636322021484
1763888486117,136.15152740478516,530.3636322021484
1763888486134,136.15152740478516,529.3636322021484
1763888486150,137.15152740478516,529.3636322021484
1763888486167,137.15152740478516,528.3636322021484
1763888486184,138.15152740478516,527.3636322021484
1763888486200,138.15152740478516,526.3636322021484
1763888486217,138.15152740478516,526.3636322021484
1763888486234,139.15152740478516,526.3636322021484
1763888486250,139.15152740478516,525.3636322021484
1763888486267,139.15152740478516,525.3636322021484
1763888486284,139.15152740478516,524.3636322021484
1763888486302,139.15152740478516,523.3636322021484
1763888486317,139.15152740478516,523.3636322021484
1763888486337,139.15152740478516,522.3636322021484
1763888486350,139.15152740478516,522.3636322021484
1763888486367,139.15152740478516,521.3636322021484
1763888486384,139.15152740478516,520.3636322021484
1763888486400,139.15152740478516,519.3636322021484
1763888486417,138.15152740478516,519.3636322021484
1763888486434,138.15152740478516,519.3636322021484
1763888486450,138.15152740478516,518.3636322021484
1763888486503,138.15152740478516,519.3636322021484
1763888486517,139.15152740478516,519.3636322021484
1763888486534,139.15152740478516,519.3636322021484
1763888486550,141.15152740478516,519.3636322021484
1763888486567,141.15152740478516,519.3636322021484
1763888486584,142.15152740478516,519.3636322021484
1763888486601,142.15152740478516,519.3636322021484
1763888486617,143.15152740478516,519.3636322021484
1763888486634,144.15152740478516,519.3636322021484
1763888486684,143.15152740478516,519.3636322021484
1763888486700,142.15152740478516,518.3636322021484
1763888486717,142.15152740478516,517.3636322021484
1763888486794,142.15152740478516,518.3636322021484
1763888486807,142.15152740478516,518.3636322021484
1763888486817,142.15152740478516,519.3636322021484
1763888486834,143.15152740478516,519.3636322021484
1763888486850,144.15152740478516,519.3636322021484
1763888486890,143.15152740478516,517.3636322021484
1763888486900,142.15152740478516,517.3636322021484
1763888486934,140.15152740478516,514.3636322021484
1763888486951,138.15152740478516,512.3636322021484
1763888486967,134.15152740478516,507.36363220214844
1763888486984,133.15152740478516,505.36363220214844
1763888487000,132.15152740478516,503.36363220214844
1763888487017,131.15152740478516,499.36363220214844
1763888487034,130.15152740478516,497.36363220214844
1763888487050,130.15152740478516,494.36363220214844
1763888487067,129.15152740478516,492.36363220214844
1763888487084,129.15152740478516,490.36363220214844
1763888487100,129.15152740478516,486.36363220214844
1763888487117,129.15152740478516,485.36363220214844
1763888487134,129.15152740478516,483.36363220214844
1763888487150,129.15152740478516,481.36363220214844
1763888487167,129.15152740478516,480.36363220214844
1763888487184,129.15152740478516,478.36363220214844
1763888487200,129.15152740478516,477.36363220214844
1763888487217,130.15152740478516,476.36363220214844
1763888487234,130.15152740478516,475.36363220214844
1763888487250,131.15152740478516,475.36363220214844
1763888487271,131.15152740478516,475.36363220214844
1763888487284,131.15152740478516,476.36363220214844
1763888487300,132.15152740478516,477.36363220214844
1763888487317,133.15152740478516,478.36363220214844
1763888487334,133.15152740478516,482.36363220214844
1763888487350,134.15152740478516,483.36363220214844
1763888487367,134.15152740478516,485.36363220214844
1763888487384,134.15152740478516,487.36363220214844
1763888487400,134.15152740478516,489.36363220214844
1763888487417,134.15152740478516,490.36363220214844
1763888487434,134.15152740478516,491.36363220214844
1763888487450,134.15152740478516,491.36363220214844
1763888487467,134.15152740478516,492.36363220214844
1763888487493,134.15152740478516,491.36363220214844
1763888487506,134.15152740478516,491.36363220214844
1763888487520,134.15152740478516,490.36363220214844
1763888487534,134.15152740478516,489.36363220214844
1763888487550,134.15152740478516,487.36363220214844
1763888487567,134.15152740478516,485.36363220214844
1763888487584,134.15152740478516,480.36363220214844
1763888487600,134.15152740478516,476.36363220214844
1763888487617,135.15152740478516,471.36363220214844
1763888487634,136.15152740478516,465.36363220214844
1763888487650,137.15152740478516,460.36363220214844
1763888487667,138.15152740478516,456.36363220214844
1763888487684,139.15152740478516,452.36363220214844
1763888487700,139.15152740478516,449.36363220214844
1763888487717,141.15152740478516,445.36363220214844
1763888487734,142.15152740478516,442.36363220214844
1763888487750,142.15152740478516,439.36363220214844
1763888487767,143.15152740478516,438.36363220214844
1763888487784,144.15152740478516,436.36363220214844
1763888487800,144.15152740478516,435.36363220214844
1763888487817,144.15152740478516,434.36363220214844
1763888487833,145.15152740478516,432.36363220214844
1763888487850,146.15152740478516,431.36363220214844
1763888487867,147.15152740478516,429.36363220214844
1763888487884,147.15152740478516,428.36363220214844
1763888487900,148.15152740478516,426.36363220214844
1763888487917,148.15152740478516,425.36363220214844
1763888487934,149.15152740478516,422.36363220214844
1763888487950,149.15152740478516,420.36363220214844
1763888487967,149.15152740478516,419.36363220214844
1763888487984,149.15152740478516,417.36363220214844
1763888488000,149.15152740478516,414.36363220214844
1763888488017,149.15152740478516,414.36363220214844
1763888488033,149.15152740478516,411.36363220214844
1763888488050,149.15152740478516,409.36363220214844
1763888488067,149.15152740478516,408.36363220214844
1763888488084,149.15152740478516,406.36363220214844
1763888488100,149.15152740478516,405.36363220214844
1763888488117,149.15152740478516,402.36363220214844
1763888488133,149.15152740478516,400.36363220214844
1763888488150,149.15152740478516,400.36363220214844
1763888488167,149.15152740478516,397.36363220214844
1763888488184,149.15152740478516,394.36363220214844
1763888488200,149.15152740478516,391.36363220214844
1763888488217,149.15152740478516,389.36363220214844
1763888488234,149.15152740478516,387.36363220214844
1763888488250,149.15152740478516,384.36363220214844
1763888488267,149.15152740478516,383.36363220214844
1763888488283,149.15152740478516,380.36363220214844
1763888488300,149.15152740478516,378.36363220214844
1763888488317,149.15152740478516,377.36363220214844
1763888488333,149.15152740478516,375.36363220214844
1763888488350,149.15152740478516,375.36363220214844
1763888488367,149.15152740478516,374.36363220214844
1763888488417,149.15152740478516,375.36363220214844
1763888488433,149.15152740478516,376.36363220214844
1763888488450,149.15152740478516,378.36363220214844
1763888488467,149.15152740478516,379.36363220214844
1763888488484,149.15152740478516,384.36363220214844
1763888488500,149.15152740478516,388.36363220214844
1763888488517,150.15152740478516,391.36363220214844
1763888488533,150.15152740478516,397.36363220214844
1763888488550,150.15152740478516,401.36363220214844
1763888488567,151.15152740478516,408.36363220214844
1763888488583,151.15152740478516,412.36363220214844
1763888488600,151.15152740478516,417.36363220214844
1763888488617,151.15152740478516,423.36363220214844
1763888488633,151.15152740478516,428.36363220214844
1763888488650,150.15152740478516,432.36363220214844
1763888488667,150.15152740478516,434.36363220214844
1763888488684,150.15152740478516,437.36363220214844
1763888488700,149.15152740478516,443.36363220214844
1763888488717,148.15152740478516,446.36363220214844
1763888488733,148.15152740478516,450.36363220214844
1763888488750,147.15152740478516,452.36363220214844
1763888488767,145.15152740478516,457.36363220214844
1763888488783,144.15152740478516,461.36363220214844
1763888488800,144.15152740478516,463.36363220214844
1763888488817,142.15152740478516,468.36363220214844
1763888488833,141.15152740478516,469.36363220214844
1763888488850,140.15152740478516,472.36363220214844
1763888488867,139.15152740478516,472.36363220214844
1763888488883,139.15152740478516,474.36363220214844
1763888488900,137.15152740478516,474.36363220214844
1763888488917,136.15152740478516,475.36363220214844
1763888488933,134.15152740478516,475.36363220214844
1763888488950,134.15152740478516,475.36363220214844
1763888488967,133.15152740478516,475.36363220214844
1763888488983,132.15152740478516,474.36363220214844
1763888489000,131.15152740478516,471.36363220214844
1763888489017,130.15152740478516,467.36363220214844
1763888489033,130.15152740478516,462.36363220214844
1763888489050,130.15152740478516,454.36363220214844
1763888489067,131.15152740478516,428.36363220214844
1763888489083,133.15152740478516,412.36363220214844
1763888489100,139.15152740478516,385.36363220214844
1763888489117,143.15152740478516,368.36363220214844
1763888489133,145.15152740478516,354.36363220214844
1763888489150,150.15152740478516,335.36363220214844
1763888489167,151.15152740478516,323.36363220214844
1763888489183,153.15152740478516,311.36363220214844
1763888489200,155.15152740478516,303.36363220214844
1763888489217,156.15152740478516,298.36363220214844
1763888489233,158.15152740478516,292.36363220214844
1763888489250,159.15152740478516,289.36363220214844
1763888489267,161.15152740478516,286.36363220214844
1763888489283,163.15152740478516,284.36363220214844
1763888489300,164.15152740478516,282.36363220214844
1763888489317,164.15152740478516,280.36363220214844
1763888489333,165.15152740478516,279.36363220214844
1763888489633,164.15152740478516,294.36363220214844
1763888489650,164.15152740478516,297.36363220214844
1763888489667,163.15152740478516,300.36363220214844
1763888489683,161.15152740478516,305.36363220214844
1763888489700,160.15152740478516,309.36363220214844
1763888489717,159.15152740478516,315.36363220214844
1763888489733,159.15152740478516,319.36363220214844
1763888489750,158.15152740478516,322.36363220214844
1763888489767,158.15152740478516,327.36363220214844
1763888489783,157.15152740478516,329.36363220214844
1763888489800,156.15152740478516,332.36363220214844
1763888489817,156.15152740478516,334.36363220214844
1763888489833,156.15152740478516,335.36363220214844
1763888489850,155.15152740478516,337.36363220214844
1763888489867,155.15152740478516,338.36363220214844
1763888489883,155.15152740478516,339.36363220214844
1763888489900,155.15152740478516,340.36363220214844
1763888489917,155.15152740478516,342.36363220214844
1763888489933,155.15152740478516,342.36363220214844
1763888490006,155.15152740478516,342.36363220214844
1763888490016,155.15152740478516,341.36363220214844
1763888490033,155.15152740478516,339.36363220214844
1763888490050,155.15152740478516,335.36363220214844
1763888490067,155.15152740478516,332.36363220214844
1763888490083,154.15152740478516,323.36363220214844
1763888490100,153.15152740478516,315.36363220214844
1763888490117,152.15152740478516,311.36363220214844
1763888490133,150.15152740478516,302.36363220214844
1763888490150,150.15152740478516,297.36363220214844
1763888490166,150.15152740478516,292.36363220214844
1763888490183,150.15152740478516,290.36363220214844
1763888490200,150.15152740478516,288.36363220214844
1763888490216,150.15152740478516,286.36363220214844
1763888490233,150.15152740478516,285.36363220214844
1763888490250,150.15152740478516,283.36363220214844
1763888490305,150.15152740478516,284.36363220214844
1763888490317,150.15152740478516,285.36363220214844
1763888490333,150.15152740478516,286.36363220214844
1763888490350,150.15152740478516,287.36363220214844
1763888490367,150.15152740478516,288.36363220214844
1763888490383,150.15152740478516,289.36363220214844
1763888490400,151.15152740478516,289.36363220214844
1763888490422,151.15152740478516,288.36363220214844
1763888490433,151.15152740478516,288.36363220214844
1763888490450,152.15152740478516,283.36363220214844
1763888490466,151.15152740478516,274.36363220214844
1763888490483,151.15152740478516,258.36363220214844
1763888490500,148.15152740478516,230.36363220214844
1763888490517,146.15152740478516,215.36363220214844
1763888490533,144.15152740478516,203.36363220214844
1763888490550,144.15152740478516,199.36363220214844
1763888490566,144.15152740478516,196.36363220214844
1763888490583,144.15152740478516,193.36363220214844
1763888490600,144.15152740478516,192.36363220214844
1763888490616,144.15152740478516,191.36363220214844
1763888490633,144.15152740478516,191.36363220214844
1763888490650,144.15152740478516,190.36363220214844
1763888490666,145.15152740478516,190.36363220214844
1763888490683,146.15152740478516,191.36363220214844
1763888490700,147.15152740478516,193.36363220214844
1763888490716,148.15152740478516,196.36363220214844
1763888490733,148.15152740478516,199.36363220214844
1763888490750,151.15152740478516,208.36363220214844
1763888490767,155.15152740478516,221.36363220214844
1763888490783,159.15152740478516,236.36363220214844
1763888490800,161.15152740478516,243.36363220214844
1763888490816,162.15152740478516,247.36363220214844
1763888490833,163.15152740478516,253.36363220214844
1763888490850,164.15152740478516,258.36363220214844
1763888490866,165.15152740478516,262.36363220214844
1763888490883,166.15152740478516,265.36363220214844
1763888491100,165.15152740478516,245.36363220214844
1763888491116,162.15152740478516,234.36363220214844
1763888491133,161.15152740478516,229.36363220214844
1763888491150,159.15152740478516,220.36363220214844
1763888491166,158.15152740478516,214.36363220214844
1763888491183,157.15152740478516,212.36363220214844
1763888491200,157.15152740478516,211.36363220214844
1763888491217,157.15152740478516,210.36363220214844
1763888491233,157.15152740478516,209.36363220214844
1763888491253,157.15152740478516,210.36363220214844
1763888491267,156.15152740478516,211.36363220214844
1763888491283,156.15152740478516,213.36363220214844
1763888491300,156.15152740478516,215.36363220214844
1763888491316,156.15152740478516,223.36363220214844
1763888491333,155.15152740478516,235.36363220214844
1763888491350,153.15152740478516,257.36363220214844
1763888491366,149.15152740478516,283.36363220214844
1763888491383,146.15152740478516,297.36363220214844
1763888491400,144.15152740478516,315.36363220214844
1763888491416,144.15152740478516,326.36363220214844
1763888491433,143.15152740478516,336.36363220214844
1763888491450,141.15152740478516,346.36363220214844
1763888491467,141.15152740478516,349.36363220214844
1763888491483,140.15152740478516,352.36363220214844
1763888491500,140.15152740478516,352.36363220214844
1763888491516,140.15152740478516,353.36363220214844
1763888491533,139.15152740478516,353.36363220214844
1763888491550,139.15152740478516,353.36363220214844
1763888491566,139.15152740478516,349.36363220214844
1763888491583,139.15152740478516,345.36363220214844
1763888491600,139.15152740478516,339.36363220214844
1763888491616,138.15152740478516,328.36363220214844
1763888491633,138.15152740478516,321.36363220214844
1763888491650,138.15152740478516,305.36363220214844
1763888491667,138.15152740478516,289.36363220214844
1763888491683,139.15152740478516,265.36363220214844
1763888491700,141.15152740478516,240.36363220214844
1763888491716,141.15152740478516,231.36363220214844
1763888491733,141.15152740478516,225.36363220214844
1763888491750,141.15152740478516,223.36363220214844
1763888491766,141.15152740478516,222.36363220214844
1763888491783,141.15152740478516,220.36363220214844
1763888491856,141.15152740478516,221.36363220214844
1763888491866,141.15152740478516,222.36363220214844
1763888491883,141.15152740478516,223.36363220214844
1763888491900,141.15152740478516,228.36363220214844
1763888491916,142.15152740478516,232.36363220214844
1763888491933,143.15152740478516,248.36363220214844
1763888491950,143.15152740478516,259.36363220214844
1763888491966,145.15152740478516,283.36363220214844
1763888491983,146.15152740478516,299.36363220214844
1763888492000,147.15152740478516,311.36363220214844
1763888492016,147.15152740478516,322.36363220214844
1763888492033,147.15152740478516,327.36363220214844
1763888492050,148.15152740478516,331.36363220214844
1763888492066,148.15152740478516,331.36363220214844
1763888492083,148.15152740478516,332.36363220214844
1763888492100,148.15152740478516,333.36363220214844
1763888492116,148.15152740478516,334.36363220214844
1763888492166,148.15152740478516,332.36363220214844
1763888492183,148.15152740478516,330.36363220214844
1763888492200,147.15152740478516,325.36363220214844
1763888492216,143.15152740478516,317.36363220214844
1763888492233,141.15152740478516,311.36363220214844
1763888492250,138.15152740478516,306.36363220214844
1763888492266,135.15152740478516,298.36363220214844
1763888492283,133.15152740478516,295.36363220214844
1763888492300,131.15152740478516,293.36363220214844
1763888492316,131.15152740478516,291.36363220214844
1763888492333,130.15152740478516,290.36363220214844
1763888492350,129.15152740478516,290.36363220214844
1763888492368,129.15152740478516,291.36363220214844
1763888492383,129.15152740478516,292.36363220214844
1763888492400,130.15152740478516,295.36363220214844
1763888492416,131.15152740478516,304.36363220214844
1763888492433,132.15152740478516,309.36363220214844
1763888492450,133.15152740478516,315.36363220214844
1763888492466,133.15152740478516,324.36363220214844
1763888492483,134.15152740478516,329.36363220214844
1763888492500,135.15152740478516,335.36363220214844
1763888492516,135.15152740478516,339.36363220214844
1763888492533,135.15152740478516,344.36363220214844
1763888492549,136.15152740478516,350.36363220214844
1763888492566,136.15152740478516,352.36363220214844
1763888492583,136.15152740478516,357.36363220214844
1763888492599,136.15152740478516,359.36363220214844
1763888492616,136.15152740478516,359.36363220214844
1763888492633,136.15152740478516,362.36363220214844
1763888492650,136.15152740478516,363.36363220214844
1763888492666,136.15152740478516,364.36363220214844
1763888492683,136.15152740478516,365.36363220214844
1763888492700,136.15152740478516,365.36363220214844
1763888492716,137.15152740478516,365.36363220214844
1763888492733,138.15152740478516,365.36363220214844
1763888492749,139.15152740478516,361.36363220214844
1763888492766,140.15152740478516,357.36363220214844
1763888492783,141.15152740478516,355.36363220214844
1763888492799,141.15152740478516,351.36363220214844
1763888492816,141.15152740478516,349.36363220214844
1763888492833,141.15152740478516,346.36363220214844
1763888492850,140.15152740478516,344.36363220214844
1763888492866,139.15152740478516,342.36363220214844
1763888492883,138.15152740478516,339.36363220214844
1763888492899,136.15152740478516,337.36363220214844
1763888492916,134.15152740478516,334.36363220214844
1763888492933,131.15152740478516,326.36363220214844
1763888492949,124.15152740478516,300.36363220214844
1763888492966,117.15152740478516,269.36363220214844
1763888492983,114.15152740478516,253.36363220214844
1763888492999,113.15152740478516,245.36363220214844
1763888493016,111.15152740478516,242.36363220214844
1763888493033,110.15152740478516,240.36363220214844
1763888493049,110.15152740478516,239.36363220214844
1763888493066,109.15152740478516,238.36363220214844
1763888493083,107.15152740478516,236.36363220214844
1763888493100,107.15152740478516,236.36363220214844
1763888493116,105.15152740478516,236.36363220214844
1763888493133,105.15152740478516,237.36363220214844
1763888493150,103.15152740478516,239.36363220214844
1763888493166,102.15152740478516,242.36363220214844
1763888493183,102.15152740478516,246.36363220214844
1763888493199,102.15152740478516,255.36363220214844
1763888493216,102.15152740478516,266.36363220214844
1763888493233,102.15152740478516,291.36363220214844
1763888493249,99.15152740478516,324.36363220214844
1763888493266,98.15152740478516,342.36363220214844
1763888493283,96.15152740478516,360.36363220214844
1763888493299,95.15152740478516,371.36363220214844
1763888493316,94.15152740478516,377.36363220214844
1763888493333,93.15152740478516,385.36363220214844
1763888493349,93.15152740478516,388.36363220214844
1763888493366,93.15152740478516,389.36363220214844
1763888493383,92.15152740478516,390.36363220214844
1763888493399,91.15152740478516,390.36363220214844
1763888493416,91.15152740478516,389.36363220214844
1763888493433,91.15152740478516,388.36363220214844
1763888493449,89.15152740478516,377.36363220214844
1763888493466,85.15152740478516,365.36363220214844
1763888493483,82.15152740478516,347.36363220214844
1763888493499,76.15152740478516,317.36363220214844
1763888493516,72.15152740478516,299.36363220214844
1763888493533,70.15152740478516,267.36363220214844
1763888493549,70.15152740478516,248.36363220214844
1763888495006,62.151527404785156,153.36363220214844
1763888495023,62.151527404785156,152.36363220214844
1763888495034,62.151527404785156,152.36363220214844
1763888495049,62.151527404785156,151.36363220214844
1763888495082,62.151527404785156,152.36363220214844
1763888495099,62.151527404785156,152.36363220214844
1763888495116,62.151527404785156,154.36363220214844
1763888495132,62.151527404785156,157.36363220214844
1763888495149,61.151527404785156,159.36363220214844
1763888495166,60.151527404785156,165.36363220214844
1763888495182,59.151527404785156,168.36363220214844
1763888495199,58.151527404785156,170.36363220214844
1763888495216,58.151527404785156,175.36363220214844
1763888495233,56.151527404785156,179.36363220214844
1763888495249,56.151527404785156,183.36363220214844
1763888495266,55.151527404785156,186.36363220214844
1763888495283,54.151527404785156,190.36363220214844
1763888495299,53.151527404785156,192.36363220214844
1763888495316,53.151527404785156,197.36363220214844
1763888495332,52.151527404785156,200.36363220214844
1763888495349,52.151527404785156,202.36363220214844
1763888495366,52.151527404785156,203.36363220214844
1763888495382,51.151527404785156,206.36363220214844
1763888495399,51.151527404785156,207.36363220214844
1763888495416,50.151527404785156,209.36363220214844
1763888495432,50.151527404785156,211.36363220214844
1763888495449,50.151527404785156,211.36363220214844
1763888495466,49.151527404785156,213.36363220214844
1763888495483,48.151527404785156,214.36363220214844
1763888495499,48.151527404785156,215.36363220214844
1763888495516,48.151527404785156,215.36363220214844
1763888495532,48.151527404785156,216.36363220214844
1763888495549,48.151527404785156,217.36363220214844
1763888495599,48.151527404785156,216.36363220214844
1763888495616,48.151527404785156,214.36363220214844
1763888495632,49.151527404785156,211.36363220214844
1763888495649,50.151527404785156,207.36363220214844
1763888495666,51.151527404785156,202.36363220214844
1763888495683,51.151527404785156,199.36363220214844
1763888495699,52.151527404785156,193.36363220214844
1763888495716,53.151527404785156,188.36363220214844
1763888495733,54.151527404785156,183.36363220214844
1763888495749,54.151527404785156,177.36363220214844
1763888495766,55.151527404785156,174.36363220214844
1763888495782,55.151527404785156,172.36363220214844
1763888495799,56.151527404785156,171.36363220214844
1763888495816,56.151527404785156,170.36363220214844
1763888495832,56.151527404785156,169.36363220214844
1763888495882,56.151527404785156,171.36363220214844
1763888495899,56.151527404785156,171.36363220214844
1763888495916,56.151527404785156,174.36363220214844
1763888495933,56.151527404785156,176.36363220214844
1763888495949,56.151527404785156,180.36363220214844
1763888495966,56.151527404785156,182.36363220214844
1763888495983,56.151527404785156,185.36363220214844
1763888495999,55.151527404785156,188.36363220214844
1763888496016,55.151527404785156,191.36363220214844
1763888496032,54.151527404785156,198.36363220214844
1763888496049,54.151527404785156,202.36363220214844
1763888496066,54.151527404785156,205.36363220214844
1763888496082,53.151527404785156,209.36363220214844
1763888496099,53.151527404785156,211.36363220214844
1763888496116,52.151527404785156,215.36363220214844
1763888496132,52.151527404785156,216.36363220214844
1763888496149,52.151527404785156,219.36363220214844
1763888496166,52.151527404785156,220.36363220214844
1763888496184,52.151527404785156,221.36363220214844
1763888496199,52.151527404785156,223.36363220214844
1763888496216,52.151527404785156,225.36363220214844
1763888496232,52.151527404785156,227.36363220214844
1763888496249,52.151527404785156,229.36363220214844
1763888496266,52.151527404785156,230.36363220214844
1763888496282,52.151527404785156,234.36363220214844
1763888496299,52.151527404785156,235.36363220214844
1763888496316,52.151527404785156,238.36363220214844
1763888496332,52.151527404785156,240.36363220214844
1763888496349,52.151527404785156,242.36363220214844
1763888496366,53.151527404785156,245.36363220214844
1763888496382,53.151527404785156,246.36363220214844
1763888496399,53.151527404785156,249.36363220214844
1763888496416,53.151527404785156,250.36363220214844
1763888496432,53.151527404785156,251.36363220214844
1763888496449,53.151527404785156,251.36363220214844
1763888496466,53.151527404785156,252.36363220214844
1763888496482,53.151527404785156,252.36363220214844
1763888496509,53.151527404785156,252.36363220214844
1763888496530,53.151527404785156,251.36363220214844
1763888496544,53.151527404785156,249.36363220214844
1763888496557,53.151527404785156,248.36363220214844
1763888496566,53.151527404785156,247.36363220214844
1763888496582,53.151527404785156,245.36363220214844
1763888496599,53.151527404785156,242.36363220214844
1763888496616,53.151527404785156,240.36363220214844
1763888496633,51.151527404785156,239.36363220214844
1763888496649,50.151527404785156,235.36363220214844
1763888496666,50.151527404785156,234.36363220214844
1763888496682,49.151527404785156,231.36363220214844
1763888496699,49.151527404785156,231.36363220214844
1763888496716,48.151527404785156,229.36363220214844
1763888496732,48.151527404785156,228.36363220214844
1763888496782,48.151527404785156,229.36363220214844
1763888496799,48.151527404785156,230.36363220214844
1763888496816,48.151527404785156,231.36363220214844
1763888496832,48.151527404785156,233.36363220214844
1763888496849,49.151527404785156,237.36363220214844
1763888496866,49.151527404785156,240.36363220214844
1763888496882,49.151527404785156,243.36363220214844
1763888496899,50.151527404785156,249.36363220214844
1763888496916,51.151527404785156,254.36363220214844
1763888496932,51.151527404785156,261.36363220214844
1763888496949,52.151527404785156,264.36363220214844
1763888496966,52.151527404785156,269.36363220214844
1763888496982,52.151527404785156,274.36363220214844
1763888496999,52.151527404785156,277.36363220214844
1763888497016,52.151527404785156,280.36363220214844
1763888497032,52.151527404785156,283.36363220214844
1763888497049,52.151527404785156,286.36363220214844
1763888497066,52.151527404785156,288.36363220214844
1763888497082,52.151527404785156,289.36363220214844
1763888497099,53.151527404785156,292.36363220214844
1763888497116,53.151527404785156,293.36363220214844
1763888497132,53.151527404785156,295.36363220214844
1763888497149,54.151527404785156,297.36363220214844
1763888497166,54.151527404785156,297.36363220214844
1763888497182,54.151527404785156,300.36363220214844
1763888497199,54.151527404785156,301.36363220214844
1763888497215,55.151527404785156,302.36363220214844
1763888497232,55.151527404785156,303.36363220214844
1763888497249,56.151527404785156,303.36363220214844
1763888497266,56.151527404785156,305.36363220214844
1763888497291,56.151527404785156,305.36363220214844
1763888497299,56.151527404785156,305.36363220214844
1763888497320,56.151527404785156,306.36363220214844
1763888497333,56.151527404785156,306.36363220214844
1763888497354,56.151527404785156,307.36363220214844
1763888497493,56.151527404785156,307.36363220214844
1763888497499,55.151527404785156,307.36363220214844
1763888497515,54.151527404785156,306.36363220214844
1763888497532,54.151527404785156,305.36363220214844
1763888497549,53.151527404785156,305.36363220214844
1763888497565,52.151527404785156,304.36363220214844
1763888497582,51.151527404785156,303.36363220214844
1763888497599,51.151527404785156,302.36363220214844
1763888497615,50.151527404785156,302.36363220214844
1763888497632,48.151527404785156,300.36363220214844
1763888497649,48.151527404785156,299.36363220214844
1763888497665,47.151527404785156,298.36363220214844
1763888497682,46.151527404785156,298.36363220214844
1763888497699,45.151527404785156,296.36363220214844
1763888497716,44.151527404785156,294.36363220214844
1763888497732,44.151527404785156,294.36363220214844
1763888497749,43.151527404785156,292.36363220214844
1763888497765,43.151527404785156,291.36363220214844
1763888497782,43.151527404785156,291.36363220214844
1763888497832,44.151527404785156,291.36363220214844
1763888497849,44.151527404785156,291.36363220214844
1763888497865,45.151527404785156,291.36363220214844
1763888497887,45.151527404785156,291.36363220214844
1763888497901,46.151527404785156,291.36363220214844
1763888499390,82.15152740478516,109.18182373046875
1763888499398,82.15152740478516,110.18182373046875
1763888499415,80.15152740478516,110.18182373046875
1763888499432,76.15152740478516,112.18182373046875
1763888499448,74.15152740478516,113.18182373046875
1763888499465,72.15152740478516,113.18182373046875
1763888499482,68.15152740478516,115.18182373046875
1763888499499,67.15152740478516,116.18182373046875
1763888499515,65.15152740478516,118.18182373046875
1763888499532,64.15152740478516,119.18182373046875
1763888499549,63.151527404785156,122.18182373046875
1763888499565,62.151527404785156,122.18182373046875
1763888499582,61.151527404785156,125.18182373046875
1763888499599,61.151527404785156,128.18182373046875
1763888499615,60.151527404785156,131.18182373046875
1763888499632,59.151527404785156,134.18182373046875
1763888499648,58.151527404785156,136.18182373046875
1763888499665,58.151527404785156,137.18182373046875
1763888499682,57.151527404785156,139.18182373046875
1763888499699,57.151527404785156,140.18182373046875
1763888499715,56.151527404785156,142.18182373046875
1763888499732,56.151527404785156,143.18182373046875
1763888499749,56.151527404785156,143.18182373046875
1763888499765,55.151527404785156,145.18182373046875
1763888499782,55.151527404785156,145.18182373046875
1763888499799,54.151527404785156,146.18182373046875
1763888499815,54.151527404785156,147.18182373046875
1763888499833,54.151527404785156,147.18182373046875
1763888499848,54.151527404785156,147.18182373046875
1763888499874,54.151527404785156,148.18182373046875
1763888499923,54.151527404785156,147.18182373046875
1763888499943,54.151527404785156,147.18182373046875
1763888499951,54.151527404785156,146.18182373046875
1763888499965,54.151527404785156,145.18182373046875
1763888499982,55.151527404785156,144.18182373046875
1763888499999,56.151527404785156,142.18182373046875
1763888500015,56.151527404785156,140.18182373046875
1763888500032,56.151527404785156,138.18182373046875
1763888500048,56.151527404785156,136.18182373046875
1763888500065,57.151527404785156,135.18182373046875
1763888500082,58.151527404785156,134.18182373046875
1763888500098,59.151527404785156,131.18182373046875
1763888500115,60.151527404785156,130.18182373046875
1763888500132,61.151527404785156,128.18182373046875
1763888500148,61.151527404785156,126.18182373046875
1763888500165,62.151527404785156,125.18182373046875
1763888500182,64.15152740478516,124.18182373046875
1763888500199,64.15152740478516,122.18182373046875
1763888500215,65.15152740478516,120.18182373046875
1763888500232,67.15152740478516,119.18182373046875
1763888500249,68.15152740478516,118.18182373046875
1763888500265,70.15152740478516,116.18182373046875
1763888500282,71.15152740478516,115.18182373046875
1763888500298,73.15152740478516,114.18182373046875
1763888500315,74.15152740478516,113.18182373046875
1763888500332,75.15152740478516,113.18182373046875
1763888500348,77.15152740478516,111.18182373046875
1763888500365,78.15152740478516,111.18182373046875
1763888500382,80.15152740478516,110.18182373046875
1763888500399,81.15152740478516,110.18182373046875
1763888500415,82.15152740478516,109.18182373046875
1763888500432,82.15152740478516,109.18182373046875
1763888500449,83.15152740478516,109.18182373046875
1763888500465,84.15152740478516,109.18182373046875
1763888500498,83.15152740478516,109.18182373046875
1763888500515,82.15152740478516,110.18182373046875
1763888500532,80.15152740478516,111.18182373046875
1763888500548,78.15152740478516,112.18182373046875
1763888500565,76.15152740478516,113.18182373046875
1763888500582,73.15152740478516,114.18182373046875
1763888500598,72.15152740478516,115.18182373046875
1763888500615,70.15152740478516,118.18182373046875
1763888500632,68.15152740478516,121.18182373046875
1763888500649,65.15152740478516,124.18182373046875
1763888500665,62.151527404785156,129.18182373046875
1763888500682,59.151527404785156,134.18182373046875
1763888500699,57.151527404785156,141.18182373046875
1763888500715,54.151527404785156,148.18182373046875
1763888500732,54.151527404785156,153.18182373046875
1763888500748,53.151527404785156,157.18182373046875
1763888500765,53.151527404785156,160.18182373046875
1763888500782,53.151527404785156,162.18182373046875
1763888500798,53.151527404785156,164.18182373046875
1763888500815,53.151527404785156,165.18182373046875
1763888500832,54.151527404785156,166.18182373046875
1763888500848,54.151527404785156,166.18182373046875
1763888500865,55.151527404785156,166.18182373046875
1763888500882,56.151527404785156,165.18182373046875
1763888500898,58.151527404785156,164.18182373046875
1763888500915,60.151527404785156,161.18182373046875
1763888500932,62.151527404785156,159.18182373046875
1763888500948,66.15152740478516,152.18182373046875
1763888500965,70.15152740478516,147.18182373046875
1763888500982,74.15152740478516,141.18182373046875
1763888500998,84.15152740478516,130.18182373046875
1763888501015,88.15152740478516,125.18182373046875
1763888501032,94.15152740478516,119.18182373046875
1763888501048,99.15152740478516,114.18182373046875
1763888501065,105.15152740478516,110.18182373046875
1763888501082,108.15152740478516,108.18182373046875
1763888501098,111.15152740478516,105.18182373046875
1763888501115,115.15152740478516,104.18182373046875
1763888501132,117.15152740478516,103.18182373046875
1763888501148,119.15152740478516,103.18182373046875
1763888501165,121.15152740478516,102.18182373046875
1763888501182,123.15152740478516,102.18182373046875
1763888501198,125.15152740478516,102.18182373046875
1763888501215,127.15152740478516,102.18182373046875
1763888501232,128.15152740478516,102.18182373046875
1763888501248,130.15152740478516,102.18182373046875
1763888501265,131.15152740478516,102.18182373046875
1763888501282,134.15152740478516,103.18182373046875
1763888501298,139.15152740478516,105.18182373046875
1763888501315,144.15152740478516,107.18182373046875
1763888501332,147.15152740478516,108.18182373046875
1763888501348,149.15152740478516,110.18182373046875
1763888501365,153.15152740478516,111.18182373046875
1763888501382,154.15152740478516,113.18182373046875
1763888501398,157.15152740478516,115.18182373046875
1763888501415,158.15152740478516,116.18182373046875
1763888501432,159.15152740478516,117.18182373046875
1763888501448,161.15152740478516,118.18182373046875
1763888501465,161.15152740478516,119.18182373046875
1763888501482,162.15152740478516,120.18182373046875
1763888501498,163.15152740478516,120.18182373046875
1763888501515,164.15152740478516,121.18182373046875
1763888501532,164.15152740478516,121.18182373046875
1763888501548,164.15152740478516,122.18182373046875
1763888501565,165.15152740478516,122.18182373046875
1763888501615,165.15152740478516,122.18182373046875
1763888501632,165.15152740478516,121.18182373046875
1763888501648,163.15152740478516,119.18182373046875
1763888501665,161.15152740478516,117.18182373046875
1763888501682,158.15152740478516,115.18182373046875
1763888501698,153.15152740478516,112.18182373046875
1763888501715,151.15152740478516,110.18182373046875
1763888501732,149.15152740478516,108.18182373046875
1763888501748,148.15152740478516,107.18182373046875
1763888501765,147.15152740478516,106.18182373046875
1763888501782,147.15152740478516,105.18182373046875
1763888501832,148.15152740478516,105.18182373046875
1763888501848,149.15152740478516,105.18182373046875
1763888501865,152.15152740478516,107.18182373046875
1763888501882,154.15152740478516,108.18182373046875
1763888501898,158.15152740478516,112.18182373046875
1763888501915,162.15152740478516,114.18182373046875
1763888501932,166.15152740478516,117.18182373046875
1763888501948,170.15152740478516,120.18182373046875
1763888501965,173.15152740478516,122.18182373046875
1763888501982,176.15152740478516,124.18182373046875
1763888501998,178.15152740478516,125.18182373046875
1763888502015,179.15152740478516,127.18182373046875
1763888502031,181.15152740478516,127.18182373046875
1763888502048,182.15152740478516,128.18182373046875
1763888502065,183.15152740478516,130.18182373046875
1763888502082,184.15152740478516,130.18182373046875
1763888502098,184.15152740478516,130.18182373046875
1763888502175,184.15152740478516,130.18182373046875
1763888502181,184.15152740478516,129.18182373046875
1763888502198,182.15152740478516,127.18182373046875
1763888502215,182.15152740478516,125.18182373046875
1763888502231,181.15152740478516,124.18182373046875
1763888502248,180.15152740478516,122.18182373046875
1763888502265,179.15152740478516,121.18182373046875
1763888502282,178.15152740478516,120.18182373046875
1763888502298,178.15152740478516,119.18182373046875
1763888502315,177.15152740478516,119.18182373046875
1763888502332,177.15152740478516,118.18182373046875
1763888502381,178.15152740478516,119.18182373046875
1763888502398,179.15152740478516,122.18182373046875
1763888502415,180.15152740478516,123.18182373046875
1763888502431,182.15152740478516,128.18182373046875
1763888502448,183.15152740478516,131.18182373046875
1763888502465,184.15152740478516,137.18182373046875
1763888502498,187.15152740478516,145.18182373046875
1763888502515,188.15152740478516,151.18182373046875
1763888502631,188.15152740478516,159.18182373046875
1763888502648,187.15152740478516,157.18182373046875
1763888502665,186.15152740478516,157.18182373046875
1763888502681,184.15152740478516,156.18182373046875
1763888502698,184.15152740478516,156.18182373046875
1763888502715,182.15152740478516,155.18182373046875
1763888502742,182.15152740478516,155.18182373046875
1763888502782,182.15152740478516,156.18182373046875
1763888502798,182.15152740478516,159.18182373046875
1763888502815,182.15152740478516,161.18182373046875
1763888502831,182.15152740478516,166.18182373046875
1763888502848,183.15152740478516,173.18182373046875
1763888502865,183.15152740478516,179.18182373046875
1763888502881,183.15152740478516,186.18182373046875
1763888502898,183.15152740478516,190.18182373046875
1763888502915,183.15152740478516,193.18182373046875
1763888502932,183.15152740478516,194.18182373046875
1763888502948,183.15152740478516,196.18182373046875
1763888502965,183.15152740478516,197.18182373046875
1763888502981,183.15152740478516,199.18182373046875
1763888502998,182.15152740478516,199.18182373046875
1763888503025,181.15152740478516,199.18182373046875
1763888503039,181.15152740478516,199.18182373046875
1763888503053,181.15152740478516,198.18182373046875
1763888503065,181.15152740478516,197.18182373046875
1763888503081,180.15152740478516,194.18182373046875
1763888503098,179.15152740478516,192.18182373046875
1763888503115,179.15152740478516,188.18182373046875
1763888503131,176.15152740478516,179.18182373046875
1763888503148,174.15152740478516,171.18182373046875
1763888503165,171.15152740478516,161.18182373046875
1763888503181,170.15152740478516,156.18182373046875
1763888503198,169.15152740478516,152.18182373046875
1763888503215,167.15152740478516,144.18182373046875
1763888503231,166.15152740478516,142.18182373046875
1763888503248,165.15152740478516,138.18182373046875
1763888503265,165.15152740478516,137.18182373046875
1763888503281,165.15152740478516,136.18182373046875
1763888503298,165.15152740478516,134.18182373046875
1763888503315,165.15152740478516,134.18182373046875
1763888503365,165.15152740478516,134.18182373046875
1763888503381,166.15152740478516,134.18182373046875
1763888503398,167.15152740478516,136.18182373046875
1763888503415,168.15152740478516,139.18182373046875
1763888503431,170.15152740478516,142.18182373046875
1763888503448,172.15152740478516,145.18182373046875
1763888503465,176.15152740478516,154.18182373046875
1763888503481,178.15152740478516,162.18182373046875
1763888503498,182.15152740478516,171.18182373046875
1763888503515,184.15152740478516,178.18182373046875
1763888503531,185.15152740478516,184.18182373046875
1763888503548,187.15152740478516,187.18182373046875
1763888503565,187.15152740478516,190.18182373046875
1763888503581,188.15152740478516,195.18182373046875
1763888503598,188.15152740478516,197.18182373046875
1763888503615,188.15152740478516,202.18182373046875
1763888503631,190.15152740478516,205.18182373046875
1763888503648,190.15152740478516,210.18182373046875
1763888503665,191.15152740478516,214.18182373046875
1763888503681,191.15152740478516,218.18182373046875
1763888503698,191.15152740478516,224.18182373046875
1763888503715,191.15152740478516,227.18182373046875
1763888503731,191.15152740478516,230.18182373046875
1763888503748,191.15152740478516,233.18182373046875
1763888503765,191.15152740478516,234.18182373046875
1763888503781,191.15152740478516,236.18182373046875
1763888503798,191.15152740478516,238.18182373046875
1763888503815,191.15152740478516,239.18182373046875
1763888503831,191.15152740478516,241.18182373046875
1763888503848,191.15152740478516,242.18182373046875
1763888503864,191.15152740478516,242.18182373046875
1763888503881,191.15152740478516,243.18182373046875
1763888503932,191.15152740478516,242.18182373046875
1763888503948,191.15152740478516,241.18182373046875
1763888503965,190.15152740478516,238.18182373046875
1763888503981,190.15152740478516,233.18182373046875
1763888503998,190.15152740478516,230.18182373046875
1763888504015,188.15152740478516,227.18182373046875
1763888504031,187.15152740478516,222.18182373046875
1763888504048,187.15152740478516,218.18182373046875
1763888504064,187.15152740478516,213.18182373046875
1763888504081,186.15152740478516,209.18182373046875
1763888504098,185.15152740478516,206.18182373046875
1763888504114,185.15152740478516,201.18182373046875
1763888504131,184.15152740478516,199.18182373046875
1763888504148,184.15152740478516,197.18182373046875
1763888504165,184.15152740478516,196.18182373046875
1763888504182,183.15152740478516,195.18182373046875
1763888504198,183.15152740478516,194.18182373046875
1763888504215,183.15152740478516,193.18182373046875
1763888504265,183.15152740478516,193.18182373046875
1763888504281,183.15152740478516,194.18182373046875
1763888504298,183.15152740478516,197.18182373046875
1763888504315,183.15152740478516,201.18182373046875
1763888504331,183.15152740478516,205.18182373046875
1763888504348,183.15152740478516,212.18182373046875
1763888504365,183.15152740478516,217.18182373046875
1763888504381,183.15152740478516,223.18182373046875
1763888504398,183.15152740478516,233.18182373046875
1763888504415,183.15152740478516,240.18182373046875
1763888504431,183.15152740478516,247.18182373046875
1763888504448,182.15152740478516,252.18182373046875
1763888504465,182.15152740478516,256.18182373046875
1763888504481,182.15152740478516,260.18182373046875
1763888504498,182.15152740478516,262.18182373046875
1763888504514,182.15152740478516,264.18182373046875
1763888504531,182.15152740478516,265.18182373046875
1763888504548,182.15152740478516,267.18182373046875
1763888504565,182.15152740478516,267.18182373046875
1763888504581,182.15152740478516,268.18182373046875
1763888504632,182.15152740478516,267.18182373046875
1763888504648,182.15152740478516,267.18182373046875
1763888504665,182.15152740478516,266.18182373046875
1763888504681,182.15152740478516,264.18182373046875
1763888504698,182.15152740478516,262.18182373046875
1763888504714,183.15152740478516,259.18182373046875
1763888504731,183.15152740478516,256.18182373046875
1763888504748,183.15152740478516,251.18182373046875
1763888504764,183.15152740478516,245.18182373046875
1763888504781,183.15152740478516,241.18182373046875
1763888504798,183.15152740478516,238.18182373046875
1763888504815,183.15152740478516,235.18182373046875
1763888504831,183.15152740478516,233.18182373046875
1763888504848,183.15152740478516,232.18182373046875
1763888504864,183.15152740478516,231.18182373046875
1763888504881,184.15152740478516,230.18182373046875
1763888504898,184.15152740478516,230.18182373046875
1763888504914,185.15152740478516,230.18182373046875
1763888504931,185.15152740478516,230.18182373046875
1763888504948,185.15152740478516,232.18182373046875
1763888504964,185.15152740478516,235.18182373046875
1763888504981,185.15152740478516,237.18182373046875
1763888504998,185.15152740478516,241.18182373046875
1763888505014,185.15152740478516,246.18182373046875
1763888505031,185.15152740478516,250.18182373046875
1763888505048,185.15152740478516,257.18182373046875
1763888505064,185.15152740478516,264.18182373046875
1763888505081,184.15152740478516,269.18182373046875
1763888505098,184.15152740478516,279.18182373046875
1763888505114,183.15152740478516,285.18182373046875
1763888505131,182.15152740478516,291.18182373046875
1763888505148,181.15152740478516,295.18182373046875
1763888505164,181.15152740478516,297.18182373046875
1763888505181,180.15152740478516,300.18182373046875
1763888505198,179.15152740478516,302.18182373046875
1763888505214,179.15152740478516,304.18182373046875
1763888505231,178.15152740478516,304.18182373046875
1763888505248,178.15152740478516,305.18182373046875
1763888505264,178.15152740478516,307.18182373046875
1763888505281,177.15152740478516,308.18182373046875
1763888505373,177.15152740478516,307.18182373046875
1763888505386,177.15152740478516,307.18182373046875
1763888505398,178.15152740478516,306.18182373046875
1763888505414,178.15152740478516,305.18182373046875
1763888505431,178.15152740478516,304.18182373046875
1763888505448,179.15152740478516,302.18182373046875
1763888505464,180.15152740478516,300.18182373046875
1763888505481,180.15152740478516,299.18182373046875
1763888505498,180.15152740478516,296.18182373046875
1763888505514,181.15152740478516,295.18182373046875
1763888505531,181.15152740478516,293.18182373046875
1763888505548,182.15152740478516,291.18182373046875
1763888505564,182.15152740478516,290.18182373046875
1763888505581,182.15152740478516,288.18182373046875
1763888505598,183.15152740478516,287.18182373046875
1763888505614,184.15152740478516,286.18182373046875
1763888505631,184.15152740478516,285.18182373046875
1763888505648,184.15152740478516,284.18182373046875
1763888505664,185.15152740478516,282.18182373046875
1763888505684,185.15152740478516,282.18182373046875
1763888505698,186.15152740478516,282.18182373046875
1763888505719,187.15152740478516,282.18182373046875
1763888505731,187.15152740478516,282.18182373046875
1763888505748,187.15152740478516,284.18182373046875
1763888505764,187.15152740478516,284.18182373046875
1763888505781,188.15152740478516,285.18182373046875
1763888505798,188.15152740478516,287.18182373046875
1763888505815,188.15152740478516,288.18182373046875
1763888505831,189.15152740478516,290.18182373046875
1763888505848,190.15152740478516,291.18182373046875
1763888505864,190.15152740478516,292.18182373046875
1763888505881,191.15152740478516,293.18182373046875
1763888505898,191.15152740478516,293.18182373046875
1763888505948,191.15152740478516,292.18182373046875
1763888505964,192.15152740478516,287.18182373046875
1763888505981,192.15152740478516,279.18182373046875
1763888505998,190.15152740478516,247.18182373046875
1763888506014,187.15152740478516,223.18182373046875
1763888506031,182.15152740478516,191.18182373046875
1763888506048,178.15152740478516,171.18182373046875
1763888506064,171.15152740478516,154.18182373046875
1763888506081,166.15152740478516,134.18182373046875
1763888506098,162.15152740478516,123.18182373046875
1763888506114,156.15152740478516,108.18182373046875
1763888506131,153.15152740478516,102.18182373046875
1763888506314,139.15152740478516,93.18182373046875
1763888506331,139.15152740478516,102.18182373046875
1763888506348,139.15152740478516,116.18182373046875
1763888506364,138.15152740478516,145.18182373046875
1763888506381,136.15152740478516,164.18182373046875
1763888506398,134.15152740478516,177.18182373046875
1763888506414,133.15152740478516,190.18182373046875
1763888506431,133.15152740478516,194.18182373046875
1763888506448,133.15152740478516,197.18182373046875
1763888506464,132.15152740478516,198.18182373046875
1763888506481,132.15152740478516,199.18182373046875
1763888506498,131.15152740478516,199.18182373046875
1763888506522,131.15152740478516,198.18182373046875
1763888506536,131.15152740478516,197.18182373046875
1763888506548,131.15152740478516,195.18182373046875
1763888506564,130.15152740478516,190.18182373046875
1763888506581,130.15152740478516,186.18182373046875
1763888506598,130.15152740478516,181.18182373046875
1763888506614,128.15152740478516,168.18182373046875
1763888506631,125.15152740478516,150.18182373046875
1763888506648,122.15152740478516,119.18182373046875
1763888506664,121.15152740478516,104.18182373046875
1763888506681,121.15152740478516,85.18182373046875
1763888506697,119.15152740478516,66.18182373046875
1763888506714,119.15152740478516,57.18182373046875
1763888506731,119.15152740478516,51.18182373046875
1763888506748,119.15152740478516,50.18182373046875
1763888506764,119.15152740478516,48.18182373046875
1763888506781,119.15152740478516,48.18182373046875
1763888506798,119.15152740478516,47.18182373046875
1763888506814,119.15152740478516,47.18182373046875
1763888506831,120.15152740478516,47.18182373046875
1763888506847,121.15152740478516,47.18182373046875
1763888506864,121.15152740478516,47.18182373046875
1763888506881,122.15152740478516,47.18182373046875
1763888506897,124.15152740478516,47.18182373046875
1763888506914,125.15152740478516,47.18182373046875
1763888506931,127.15152740478516,47.18182373046875
1763888506947,127.15152740478516,47.18182373046875
1763888506964,128.15152740478516,47.18182373046875
1763888506981,130.15152740478516,47.18182373046875
1763888506998,130.15152740478516,48.18182373046875
1763888507014,130.15152740478516,48.18182373046875
1763888507031,131.15152740478516,49.18182373046875
1763888507047,131.15152740478516,50.18182373046875
1763888507064,131.15152740478516,51.18182373046875
1763888508635,128.15152740478516,26.18182373046875
1763888508647,127.15152740478516,25.18182373046875
1763888508664,126.15152740478516,25.18182373046875
1763888508681,124.15152740478516,24.18182373046875
1763888508697,121.15152740478516,23.18182373046875
1763888508714,119.15152740478516,23.18182373046875
1763888508731,118.15152740478516,23.18182373046875
1763888508747,114.15152740478516,23.18182373046875
1763888508764,113.15152740478516,23.18182373046875
1763888508781,111.15152740478516,24.18182373046875
1763888508797,110.15152740478516,25.18182373046875
1763888508814,108.15152740478516,25.18182373046875
1763888508831,107.15152740478516,27.18182373046875
1763888508847,105.15152740478516,28.18182373046875
1763888508864,104.15152740478516,30.18182373046875
1763888508881,104.15152740478516,31.18182373046875
1763888508897,103.15152740478516,33.18182373046875
1763888508914,102.15152740478516,36.18182373046875
1763888508931,102.15152740478516,37.18182373046875
1763888508947,102.15152740478516,41.18182373046875
1763888508964,102.15152740478516,45.18182373046875
1763888508981,102.15152740478516,51.18182373046875
1763888508997,102.15152740478516,54.18182373046875
1763888509014,103.15152740478516,58.18182373046875
1763888509031,104.15152740478516,61.18182373046875
1763888509047,105.15152740478516,62.18182373046875
1763888509064,105.15152740478516,65.18182373046875
1763888509081,106.15152740478516,65.18182373046875
1763888509097,107.15152740478516,66.18182373046875
1763888509114,110.15152740478516,67.18182373046875
1763888509131,111.15152740478516,67.18182373046875
1763888509147,114.15152740478516,67.18182373046875
1763888509164,117.15152740478516,66.18182373046875
1763888509181,119.15152740478516,65.18182373046875
1763888509197,123.15152740478516,62.18182373046875
1763888509214,126.15152740478516,61.18182373046875
1763888509230,129.15152740478516,57.18182373046875
1763888509247,131.15152740478516,55.18182373046875
1763888509264,131.15152740478516,53.18182373046875
1763888509280,133.15152740478516,47.18182373046875
1763888509297,133.15152740478516,44.18182373046875
1763888509314,133.15152740478516,37.18182373046875
1763888509330,131.15152740478516,33.18182373046875
1763888509347,131.15152740478516,30.18182373046875
1763888509364,127.15152740478516,25.18182373046875
1763888509381,124.15152740478516,22.18182373046875
1763888509397,119.15152740478516,21.18182373046875
1763888509414,115.15152740478516,19.18182373046875
1763888509430,113.15152740478516,19.18182373046875
1763888509447,110.15152740478516,19.18182373046875
1763888509464,109.15152740478516,19.18182373046875
1763888509480,107.15152740478516,20.18182373046875
1763888509497,105.15152740478516,21.18182373046875
1763888509514,104.15152740478516,22.18182373046875
1763888509530,102.15152740478516,24.18182373046875
1763888509547,101.15152740478516,26.18182373046875
1763888509564,100.15152740478516,30.18182373046875
1763888509581,100.15152740478516,33.18182373046875
1763888509597,100.15152740478516,39.18182373046875
1763888509614,100.15152740478516,42.18182373046875
1763888509631,101.15152740478516,47.18182373046875
1763888509647,102.15152740478516,52.18182373046875
1763888509664,104.15152740478516,54.18182373046875
1763888509680,105.15152740478516,59.18182373046875
1763888509697,107.15152740478516,61.18182373046875
1763888509714,109.15152740478516,62.18182373046875
1763888509730,113.15152740478516,66.18182373046875
1763888509747,114.15152740478516,68.18182373046875
1763888509764,118.15152740478516,70.18182373046875
1763888509780,119.15152740478516,70.18182373046875
1763888509797,121.15152740478516,71.18182373046875
1763888509814,123.15152740478516,71.18182373046875
1763888509831,125.15152740478516,71.18182373046875
1763888509847,127.15152740478516,70.18182373046875
1763888509864,130.15152740478516,69.18182373046875
1763888509880,132.15152740478516,67.18182373046875
1763888509897,136.15152740478516,62.18182373046875
1763888509914,139.15152740478516,59.18182373046875
1763888509930,142.15152740478516,54.18182373046875
1763888509947,142.15152740478516,51.18182373046875
1763888509964,142.15152740478516,48.18182373046875
1763888509980,141.15152740478516,42.18182373046875
1763888509997,139.15152740478516,39.18182373046875
1763888510014,136.15152740478516,34.18182373046875
1763888510030,133.15152740478516,31.18182373046875
1763888510047,131.15152740478516,30.18182373046875
1763888510064,127.15152740478516,28.18182373046875
1763888510080,124.15152740478516,28.18182373046875
1763888510097,119.15152740478516,30.18182373046875
1763888510114,117.15152740478516,31.18182373046875
1763888510130,114.15152740478516,33.18182373046875
1763888510147,113.15152740478516,36.18182373046875
1763888510164,112.15152740478516,37.18182373046875
1763888510180,110.15152740478516,44.18182373046875
1763888510197,110.15152740478516,51.18182373046875
1763888510214,110.15152740478516,64.18182373046875
1763888510230,110.15152740478516,71.18182373046875
1763888510247,112.15152740478516,77.18182373046875
1763888510264,113.15152740478516,85.18182373046875
1763888510280,114.15152740478516,88.18182373046875
1763888510297,116.15152740478516,91.18182373046875
1763888510314,117.15152740478516,93.18182373046875
1763888510330,118.15152740478516,94.18182373046875
1763888510347,119.15152740478516,94.18182373046875
1763888510364,121.15152740478516,94.18182373046875
1763888510380,122.15152740478516,94.18182373046875
1763888510397,124.15152740478516,93.18182373046875
1763888510414,125.15152740478516,92.18182373046875
1763888510430,127.15152740478516,90.18182373046875
1763888510447,129.15152740478516,88.18182373046875
1763888510464,130.15152740478516,84.18182373046875
1763888510480,131.15152740478516,81.18182373046875
1763888510497,132.15152740478516,79.18182373046875
1763888510514,132.15152740478516,74.18182373046875
1763888510530,132.15152740478516,72.18182373046875
1763888510547,130.15152740478516,67.18182373046875
1763888510564,128.15152740478516,63.18182373046875
1763888510580,124.15152740478516,56.18182373046875
1763888510597,119.15152740478516,51.18182373046875
1763888510614,115.15152740478516,47.18182373046875
1763888510630,110.15152740478516,44.18182373046875
1763888510647,107.15152740478516,44.18182373046875
1763888510664,103.15152740478516,43.18182373046875
1763888510680,101.15152740478516,44.18182373046875
1763888510697,99.15152740478516,46.18182373046875
1763888510714,96.15152740478516,50.18182373046875
1763888510730,95.15152740478516,53.18182373046875
1763888510747,95.15152740478516,59.18182373046875
1763888510764,95.15152740478516,62.18182373046875
1763888510780,95.15152740478516,67.18182373046875
1763888510830,102.15152740478516,81.18182373046875
1763888510847,105.15152740478516,82.18182373046875
1763888510864,108.15152740478516,83.18182373046875
1763888510880,113.15152740478516,84.18182373046875
1763888510897,116.15152740478516,84.18182373046875
1763888510914,119.15152740478516,83.18182373046875
1763888510930,122.15152740478516,82.18182373046875
1763888510947,124.15152740478516,79.18182373046875
1763888510963,128.15152740478516,73.18182373046875
1763888510980,131.15152740478516,68.18182373046875
1763888510997,133.15152740478516,59.18182373046875
1763888511014,134.15152740478516,53.18182373046875
1763888511030,134.15152740478516,47.18182373046875
1763888511047,133.15152740478516,39.18182373046875
1763888511064,131.15152740478516,34.18182373046875
1763888511080,128.15152740478516,25.18182373046875
1763888511097,125.15152740478516,19.18182373046875
1763888511114,123.15152740478516,16.18182373046875
1763888511130,121.15152740478516,13.18182373046875
1763888511147,121.15152740478516,12.18182373046875
1763888511280,124.15152740478516,12.18182373046875
1763888511297,125.15152740478516,13.18182373046875
1763888511314,126.15152740478516,13.18182373046875
1763888511330,128.15152740478516,15.18182373046875
1763888511347,131.15152740478516,16.18182373046875
1763888511364,133.15152740478516,17.18182373046875
1763888511380,134.15152740478516,17.18182373046875
1763888511397,136.15152740478516,18.18182373046875
1763888511413,136.15152740478516,19.18182373046875
1763888511430,138.15152740478516,21.18182373046875
1763888511447,138.15152740478516,22.18182373046875
1763888511464,139.15152740478516,24.18182373046875
1763888511480,139.15152740478516,26.18182373046875
1763888511497,139.15152740478516,33.18182373046875
1763888511514,135.15152740478516,43.18182373046875
1763888511530,130.15152740478516,69.18182373046875
1763888511547,127.15152740478516,97.18182373046875
1763888511563,126.15152740478516,118.18182373046875
1763888511580,124.15152740478516,146.18182373046875
1763888511597,122.15152740478516,160.18182373046875
1763888511613,120.15152740478516,173.18182373046875
1763888511630,119.15152740478516,182.18182373046875
1763888511647,118.15152740478516,188.18182373046875
1763888511664,117.15152740478516,194.18182373046875
1763888511680,116.15152740478516,196.18182373046875
1763888511697,116.15152740478516,199.18182373046875
1763888511714,116.15152740478516,201.18182373046875
1763888511731,116.15152740478516,201.18182373046875
1763888511793,116.15152740478516,201.18182373046875
1763888511800,116.15152740478516,199.18182373046875
1763888511813,116.15152740478516,198.18182373046875
1763888511830,116.15152740478516,193.18182373046875
1763888511847,117.15152740478516,187.18182373046875
1763888511863,118.15152740478516,176.18182373046875
1763888511880,118.15152740478516,167.18182373046875
1763888511897,118.15152740478516,161.18182373046875
1763888511913,118.15152740478516,154.18182373046875
1763888511930,118.15152740478516,152.18182373046875
1763888511947,118.15152740478516,151.18182373046875
1763888511964,118.15152740478516,150.18182373046875
1763888512013,118.15152740478516,151.18182373046875
1763888512030,117.15152740478516,157.18182373046875
1763888512047,116.15152740478516,164.18182373046875
1763888512063,112.15152740478516,185.18182373046875
1763888512080,108.15152740478516,201.18182373046875
1763888512097,105.15152740478516,214.18182373046875
1763888512113,103.15152740478516,230.18182373046875
1763888512130,101.15152740478516,236.18182373046875
1763888512147,101.15152740478516,242.18182373046875
1763888512163,100.15152740478516,244.18182373046875
1763888512180,100.15152740478516,245.18182373046875
1763888512197,100.15152740478516,247.18182373046875
1763888512247,101.15152740478516,246.18182373046875
1763888512263,102.15152740478516,240.18182373046875
1763888512280,102.15152740478516,234.18182373046875
1763888512297,103.15152740478516,224.18182373046875
1763888512313,105.15152740478516,204.18182373046875
1763888512330,106.15152740478516,190.18182373046875
1763888512347,107.15152740478516,174.18182373046875
1763888512363,107.15152740478516,164.18182373046875
1763888512380,107.15152740478516,159.18182373046875
1763888512397,106.15152740478516,156.18182373046875
1763888512413,106.15152740478516,154.18182373046875
1763888512430,106.15152740478516,153.18182373046875
1763888512447,106.15152740478516,153.18182373046875
1763888512471,106.15152740478516,154.18182373046875
1763888512480,106.15152740478516,155.18182373046875
1763888512497,106.15152740478516,159.18182373046875
1763888512513,108.15152740478516,183.18182373046875
1763888512530,108.15152740478516,206.18182373046875
1763888512547,104.15152740478516,228.18182373046875
1763888512563,101.15152740478516,245.18182373046875
1763888512580,100.15152740478516,250.18182373046875
1763888512597,99.15152740478516,251.18182373046875
1763888512613,99.15152740478516,252.18182373046875
1763888512630,99.15152740478516,253.18182373046875
1763888512647,99.15152740478516,252.18182373046875
1763888512664,99.15152740478516,251.18182373046875
1763888512680,100.15152740478516,250.18182373046875
1763888515165,712.1515274047852,242.36363220214844
1763888515179,712.1515274047852,248.36363220214844
1763888515196,712.1515274047852,255.36363220214844
1763888515213,712.1515274047852,265.36363220214844
1763888515230,712.1515274047852,275.36363220214844
1763888515246,712.1515274047852,280.36363220214844
1763888515263,712.1515274047852,286.36363220214844
1763888515280,712.1515274047852,288.36363220214844
1763888515296,712.1515274047852,290.36363220214844
1763888515313,712.1515274047852,292.36363220214844
1763888515330,712.1515274047852,293.36363220214844
1763888515346,712.1515274047852,295.36363220214844
1763888515363,712.1515274047852,296.36363220214844
1763888515380,712.1515274047852,297.36363220214844
1763888515401,712.1515274047852,298.36363220214844
1763888515421,712.1515274047852,299.36363220214844
1763888515477,712.1515274047852,298.36363220214844
1763888515513,712.1515274047852,295.36363220214844
1763888515530,712.1515274047852,293.36363220214844
1763888515546,712.1515274047852,289.36363220214844
1763888515563,712.1515274047852,288.36363220214844
1763888515580,712.1515274047852,286.36363220214844
1763888515596,711.1515274047852,283.36363220214844
1763888515613,711.1515274047852,282.36363220214844
1763888515630,711.1515274047852,281.36363220214844
1763888515646,711.1515274047852,280.36363220214844
1763888515663,711.1515274047852,280.36363220214844
1763888515680,711.1515274047852,279.36363220214844
1763888515755,711.1515274047852,279.36363220214844
1763888515768,711.1515274047852,280.36363220214844
1763888515780,711.1515274047852,280.36363220214844
1763888515796,711.1515274047852,282.36363220214844
1763888515813,711.1515274047852,283.36363220214844
1763888515830,711.1515274047852,286.36363220214844
1763888515846,713.1515274047852,289.36363220214844
1763888515863,713.1515274047852,292.36363220214844
1763888515879,714.1515274047852,295.36363220214844
1763888515896,714.1515274047852,297.36363220214844
1763888515913,715.1515274047852,299.36363220214844
1763888515929,716.1515274047852,300.36363220214844
1763888515946,716.1515274047852,301.36363220214844
1763888515963,716.1515274047852,302.36363220214844
1763888515979,717.1515274047852,303.36363220214844
1763888515996,718.1515274047852,303.36363220214844
1763888516013,718.1515274047852,303.36363220214844
1763888516030,719.1515274047852,303.36363220214844
1763888516046,719.1515274047852,302.36363220214844
1763888516063,719.1515274047852,302.36363220214844
1763888516079,720.1515274047852,301.36363220214844
1763888516096,720.1515274047852,300.36363220214844
1763888516113,721.1515274047852,300.36363220214844
1763888516129,721.1515274047852,298.36363220214844
1763888516146,721.1515274047852,296.36363220214844
1763888516163,720.1515274047852,291.36363220214844
1763888516180,719.1515274047852,285.36363220214844
1763888516196,717.1515274047852,278.36363220214844
1763888516213,716.1515274047852,270.36363220214844
1763888516229,715.1515274047852,268.36363220214844
1763888516246,715.1515274047852,266.36363220214844
1763888516263,715.1515274047852,266.36363220214844
1763888516279,715.1515274047852,265.36363220214844
1763888516329,715.1515274047852,266.36363220214844
1763888516346,715.1515274047852,268.36363220214844
1763888516363,716.1515274047852,269.36363220214844
1763888516379,716.1515274047852,273.36363220214844
1763888516396,717.1515274047852,276.36363220214844
1763888516413,719.1515274047852,282.36363220214844
1763888516429,719.1515274047852,284.36363220214844
1763888516446,720.1515274047852,287.36363220214844
1763888516463,720.1515274047852,291.36363220214844
1763888516480,721.1515274047852,294.36363220214844
1763888516496,721.1515274047852,295.36363220214844
1763888516513,721.1515274047852,297.36363220214844
1763888516529,721.1515274047852,299.36363220214844
1763888516546,721.1515274047852,300.36363220214844
1763888516563,721.1515274047852,300.36363220214844
1763888516579,721.1515274047852,301.36363220214844
1763888516599,721.1515274047852,300.36363220214844
1763888516613,721.1515274047852,298.36363220214844
1763888516629,720.1515274047852,294.36363220214844
1763888516646,719.1515274047852,289.36363220214844
1763888516663,717.1515274047852,282.36363220214844
1763888516679,716.1515274047852,277.36363220214844
1763888516696,716.1515274047852,271.36363220214844
1763888516713,715.1515274047852,268.36363220214844
1763888516730,715.1515274047852,266.36363220214844
1763888516746,715.1515274047852,263.36363220214844
1763888516763,715.1515274047852,262.36363220214844
1763888516779,715.1515274047852,262.36363220214844
1763888516829,715.1515274047852,262.36363220214844
1763888516846,715.1515274047852,263.36363220214844
1763888516863,715.1515274047852,267.36363220214844
1763888516880,715.1515274047852,268.36363220214844
1763888516896,715.1515274047852,271.36363220214844
1763888516913,715.1515274047852,275.36363220214844
1763888516930,715.1515274047852,278.36363220214844
1763888516946,715.1515274047852,282.36363220214844
1763888516963,715.1515274047852,284.36363220214844
1763888516979,715.1515274047852,285.36363220214844
1763888516996,715.1515274047852,288.36363220214844
1763888517013,715.1515274047852,289.36363220214844
1763888517029,715.1515274047852,291.36363220214844
1763888517046,715.1515274047852,293.36363220214844
1763888517063,715.1515274047852,295.36363220214844
1763888517079,715.1515274047852,296.36363220214844
1763888517096,715.1515274047852,297.36363220214844
1763888517113,715.1515274047852,299.36363220214844
1763888517129,714.1515274047852,299.36363220214844
1763888517146,714.1515274047852,299.36363220214844
1763888517163,714.1515274047852,299.36363220214844
1763888517179,713.1515274047852,299.36363220214844
1763888517196,713.1515274047852,296.36363220214844
1763888517213,712.1515274047852,295.36363220214844
1763888517229,711.1515274047852,291.36363220214844
1763888517246,711.1515274047852,289.36363220214844
1763888517263,710.1515274047852,285.36363220214844
1763888517279,710.1515274047852,282.36363220214844
1763888517296,710.1515274047852,279.36363220214844
1763888517313,709.1515274047852,277.36363220214844
1763888517329,709.1515274047852,276.36363220214844
1763888517346,709.1515274047852,275.36363220214844
1763888517396,709.1515274047852,277.36363220214844
1763888517413,709.1515274047852,278.36363220214844
1763888517429,709.1515274047852,280.36363220214844
1763888517446,710.1515274047852,283.36363220214844
1763888517463,710.1515274047852,285.36363220214844
1763888517479,710.1515274047852,288.36363220214844
1763888517496,710.1515274047852,291.36363220214844
1763888517513,710.1515274047852,293.36363220214844
1763888517529,710.1515274047852,296.36363220214844
1763888517546,710.1515274047852,297.36363220214844
1763888517563,710.1515274047852,300.36363220214844
1763888517579,709.1515274047852,301.36363220214844
1763888517596,709.1515274047852,302.36363220214844
1763888517613,708.1515274047852,303.36363220214844
1763888517629,708.1515274047852,303.36363220214844
1763888517679,708.1515274047852,303.36363220214844
1763888517696,708.1515274047852,301.36363220214844
1763888517713,708.1515274047852,298.36363220214844
1763888517729,708.1515274047852,291.36363220214844
1763888517746,708.1515274047852,287.36363220214844
1763888517763,708.1515274047852,280.36363220214844
1763888517779,708.1515274047852,275.36363220214844
1763888517796,709.1515274047852,269.36363220214844
1763888517813,710.1515274047852,256.36363220214844
1763888517829,712.1515274047852,246.36363220214844
1763888517846,715.1515274047852,233.36363220214844
1763888517863,716.1515274047852,227.36363220214844
1763888517879,717.1515274047852,222.36363220214844
1763888517896,718.1515274047852,214.36363220214844
1763888517913,720.1515274047852,210.36363220214844
1763888517929,721.1515274047852,204.36363220214844
1763888517946,722.1515274047852,202.36363220214844
1763888517963,722.1515274047852,199.36363220214844
1763888517979,723.1515274047852,195.36363220214844
1763888517996,724.1515274047852,194.36363220214844
1763888518013,724.1515274047852,192.36363220214844
1763888518029,724.1515274047852,191.36363220214844
1763888518046,724.1515274047852,190.36363220214844
1763888518062,724.1515274047852,189.36363220214844
1763888518079,724.1515274047852,188.36363220214844
1763888518108,724.1515274047852,189.36363220214844
1763888518116,724.1515274047852,189.36363220214844
1763888518129,724.1515274047852,190.36363220214844
1763888518146,724.1515274047852,193.36363220214844
1763888518163,724.1515274047852,195.36363220214844
1763888518213,722.1515274047852,214.36363220214844
1763888518229,721.1515274047852,225.36363220214844
1763888518246,720.1515274047852,229.36363220214844
1763888518262,719.1515274047852,238.36363220214844
1763888518279,718.1515274047852,243.36363220214844
1763888518296,718.1515274047852,248.36363220214844
1763888518312,717.1515274047852,251.36363220214844
1763888518329,717.1515274047852,252.36363220214844
1763888518346,716.1515274047852,254.36363220214844
1763888518362,716.1515274047852,255.36363220214844
1763888518379,716.1515274047852,256.36363220214844
1763888518396,716.1515274047852,257.36363220214844
1763888518413,716.1515274047852,258.36363220214844
1763888518483,716.1515274047852,257.36363220214844
1763888518496,716.1515274047852,257.36363220214844
1763888518512,716.1515274047852,252.36363220214844
1763888518529,716.1515274047852,246.36363220214844
1763888518546,716.1515274047852,235.36363220214844
1763888518563,715.1515274047852,227.36363220214844
1763888518579,715.1515274047852,219.36363220214844
1763888518596,715.1515274047852,205.36363220214844
1763888518613,715.1515274047852,195.36363220214844
1763888518629,715.1515274047852,185.36363220214844
1763888518646,716.1515274047852,180.36363220214844
1763888518663,716.1515274047852,175.36363220214844
1763888518679,717.1515274047852,169.36363220214844
1763888518696,718.1515274047852,167.36363220214844
1763888518712,718.1515274047852,163.36363220214844
1763888518729,719.1515274047852,162.36363220214844
1763888518746,719.1515274047852,160.36363220214844
1763888518767,720.1515274047852,159.36363220214844
1763888518780,720.1515274047852,159.36363220214844
1763888518796,721.1515274047852,159.36363220214844
1763888518846,721.1515274047852,159.36363220214844
1763888518862,721.1515274047852,160.36363220214844
1763888518879,721.1515274047852,162.36363220214844
1763888518896,721.1515274047852,165.36363220214844
1763888518912,719.1515274047852,168.36363220214844
1763888518929,718.1515274047852,172.36363220214844
1763888518946,716.1515274047852,175.36363220214844
1763888518962,714.1515274047852,183.36363220214844
1763888518979,712.1515274047852,192.36363220214844
1763888518996,710.1515274047852,202.36363220214844
1763888519012,707.1515274047852,209.36363220214844
1763888519029,705.1515274047852,217.36363220214844
1763888519046,704.1515274047852,226.36363220214844
1763888519062,702.1515274047852,229.36363220214844
1763888519079,702.1515274047852,235.36363220214844
1763888519096,701.1515274047852,238.36363220214844
1763888519112,701.1515274047852,240.36363220214844
1763888519329,701.1515274047852,238.36363220214844
1763888519346,701.1515274047852,233.36363220214844
1763888519362,701.1515274047852,226.36363220214844
1763888519379,701.1515274047852,223.36363220214844
1763888519396,702.1515274047852,219.36363220214844
1763888519412,702.1515274047852,214.36363220214844
1763888519429,702.1515274047852,211.36363220214844
1763888519446,702.1515274047852,208.36363220214844
1763888519462,702.1515274047852,206.36363220214844
1763888519479,702.1515274047852,205.36363220214844
1763888519496,703.1515274047852,202.36363220214844
1763888519512,704.1515274047852,201.36363220214844
1763888519529,704.1515274047852,200.36363220214844
1763888519549,705.1515274047852,200.36363220214844
1763888519577,705.1515274047852,200.36363220214844
1763888519583,705.1515274047852,201.36363220214844
1763888519596,705.1515274047852,202.36363220214844
1763888519612,705.1515274047852,206.36363220214844
1763888519629,706.1515274047852,209.36363220214844
1763888519646,706.1515274047852,213.36363220214844
1763888519662,707.1515274047852,225.36363220214844
1763888519679,707.1515274047852,233.36363220214844
1763888519696,707.1515274047852,245.36363220214844
1763888519712,707.1515274047852,251.36363220214844
1763888519729,707.1515274047852,257.36363220214844
1763888519746,707.1515274047852,263.36363220214844
1763888519762,707.1515274047852,268.36363220214844
1763888519779,707.1515274047852,271.36363220214844
1763888519796,707.1515274047852,272.36363220214844
1763888519812,707.1515274047852,274.36363220214844
1763888519829,707.1515274047852,274.36363220214844
1763888519846,707.1515274047852,275.36363220214844
1763888519895,707.1515274047852,272.36363220214844
1763888519912,707.1515274047852,269.36363220214844
1763888519929,707.1515274047852,265.36363220214844
1763888519946,707.1515274047852,254.36363220214844
1763888519962,707.1515274047852,246.36363220214844
1763888519979,707.1515274047852,233.36363220214844
1763888519996,707.1515274047852,225.36363220214844
1763888520012,707.1515274047852,216.36363220214844
1763888520029,707.1515274047852,197.36363220214844
1763888520046,707.1515274047852,186.36363220214844
1763888520096,711.1515274047852,158.36363220214844
1763888520112,713.1515274047852,152.36363220214844
1763888520129,714.1515274047852,150.36363220214844
1763888520146,714.1515274047852,149.36363220214844
1763888520166,714.1515274047852,148.36363220214844
1763888520193,715.1515274047852,148.36363220214844
1763888520207,716.1515274047852,148.36363220214844
1763888520228,716.1515274047852,148.36363220214844
1763888520242,716.1515274047852,149.36363220214844
1763888520249,716.1515274047852,149.36363220214844
1763888520262,716.1515274047852,152.36363220214844
1763888520279,716.1515274047852,155.36363220214844
1763888520296,716.1515274047852,160.36363220214844
1763888520312,716.1515274047852,178.36363220214844
1763888520329,716.1515274047852,195.36363220214844
1763888520346,716.1515274047852,220.36363220214844
1763888520362,716.1515274047852,230.36363220214844
1763888520379,717.1515274047852,236.36363220214844
1763888520396,717.1515274047852,240.36363220214844
1763888520412,717.1515274047852,240.36363220214844
1763888520429,717.1515274047852,242.36363220214844
1763888520446,717.1515274047852,242.36363220214844
1763888520496,717.1515274047852,242.36363220214844
1763888520512,717.1515274047852,239.36363220214844
1763888520529,717.1515274047852,237.36363220214844
1763888520546,717.1515274047852,234.36363220214844
1763888520562,717.1515274047852,224.36363220214844
1763888520579,717.1515274047852,216.36363220214844
1763888520596,718.1515274047852,192.36363220214844
1763888520612,720.1515274047852,177.36363220214844
1763888520629,722.1515274047852,160.36363220214844
1763888520645,727.1515274047852,143.36363220214844
1763888520662,727.1515274047852,137.36363220214844
1763888520679,729.1515274047852,128.36363220214844
1763888520695,730.1515274047852,125.36363220214844
1763888520712,732.1515274047852,122.36363220214844
1763888520729,733.1515274047852,120.36363220214844
1763888520746,733.1515274047852,119.36363220214844
1763888520762,733.1515274047852,118.36363220214844
1763888520779,734.1515274047852,118.36363220214844
1763888520796,734.1515274047852,118.36363220214844
1763888520812,735.1515274047852,118.36363220214844
1763888520831,735.1515274047852,119.36363220214844
1763888520845,735.1515274047852,119.36363220214844
1763888520862,735.1515274047852,123.36363220214844
1763888520879,735.1515274047852,126.36363220214844
1763888520895,734.1515274047852,136.36363220214844
1763888520912,731.1515274047852,147.36363220214844
1763888520929,727.1515274047852,162.36363220214844
1763888520946,725.1515274047852,169.36363220214844
1763888520962,722.1515274047852,179.36363220214844
1763888520979,721.1515274047852,181.36363220214844
1763888520996,721.1515274047852,183.36363220214844
1763888521012,721.1515274047852,185.36363220214844
1763888521029,721.1515274047852,185.36363220214844
1763888521045,720.1515274047852,186.36363220214844
1763888521095,720.1515274047852,184.36363220214844
1763888521112,721.1515274047852,182.36363220214844
1763888521129,721.1515274047852,179.36363220214844
1763888521145,722.1515274047852,177.36363220214844
1763888521162,723.1515274047852,174.36363220214844
1763888521179,725.1515274047852,170.36363220214844
1763888521195,726.1515274047852,167.36363220214844
1763888521212,727.1515274047852,162.36363220214844
1763888521229,729.1515274047852,157.36363220214844
1763888521245,731.1515274047852,150.36363220214844
1763888521262,734.1515274047852,142.36363220214844
1763888521279,735.1515274047852,139.36363220214844
1763888521295,736.1515274047852,135.36363220214844
1763888521312,736.1515274047852,134.36363220214844
1763888521329,736.1515274047852,132.36363220214844
1763888521345,736.1515274047852,132.36363220214844
1763888521362,736.1515274047852,131.36363220214844
1763888521412,734.1515274047852,132.36363220214844
1763888521429,733.1515274047852,133.36363220214844
1763888521445,731.1515274047852,135.36363220214844
1763888521462,729.1515274047852,138.36363220214844
1763888521479,727.1515274047852,142.36363220214844
1763888521495,726.1515274047852,144.36363220214844
1763888521512,725.1515274047852,145.36363220214844
1763888521529,725.1515274047852,146.36363220214844
1763888521545,724.1515274047852,148.36363220214844
1763888521562,724.1515274047852,148.36363220214844
1763888521592,724.1515274047852,148.36363220214844
1763888521599,724.1515274047852,147.36363220214844
1763888521612,724.1515274047852,146.36363220214844
1763888521629,725.1515274047852,145.36363220214844
1763888521646,726.1515274047852,142.36363220214844
1763888521662,727.1515274047852,139.36363220214844
1763888521679,728.1515274047852,136.36363220214844
1763888521695,729.1515274047852,132.36363220214844
1763888521712,732.1515274047852,126.36363220214844
1763888521729,735.1515274047852,120.36363220214844
1763888521745,739.1515274047852,113.36363220214844
1763888521762,742.1515274047852,109.36363220214844
1763888521779,745.1515274047852,105.36363220214844
1763888521795,748.1515274047852,101.36363220214844
1763888521812,749.1515274047852,100.36363220214844
1763888521829,750.1515274047852,98.36363220214844
1763888521845,752.1515274047852,98.36363220214844
1763888521862,753.1515274047852,97.36363220214844
1763888521979,753.1515274047852,97.36363220214844
1763888521995,749.1515274047852,99.36363220214844
1763888522012,747.1515274047852,100.36363220214844
1763888522029,743.1515274047852,102.36363220214844
1763888522045,741.1515274047852,103.36363220214844
1763888522062,738.1515274047852,105.36363220214844
1763888522079,734.1515274047852,108.36363220214844
1763888522095,731.1515274047852,111.36363220214844
1763888522112,730.1515274047852,114.36363220214844
1763888522129,728.1515274047852,116.36363220214844
1763888522145,727.1515274047852,117.36363220214844
1763888522162,725.1515274047852,120.36363220214844
1763888522179,724.1515274047852,122.36363220214844
1763888522195,723.1515274047852,123.36363220214844
1763888522212,722.1515274047852,125.36363220214844
1763888522229,721.1515274047852,126.36363220214844
1763888522245,721.1515274047852,127.36363220214844
1763888522262,721.1515274047852,128.36363220214844
1763888522279,721.1515274047852,129.36363220214844
1763888522295,720.1515274047852,130.36363220214844
1763888522312,719.1515274047852,131.36363220214844
1763888522329,719.1515274047852,132.36363220214844
1763888522346,719.1515274047852,134.36363220214844
1763888522362,718.1515274047852,135.36363220214844
1763888522379,718.1515274047852,136.36363220214844
1763888522395,718.1515274047852,139.36363220214844
1763888522412,717.1515274047852,141.36363220214844
1763888522429,716.1515274047852,143.36363220214844
1763888522445,716.1515274047852,147.36363220214844
1763888522462,716.1515274047852,149.36363220214844
1763888522479,715.1515274047852,150.36363220214844
1763888522495,715.1515274047852,152.36363220214844
1763888522512,715.1515274047852,152.36363220214844
1763888522529,715.1515274047852,153.36363220214844
1763888522556,716.1515274047852,153.36363220214844
1763888522562,716.1515274047852,152.36363220214844
1763888522579,717.1515274047852,151.36363220214844
1763888522595,718.1515274047852,149.36363220214844
1763888522612,718.1515274047852,147.36363220214844
1763888522629,719.1515274047852,146.36363220214844
1763888522645,721.1515274047852,143.36363220214844
1763888522662,722.1515274047852,141.36363220214844
1763888522679,724.1515274047852,139.36363220214844
1763888522695,726.1515274047852,135.36363220214844
1763888522712,728.1515274047852,133.36363220214844
1763888522729,732.1515274047852,128.36363220214844
1763888522745,736.1515274047852,126.36363220214844
1763888522762,740.1515274047852,122.36363220214844
1763888522779,747.1515274047852,118.36363220214844
1763888522796,751.1515274047852,115.36363220214844
1763888522812,756.1515274047852,114.36363220214844
1763888522829,761.1515274047852,112.36363220214844
1763888522845,765.1515274047852,111.36363220214844
1763888522862,770.1515274047852,109.36363220214844
1763888522879,772.1515274047852,108.36363220214844
1763888522895,776.1515274047852,106.36363220214844
1763888522912,780.1515274047852,106.36363220214844
1763888522929,782.1515274047852,105.36363220214844
1763888522945,784.1515274047852,104.36363220214844
1763888522962,785.1515274047852,104.36363220214844
1763888522978,787.1515274047852,104.36363220214844
1763888522995,787.1515274047852,103.36363220214844
1763888523047,787.1515274047852,103.36363220214844
1763888523062,786.1515274047852,103.36363220214844
1763888523079,784.1515274047852,102.36363220214844
1763888523095,782.1515274047852,102.36363220214844
1763888523112,781.1515274047852,102.36363220214844
1763888523129,779.1515274047852,102.36363220214844
1763888523145,778.1515274047852,103.36363220214844
1763888523162,776.1515274047852,105.36363220214844
1763888523178,774.1515274047852,107.36363220214844
1763888523195,773.1515274047852,109.36363220214844
1763888523212,771.1515274047852,115.36363220214844
1763888523228,767.1515274047852,128.36363220214844
1763888523245,764.1515274047852,143.36363220214844
1763888523262,758.1515274047852,169.36363220214844
1763888523278,756.1515274047852,179.36363220214844
1763888523295,754.1515274047852,191.36363220214844
1763888523312,754.1515274047852,202.36363220214844
1763888523329,754.1515274047852,206.36363220214844
1763888523345,754.1515274047852,212.36363220214844
1763888523362,754.1515274047852,215.36363220214844
1763888523379,754.1515274047852,218.36363220214844
1763888523395,754.1515274047852,222.36363220214844
1763888523412,754.1515274047852,224.36363220214844
1763888523428,754.1515274047852,228.36363220214844
1763888523445,754.1515274047852,231.36363220214844
1763888523462,754.1515274047852,234.36363220214844
1763888523478,754.1515274047852,238.36363220214844
1763888523495,754.1515274047852,240.36363220214844
1763888523512,754.1515274047852,241.36363220214844
1763888523528,754.1515274047852,242.36363220214844
1763888523545,754.1515274047852,242.36363220214844
1763888523562,754.1515274047852,242.36363220214844
1763888523578,754.1515274047852,240.36363220214844
1763888523595,754.1515274047852,235.36363220214844
1763888523612,754.1515274047852,231.36363220214844
1763888523628,752.1515274047852,223.36363220214844
1763888523645,751.1515274047852,217.36363220214844
1763888523662,749.1515274047852,210.36363220214844
1763888523678,747.1515274047852,201.36363220214844
1763888523695,745.1515274047852,196.36363220214844
1763888523712,745.1515274047852,193.36363220214844
1763888523728,744.1515274047852,192.36363220214844
1763888523745,744.1515274047852,191.36363220214844
1763888523809,744.1515274047852,192.36363220214844
1763888523815,744.1515274047852,193.36363220214844
1763888523828,744.1515274047852,194.36363220214844
1763888523845,744.1515274047852,199.36363220214844
1763888523862,744.1515274047852,203.36363220214844
1763888523878,744.1515274047852,208.36363220214844
1763888523895,743.1515274047852,224.36363220214844
1763888523912,743.1515274047852,236.36363220214844
1763888523928,744.1515274047852,258.36363220214844
1763888523945,744.1515274047852,266.36363220214844
1763888523962,744.1515274047852,273.36363220214844
1763888523978,744.1515274047852,278.36363220214844
1763888523995,744.1515274047852,286.36363220214844
1763888524012,744.1515274047852,292.36363220214844
1763888524028,744.1515274047852,297.36363220214844
1763888524045,744.1515274047852,303.36363220214844
1763888524062,744.1515274047852,307.36363220214844
1763888524079,744.1515274047852,309.36363220214844
1763888524095,745.1515274047852,312.36363220214844
1763888524112,745.1515274047852,314.36363220214844
1763888524128,746.1515274047852,316.36363220214844
1763888524145,746.1515274047852,317.36363220214844
1763888524162,747.1515274047852,318.36363220214844
1763888524178,747.1515274047852,319.36363220214844
1763888524195,747.1515274047852,319.36363220214844
1763888524212,748.1515274047852,319.36363220214844
1763888524228,748.1515274047852,319.36363220214844
1763888524245,748.1515274047852,317.36363220214844
1763888524262,749.1515274047852,315.36363220214844
1763888524279,749.1515274047852,311.36363220214844
1763888524295,749.1515274047852,305.36363220214844
1763888524312,749.1515274047852,299.36363220214844
1763888524328,746.1515274047852,286.36363220214844
1763888524345,745.1515274047852,281.36363220214844
1763888524362,744.1515274047852,277.36363220214844
1763888524378,743.1515274047852,274.36363220214844
1763888524395,742.1515274047852,272.36363220214844
1763888524412,742.1515274047852,271.36363220214844
1763888524461,743.1515274047852,271.36363220214844
1763888524481,744.1515274047852,271.36363220214844
1763888524495,744.1515274047852,274.36363220214844
1763888524512,744.1515274047852,276.36363220214844
1763888524528,745.1515274047852,279.36363220214844
1763888524545,747.1515274047852,291.36363220214844
1763888524562,750.1515274047852,303.36363220214844
1763888524578,754.1515274047852,329.36363220214844
1763888524595,755.1515274047852,342.36363220214844
1763888524612,756.1515274047852,352.36363220214844
1763888524628,758.1515274047852,368.36363220214844
1763888524645,759.1515274047852,378.36363220214844
1763888524662,759.1515274047852,387.36363220214844
1763888524678,759.1515274047852,392.36363220214844
1763888524695,759.1515274047852,397.36363220214844
1763888524712,759.1515274047852,401.36363220214844
1763888524729,759.1515274047852,404.36363220214844
1763888524745,759.1515274047852,407.36363220214844
1763888524762,759.1515274047852,409.36363220214844
1763888524778,759.1515274047852,410.36363220214844
1763888524795,759.1515274047852,411.36363220214844
1763888524812,759.1515274047852,412.36363220214844
1763888524868,759.1515274047852,411.36363220214844
1763888524878,759.1515274047852,410.36363220214844
1763888524895,759.1515274047852,408.36363220214844
1763888524912,759.1515274047852,403.36363220214844
1763888524928,759.1515274047852,396.36363220214844
1763888524945,758.1515274047852,372.36363220214844
1763888524962,758.1515274047852,354.36363220214844
1763888524978,758.1515274047852,340.36363220214844
1763888524995,758.1515274047852,328.36363220214844
1763888525012,757.1515274047852,322.36363220214844
1763888525028,756.1515274047852,313.36363220214844
1763888525045,755.1515274047852,308.36363220214844
1763888525062,755.1515274047852,303.36363220214844
1763888525078,755.1515274047852,300.36363220214844
1763888525095,755.1515274047852,299.36363220214844
1763888525112,755.1515274047852,297.36363220214844
1763888525128,755.1515274047852,297.36363220214844
1763888525145,756.1515274047852,297.36363220214844
1763888525161,756.1515274047852,297.36363220214844
1763888525178,757.1515274047852,299.36363220214844
1763888525195,758.1515274047852,305.36363220214844
1763888525211,759.1515274047852,312.36363220214844
1763888525228,761.1515274047852,334.36363220214844
1763888525245,761.1515274047852,353.36363220214844
1763888525262,761.1515274047852,372.36363220214844
1763888525278,762.1515274047852,397.36363220214844
1763888525295,763.1515274047852,411.36363220214844
1763888525311,765.1515274047852,430.36363220214844
1763888525328,765.1515274047852,435.36363220214844
1763888525345,765.1515274047852,439.36363220214844
1763888525361,765.1515274047852,440.36363220214844
1763888525381,765.1515274047852,441.36363220214844
1763888525428,765.1515274047852,440.36363220214844
1763888525445,765.1515274047852,437.36363220214844
1763888525462,765.1515274047852,434.36363220214844
1763888525478,765.1515274047852,428.36363220214844
1763888525495,765.1515274047852,419.36363220214844
1763888525512,765.1515274047852,399.36363220214844
1763888525528,766.1515274047852,368.36363220214844
1763888525545,767.1515274047852,354.36363220214844
1763888525561,768.1515274047852,332.36363220214844
1763888525578,769.1515274047852,318.36363220214844
1763888525595,769.1515274047852,303.36363220214844
1763888525611,770.1515274047852,291.36363220214844
1763888525628,770.1515274047852,287.36363220214844
1763888525645,770.1515274047852,283.36363220214844
1763888525661,771.1515274047852,282.36363220214844
1763888525679,771.1515274047852,282.36363220214844
1763888525695,772.1515274047852,282.36363220214844
1763888525720,773.1515274047852,282.36363220214844
1763888525734,773.1515274047852,282.36363220214844
1763888525745,773.1515274047852,283.36363220214844
1763888525761,773.1515274047852,285.36363220214844
1763888525778,773.1515274047852,288.36363220214844
1763888525795,773.1515274047852,291.36363220214844
1763888525811,773.1515274047852,297.36363220214844
1763888525828,771.1515274047852,303.36363220214844
1763888525845,770.1515274047852,311.36363220214844
1763888525861,767.1515274047852,327.36363220214844
1763888525878,764.1515274047852,343.36363220214844
1763888525895,761.1515274047852,363.36363220214844
1763888525912,759.1515274047852,374.36363220214844
1763888525928,756.1515274047852,389.36363220214844
1763888525945,754.1515274047852,399.36363220214844
1763888525962,754.1515274047852,404.36363220214844
1763888525978,752.1515274047852,410.36363220214844
1763888525995,751.1515274047852,413.36363220214844
1763888526011,751.1515274047852,416.36363220214844
1763888526028,751.1515274047852,417.36363220214844
1763888526045,750.1515274047852,418.36363220214844
1763888526061,750.1515274047852,419.36363220214844
1763888526079,750.1515274047852,420.36363220214844
1763888526095,750.1515274047852,420.36363220214844
1763888527050,758.1515274047852,419.36363220214844
1763888527061,758.1515274047852,420.36363220214844
1763888527078,758.1515274047852,427.36363220214844
1763888527095,758.1515274047852,432.36363220214844
1763888527111,758.1515274047852,437.36363220214844
1763888527128,758.1515274047852,444.36363220214844
1763888527145,758.1515274047852,449.36363220214844
1763888527161,759.1515274047852,454.36363220214844
1763888527178,759.1515274047852,456.36363220214844
1763888527195,759.1515274047852,458.36363220214844
1763888527211,759.1515274047852,460.36363220214844
1763888527228,759.1515274047852,461.36363220214844
1763888527245,759.1515274047852,462.36363220214844
1763888527261,759.1515274047852,463.36363220214844
1763888527278,759.1515274047852,465.36363220214844
1763888527295,759.1515274047852,465.36363220214844
1763888527311,759.1515274047852,466.36363220214844
1763888527328,759.1515274047852,467.36363220214844
1763888527345,760.1515274047852,468.36363220214844
1763888527361,760.1515274047852,469.36363220214844
1763888527378,761.1515274047852,471.36363220214844
1763888527395,761.1515274047852,472.36363220214844
1763888527411,761.1515274047852,475.36363220214844
1763888527428,762.1515274047852,477.36363220214844
1763888527444,762.1515274047852,480.36363220214844
1763888527461,763.1515274047852,482.36363220214844
1763888527478,764.1515274047852,483.36363220214844
1763888527494,764.1515274047852,485.36363220214844
1763888527511,764.1515274047852,486.36363220214844
1763888527528,765.1515274047852,488.36363220214844
1763888527544,765.1515274047852,488.36363220214844
1763888527576,766.1515274047852,488.36363220214844
1763888527583,766.1515274047852,488.36363220214844
1763888527595,767.1515274047852,487.36363220214844
1763888527611,767.1515274047852,483.36363220214844
1763888527628,767.1515274047852,481.36363220214844
1763888527645,767.1515274047852,479.36363220214844
1763888527661,767.1515274047852,474.36363220214844
1763888527678,766.1515274047852,472.36363220214844
1763888527694,765.1515274047852,468.36363220214844
1763888527711,764.1515274047852,465.36363220214844
1763888527728,763.1515274047852,460.36363220214844
1763888527744,762.1515274047852,458.36363220214844
1763888527761,762.1515274047852,455.36363220214844
1763888527778,761.1515274047852,453.36363220214844
1763888527794,761.1515274047852,452.36363220214844
1763888527811,761.1515274047852,451.36363220214844
1763888527828,761.1515274047852,450.36363220214844
1763888527844,761.1515274047852,449.36363220214844
1763888527861,761.1515274047852,449.36363220214844
1763888527881,762.1515274047852,449.36363220214844
1763888527894,762.1515274047852,450.36363220214844
1763888527911,763.1515274047852,453.36363220214844
1763888527928,764.1515274047852,455.36363220214844
1763888527944,765.1515274047852,460.36363220214844
1763888527961,767.1515274047852,465.36363220214844
1763888527978,767.1515274047852,471.36363220214844
1763888527994,768.1515274047852,473.36363220214844
1763888528011,768.1515274047852,475.36363220214844
1763888528028,768.1515274047852,477.36363220214844
1763888528044,768.1515274047852,478.36363220214844
1763888528061,768.1515274047852,479.36363220214844
1763888528078,768.1515274047852,479.36363220214844
1763888528095,768.1515274047852,480.36363220214844
1763888528116,769.1515274047852,480.36363220214844
1763888528128,769.1515274047852,479.36363220214844
1763888528144,770.1515274047852,478.36363220214844
1763888528161,770.1515274047852,475.36363220214844
1763888528178,770.1515274047852,473.36363220214844
1763888528194,770.1515274047852,468.36363220214844
1763888528211,770.1515274047852,465.36363220214844
1763888528228,770.1515274047852,460.36363220214844
1763888528245,770.1515274047852,458.36363220214844
1763888528261,770.1515274047852,455.36363220214844
1763888528278,770.1515274047852,450.36363220214844
1763888528294,769.1515274047852,448.36363220214844
1763888528311,769.1515274047852,445.36363220214844
1763888528328,769.1515274047852,444.36363220214844
1763888528344,769.1515274047852,442.36363220214844
1763888528361,769.1515274047852,440.36363220214844
1763888528378,769.1515274047852,440.36363220214844
1763888528394,769.1515274047852,439.36363220214844
1763888528414,770.1515274047852,439.36363220214844
1763888528442,770.1515274047852,440.36363220214844
1763888528449,770.1515274047852,442.36363220214844
1763888528461,770.1515274047852,442.36363220214844
1763888528478,770.1515274047852,446.36363220214844
1763888528494,770.1515274047852,446.36363220214844
1763888528511,770.1515274047852,448.36363220214844
1763888528528,770.1515274047852,449.36363220214844
1763888528587,770.1515274047852,449.36363220214844
1763888528594,770.1515274047852,448.36363220214844
1763888528611,770.1515274047852,443.36363220214844
1763888528628,770.1515274047852,439.36363220214844
1763888528644,770.1515274047852,428.36363220214844
1763888528661,770.1515274047852,417.36363220214844
1763888528678,770.1515274047852,401.36363220214844
1763888528694,770.1515274047852,389.36363220214844
1763888528711,770.1515274047852,380.36363220214844
1763888528728,770.1515274047852,369.36363220214844
1763888528744,771.1515274047852,360.36363220214844
1763888528761,771.1515274047852,351.36363220214844
1763888528778,771.1515274047852,348.36363220214844
1763888528795,771.1515274047852,345.36363220214844
1763888528811,772.1515274047852,343.36363220214844
1763888528828,772.1515274047852,342.36363220214844
1763888528844,772.1515274047852,340.36363220214844
1763888528861,772.1515274047852,340.36363220214844
1763888528878,772.1515274047852,339.36363220214844
1763888528933,773.1515274047852,339.36363220214844
1763888528945,773.1515274047852,339.36363220214844
1763888528961,773.1515274047852,341.36363220214844
1763888528978,773.1515274047852,343.36363220214844
1763888528994,773.1515274047852,345.36363220214844
1763888529011,773.1515274047852,349.36363220214844
1763888529028,773.1515274047852,354.36363220214844
1763888529044,773.1515274047852,368.36363220214844
1763888529061,773.1515274047852,376.36363220214844
1763888529078,773.1515274047852,384.36363220214844
1763888529094,772.1515274047852,393.36363220214844
1763888529111,771.1515274047852,399.36363220214844
1763888529128,771.1515274047852,404.36363220214844
1763888529144,771.1515274047852,412.36363220214844
1763888529161,771.1515274047852,419.36363220214844
1763888529178,771.1515274047852,428.36363220214844
1763888529194,770.1515274047852,434.36363220214844
1763888529211,770.1515274047852,439.36363220214844
1763888529228,770.1515274047852,441.36363220214844
1763888529244,769.1515274047852,442.36363220214844
1763888529261,768.1515274047852,444.36363220214844
1763888529278,768.1515274047852,445.36363220214844
1763888529294,768.1515274047852,446.36363220214844
1763888529314,767.1515274047852,446.36363220214844
1763888529328,767.1515274047852,446.36363220214844
1763888529344,767.1515274047852,445.36363220214844
1763888529361,766.1515274047852,442.36363220214844
1763888529378,765.1515274047852,435.36363220214844
1763888529394,762.1515274047852,427.36363220214844
1763888529411,761.1515274047852,418.36363220214844
1763888529428,758.1515274047852,399.36363220214844
1763888529444,756.1515274047852,384.36363220214844
1763888529461,755.1515274047852,366.36363220214844
1763888529478,755.1515274047852,355.36363220214844
1763888529494,755.1515274047852,340.36363220214844
1763888529511,756.1515274047852,329.36363220214844
1763888529528,756.1515274047852,322.36363220214844
1763888529544,757.1515274047852,312.36363220214844
1763888529561,757.1515274047852,308.36363220214844
1763888529578,757.1515274047852,305.36363220214844
1763888529594,757.1515274047852,300.36363220214844
1763888529611,757.1515274047852,298.36363220214844
1763888529628,757.1515274047852,297.36363220214844
1763888529644,757.1515274047852,295.36363220214844
1763888529661,757.1515274047852,294.36363220214844
1763888529678,757.1515274047852,293.36363220214844
1763888529709,756.1515274047852,293.36363220214844
1763888529722,756.1515274047852,294.36363220214844
1763888529730,756.1515274047852,294.36363220214844
1763888529744,756.1515274047852,297.36363220214844
1763888529761,756.1515274047852,300.36363220214844
1763888529778,755.1515274047852,305.36363220214844
1763888529794,754.1515274047852,314.36363220214844
1763888529811,754.1515274047852,322.36363220214844
1763888529828,754.1515274047852,337.36363220214844
1763888529844,753.1515274047852,349.36363220214844
1763888529861,751.1515274047852,360.36363220214844
1763888529877,750.1515274047852,368.36363220214844
1763888529894,750.1515274047852,372.36363220214844
1763888529911,749.1515274047852,376.36363220214844
1763888529927,749.1515274047852,377.36363220214844
1763888529944,749.1515274047852,379.36363220214844
1763888529961,749.1515274047852,380.36363220214844
1763888529986,749.1515274047852,381.36363220214844
1763888530048,749.1515274047852,380.36363220214844
1763888530061,749.1515274047852,379.36363220214844
1763888530077,748.1515274047852,373.36363220214844
1763888530094,748.1515274047852,369.36363220214844
1763888530111,747.1515274047852,364.36363220214844
1763888530127,745.1515274047852,359.36363220214844
1763888530144,744.1515274047852,355.36363220214844
1763888530161,743.1515274047852,349.36363220214844
1763888530178,742.1515274047852,345.36363220214844
1763888530194,741.1515274047852,338.36363220214844
1763888530211,741.1515274047852,333.36363220214844
1763888530227,740.1515274047852,329.36363220214844
1763888530244,739.1515274047852,324.36363220214844
1763888530261,739.1515274047852,323.36363220214844
1763888530277,739.1515274047852,321.36363220214844
1763888530294,739.1515274047852,320.36363220214844
1763888530311,739.1515274047852,319.36363220214844
1763888530327,739.1515274047852,317.36363220214844
1763888530382,740.1515274047852,317.36363220214844
1763888530401,740.1515274047852,318.36363220214844
1763888530411,741.1515274047852,319.36363220214844
1763888530427,741.1515274047852,321.36363220214844
1763888530444,743.1515274047852,328.36363220214844
1763888530461,748.1515274047852,340.36363220214844
1763888530478,753.1515274047852,355.36363220214844
1763888530494,754.1515274047852,360.36363220214844
1763888530511,755.1515274047852,362.36363220214844
1763888530527,755.1515274047852,364.36363220214844
1763888530544,756.1515274047852,366.36363220214844
1763888530561,756.1515274047852,366.36363220214844
1763888530582,756.1515274047852,366.36363220214844
1763888530602,756.1515274047852,366.36363220214844
1763888530611,757.1515274047852,365.36363220214844
1763888530628,757.1515274047852,362.36363220214844
1763888530644,756.1515274047852,354.36363220214844
1763888530661,756.1515274047852,347.36363220214844
1763888530678,755.1515274047852,340.36363220214844
1763888530694,753.1515274047852,331.36363220214844
1763888530711,752.1515274047852,324.36363220214844
1763888530728,750.1515274047852,314.36363220214844
1763888530744,749.1515274047852,307.36363220214844
1763888530761,748.1515274047852,302.36363220214844
1763888530777,747.1515274047852,297.36363220214844
1763888530794,747.1515274047852,294.36363220214844
1763888530811,747.1515274047852,292.36363220214844
1763888530827,747.1515274047852,291.36363220214844
1763888530844,747.1515274047852,291.36363220214844
1763888530894,747.1515274047852,292.36363220214844
1763888530911,747.1515274047852,294.36363220214844
1763888530927,747.1515274047852,297.36363220214844
1763888530944,747.1515274047852,303.36363220214844
1763888530961,747.1515274047852,305.36363220214844
1763888530977,747.1515274047852,307.36363220214844
1763888530994,747.1515274047852,309.36363220214844
1763888531011,747.1515274047852,309.36363220214844
1763888531038,747.1515274047852,309.36363220214844
1763888531045,747.1515274047852,307.36363220214844
1763888531061,746.1515274047852,302.36363220214844
1763888531077,743.1515274047852,289.36363220214844
1763888531094,741.1515274047852,263.36363220214844
1763888531111,741.1515274047852,245.36363220214844
1763888531127,741.1515274047852,229.36363220214844
1763888531144,742.1515274047852,211.36363220214844
1763888531161,744.1515274047852,203.36363220214844
1763888531177,746.1515274047852,196.36363220214844
1763888531194,747.1515274047852,193.36363220214844
1763888531211,747.1515274047852,190.36363220214844
1763888531227,748.1515274047852,186.36363220214844
1763888531244,748.1515274047852,183.36363220214844
1763888531261,748.1515274047852,181.36363220214844
1763888531277,748.1515274047852,180.36363220214844
1763888531294,748.1515274047852,179.36363220214844
1763888531311,748.1515274047852,177.36363220214844
1763888531327,748.1515274047852,177.36363220214844
1763888531344,748.1515274047852,176.36363220214844
1763888531394,748.1515274047852,179.36363220214844
1763888531411,748.1515274047852,182.36363220214844
1763888531427,748.1515274047852,195.36363220214844
1763888531444,748.1515274047852,206.36363220214844
1763888531461,747.1515274047852,220.36363220214844
1763888531477,745.1515274047852,234.36363220214844
1763888531494,744.1515274047852,245.36363220214844
1763888531511,743.1515274047852,260.36363220214844
1763888531527,742.1515274047852,272.36363220214844
1763888531544,741.1515274047852,280.36363220214844
1763888531561,741.1515274047852,290.36363220214844
1763888531577,740.1515274047852,294.36363220214844
1763888531594,739.1515274047852,300.36363220214844
1763888531611,739.1515274047852,302.36363220214844
1763888531627,739.1515274047852,307.36363220214844
1763888531644,739.1515274047852,309.36363220214844
1763888531661,739.1515274047852,312.36363220214844
1763888531677,739.1515274047852,315.36363220214844
1763888531694,739.1515274047852,316.36363220214844
1763888531711,739.1515274047852,318.36363220214844
1763888531727,739.1515274047852,319.36363220214844
1763888531744,739.1515274047852,319.36363220214844
1763888531773,739.1515274047852,319.36363220214844
1763888531780,739.1515274047852,318.36363220214844
1763888531794,739.1515274047852,317.36363220214844
1763888531811,739.1515274047852,315.36363220214844
1763888531827,739.1515274047852,312.36363220214844
1763888531844,739.1515274047852,308.36363220214844
1763888531861,739.1515274047852,304.36363220214844
1763888531877,737.1515274047852,297.36363220214844
1763888531894,736.1515274047852,291.36363220214844
1763888531910,735.1515274047852,281.36363220214844
1763888531927,735.1515274047852,275.36363220214844
1763888531944,735.1515274047852,270.36363220214844
1763888531960,735.1515274047852,265.36363220214844
1763888531977,735.1515274047852,262.36363220214844
1763888531994,735.1515274047852,260.36363220214844
1763888532011,735.1515274047852,258.36363220214844
1763888532027,735.1515274047852,257.36363220214844
1763888532044,735.1515274047852,255.36363220214844
1763888532061,735.1515274047852,255.36363220214844
1763888532077,735.1515274047852,254.36363220214844
1763888532094,736.1515274047852,254.36363220214844
1763888532126,736.1515274047852,255.36363220214844
1763888532133,736.1515274047852,256.36363220214844
1763888532144,736.1515274047852,257.36363220214844
1763888532160,736.1515274047852,262.36363220214844
1763888532177,736.1515274047852,265.36363220214844
1763888532194,736.1515274047852,268.36363220214844
1763888532211,737.1515274047852,273.36363220214844
1763888532227,738.1515274047852,275.36363220214844
1763888532244,738.1515274047852,278.36363220214844
1763888532261,738.1515274047852,279.36363220214844
1763888532277,738.1515274047852,279.36363220214844
1763888532294,739.1515274047852,280.36363220214844
1763888532311,739.1515274047852,280.36363220214844
1763888532327,741.1515274047852,276.36363220214844
1763888532344,741.1515274047852,269.36363220214844
1763888532361,741.1515274047852,255.36363220214844
1763888532377,742.1515274047852,224.36363220214844
1763888532394,744.1515274047852,205.36363220214844
1763888532410,747.1515274047852,182.36363220214844
1763888532427,748.1515274047852,171.36363220214844
1763888532444,750.1515274047852,160.36363220214844
1763888532460,751.1515274047852,152.36363220214844
1763888532477,752.1515274047852,149.36363220214844
1763888532494,753.1515274047852,145.36363220214844
1763888532510,753.1515274047852,142.36363220214844
1763888532527,753.1515274047852,135.36363220214844
1763888532544,753.1515274047852,132.36363220214844
1763888532561,753.1515274047852,128.36363220214844
1763888532577,753.1515274047852,123.36363220214844
1763888532594,753.1515274047852,119.36363220214844
1763888532610,753.1515274047852,115.36363220214844
1763888532627,753.1515274047852,112.36363220214844
1763888532644,753.1515274047852,110.36363220214844
1763888532661,753.1515274047852,107.36363220214844
1763888532677,753.1515274047852,106.36363220214844
1763888532694,753.1515274047852,103.36363220214844
1763888532710,753.1515274047852,102.36363220214844
1763888532727,753.1515274047852,101.36363220214844
1763888534224,741.1515274047852,149.36363220214844
1763888534231,741.1515274047852,152.36363220214844
1763888534244,741.1515274047852,154.36363220214844
1763888534260,741.1515274047852,163.36363220214844
1763888534277,741.1515274047852,169.36363220214844
1763888534294,741.1515274047852,177.36363220214844
1763888534310,741.1515274047852,183.36363220214844
1763888534327,741.1515274047852,186.36363220214844
1763888534344,741.1515274047852,189.36363220214844
1763888534360,741.1515274047852,190.36363220214844
1763888534377,741.1515274047852,191.36363220214844
1763888534394,741.1515274047852,192.36363220214844
1763888534410,741.1515274047852,192.36363220214844
1763888534460,741.1515274047852,191.36363220214844
1763888534477,741.1515274047852,189.36363220214844
1763888534494,741.1515274047852,186.36363220214844
1763888534510,741.1515274047852,179.36363220214844
1763888534527,741.1515274047852,171.36363220214844
1763888534543,741.1515274047852,161.36363220214844
1763888534560,741.1515274047852,151.36363220214844
1763888534577,741.1515274047852,140.36363220214844
1763888534593,741.1515274047852,122.36363220214844
1763888534610,741.1515274047852,111.36363220214844
1763888534627,743.1515274047852,102.36363220214844
1763888534927,761.1515274047852,95.36363220214844
1763888534944,761.1515274047852,99.36363220214844
1763888534960,761.1515274047852,103.36363220214844
1763888534977,760.1515274047852,106.36363220214844
1763888534993,759.1515274047852,110.36363220214844
1763888535010,758.1515274047852,113.36363220214844
1763888535027,757.1515274047852,116.36363220214844
1763888535043,756.1515274047852,119.36363220214844
1763888535060,755.1515274047852,120.36363220214844
1763888535077,754.1515274047852,122.36363220214844
1763888535094,754.1515274047852,122.36363220214844
1763888535110,754.1515274047852,123.36363220214844
1763888535160,755.1515274047852,123.36363220214844
1763888535177,756.1515274047852,123.36363220214844
1763888535193,758.1515274047852,121.36363220214844
1763888535210,760.1515274047852,119.36363220214844
1763888535227,761.1515274047852,116.36363220214844
1763888535243,764.1515274047852,113.36363220214844
1763888535260,766.1515274047852,110.36363220214844
1763888535277,768.1515274047852,107.36363220214844
1763888535293,768.1515274047852,105.36363220214844
1763888535310,769.1515274047852,104.36363220214844
1763888535327,770.1515274047852,103.36363220214844
1763888535343,771.1515274047852,102.36363220214844
1763888535360,771.1515274047852,100.36363220214844
1763888535377,772.1515274047852,100.36363220214844
1763888535394,773.1515274047852,99.36363220214844
1763888535410,773.1515274047852,98.36363220214844
1763888535443,773.1515274047852,99.36363220214844
1763888535460,772.1515274047852,100.36363220214844
1763888535477,771.1515274047852,102.36363220214844
1763888535493,769.1515274047852,109.36363220214844
1763888535510,765.1515274047852,123.36363220214844
1763888535527,760.1515274047852,154.36363220214844
1763888535543,757.1515274047852,179.36363220214844
1763888535560,756.1515274047852,204.36363220214844
1763888535577,756.1515274047852,232.36363220214844
1763888535593,756.1515274047852,247.36363220214844
1763888535610,756.1515274047852,257.36363220214844
1763888535627,755.1515274047852,259.36363220214844
1763888535643,755.1515274047852,260.36363220214844
1763888535660,755.1515274047852,261.36363220214844
1763888535677,755.1515274047852,262.36363220214844
1763888535693,755.1515274047852,262.36363220214844
1763888535720,755.1515274047852,261.36363220214844
1763888535727,755.1515274047852,260.36363220214844
1763888535743,755.1515274047852,259.36363220214844
1763888535760,755.1515274047852,255.36363220214844
1763888535777,754.1515274047852,248.36363220214844
1763888535793,751.1515274047852,223.36363220214844
1763888535810,748.1515274047852,177.36363220214844
1763888535827,748.1515274047852,160.36363220214844
1763888535843,748.1515274047852,149.36363220214844
1763888535860,749.1515274047852,136.36363220214844
1763888535877,750.1515274047852,133.36363220214844
1763888535893,750.1515274047852,131.36363220214844
1763888535914,751.1515274047852,131.36363220214844
1763888535927,751.1515274047852,131.36363220214844
1763888535948,751.1515274047852,131.36363220214844
1763888535960,752.1515274047852,132.36363220214844
1763888535977,753.1515274047852,136.36363220214844
1763888535993,753.1515274047852,143.36363220214844
1763888536010,756.1515274047852,163.36363220214844
1763888536027,758.1515274047852,199.36363220214844
1763888536043,759.1515274047852,212.36363220214844
1763888536060,759.1515274047852,227.36363220214844
1763888536077,759.1515274047852,236.36363220214844
1763888536093,760.1515274047852,246.36363220214844
1763888536110,760.1515274047852,255.36363220214844
1763888536127,761.1515274047852,259.36363220214844
1763888536143,761.1515274047852,264.36363220214844
1763888536160,762.1515274047852,267.36363220214844
1763888536177,762.1515274047852,269.36363220214844
1763888536193,762.1515274047852,271.36363220214844
1763888536210,762.1515274047852,272.36363220214844
1763888536227,762.1515274047852,272.36363220214844
1763888536243,762.1515274047852,273.36363220214844
1763888536273,762.1515274047852,272.36363220214844
1763888536281,762.1515274047852,271.36363220214844
1763888536293,762.1515274047852,270.36363220214844
1763888536310,762.1515274047852,265.36363220214844
1763888536327,762.1515274047852,259.36363220214844
1763888536343,760.1515274047852,252.36363220214844
1763888536360,759.1515274047852,249.36363220214844
1763888536377,759.1515274047852,247.36363220214844
1763888536393,758.1515274047852,246.36363220214844
1763888536410,758.1515274047852,245.36363220214844
1763888536440,758.1515274047852,245.36363220214844
1763888536447,758.1515274047852,246.36363220214844
1763888536460,758.1515274047852,247.36363220214844
1763888536477,758.1515274047852,251.36363220214844
1763888536493,758.1515274047852,257.36363220214844
1763888536510,758.1515274047852,268.36363220214844
1763888536527,757.1515274047852,279.36363220214844
1763888536543,757.1515274047852,285.36363220214844
1763888536560,756.1515274047852,292.36363220214844
1763888536577,756.1515274047852,293.36363220214844
1763888536593,756.1515274047852,295.36363220214844
1763888536610,756.1515274047852,297.36363220214844
1763888536627,756.1515274047852,297.36363220214844
1763888536676,756.1515274047852,295.36363220214844
1763888536693,755.1515274047852,291.36363220214844
1763888536710,754.1515274047852,286.36363220214844
1763888536727,754.1515274047852,285.36363220214844
1763888536743,754.1515274047852,281.36363220214844
1763888536760,754.1515274047852,279.36363220214844
1763888536777,754.1515274047852,277.36363220214844
1763888536793,754.1515274047852,276.36363220214844
1763888536810,754.1515274047852,275.36363220214844
1763888536827,756.1515274047852,275.36363220214844
1763888536843,757.1515274047852,275.36363220214844
1763888536860,758.1515274047852,277.36363220214844
1763888536876,760.1515274047852,282.36363220214844
1763888536893,761.1515274047852,286.36363220214844
1763888536910,764.1515274047852,292.36363220214844
1763888536926,768.1515274047852,308.36363220214844
1763888536943,770.1515274047852,315.36363220214844
1763888536960,771.1515274047852,322.36363220214844
1763888536976,771.1515274047852,325.36363220214844
1763888536993,771.1515274047852,326.36363220214844
1763888537010,771.1515274047852,328.36363220214844
1763888537027,772.1515274047852,328.36363220214844
1763888537043,773.1515274047852,328.36363220214844
1763888537064,773.1515274047852,328.36363220214844
1763888537077,773.1515274047852,327.36363220214844
1763888537093,773.1515274047852,326.36363220214844
1763888537110,773.1515274047852,325.36363220214844
1763888537126,773.1515274047852,323.36363220214844
1763888537143,773.1515274047852,322.36363220214844
1763888537160,773.1515274047852,320.36363220214844
1763888537177,773.1515274047852,320.36363220214844
1763888537193,773.1515274047852,319.36363220214844
1763888537210,773.1515274047852,317.36363220214844
1763888537272,773.1515274047852,318.36363220214844
1763888537278,773.1515274047852,319.36363220214844
1763888537293,773.1515274047852,320.36363220214844
1763888537310,773.1515274047852,321.36363220214844
1763888537326,773.1515274047852,325.36363220214844
1763888537343,773.1515274047852,328.36363220214844
1763888537360,771.1515274047852,332.36363220214844
1763888537376,768.1515274047852,352.36363220214844
1763888537393,766.1515274047852,367.36363220214844
1763888537410,764.1515274047852,387.36363220214844
1763888537426,763.1515274047852,397.36363220214844
1763888537443,762.1515274047852,406.36363220214844
1763888537460,761.1515274047852,419.36363220214844
1763888537477,761.1515274047852,425.36363220214844
1763888537493,761.1515274047852,432.36363220214844
1763888537510,759.1515274047852,436.36363220214844
1763888537527,759.1515274047852,440.36363220214844
1763888537543,759.1515274047852,445.36363220214844
1763888537560,759.1515274047852,448.36363220214844
1763888537576,759.1515274047852,453.36363220214844
1763888537593,759.1515274047852,457.36363220214844
1763888537610,759.1515274047852,460.36363220214844
1763888537626,760.1515274047852,465.36363220214844
1763888537643,761.1515274047852,469.36363220214844
1763888537660,761.1515274047852,472.36363220214844
1763888537676,761.1515274047852,474.36363220214844
1763888537693,762.1515274047852,475.36363220214844
1763888537710,762.1515274047852,476.36363220214844
1763888537727,762.1515274047852,477.36363220214844
1763888537743,762.1515274047852,478.36363220214844
1763888537812,762.1515274047852,477.36363220214844
1763888537826,762.1515274047852,476.36363220214844
1763888537843,762.1515274047852,473.36363220214844
1763888537860,761.1515274047852,466.36363220214844
1763888537876,759.1515274047852,461.36363220214844
1763888537893,758.1515274047852,449.36363220214844
1763888537910,756.1515274047852,439.36363220214844
1763888537927,754.1515274047852,432.36363220214844
1763888537943,752.1515274047852,425.36363220214844
1763888537960,750.1515274047852,419.36363220214844
1763888537976,748.1515274047852,413.36363220214844
1763888537993,747.1515274047852,406.36363220214844
1763888538010,747.1515274047852,404.36363220214844
1763888538160,748.1515274047852,403.36363220214844
1763888538176,748.1515274047852,405.36363220214844
1763888538193,750.1515274047852,408.36363220214844
1763888538210,750.1515274047852,409.36363220214844
1763888538226,751.1515274047852,412.36363220214844
1763888538243,752.1515274047852,416.36363220214844
1763888538260,753.1515274047852,420.36363220214844
1763888538276,753.1515274047852,425.36363220214844
1763888538293,754.1515274047852,429.36363220214844
1763888538310,754.1515274047852,432.36363220214844
1763888538326,755.1515274047852,435.36363220214844
1763888538343,755.1515274047852,435.36363220214844
1763888538360,755.1515274047852,438.36363220214844
1763888538376,755.1515274047852,439.36363220214844
1763888538393,755.1515274047852,440.36363220214844
1763888538410,756.1515274047852,441.36363220214844
1763888538426,756.1515274047852,442.36363220214844
1763888538443,756.1515274047852,443.36363220214844
1763888538463,756.1515274047852,443.36363220214844
1763888538476,756.1515274047852,443.36363220214844
1763888538497,757.1515274047852,443.36363220214844
1763888538510,757.1515274047852,444.36363220214844
1763888538526,757.1515274047852,445.36363220214844
1763888538543,757.1515274047852,445.36363220214844
1763888538560,757.1515274047852,446.36363220214844
1763888538576,757.1515274047852,446.36363220214844
1763888538593,757.1515274047852,447.36363220214844
1763888538610,758.1515274047852,447.36363220214844
1763888538725,758.1515274047852,446.36363220214844
1763888538744,758.1515274047852,444.36363220214844
1763888538760,758.1515274047852,441.36363220214844
1763888538776,756.1515274047852,435.36363220214844
1763888538793,756.1515274047852,432.36363220214844
1763888538810,755.1515274047852,425.36363220214844
1763888538826,754.1515274047852,420.36363220214844
1763888538843,754.1515274047852,412.36363220214844
1763888538860,754.1515274047852,408.36363220214844
1763888538876,754.1515274047852,402.36363220214844
1763888538893,754.1515274047852,396.36363220214844
1763888538910,754.1515274047852,393.36363220214844
1763888538926,755.1515274047852,389.36363220214844
1763888538943,755.1515274047852,386.36363220214844
1763888538960,756.1515274047852,383.36363220214844
1763888538976,756.1515274047852,379.36363220214844
1763888538993,756.1515274047852,376.36363220214844
1763888539009,756.1515274047852,374.36363220214844
1763888539026,756.1515274047852,373.36363220214844
1763888539043,756.1515274047852,372.36363220214844
1763888539059,756.1515274047852,369.36363220214844
1763888539076,756.1515274047852,367.36363220214844
1763888539093,756.1515274047852,365.36363220214844
1763888539109,756.1515274047852,363.36363220214844
1763888539126,756.1515274047852,362.36363220214844
1763888539143,756.1515274047852,360.36363220214844
1763888539160,756.1515274047852,359.36363220214844
1763888539176,756.1515274047852,357.36363220214844
1763888539193,757.1515274047852,356.36363220214844
1763888539210,758.1515274047852,355.36363220214844
1763888539226,759.1515274047852,354.36363220214844
1763888539243,759.1515274047852,353.36363220214844
1763888539259,761.1515274047852,352.36363220214844
1763888539293,762.1515274047852,352.36363220214844
1763888539309,763.1515274047852,354.36363220214844
1763888539326,765.1515274047852,356.36363220214844
1763888539343,767.1515274047852,361.36363220214844
1763888539359,770.1515274047852,366.36363220214844
1763888539376,771.1515274047852,372.36363220214844
1763888539393,775.1515274047852,386.36363220214844
1763888540734,773.1515274047852,480.36363220214844
1763888540743,773.1515274047852,482.36363220214844
1763888540760,773.1515274047852,489.36363220214844
1763888540776,773.1515274047852,501.36363220214844
1763888540793,773.1515274047852,508.36363220214844
1763888540809,773.1515274047852,514.3636322021484
1763888540826,773.1515274047852,518.3636322021484
1763888540843,773.1515274047852,520.3636322021484
1763888540859,773.1515274047852,522.3636322021484
1763888540876,773.1515274047852,523.3636322021484
1763888540893,773.1515274047852,524.3636322021484
1763888540909,772.1515274047852,525.3636322021484
1763888540926,772.1515274047852,525.3636322021484
1763888540943,771.1515274047852,526.3636322021484
1763888540959,771.1515274047852,526.3636322021484
1763888541009,771.1515274047852,525.3636322021484
1763888541026,770.1515274047852,524.3636322021484
1763888541042,770.1515274047852,523.3636322021484
1763888541059,770.1515274047852,521.3636322021484
1763888541076,770.1515274047852,519.3636322021484
1763888541093,770.1515274047852,517.3636322021484
1763888541109,769.1515274047852,514.3636322021484
1763888541126,769.1515274047852,512.3636322021484
1763888541143,768.1515274047852,508.36363220214844
1763888541159,768.1515274047852,505.36363220214844
1763888541176,768.1515274047852,502.36363220214844
1763888541193,768.1515274047852,499.36363220214844
1763888541209,768.1515274047852,497.36363220214844
1763888541226,767.1515274047852,495.36363220214844
1763888541243,767.1515274047852,493.36363220214844
1763888541259,767.1515274047852,492.36363220214844
1763888541276,767.1515274047852,491.36363220214844
1763888541293,767.1515274047852,490.36363220214844
1763888541315,766.1515274047852,490.36363220214844
1763888541335,765.1515274047852,490.36363220214844
1763888541349,765.1515274047852,491.36363220214844
1763888541359,765.1515274047852,491.36363220214844
1763888541376,764.1515274047852,493.36363220214844
1763888541392,764.1515274047852,497.36363220214844
1763888541409,763.1515274047852,499.36363220214844
1763888541426,763.1515274047852,502.36363220214844
1763888541442,763.1515274047852,504.36363220214844
1763888541459,763.1515274047852,506.36363220214844
1763888541476,763.1515274047852,508.36363220214844
1763888541493,763.1515274047852,509.36363220214844
1763888541509,762.1515274047852,511.36363220214844
1763888541526,762.1515274047852,513.3636322021484
1763888541543,762.1515274047852,514.3636322021484
1763888541559,762.1515274047852,515.3636322021484
1763888541576,762.1515274047852,517.3636322021484
1763888541593,762.1515274047852,518.3636322021484
1763888541609,762.1515274047852,519.3636322021484
1763888541627,762.1515274047852,519.3636322021484
1763888541676,763.1515274047852,517.3636322021484
1763888541693,764.1515274047852,517.3636322021484
1763888541709,765.1515274047852,515.3636322021484
1763888541726,766.1515274047852,512.3636322021484
1763888541742,767.1515274047852,511.36363220214844
1763888541759,768.1515274047852,509.36363220214844
1763888541776,768.1515274047852,509.36363220214844
1763888541792,768.1515274047852,508.36363220214844
1763888541809,768.1515274047852,508.36363220214844
1763888541859,768.1515274047852,509.36363220214844
1763888541876,768.1515274047852,510.36363220214844
1763888541893,767.1515274047852,512.3636322021484
1763888541909,766.1515274047852,513.3636322021484
1763888541926,765.1515274047852,515.3636322021484
1763888541943,764.1515274047852,517.3636322021484
1763888541959,762.1515274047852,520.3636322021484
1763888541976,761.1515274047852,521.3636322021484
1763888541993,760.1515274047852,522.3636322021484
1763888542009,759.1515274047852,525.3636322021484
1763888542026,758.1515274047852,525.3636322021484
1763888542042,756.1515274047852,527.3636322021484
1763888542059,756.1515274047852,528.3636322021484
1763888542076,755.1515274047852,529.3636322021484
1763888542209,757.1515274047852,530.3636322021484
1763888542226,757.1515274047852,529.3636322021484
1763888542243,758.1515274047852,529.3636322021484
1763888542259,759.1515274047852,528.3636322021484
1763888542276,760.1515274047852,526.3636322021484
1763888542292,761.1515274047852,526.3636322021484
1763888542309,762.1515274047852,526.3636322021484
1763888542326,764.1515274047852,525.3636322021484
1763888542342,765.1515274047852,523.3636322021484
1763888542359,766.1515274047852,523.3636322021484
1763888542376,768.1515274047852,522.3636322021484
1763888542392,769.1515274047852,521.3636322021484
1763888542409,771.1515274047852,519.3636322021484
1763888542426,771.1515274047852,517.3636322021484
1763888542443,772.1515274047852,516.3636322021484
1763888542459,774.1515274047852,511.36363220214844
1763888542476,775.1515274047852,508.36363220214844
1763888542492,777.1515274047852,503.36363220214844
1763888542509,778.1515274047852,499.36363220214844
1763888542526,778.1515274047852,494.36363220214844
1763888542892,776.1515274047852,489.36363220214844
1763888542909,775.1515274047852,488.36363220214844
1763888542926,774.1515274047852,486.36363220214844
1763888542942,774.1515274047852,485.36363220214844
1763888542959,774.1515274047852,484.36363220214844
1763888542976,774.1515274047852,483.36363220214844
1763888544017,796.1515274047852,462.36363220214844
1763888544025,796.1515274047852,464.36363220214844
1763888544042,797.1515274047852,469.36363220214844
1763888544059,798.1515274047852,475.36363220214844
1763888544076,798.1515274047852,479.36363220214844
1763888544092,798.1515274047852,481.36363220214844
1763888544109,798.1515274047852,485.36363220214844
1763888544125,798.1515274047852,488.36363220214844
1763888544142,798.1515274047852,489.36363220214844
1763888544159,798.1515274047852,491.36363220214844
1763888544175,798.1515274047852,492.36363220214844
1763888544192,798.1515274047852,494.36363220214844
1763888544209,798.1515274047852,495.36363220214844
1763888544225,798.1515274047852,496.36363220214844
1763888544242,798.1515274047852,497.36363220214844
1763888544259,797.1515274047852,497.36363220214844
1763888544275,797.1515274047852,499.36363220214844
1763888544292,797.1515274047852,499.36363220214844
1763888544309,797.1515274047852,500.36363220214844
1763888544326,797.1515274047852,501.36363220214844
1763888544342,797.1515274047852,503.36363220214844
1763888544359,797.1515274047852,504.36363220214844
1763888544375,797.1515274047852,506.36363220214844
1763888544392,797.1515274047852,509.36363220214844
1763888544409,797.1515274047852,510.36363220214844
1763888544425,797.1515274047852,512.3636322021484
1763888544442,797.1515274047852,514.3636322021484
1763888544459,797.1515274047852,514.3636322021484
1763888544480,797.1515274047852,515.3636322021484
1763888544494,797.1515274047852,515.3636322021484
1763888544521,797.1515274047852,516.3636322021484
1763888544535,796.1515274047852,516.3636322021484
1763888544576,796.1515274047852,516.3636322021484
1763888544592,794.1515274047852,516.3636322021484
1763888544609,794.1515274047852,515.3636322021484
1763888544626,794.1515274047852,514.3636322021484
1763888544642,794.1515274047852,513.3636322021484
1763888544659,793.1515274047852,511.36363220214844
1763888544675,793.1515274047852,509.36363220214844
1763888544692,793.1515274047852,508.36363220214844
1763888544709,791.1515274047852,506.36363220214844
1763888544725,791.1515274047852,505.36363220214844
1763888544742,791.1515274047852,503.36363220214844
1763888544759,791.1515274047852,501.36363220214844
1763888544775,791.1515274047852,499.36363220214844
1763888544792,791.1515274047852,498.36363220214844
1763888544809,791.1515274047852,497.36363220214844
1763888544825,791.1515274047852,497.36363220214844
1763888544842,791.1515274047852,495.36363220214844
1763888544861,791.1515274047852,494.36363220214844
1763888544875,791.1515274047852,494.36363220214844
1763888544902,791.1515274047852,493.36363220214844
1763888544916,791.1515274047852,492.36363220214844
1763888544978,791.1515274047852,493.36363220214844
1763888544992,791.1515274047852,494.36363220214844
1763888545009,791.1515274047852,495.36363220214844
1763888545025,791.1515274047852,497.36363220214844
1763888545042,791.1515274047852,499.36363220214844
1763888545059,791.1515274047852,500.36363220214844
1763888545075,791.1515274047852,504.36363220214844
1763888545092,791.1515274047852,506.36363220214844
1763888545109,791.1515274047852,509.36363220214844
1763888545125,791.1515274047852,514.3636322021484
1763888545142,791.1515274047852,517.3636322021484
1763888545159,791.1515274047852,520.3636322021484
1763888545175,791.1515274047852,521.3636322021484
1763888545192,791.1515274047852,523.3636322021484
1763888545209,791.1515274047852,525.3636322021484
1763888545226,791.1515274047852,525.3636322021484
1763888545242,791.1515274047852,526.3636322021484
1763888545259,791.1515274047852,528.3636322021484
1763888545276,791.1515274047852,528.3636322021484
1763888545292,792.1515274047852,528.3636322021484
1763888545309,793.1515274047852,529.3636322021484
1763888545339,793.1515274047852,529.3636322021484
1763888545380,794.1515274047852,529.3636322021484
1763888545401,794.1515274047852,529.3636322021484
1763888545415,795.1515274047852,529.3636322021484
1763888545425,796.1515274047852,529.3636322021484
1763888545442,796.1515274047852,529.3636322021484
1763888545463,797.1515274047852,529.3636322021484
1763888545475,798.1515274047852,529.3636322021484
1763888545492,799.1515274047852,529.3636322021484
1763888545509,799.1515274047852,529.3636322021484
1763888545525,801.1515274047852,529.3636322021484
1763888545542,801.1515274047852,529.3636322021484
1763888545559,802.1515274047852,529.3636322021484
1763888545575,803.1515274047852,528.3636322021484
1763888545592,804.1515274047852,528.3636322021484
1763888545615,804.1515274047852,527.3636322021484
1763888545630,805.1515274047852,526.3636322021484
1763888545657,805.1515274047852,526.3636322021484
1763888545671,806.1515274047852,526.3636322021484
1763888545691,807.1515274047852,525.3636322021484
1763888545713,807.1515274047852,525.3636322021484
1763888545759,808.1515274047852,525.3636322021484
1763888545775,808.1515274047852,525.3636322021484
1763888545792,810.1515274047852,525.3636322021484
1763888545809,810.1515274047852,525.3636322021484
1763888545825,811.1515274047852,525.3636322021484
1763888545842,811.1515274047852,525.3636322021484
1763888545859,812.1515274047852,525.3636322021484
1763888546025,811.1515274047852,522.3636322021484
1763888546059,809.1515274047852,520.3636322021484
1763888546075,808.1515274047852,519.3636322021484
1763888546092,807.1515274047852,519.3636322021484
1763888546109,805.1515274047852,518.3636322021484
1763888546125,804.1515274047852,517.3636322021484
1763888546142,802.1515274047852,516.3636322021484
1763888546159,802.1515274047852,515.3636322021484
1763888546175,801.1515274047852,515.3636322021484
1763888546192,800.1515274047852,514.3636322021484
1763888546209,799.1515274047852,514.3636322021484
1763888546225,798.1515274047852,514.3636322021484
1763888546242,798.1515274047852,514.3636322021484
1763888546259,797.1515274047852,514.3636322021484
1763888546315,797.1515274047852,514.3636322021484
1763888546336,798.1515274047852,514.3636322021484
1763888546356,798.1515274047852,513.3636322021484
1763888546363,799.1515274047852,513.3636322021484
1763888546375,799.1515274047852,512.3636322021484
1763888546392,801.1515274047852,511.36363220214844
1763888546409,801.1515274047852,509.36363220214844
1763888546425,802.1515274047852,506.36363220214844
1763888546459,804.1515274047852,490.36363220214844
1763888546475,806.1515274047852,475.36363220214844
1763888546492,806.1515274047852,465.36363220214844
1763888546509,807.1515274047852,455.36363220214844
1763888546525,807.1515274047852,442.36363220214844
1763888546542,808.1515274047852,436.36363220214844
1763888546558,808.1515274047852,429.36363220214844
1763888546575,808.1515274047852,426.36363220214844
1763888546592,809.1515274047852,422.36363220214844
1763888546608,810.1515274047852,419.36363220214844
1763888546625,810.1515274047852,416.36363220214844
1763888546642,811.1515274047852,412.36363220214844
1763888546659,811.1515274047852,411.36363220214844
1763888546675,811.1515274047852,406.36363220214844
1763888546692,812.1515274047852,403.36363220214844
1763888546709,812.1515274047852,400.36363220214844
1763888546725,812.1515274047852,398.36363220214844
1763888546742,812.1515274047852,397.36363220214844
1763888546758,812.1515274047852,395.36363220214844
1763888546775,813.1515274047852,394.36363220214844
1763888546792,813.1515274047852,393.36363220214844
1763888546821,813.1515274047852,394.36363220214844
1763888546834,813.1515274047852,394.36363220214844
1763888546842,813.1515274047852,395.36363220214844
1763888546858,813.1515274047852,396.36363220214844
1763888546875,813.1515274047852,397.36363220214844
1763888546892,813.1515274047852,401.36363220214844
1763888546908,813.1515274047852,404.36363220214844
1763888546925,813.1515274047852,409.36363220214844
1763888546942,811.1515274047852,415.36363220214844
1763888546958,811.1515274047852,420.36363220214844
1763888546975,809.1515274047852,433.36363220214844
1763888546992,808.1515274047852,438.36363220214844
1763888547008,807.1515274047852,444.36363220214844
1763888547025,807.1515274047852,446.36363220214844
1763888547042,806.1515274047852,451.36363220214844
1763888547058,806.1515274047852,452.36363220214844
1763888547075,805.1515274047852,455.36363220214844
1763888547092,805.1515274047852,457.36363220214844
1763888547108,804.1515274047852,459.36363220214844
1763888547125,804.1515274047852,462.36363220214844
1763888547142,803.1515274047852,463.36363220214844
1763888547159,803.1515274047852,464.36363220214844
1763888547175,802.1515274047852,467.36363220214844
1763888547192,802.1515274047852,468.36363220214844
1763888547208,801.1515274047852,469.36363220214844
1763888547225,801.1515274047852,471.36363220214844
1763888547242,801.1515274047852,471.36363220214844
1763888547258,801.1515274047852,472.36363220214844
1763888547275,801.1515274047852,472.36363220214844
1763888547326,801.1515274047852,472.36363220214844
1763888547342,801.1515274047852,470.36363220214844
1763888547359,801.1515274047852,468.36363220214844
1763888547375,802.1515274047852,461.36363220214844
1763888547392,802.1515274047852,454.36363220214844
1763888547408,803.1515274047852,446.36363220214844
1763888547425,805.1515274047852,432.36363220214844
1763888547442,806.1515274047852,423.36363220214844
1763888547458,807.1515274047852,408.36363220214844
1763888547475,807.1515274047852,400.36363220214844
1763888547492,807.1515274047852,394.36363220214844
1763888547508,807.1515274047852,386.36363220214844
1763888547525,807.1515274047852,383.36363220214844
1763888547542,807.1515274047852,380.36363220214844
1763888547558,807.1515274047852,379.36363220214844
1763888547575,806.1515274047852,378.36363220214844
1763888547592,805.1515274047852,375.36363220214844
1763888547608,804.1515274047852,375.36363220214844
1763888547625,803.1515274047852,375.36363220214844
1763888547642,802.1515274047852,375.36363220214844
1763888547658,800.1515274047852,375.36363220214844
1763888547675,799.1515274047852,377.36363220214844
1763888547692,799.1515274047852,379.36363220214844
1763888547708,799.1515274047852,382.36363220214844
1763888547725,799.1515274047852,385.36363220214844
1763888547742,799.1515274047852,393.36363220214844
1763888547758,799.1515274047852,406.36363220214844
1763888547775,799.1515274047852,415.36363220214844
1763888547792,798.1515274047852,423.36363220214844
1763888547808,798.1515274047852,428.36363220214844
1763888547825,798.1515274047852,432.36363220214844
1763888547842,797.1515274047852,435.36363220214844
1763888547858,796.1515274047852,436.36363220214844
1763888547875,796.1515274047852,437.36363220214844
1763888547892,795.1515274047852,438.36363220214844
1763888547914,794.1515274047852,438.36363220214844
1763888547925,794.1515274047852,437.36363220214844
1763888547942,794.1515274047852,436.36363220214844
1763888547958,793.1515274047852,431.36363220214844
1763888547975,791.1515274047852,424.36363220214844
1763888547992,789.1515274047852,409.36363220214844
1763888548192,790.1515274047852,373.36363220214844
1763888548208,790.1515274047852,376.36363220214844
1763888548225,791.1515274047852,379.36363220214844
1763888548242,793.1515274047852,387.36363220214844
1763888548258,794.1515274047852,394.36363220214844
1763888548275,794.1515274047852,403.36363220214844
1763888548292,795.1515274047852,408.36363220214844
1763888548308,795.1515274047852,415.36363220214844
1763888548325,795.1515274047852,424.36363220214844
1763888548342,795.1515274047852,431.36363220214844
1763888548358,796.1515274047852,440.36363220214844
1763888548375,796.1515274047852,444.36363220214844
1763888548392,796.1515274047852,448.36363220214844
1763888548408,796.1515274047852,451.36363220214844
1763888548425,796.1515274047852,452.36363220214844
1763888548442,796.1515274047852,454.36363220214844
1763888548458,796.1515274047852,455.36363220214844
1763888548475,796.1515274047852,456.36363220214844
1763888548491,796.1515274047852,457.36363220214844
1763888548508,796.1515274047852,457.36363220214844
1763888548525,797.1515274047852,457.36363220214844
1763888548575,798.1515274047852,457.36363220214844
1763888548592,798.1515274047852,455.36363220214844
1763888548608,799.1515274047852,451.36363220214844
1763888548625,799.1515274047852,449.36363220214844
1763888548641,799.1515274047852,444.36363220214844
1763888548658,799.1515274047852,443.36363220214844
1763888548675,799.1515274047852,442.36363220214844
1763888548692,799.1515274047852,440.36363220214844
1763888548724,799.1515274047852,441.36363220214844
1763888548741,799.1515274047852,442.36363220214844
1763888548758,799.1515274047852,445.36363220214844
1763888548775,799.1515274047852,459.36363220214844
1763888548792,798.1515274047852,475.36363220214844
1763888548808,797.1515274047852,492.36363220214844
1763888548825,796.1515274047852,495.36363220214844
1763888548842,796.1515274047852,498.36363220214844
1763888548858,796.1515274047852,500.36363220214844
1763888548875,796.1515274047852,500.36363220214844
1763888548891,795.1515274047852,500.36363220214844
1763888548908,795.1515274047852,500.36363220214844
1763888548925,795.1515274047852,498.36363220214844
1763888548941,795.1515274047852,494.36363220214844
1763888548958,796.1515274047852,488.36363220214844
1763888548975,797.1515274047852,469.36363220214844
1763888548991,797.1515274047852,449.36363220214844
1763888549008,799.1515274047852,429.36363220214844
1763888549025,801.1515274047852,400.36363220214844
1763888549041,802.1515274047852,383.36363220214844
1763888549058,804.1515274047852,368.36363220214844
1763888549075,805.1515274047852,360.36363220214844
1763888549092,807.1515274047852,349.36363220214844
1763888549108,809.1515274047852,337.36363220214844
1763888549125,811.1515274047852,325.36363220214844
1763888549142,815.1515274047852,309.36363220214844
1763888549158,816.1515274047852,304.36363220214844
1763888549175,816.1515274047852,301.36363220214844
1763888549191,817.1515274047852,299.36363220214844
1763888549208,818.1515274047852,299.36363220214844
1763888549225,818.1515274047852,299.36363220214844
1763888549241,819.1515274047852,299.36363220214844
1763888549258,819.1515274047852,303.36363220214844
1763888549275,821.1515274047852,308.36363220214844
1763888549292,821.1515274047852,314.36363220214844
1763888549308,821.1515274047852,329.36363220214844
1763888549325,822.1515274047852,341.36363220214844
1763888549575,823.1515274047852,339.36363220214844
1763888549591,823.1515274047852,329.36363220214844
1763888549608,823.1515274047852,326.36363220214844
1763888549625,823.1515274047852,324.36363220214844
1763888549641,823.1515274047852,322.36363220214844
1763888549658,823.1515274047852,322.36363220214844
1763888549708,823.1515274047852,325.36363220214844
1763888549725,822.1515274047852,329.36363220214844
1763888549741,820.1515274047852,337.36363220214844
1763888549758,814.1515274047852,355.36363220214844
1763888549775,811.1515274047852,369.36363220214844
1763888549791,805.1515274047852,386.36363220214844
1763888549808,804.1515274047852,397.36363220214844
1763888549825,802.1515274047852,405.36363220214844
1763888549841,801.1515274047852,412.36363220214844
1763888549858,801.1515274047852,414.36363220214844
1763888549875,801.1515274047852,415.36363220214844
1763888549891,801.1515274047852,415.36363220214844
1763888549922,801.1515274047852,415.36363220214844
1763888549929,801.1515274047852,414.36363220214844
1763888549941,801.1515274047852,413.36363220214844
1763888549958,801.1515274047852,408.36363220214844
1763888549975,802.1515274047852,403.36363220214844
1763888549991,802.1515274047852,399.36363220214844
1763888550008,804.1515274047852,389.36363220214844
1763888550025,805.1515274047852,377.36363220214844
1763888550041,807.1515274047852,352.36363220214844
1763888550058,808.1515274047852,340.36363220214844
1763888550075,809.1515274047852,331.36363220214844
1763888550091,810.1515274047852,318.36363220214844
1763888550108,810.1515274047852,312.36363220214844
1763888550125,811.1515274047852,310.36363220214844
1763888550141,811.1515274047852,308.36363220214844
1763888550158,812.1515274047852,308.36363220214844
1763888550179,813.1515274047852,309.36363220214844
1763888550191,813.1515274047852,309.36363220214844
1763888550208,813.1515274047852,312.36363220214844
1763888550225,814.1515274047852,317.36363220214844
1763888550241,814.1515274047852,332.36363220214844
1763888550258,814.1515274047852,346.36363220214844
1763888550275,814.1515274047852,355.36363220214844
1763888550291,813.1515274047852,368.36363220214844
1763888550308,813.1515274047852,373.36363220214844
1763888550325,812.1515274047852,382.36363220214844
1763888550341,812.1515274047852,389.36363220214844
1763888550358,811.1515274047852,394.36363220214844
1763888550375,810.1515274047852,399.36363220214844
1763888550391,810.1515274047852,401.36363220214844
1763888550408,809.1515274047852,402.36363220214844
1763888550425,809.1515274047852,403.36363220214844
1763888550441,809.1515274047852,403.36363220214844
1763888550458,809.1515274047852,402.36363220214844
1763888550475,809.1515274047852,400.36363220214844
1763888550491,809.1515274047852,392.36363220214844
1763888550508,809.1515274047852,384.36363220214844
1763888550525,810.1515274047852,369.36363220214844
1763888550541,815.1515274047852,325.36363220214844
1763888550558,819.1515274047852,303.36363220214844
1763888550574,823.1515274047852,280.36363220214844
1763888550591,824.1515274047852,269.36363220214844
1763888550608,825.1515274047852,256.36363220214844
1763888550625,825.1515274047852,251.36363220214844
1763888550641,825.1515274047852,249.36363220214844
1763888550658,825.1515274047852,247.36363220214844
1763888550675,824.1515274047852,246.36363220214844
1763888550691,824.1515274047852,246.36363220214844
1763888550708,824.1515274047852,246.36363220214844
1763888550725,822.1515274047852,248.36363220214844
1763888550741,819.1515274047852,256.36363220214844
1763888550758,819.1515274047852,263.36363220214844
1763888550774,818.1515274047852,291.36363220214844
1763888550791,817.1515274047852,315.36363220214844
1763888550808,816.1515274047852,337.36363220214844
1763888550824,815.1515274047852,362.36363220214844
1763888550841,815.1515274047852,377.36363220214844
1763888550858,817.1515274047852,394.36363220214844
1763888550875,817.1515274047852,399.36363220214844
1763888550891,817.1515274047852,401.36363220214844
1763888550908,817.1515274047852,403.36363220214844
1763888550962,817.1515274047852,403.36363220214844
1763888550975,817.1515274047852,402.36363220214844
1763888550991,816.1515274047852,397.36363220214844
1763888551008,816.1515274047852,392.36363220214844
1763888551024,813.1515274047852,379.36363220214844
1763888551041,810.1515274047852,364.36363220214844
1763888551058,805.1515274047852,329.36363220214844
1763888551074,805.1515274047852,309.36363220214844
1763888551091,805.1515274047852,293.36363220214844
1763888551108,805.1515274047852,282.36363220214844
1763888551125,805.1515274047852,277.36363220214844
1763888551141,805.1515274047852,272.36363220214844
1763888551158,805.1515274047852,266.36363220214844
1763888551175,805.1515274047852,263.36363220214844
1763888551191,804.1515274047852,262.36363220214844
1763888551211,804.1515274047852,262.36363220214844
1763888551224,803.1515274047852,262.36363220214844
1763888551241,802.1515274047852,262.36363220214844
1763888551258,802.1515274047852,263.36363220214844
1763888551274,802.1515274047852,268.36363220214844
1763888551291,802.1515274047852,280.36363220214844
1763888551308,805.1515274047852,322.36363220214844
1763888551324,806.1515274047852,365.36363220214844
1763888551341,805.1515274047852,377.36363220214844
1763888551358,803.1515274047852,391.36363220214844
1763888551375,803.1515274047852,398.36363220214844
1763888551391,802.1515274047852,406.36363220214844
1763888551408,802.1515274047852,409.36363220214844
1763888551424,802.1515274047852,411.36363220214844
1763888551441,802.1515274047852,412.36363220214844
1763888551491,802.1515274047852,412.36363220214844
1763888551508,802.1515274047852,409.36363220214844
1763888551524,802.1515274047852,403.36363220214844
1763888551541,801.1515274047852,398.36363220214844
1763888551558,798.1515274047852,390.36363220214844
1763888551575,797.1515274047852,385.36363220214844
1763888551591,794.1515274047852,375.36363220214844
1763888551674,779.1515274047852,300.36363220214844
1763888551691,779.1515274047852,298.36363220214844
1763888551708,779.1515274047852,297.36363220214844
1763888551724,779.1515274047852,295.36363220214844
1763888551774,779.1515274047852,296.36363220214844
1763888551791,780.1515274047852,297.36363220214844
1763888551808,781.1515274047852,303.36363220214844
1763888551841,788.1515274047852,334.36363220214844
1763888551858,793.1515274047852,348.36363220214844
1763888551874,795.1515274047852,357.36363220214844
1763888551891,800.1515274047852,371.36363220214844
1763888551908,802.1515274047852,377.36363220214844
1763888551924,804.1515274047852,386.36363220214844
1763888551941,805.1515274047852,388.36363220214844
1763888551958,805.1515274047852,389.36363220214844
1763888551974,805.1515274047852,391.36363220214844
1763888552007,805.1515274047852,391.36363220214844
1763888552024,805.1515274047852,389.36363220214844
1763888552041,805.1515274047852,385.36363220214844
1763888552058,804.1515274047852,365.36363220214844
1763888552075,801.1515274047852,343.36363220214844
1763888552091,799.1515274047852,295.36363220214844
1763888552108,799.1515274047852,270.36363220214844
1763888552124,799.1515274047852,246.36363220214844
1763888552141,799.1515274047852,237.36363220214844
1763888552158,799.1515274047852,230.36363220214844
1763888552175,800.1515274047852,225.36363220214844
1763888552191,801.1515274047852,223.36363220214844
1763888552208,801.1515274047852,221.36363220214844
1763888552229,801.1515274047852,220.36363220214844
1763888552241,802.1515274047852,220.36363220214844
1763888552258,802.1515274047852,219.36363220214844
1763888552308,803.1515274047852,219.36363220214844
1763888552324,804.1515274047852,219.36363220214844
1763888552341,804.1515274047852,222.36363220214844
1763888552358,804.1515274047852,225.36363220214844
1763888552374,804.1515274047852,237.36363220214844
1763888552391,806.1515274047852,280.36363220214844
1763888552408,809.1515274047852,324.36363220214844
1763888552424,811.1515274047852,372.36363220214844
1763888552441,811.1515274047852,386.36363220214844
1763888552458,811.1515274047852,397.36363220214844
1763888552474,811.1515274047852,400.36363220214844
1763888552491,811.1515274047852,401.36363220214844
1763888552508,811.1515274047852,402.36363220214844
1763888552540,811.1515274047852,400.36363220214844
1763888552558,811.1515274047852,395.36363220214844
1763888552574,809.1515274047852,385.36363220214844
1763888552591,804.1515274047852,356.36363220214844
1763888552608,799.1515274047852,321.36363220214844
1763888552624,794.1515274047852,268.36363220214844
1763888552641,793.1515274047852,239.36363220214844
1763888552658,791.1515274047852,222.36363220214844
1763888552674,791.1515274047852,205.36363220214844
1763888552691,790.1515274047852,199.36363220214844
1763888552708,790.1515274047852,194.36363220214844
1763888552724,790.1515274047852,192.36363220214844
1763888552741,789.1515274047852,190.36363220214844
1763888552758,789.1515274047852,189.36363220214844
1763888552774,789.1515274047852,188.36363220214844
1763888552831,789.1515274047852,189.36363220214844
1763888552841,789.1515274047852,189.36363220214844
1763888552858,789.1515274047852,191.36363220214844
1763888552874,787.1515274047852,204.36363220214844
1763888552891,785.1515274047852,219.36363220214844
1763888552908,784.1515274047852,228.36363220214844
1763888552924,783.1515274047852,230.36363220214844
1763888552941,783.1515274047852,233.36363220214844
1763888552958,785.1515274047852,238.36363220214844
1763888552974,788.1515274047852,242.36363220214844
1763888552991,793.1515274047852,251.36363220214844
1763888553007,794.1515274047852,255.36363220214844
1763888553024,795.1515274047852,260.36363220214844
1763888553041,797.1515274047852,264.36363220214844
1763888553058,798.1515274047852,268.36363220214844
1763888553074,799.1515274047852,270.36363220214844
1763888553091,799.1515274047852,271.36363220214844
1763888553108,799.1515274047852,272.36363220214844
1763888553124,799.1515274047852,273.36363220214844
1763888553141,799.1515274047852,272.36363220214844
1763888553158,797.1515274047852,262.36363220214844
1763888553174,794.1515274047852,250.36363220214844
1763888553191,791.1515274047852,237.36363220214844
1763888553207,787.1515274047852,208.36363220214844
1763888553224,786.1515274047852,193.36363220214844
1763888553241,785.1515274047852,183.36363220214844
1763888553257,785.1515274047852,181.36363220214844
1763888553274,785.1515274047852,180.36363220214844
1763888553291,785.1515274047852,179.36363220214844
1763888553308,785.1515274047852,179.36363220214844
1763888553350,785.1515274047852,179.36363220214844
1763888553761,785.1515274047852,186.36363220214844
1763888553774,782.1515274047852,204.36363220214844
1763888553791,782.1515274047852,227.36363220214844
1763888553807,782.1515274047852,243.36363220214844
1763888553824,782.1515274047852,256.36363220214844
1763888553841,782.1515274047852,260.36363220214844
1763888553857,782.1515274047852,263.36363220214844
1763888553874,782.1515274047852,265.36363220214844
1763888553891,782.1515274047852,266.36363220214844
1763888553907,782.1515274047852,266.36363220214844
1763888553924,782.1515274047852,267.36363220214844
1763888553953,782.1515274047852,267.36363220214844
1763888553967,781.1515274047852,266.36363220214844
1763888553974,781.1515274047852,266.36363220214844
1763888553991,781.1515274047852,262.36363220214844
1763888554008,777.1515274047852,252.36363220214844
1763888554024,771.1515274047852,225.36363220214844
1763888554041,766.1515274047852,197.36363220214844
1763888554057,763.1515274047852,159.36363220214844
1763888554074,762.1515274047852,142.36363220214844
1763888554091,760.1515274047852,129.36363220214844
1763888554107,760.1515274047852,119.36363220214844
1763888554124,759.1515274047852,116.36363220214844
1763888554141,759.1515274047852,114.36363220214844
1763888554157,759.1515274047852,113.36363220214844
1763888554207,760.1515274047852,115.36363220214844
1763888554224,761.1515274047852,122.36363220214844
1763888554241,764.1515274047852,142.36363220214844
1763888554257,766.1515274047852,162.36363220214844
1763888554274,769.1515274047852,202.36363220214844
1763888554291,770.1515274047852,231.36363220214844
1763888554307,774.1515274047852,267.36363220214844
1763888554324,776.1515274047852,289.36363220214844
1763888554341,778.1515274047852,305.36363220214844
1763888554357,778.1515274047852,308.36363220214844
1763888554374,778.1515274047852,309.36363220214844
1763888554391,778.1515274047852,309.36363220214844
1763888554441,778.1515274047852,308.36363220214844
1763888554457,778.1515274047852,306.36363220214844
1763888554474,778.1515274047852,301.36363220214844
1763888554491,778.1515274047852,294.36363220214844
1763888554507,778.1515274047852,273.36363220214844
1763888554524,776.1515274047852,251.36363220214844
1763888554541,776.1515274047852,223.36363220214844
1763888554557,776.1515274047852,183.36363220214844
1763888554574,776.1515274047852,162.36363220214844
1763888554591,778.1515274047852,140.36363220214844
1763888554607,778.1515274047852,137.36363220214844
1763888554624,778.1515274047852,134.36363220214844
1763888554641,778.1515274047852,133.36363220214844
1763888554659,779.1515274047852,133.36363220214844
1763888554674,779.1515274047852,134.36363220214844
1763888554691,779.1515274047852,135.36363220214844
1763888554707,780.1515274047852,139.36363220214844
1763888554724,783.1515274047852,165.36363220214844
1763888554741,793.1515274047852,208.36363220214844
1763888554757,805.1515274047852,255.36363220214844
1763888554774,809.1515274047852,271.36363220214844
1763888554791,811.1515274047852,283.36363220214844
1763888554807,811.1515274047852,289.36363220214844
1763888554824,811.1515274047852,291.36363220214844
1763888554841,811.1515274047852,292.36363220214844
1763888554891,813.1515274047852,291.36363220214844
1763888554907,813.1515274047852,286.36363220214844
1763888554924,812.1515274047852,267.36363220214844
1763888554941,810.1515274047852,250.36363220214844
1763888554957,808.1515274047852,216.36363220214844
1763888554974,807.1515274047852,178.36363220214844
1763888554991,806.1515274047852,162.36363220214844
1763888555007,806.1515274047852,144.36363220214844
1763888555024,806.1515274047852,139.36363220214844
1763888555041,806.1515274047852,137.36363220214844
1763888555057,806.1515274047852,137.36363220214844
1763888555074,806.1515274047852,136.36363220214844
1763888555091,806.1515274047852,135.36363220214844
1763888555124,807.1515274047852,135.36363220214844
1763888555141,807.1515274047852,137.36363220214844
1763888555157,807.1515274047852,139.36363220214844
1763888555174,810.1515274047852,151.36363220214844
1763888555191,818.1515274047852,193.36363220214844
1763888555207,830.1515274047852,257.36363220214844
1763888555224,831.1515274047852,272.36363220214844
1763888555241,831.1515274047852,276.36363220214844
1763888555357,831.1515274047852,275.36363220214844
1763888555374,831.1515274047852,268.36363220214844
1763888555391,829.1515274047852,256.36363220214844
1763888555407,825.1515274047852,235.36363220214844
1763888555424,822.1515274047852,219.36363220214844
1763888555441,821.1515274047852,206.36363220214844
1763888555457,818.1515274047852,190.36363220214844
1763888555474,818.1515274047852,187.36363220214844
1763888555490,818.1515274047852,185.36363220214844
1763888555507,818.1515274047852,185.36363220214844
1763888555532,818.1515274047852,185.36363220214844
1763888555541,818.1515274047852,186.36363220214844
1763888555557,818.1515274047852,189.36363220214844
1763888555574,818.1515274047852,201.36363220214844
1763888555590,818.1515274047852,215.36363220214844
1763888555607,818.1515274047852,226.36363220214844
1763888555624,816.1515274047852,235.36363220214844
1763888555640,816.1515274047852,238.36363220214844
1763888555657,816.1515274047852,241.36363220214844
1763888555674,816.1515274047852,242.36363220214844
1763888555691,816.1515274047852,242.36363220214844
1763888555707,816.1515274047852,243.36363220214844
1763888556191,816.1515274047852,250.36363220214844
1763888556207,814.1515274047852,272.36363220214844
1763888556224,811.1515274047852,299.36363220214844
1763888556240,810.1515274047852,312.36363220214844
1763888556257,810.1515274047852,322.36363220214844
1763888556274,809.1515274047852,330.36363220214844
1763888556290,809.1515274047852,334.36363220214844
1763888556307,809.1515274047852,337.36363220214844
1763888556324,809.1515274047852,339.36363220214844
1763888556341,809.1515274047852,340.36363220214844
1763888556357,809.1515274047852,343.36363220214844
1763888556374,809.1515274047852,346.36363220214844
1763888556391,809.1515274047852,348.36363220214844
1763888556407,809.1515274047852,349.36363220214844
1763888556424,808.1515274047852,350.36363220214844
1763888556440,808.1515274047852,350.36363220214844
1763888556457,807.1515274047852,349.36363220214844
1763888556474,806.1515274047852,342.36363220214844
1763888556490,804.1515274047852,329.36363220214844
1763888556507,801.1515274047852,310.36363220214844
1763888556524,798.1515274047852,288.36363220214844
1763888556540,796.1515274047852,279.36363220214844
1763888556557,794.1515274047852,272.36363220214844
1763888556574,794.1515274047852,271.36363220214844
1763888556590,794.1515274047852,269.36363220214844
1763888556607,794.1515274047852,268.36363220214844
1763888556657,794.1515274047852,269.36363220214844
1763888556674,794.1515274047852,271.36363220214844
1763888556690,794.1515274047852,276.36363220214844
1763888556707,796.1515274047852,284.36363220214844
1763888556724,798.1515274047852,303.36363220214844
1763888556740,798.1515274047852,320.36363220214844
1763888556757,798.1515274047852,339.36363220214844
1763888556774,797.1515274047852,352.36363220214844
1763888556791,795.1515274047852,368.36363220214844
1763888556807,793.1515274047852,379.36363220214844
1763888556824,792.1515274047852,381.36363220214844
1763888556840,792.1515274047852,382.36363220214844
1763888556857,791.1515274047852,383.36363220214844
1763888556889,791.1515274047852,383.36363220214844
1763888556907,791.1515274047852,381.36363220214844
1763888556924,791.1515274047852,379.36363220214844
1763888556940,791.1515274047852,374.36363220214844
1763888556957,791.1515274047852,367.36363220214844
1763888556974,793.1515274047852,348.36363220214844
1763888556991,793.1515274047852,334.36363220214844
1763888557007,796.1515274047852,309.36363220214844
1763888557024,796.1515274047852,294.36363220214844
1763888557040,796.1515274047852,282.36363220214844
1763888557057,796.1515274047852,275.36363220214844
1763888557074,796.1515274047852,274.36363220214844
1763888557090,796.1515274047852,273.36363220214844
1763888557140,796.1515274047852,275.36363220214844
1763888557157,797.1515274047852,279.36363220214844
1763888557174,799.1515274047852,297.36363220214844
1763888557190,802.1515274047852,316.36363220214844
1763888557207,803.1515274047852,331.36363220214844
1763888557224,805.1515274047852,346.36363220214844
1763888557241,805.1515274047852,356.36363220214844
1763888557257,807.1515274047852,366.36363220214844
1763888557274,807.1515274047852,372.36363220214844
1763888557290,807.1515274047852,374.36363220214844
1763888557307,807.1515274047852,376.36363220214844
1763888557324,807.1515274047852,377.36363220214844
1763888557340,807.1515274047852,376.36363220214844
1763888557357,807.1515274047852,374.36363220214844
1763888557374,806.1515274047852,369.36363220214844
1763888557390,802.1515274047852,351.36363220214844
1763888557407,799.1515274047852,326.36363220214844
1763888557424,797.1515274047852,294.36363220214844
1763888557440,796.1515274047852,284.36363220214844
1763888557457,794.1515274047852,274.36363220214844
1763888557474,794.1515274047852,270.36363220214844
1763888557490,793.1515274047852,269.36363220214844
1763888557540,793.1515274047852,269.36363220214844
1763888557557,793.1515274047852,271.36363220214844
1763888557574,794.1515274047852,275.36363220214844
1763888557590,796.1515274047852,286.36363220214844
1763888557607,796.1515274047852,297.36363220214844
1763888557624,798.1515274047852,315.36363220214844
1763888557640,798.1515274047852,323.36363220214844
1763888557657,798.1515274047852,328.36363220214844
1763888557674,798.1515274047852,332.36363220214844
1763888557690,798.1515274047852,334.36363220214844
1763888557707,798.1515274047852,337.36363220214844
1763888557724,798.1515274047852,337.36363220214844
1763888557740,798.1515274047852,339.36363220214844
1763888557757,798.1515274047852,339.36363220214844
1763888557774,798.1515274047852,338.36363220214844
1763888557790,797.1515274047852,334.36363220214844
1763888557807,797.1515274047852,327.36363220214844
1763888557824,795.1515274047852,318.36363220214844
1763888557840,793.1515274047852,307.36363220214844
1763888557857,792.1515274047852,303.36363220214844
1763888557873,792.1515274047852,301.36363220214844
1763888557890,792.1515274047852,300.36363220214844
1763888557907,792.1515274047852,300.36363220214844
1763888557924,792.1515274047852,300.36363220214844
1763888557940,792.1515274047852,303.36363220214844
1763888557957,794.1515274047852,314.36363220214844
1763888557973,798.1515274047852,334.36363220214844
1763888557990,799.1515274047852,358.36363220214844
1763888558007,799.1515274047852,363.36363220214844
1763888558024,799.1515274047852,365.36363220214844
1763888558040,798.1515274047852,366.36363220214844
1763888558090,798.1515274047852,366.36363220214844
1763888558107,798.1515274047852,363.36363220214844
1763888558123,797.1515274047852,357.36363220214844
1763888558140,795.1515274047852,349.36363220214844
1763888558157,790.1515274047852,319.36363220214844
1763888558173,787.1515274047852,302.36363220214844
1763888558190,785.1515274047852,291.36363220214844
1763888558207,784.1515274047852,279.36363220214844
1763888558224,782.1515274047852,274.36363220214844
1763888558240,782.1515274047852,272.36363220214844
1763888558290,782.1515274047852,272.36363220214844
1763888558307,782.1515274047852,275.36363220214844
1763888558323,784.1515274047852,288.36363220214844
1763888558340,786.1515274047852,300.36363220214844
1763888558357,787.1515274047852,309.36363220214844
1763888558373,787.1515274047852,312.36363220214844
1763888558390,787.1515274047852,314.36363220214844
1763888558407,787.1515274047852,316.36363220214844
1763888558424,787.1515274047852,317.36363220214844
1763888558440,787.1515274047852,318.36363220214844
1763888558457,787.1515274047852,317.36363220214844
1763888558474,787.1515274047852,314.36363220214844
1763888558490,784.1515274047852,303.36363220214844
1763888558507,781.1515274047852,297.36363220214844
1763888558523,774.1515274047852,281.36363220214844
1763888558540,767.1515274047852,264.36363220214844
1763888558557,761.1515274047852,245.36363220214844
1763888558574,754.1515274047852,227.36363220214844
1763888558590,753.1515274047852,222.36363220214844
1763888558607,752.1515274047852,220.36363220214844
1763888558623,751.1515274047852,220.36363220214844
1763888558640,751.1515274047852,219.36363220214844
1763888558669,751.1515274047852,220.36363220214844
1763888558675,751.1515274047852,220.36363220214844
1763888558690,751.1515274047852,221.36363220214844
1763888558707,751.1515274047852,223.36363220214844
1763888558724,751.1515274047852,226.36363220214844
1763888558740,751.1515274047852,230.36363220214844
1763888558757,751.1515274047852,235.36363220214844
1763888558773,751.1515274047852,241.36363220214844
1763888558790,750.1515274047852,244.36363220214844
1763888558807,750.1515274047852,248.36363220214844
1763888558823,750.1515274047852,254.36363220214844
1763888558840,749.1515274047852,257.36363220214844
1763888558857,748.1515274047852,259.36363220214844
1763888558873,748.1515274047852,259.36363220214844
1763888558890,748.1515274047852,260.36363220214844
1763888558911,748.1515274047852,260.36363220214844
1763888558923,749.1515274047852,259.36363220214844
1763888558940,751.1515274047852,253.36363220214844
1763888558957,752.1515274047852,248.36363220214844
1763888558973,753.1515274047852,242.36363220214844
1763888558990,753.1515274047852,239.36363220214844
1763888559007,753.1515274047852,237.36363220214844
1763888559023,753.1515274047852,235.36363220214844
1763888559040,752.1515274047852,234.36363220214844
1763888559057,751.1515274047852,232.36363220214844
1763888559073,751.1515274047852,232.36363220214844
1763888559090,751.1515274047852,231.36363220214844
1763888559107,751.1515274047852,231.36363220214844
1763888559124,751.1515274047852,230.36363220214844
1763888559202,751.1515274047852,231.36363220214844
1763888560767,853.1515274047852,232.36363220214844
1763888560773,853.1515274047852,239.36363220214844
1763888560790,854.1515274047852,246.36363220214844
1763888560807,855.1515274047852,255.36363220214844
1763888560823,856.1515274047852,265.36363220214844
1763888560840,857.1515274047852,271.36363220214844
1763888560856,857.1515274047852,275.36363220214844
1763888560873,857.1515274047852,277.36363220214844
1763888560890,857.1515274047852,278.36363220214844
1763888560906,857.1515274047852,280.36363220214844
1763888560923,857.1515274047852,280.36363220214844
1763888560940,857.1515274047852,282.36363220214844
1763888560956,857.1515274047852,282.36363220214844
1763888560973,857.1515274047852,283.36363220214844
1763888560990,857.1515274047852,283.36363220214844
1763888561016,857.1515274047852,284.36363220214844
1763888561056,857.1515274047852,285.36363220214844
1763888561073,857.1515274047852,285.36363220214844
1763888561090,857.1515274047852,286.36363220214844
1763888561106,857.1515274047852,286.36363220214844
1763888561127,857.1515274047852,287.36363220214844
1763888561140,856.1515274047852,288.36363220214844
1763888561156,856.1515274047852,288.36363220214844
1763888561173,856.1515274047852,290.36363220214844
1763888561190,855.1515274047852,292.36363220214844
1763888561206,854.1515274047852,294.36363220214844
1763888561223,854.1515274047852,295.36363220214844
1763888561240,854.1515274047852,296.36363220214844
1763888561256,854.1515274047852,297.36363220214844
1763888561273,853.1515274047852,299.36363220214844
1763888561290,853.1515274047852,300.36363220214844
1763888561320,853.1515274047852,300.36363220214844
1763888561356,853.1515274047852,301.36363220214844
1763888561373,853.1515274047852,302.36363220214844
1763888561390,853.1515274047852,302.36363220214844
1763888561411,853.1515274047852,303.36363220214844
1763888561425,853.1515274047852,303.36363220214844
1763888561440,852.1515274047852,303.36363220214844
1763888561542,852.1515274047852,303.36363220214844
1763888561563,852.1515274047852,302.36363220214844
1763888561573,852.1515274047852,302.36363220214844
1763888561590,852.1515274047852,301.36363220214844
1763888561606,852.1515274047852,300.36363220214844
1763888561623,852.1515274047852,299.36363220214844
1763888561640,852.1515274047852,297.36363220214844
1763888561656,852.1515274047852,295.36363220214844
1763888561673,852.1515274047852,294.36363220214844
1763888561690,852.1515274047852,291.36363220214844
1763888561706,852.1515274047852,291.36363220214844
1763888561723,852.1515274047852,287.36363220214844
1763888561740,852.1515274047852,285.36363220214844
1763888561756,852.1515274047852,284.36363220214844
1763888561773,852.1515274047852,282.36363220214844
1763888561790,852.1515274047852,280.36363220214844
1763888561806,852.1515274047852,279.36363220214844
1763888561823,852.1515274047852,277.36363220214844
1763888561840,852.1515274047852,277.36363220214844
1763888561856,852.1515274047852,275.36363220214844
1763888561875,852.1515274047852,275.36363220214844
1763888561923,851.1515274047852,275.36363220214844
1763888561940,851.1515274047852,275.36363220214844
1763888561956,850.1515274047852,275.36363220214844
1763888561978,850.1515274047852,275.36363220214844
1763888561992,850.1515274047852,276.36363220214844
1763888562006,850.1515274047852,277.36363220214844
1763888562023,849.1515274047852,278.36363220214844
1763888562040,848.1515274047852,280.36363220214844
1763888562056,848.1515274047852,282.36363220214844
1763888562073,847.1515274047852,283.36363220214844
1763888562090,847.1515274047852,285.36363220214844
1763888562106,847.1515274047852,286.36363220214844
1763888562123,846.1515274047852,287.36363220214844
1763888562139,846.1515274047852,289.36363220214844
1763888562156,846.1515274047852,291.36363220214844
1763888562174,846.1515274047852,292.36363220214844
1763888562190,846.1515274047852,293.36363220214844
1763888562206,846.1515274047852,294.36363220214844
1763888562223,846.1515274047852,295.36363220214844
1763888562240,846.1515274047852,297.36363220214844
1763888562256,845.1515274047852,299.36363220214844
1763888562273,845.1515274047852,300.36363220214844
1763888562290,845.1515274047852,303.36363220214844
1763888562306,844.1515274047852,305.36363220214844
1763888562323,844.1515274047852,307.36363220214844
1763888562340,844.1515274047852,308.36363220214844
1763888562356,844.1515274047852,309.36363220214844
1763888562523,845.1515274047852,309.36363220214844
1763888562539,846.1515274047852,308.36363220214844
1763888562556,846.1515274047852,307.36363220214844
1763888562573,847.1515274047852,306.36363220214844
1763888562589,848.1515274047852,304.36363220214844
1763888562606,848.1515274047852,303.36363220214844
1763888562623,850.1515274047852,301.36363220214844
1763888562639,851.1515274047852,299.36363220214844
1763888562656,852.1515274047852,298.36363220214844
1763888562673,853.1515274047852,297.36363220214844
1763888562690,854.1515274047852,295.36363220214844
1763888562706,855.1515274047852,294.36363220214844
1763888562723,856.1515274047852,294.36363220214844
1763888562739,857.1515274047852,292.36363220214844
1763888562761,858.1515274047852,292.36363220214844
1763888562773,858.1515274047852,292.36363220214844
1763888562790,858.1515274047852,291.36363220214844
1763888562806,859.1515274047852,291.36363220214844
1763888562823,860.1515274047852,291.36363220214844
1763888562873,861.1515274047852,291.36363220214844
1763888562889,861.1515274047852,292.36363220214844
1763888562982,861.1515274047852,291.36363220214844
1763888562989,861.1515274047852,291.36363220214844
1763888563010,861.1515274047852,290.36363220214844
1763888563023,861.1515274047852,289.36363220214844
1763888563039,860.1515274047852,286.36363220214844
1763888563056,859.1515274047852,283.36363220214844
1763888563073,858.1515274047852,279.36363220214844
1763888563089,857.1515274047852,277.36363220214844
1763888563106,856.1515274047852,276.36363220214844
1763888563123,854.1515274047852,274.36363220214844
1763888563140,854.1515274047852,274.36363220214844
1763888563189,853.1515274047852,274.36363220214844
1763888563206,853.1515274047852,274.36363220214844
1763888563239,852.1515274047852,274.36363220214844
1763888563256,851.1515274047852,274.36363220214844
1763888563273,850.1515274047852,272.36363220214844
1763888563289,849.1515274047852,270.36363220214844
1763888563306,848.1515274047852,263.36363220214844
1763888563323,845.1515274047852,241.36363220214844
1763888563340,845.1515274047852,228.36363220214844
1763888563356,845.1515274047852,214.36363220214844
1763888563373,847.1515274047852,206.36363220214844
1763888563390,848.1515274047852,201.36363220214844
1763888563406,849.1515274047852,197.36363220214844
1763888563423,850.1515274047852,196.36363220214844
1763888563439,850.1515274047852,194.36363220214844
1763888563456,851.1515274047852,194.36363220214844
1763888563473,851.1515274047852,192.36363220214844
1763888563489,852.1515274047852,192.36363220214844
1763888563506,852.1515274047852,191.36363220214844
1763888563523,852.1515274047852,191.36363220214844
1763888563573,852.1515274047852,191.36363220214844
1763888563589,852.1515274047852,192.36363220214844
1763888563606,852.1515274047852,194.36363220214844
1763888563623,852.1515274047852,195.36363220214844
1763888563639,852.1515274047852,198.36363220214844
1763888563656,852.1515274047852,202.36363220214844
1763888563673,852.1515274047852,206.36363220214844
1763888563689,852.1515274047852,215.36363220214844
1763888563706,853.1515274047852,223.36363220214844
1763888563723,853.1515274047852,230.36363220214844
1763888563739,853.1515274047852,239.36363220214844
1763888563756,853.1515274047852,243.36363220214844
1763888563773,853.1515274047852,248.36363220214844
1763888563789,853.1515274047852,251.36363220214844
1763888563806,853.1515274047852,252.36363220214844
1763888563823,853.1515274047852,254.36363220214844
1763888563840,853.1515274047852,254.36363220214844
1763888563856,853.1515274047852,255.36363220214844
1763888563906,853.1515274047852,254.36363220214844
1763888563923,853.1515274047852,253.36363220214844
1763888563939,853.1515274047852,250.36363220214844
1763888563956,853.1515274047852,248.36363220214844
1763888563973,852.1515274047852,243.36363220214844
1763888563989,851.1515274047852,241.36363220214844
1763888564006,850.1515274047852,239.36363220214844
1763888564023,850.1515274047852,235.36363220214844
1763888564039,849.1515274047852,234.36363220214844
1763888564056,848.1515274047852,232.36363220214844
1763888564073,848.1515274047852,231.36363220214844
1763888564089,848.1515274047852,231.36363220214844
1763888564106,848.1515274047852,230.36363220214844
1763888564156,848.1515274047852,231.36363220214844
1763888564173,848.1515274047852,232.36363220214844
1763888564189,849.1515274047852,235.36363220214844
1763888564206,849.1515274047852,239.36363220214844
1763888564223,849.1515274047852,241.36363220214844
1763888564239,849.1515274047852,243.36363220214844
1763888564256,849.1515274047852,245.36363220214844
1763888564273,850.1515274047852,246.36363220214844
1763888564289,850.1515274047852,248.36363220214844
1763888564306,850.1515274047852,249.36363220214844
1763888564323,850.1515274047852,250.36363220214844
1763888564339,850.1515274047852,252.36363220214844
1763888564356,850.1515274047852,253.36363220214844
1763888564374,850.1515274047852,254.36363220214844
1763888564389,850.1515274047852,254.36363220214844
1763888564406,851.1515274047852,255.36363220214844
1763888564423,851.1515274047852,256.36363220214844
1763888564439,851.1515274047852,257.36363220214844
1763888564456,852.1515274047852,257.36363220214844
1763888564472,853.1515274047852,257.36363220214844
1763888564489,853.1515274047852,255.36363220214844
1763888564506,853.1515274047852,254.36363220214844
1763888564523,853.1515274047852,253.36363220214844
1763888564539,853.1515274047852,252.36363220214844
1763888564556,853.1515274047852,251.36363220214844
1763888564573,853.1515274047852,250.36363220214844
1763888564589,853.1515274047852,249.36363220214844
1763888564639,853.1515274047852,250.36363220214844
1763888564656,853.1515274047852,252.36363220214844
1763888564673,853.1515274047852,254.36363220214844
1763888564689,853.1515274047852,255.36363220214844
1763888564706,853.1515274047852,257.36363220214844
1763888564722,853.1515274047852,259.36363220214844
1763888564739,853.1515274047852,259.36363220214844
1763888564756,853.1515274047852,262.36363220214844
1763888564773,853.1515274047852,263.36363220214844
1763888564790,853.1515274047852,265.36363220214844
1763888564806,853.1515274047852,266.36363220214844
1763888564823,853.1515274047852,267.36363220214844
1763888564839,853.1515274047852,268.36363220214844
1763888564856,853.1515274047852,269.36363220214844
1763888564873,853.1515274047852,269.36363220214844
1763888564942,853.1515274047852,269.36363220214844
1763888564956,853.1515274047852,268.36363220214844
1763888564972,853.1515274047852,267.36363220214844
1763888564989,853.1515274047852,265.36363220214844
1763888565006,853.1515274047852,261.36363220214844
1763888565023,853.1515274047852,257.36363220214844
1763888565039,852.1515274047852,254.36363220214844
1763888565056,852.1515274047852,249.36363220214844
1763888565073,851.1515274047852,246.36363220214844
1763888565089,851.1515274047852,240.36363220214844
1763888565106,850.1515274047852,237.36363220214844
1763888565123,850.1515274047852,233.36363220214844
1763888565139,850.1515274047852,231.36363220214844
1763888565156,850.1515274047852,230.36363220214844
1763888565172,850.1515274047852,228.36363220214844
1763888565189,850.1515274047852,227.36363220214844
1763888565206,851.1515274047852,227.36363220214844
1763888565223,852.1515274047852,227.36363220214844
1763888565247,853.1515274047852,228.36363220214844
1763888565260,853.1515274047852,229.36363220214844
1763888565272,853.1515274047852,229.36363220214844
1763888565289,853.1515274047852,231.36363220214844
1763888565306,853.1515274047852,232.36363220214844
1763888565323,854.1515274047852,234.36363220214844
1763888565339,854.1515274047852,234.36363220214844
1763888565356,854.1515274047852,235.36363220214844
1763888565406,854.1515274047852,235.36363220214844
1763888565422,854.1515274047852,234.36363220214844
1763888565439,854.1515274047852,232.36363220214844
1763888565456,854.1515274047852,231.36363220214844
1763888565473,853.1515274047852,229.36363220214844
1763888565489,853.1515274047852,227.36363220214844
1763888565506,853.1515274047852,226.36363220214844
1763888565523,853.1515274047852,223.36363220214844
1763888565539,853.1515274047852,221.36363220214844
1763888565556,853.1515274047852,220.36363220214844
1763888565572,853.1515274047852,217.36363220214844
1763888565589,853.1515274047852,216.36363220214844
1763888565607,853.1515274047852,215.36363220214844
1763888565622,853.1515274047852,215.36363220214844
1763888565639,853.1515274047852,214.36363220214844
1763888565656,853.1515274047852,214.36363220214844
1763888565683,853.1515274047852,214.36363220214844
1763888565690,853.1515274047852,215.36363220214844
1763888565706,854.1515274047852,216.36363220214844
1763888565722,854.1515274047852,218.36363220214844
1763888565739,855.1515274047852,222.36363220214844
1763888565756,855.1515274047852,225.36363220214844
1763888565772,856.1515274047852,228.36363220214844
1763888565789,856.1515274047852,234.36363220214844
1763888565806,856.1515274047852,236.36363220214844
1763888565822,856.1515274047852,238.36363220214844
1763888565839,856.1515274047852,240.36363220214844
1763888565856,857.1515274047852,242.36363220214844
1763888565872,857.1515274047852,243.36363220214844
1763888565889,857.1515274047852,243.36363220214844
1763888565906,857.1515274047852,245.36363220214844
1763888565932,857.1515274047852,246.36363220214844
1763888565974,858.1515274047852,246.36363220214844
1763888565989,858.1515274047852,245.36363220214844
1763888566006,858.1515274047852,244.36363220214844
1763888566022,858.1515274047852,243.36363220214844
1763888566039,858.1515274047852,241.36363220214844
1763888566056,858.1515274047852,239.36363220214844
1763888566072,858.1515274047852,237.36363220214844
1763888566089,858.1515274047852,234.36363220214844
1763888566106,858.1515274047852,231.36363220214844
1763888566122,858.1515274047852,228.36363220214844
1763888566139,858.1515274047852,227.36363220214844
1763888566156,858.1515274047852,224.36363220214844
1763888566172,858.1515274047852,223.36363220214844
1763888566189,858.1515274047852,223.36363220214844
1763888566216,859.1515274047852,223.36363220214844
1763888566230,859.1515274047852,223.36363220214844
1763888566239,859.1515274047852,224.36363220214844
1763888566256,859.1515274047852,227.36363220214844
1763888566272,861.1515274047852,231.36363220214844
1763888566289,861.1515274047852,234.36363220214844
1763888566306,862.1515274047852,237.36363220214844
1763888566322,862.1515274047852,240.36363220214844
1763888566339,862.1515274047852,242.36363220214844
1763888566356,863.1515274047852,243.36363220214844
1763888566372,863.1515274047852,244.36363220214844
1763888566389,863.1515274047852,245.36363220214844
1763888566439,863.1515274047852,243.36363220214844
1763888566456,863.1515274047852,242.36363220214844
1763888566472,863.1515274047852,240.36363220214844
1763888566489,863.1515274047852,238.36363220214844
1763888566506,863.1515274047852,236.36363220214844
1763888566522,862.1515274047852,232.36363220214844
1763888566539,862.1515274047852,232.36363220214844
1763888566556,861.1515274047852,229.36363220214844
1763888566572,861.1515274047852,228.36363220214844
1763888566589,861.1515274047852,227.36363220214844
1763888566606,860.1515274047852,225.36363220214844
1763888566622,859.1515274047852,223.36363220214844
1763888566639,859.1515274047852,222.36363220214844
1763888566656,859.1515274047852,220.36363220214844
1763888566672,858.1515274047852,218.36363220214844
1763888566689,858.1515274047852,215.36363220214844
1763888566706,857.1515274047852,214.36363220214844
1763888566722,856.1515274047852,211.36363220214844
1763888566739,856.1515274047852,207.36363220214844
1763888566756,854.1515274047852,201.36363220214844
1763888566772,852.1515274047852,192.36363220214844
1763888566789,851.1515274047852,186.36363220214844
1763888566806,848.1515274047852,178.36363220214844
1763888566822,847.1515274047852,175.36363220214844
1763888566839,846.1515274047852,172.36363220214844
1763888566856,846.1515274047852,170.36363220214844
1763888566872,845.1515274047852,169.36363220214844
1763888566889,845.1515274047852,168.36363220214844
1763888566906,845.1515274047852,168.36363220214844
1763888566929,846.1515274047852,168.36363220214844
1763888566944,847.1515274047852,168.36363220214844
1763888566956,847.1515274047852,169.36363220214844
1763888566972,848.1515274047852,171.36363220214844
1763888566989,849.1515274047852,173.36363220214844
1763888567006,850.1515274047852,175.36363220214844
1763888567022,850.1515274047852,179.36363220214844
1763888567039,850.1515274047852,181.36363220214844
1763888567056,850.1515274047852,188.36363220214844
1763888567072,851.1515274047852,192.36363220214844
1763888567089,851.1515274047852,199.36363220214844
1763888567106,851.1515274047852,203.36363220214844
1763888567122,851.1515274047852,208.36363220214844
1763888567139,852.1515274047852,213.36363220214844
1763888567156,852.1515274047852,216.36363220214844
1763888567172,852.1515274047852,219.36363220214844
1763888567189,852.1515274047852,220.36363220214844
1763888567206,852.1515274047852,221.36363220214844
1763888567222,852.1515274047852,222.36363220214844
1763888567282,852.1515274047852,222.36363220214844
1763888567290,852.1515274047852,221.36363220214844
1763888567305,852.1515274047852,219.36363220214844
1763888567322,851.1515274047852,215.36363220214844
1763888567339,851.1515274047852,211.36363220214844
1763888567356,850.1515274047852,208.36363220214844
1763888567372,849.1515274047852,205.36363220214844
1763888567389,848.1515274047852,200.36363220214844
1763888567406,848.1515274047852,197.36363220214844
1763888567422,848.1515274047852,194.36363220214844
1763888567439,847.1515274047852,193.36363220214844
1763888567456,847.1515274047852,191.36363220214844
1763888567472,847.1515274047852,189.36363220214844
1763888567490,847.1515274047852,189.36363220214844
1763888567506,847.1515274047852,188.36363220214844
1763888567532,847.1515274047852,189.36363220214844
1763888567546,847.1515274047852,189.36363220214844
1763888567555,847.1515274047852,191.36363220214844
1763888567572,847.1515274047852,192.36363220214844
1763888567589,847.1515274047852,197.36363220214844
1763888567606,847.1515274047852,200.36363220214844
1763888567622,847.1515274047852,207.36363220214844
1763888567639,847.1515274047852,212.36363220214844
1763888567656,848.1515274047852,219.36363220214844
1763888567672,848.1515274047852,223.36363220214844
1763888567689,848.1515274047852,225.36363220214844
1763888567705,848.1515274047852,227.36363220214844
1763888567722,848.1515274047852,228.36363220214844
1763888567739,848.1515274047852,229.36363220214844
1763888567755,848.1515274047852,230.36363220214844
1763888567809,848.1515274047852,229.36363220214844
1763888567823,848.1515274047852,228.36363220214844
1763888567839,848.1515274047852,225.36363220214844
1763888567856,848.1515274047852,223.36363220214844
1763888567872,848.1515274047852,218.36363220214844
1763888567889,847.1515274047852,214.36363220214844
1763888567905,846.1515274047852,211.36363220214844
1763888567922,845.1515274047852,204.36363220214844
1763888567939,844.1515274047852,199.36363220214844
1763888567955,844.1515274047852,195.36363220214844
1763888567972,843.1515274047852,193.36363220214844
1763888567989,843.1515274047852,191.36363220214844
1763888568005,843.1515274047852,190.36363220214844
1763888568030,843.1515274047852,189.36363220214844
1763888568072,843.1515274047852,191.36363220214844
1763888568089,843.1515274047852,192.36363220214844
1763888568105,843.1515274047852,194.36363220214844
1763888568122,843.1515274047852,195.36363220214844
1763888568139,843.1515274047852,197.36363220214844
1763888568155,843.1515274047852,197.36363220214844
1763888568172,843.1515274047852,198.36363220214844
1763888568255,843.1515274047852,195.36363220214844
1763888568272,843.1515274047852,194.36363220214844
1763888568289,842.1515274047852,189.36363220214844
1763888568306,842.1515274047852,187.36363220214844
1763888568322,839.1515274047852,178.36363220214844
1763888568339,838.1515274047852,166.36363220214844
1763888568355,834.1515274047852,157.36363220214844
1763888568372,833.1515274047852,146.36363220214844
1763888568389,833.1515274047852,144.36363220214844
1763888568405,833.1515274047852,142.36363220214844
1763888568422,833.1515274047852,141.36363220214844
1763888568439,833.1515274047852,140.36363220214844
1763888568508,833.1515274047852,141.36363220214844
1763888568522,834.1515274047852,142.36363220214844
1763888568539,834.1515274047852,145.36363220214844
1763888568555,834.1515274047852,146.36363220214844
1763888568572,836.1515274047852,152.36363220214844
1763888568589,839.1515274047852,159.36363220214844
1763888568605,842.1515274047852,164.36363220214844
1763888568622,842.1515274047852,168.36363220214844
1763888568639,844.1515274047852,170.36363220214844
1763888568655,845.1515274047852,172.36363220214844
1763888568672,845.1515274047852,172.36363220214844
1763888568689,845.1515274047852,173.36363220214844
1763888568705,845.1515274047852,174.36363220214844
1763888568722,846.1515274047852,174.36363220214844
1763888568739,847.1515274047852,174.36363220214844
1763888568756,847.1515274047852,173.36363220214844
1763888568772,847.1515274047852,171.36363220214844
1763888568789,847.1515274047852,169.36363220214844
1763888568805,847.1515274047852,166.36363220214844
1763888568822,845.1515274047852,162.36363220214844
1763888568839,845.1515274047852,158.36363220214844
1763888568855,842.1515274047852,151.36363220214844
1763888568872,841.1515274047852,145.36363220214844
1763888568889,839.1515274047852,140.36363220214844
1763888568905,839.1515274047852,136.36363220214844
1763888568922,839.1515274047852,135.36363220214844
1763888568939,839.1515274047852,133.36363220214844
1763888568955,839.1515274047852,132.36363220214844
1763888569007,839.1515274047852,132.36363220214844
1763888569022,840.1515274047852,134.36363220214844
1763888569039,841.1515274047852,138.36363220214844
1763888569055,842.1515274047852,142.36363220214844
1763888569072,843.1515274047852,148.36363220214844
1763888569089,844.1515274047852,151.36363220214844
1763888569105,845.1515274047852,156.36363220214844
1763888569122,846.1515274047852,160.36363220214844
1763888569139,847.1515274047852,163.36363220214844
1763888569155,847.1515274047852,168.36363220214844
1763888569172,848.1515274047852,172.36363220214844
1763888569189,848.1515274047852,175.36363220214844
1763888569205,848.1515274047852,177.36363220214844
1763888569222,849.1515274047852,179.36363220214844
1763888569238,850.1515274047852,180.36363220214844
1763888569255,850.1515274047852,181.36363220214844
1763888569272,850.1515274047852,182.36363220214844
1763888569304,850.1515274047852,182.36363220214844
1763888569322,851.1515274047852,180.36363220214844
1763888569339,851.1515274047852,178.36363220214844
1763888569355,851.1515274047852,175.36363220214844
1763888569372,850.1515274047852,173.36363220214844
1763888569388,848.1515274047852,168.36363220214844
1763888569405,848.1515274047852,166.36363220214844
1763888569422,848.1515274047852,163.36363220214844
1763888569438,847.1515274047852,159.36363220214844
1763888569455,847.1515274047852,158.36363220214844
1763888569472,847.1515274047852,156.36363220214844
1763888569488,847.1515274047852,155.36363220214844
1763888569505,847.1515274047852,154.36363220214844
1763888569522,847.1515274047852,154.36363220214844
1763888569539,847.1515274047852,153.36363220214844
1763888569555,847.1515274047852,152.36363220214844
1763888569605,847.1515274047852,153.36363220214844
1763888569622,847.1515274047852,154.36363220214844
1763888569638,847.1515274047852,156.36363220214844
1763888569655,848.1515274047852,158.36363220214844
1763888569672,848.1515274047852,162.36363220214844
1763888569688,850.1515274047852,164.36363220214844
1763888569705,850.1515274047852,167.36363220214844
1763888569722,851.1515274047852,173.36363220214844
1763888569739,853.1515274047852,176.36363220214844
1763888569755,854.1515274047852,182.36363220214844
1763888569772,855.1515274047852,185.36363220214844
1763888569788,856.1515274047852,188.36363220214844
1763888569805,856.1515274047852,192.36363220214844
1763888569822,857.1515274047852,196.36363220214844
1763888569838,858.1515274047852,199.36363220214844
1763888569855,859.1515274047852,200.36363220214844
1763888569872,859.1515274047852,203.36363220214844
1763888569888,859.1515274047852,205.36363220214844
1763888569905,860.1515274047852,206.36363220214844
1763888569922,861.1515274047852,209.36363220214844
1763888569938,861.1515274047852,209.36363220214844
1763888569955,861.1515274047852,211.36363220214844
1763888569972,862.1515274047852,213.36363220214844
1763888569989,862.1515274047852,214.36363220214844
1763888570005,863.1515274047852,215.36363220214844
1763888570022,863.1515274047852,216.36363220214844
1763888570038,863.1515274047852,217.36363220214844
1763888570055,863.1515274047852,218.36363220214844
1763888570072,863.1515274047852,219.36363220214844
1763888570088,864.1515274047852,220.36363220214844
1763888570105,864.1515274047852,221.36363220214844
1763888570122,864.1515274047852,222.36363220214844
1763888570138,864.1515274047852,223.36363220214844
1763888570155,864.1515274047852,224.36363220214844
1763888570172,864.1515274047852,225.36363220214844
1763888570189,864.1515274047852,225.36363220214844
1763888570212,864.1515274047852,225.36363220214844
1763888570222,864.1515274047852,224.36363220214844
1763888570238,864.1515274047852,222.36363220214844
1763888570255,863.1515274047852,219.36363220214844
1763888570272,862.1515274047852,215.36363220214844
1763888570288,861.1515274047852,212.36363220214844
1763888570305,859.1515274047852,208.36363220214844
1763888570322,857.1515274047852,200.36363220214844
1763888570338,854.1515274047852,189.36363220214844
1763888570355,851.1515274047852,182.36363220214844
1763888570372,848.1515274047852,173.36363220214844
1763888570388,847.1515274047852,166.36363220214844
1763888570405,845.1515274047852,157.36363220214844
1763888570422,844.1515274047852,154.36363220214844
1763888570439,844.1515274047852,149.36363220214844
1763888570455,844.1515274047852,145.36363220214844
1763888570472,843.1515274047852,142.36363220214844
1763888570488,842.1515274047852,136.36363220214844
1763888570505,842.1515274047852,134.36363220214844
1763888570522,842.1515274047852,132.36363220214844
1763888570538,842.1515274047852,129.36363220214844
1763888570555,842.1515274047852,126.36363220214844
1763888570572,842.1515274047852,125.36363220214844
1763888570588,842.1515274047852,122.36363220214844
1763888570605,842.1515274047852,119.36363220214844
1763888570622,842.1515274047852,117.36363220214844
1763888570638,842.1515274047852,116.36363220214844
1763888570655,842.1515274047852,115.36363220214844
1763888570672,842.1515274047852,114.36363220214844
1763888570724,842.1515274047852,114.36363220214844
1763888570738,842.1515274047852,115.36363220214844
1763888570755,842.1515274047852,117.36363220214844
1763888570772,844.1515274047852,120.36363220214844
1763888570788,847.1515274047852,124.36363220214844
1763888570805,848.1515274047852,127.36363220214844
1763888571072,851.1515274047852,142.36363220214844
1763888571088,850.1515274047852,140.36363220214844
1763888571105,845.1515274047852,132.36363220214844
1763888571122,842.1515274047852,128.36363220214844
1763888571138,840.1515274047852,123.36363220214844
1763888571155,836.1515274047852,118.36363220214844
1763888571172,835.1515274047852,116.36363220214844
1763888571188,834.1515274047852,114.36363220214844
1763888571205,833.1515274047852,112.36363220214844
1763888571222,831.1515274047852,111.36363220214844
1763888571238,829.1515274047852,109.36363220214844
1763888571255,828.1515274047852,108.36363220214844
1763888571272,827.1515274047852,107.36363220214844
1763888571288,825.1515274047852,106.36363220214844
1763888571305,825.1515274047852,105.36363220214844
1763888571322,823.1515274047852,105.36363220214844
1763888571338,822.1515274047852,104.36363220214844
1763888571355,821.1515274047852,103.36363220214844
1763888571372,820.1515274047852,103.36363220214844
1763888571388,818.1515274047852,103.36363220214844
1763888571405,818.1515274047852,102.36363220214844
1763888571422,816.1515274047852,102.36363220214844
1763888571438,814.1515274047852,102.36363220214844
1763888571455,813.1515274047852,102.36363220214844
1763888571472,811.1515274047852,101.36363220214844
1763888571488,810.1515274047852,101.36363220214844
1763888571505,809.1515274047852,100.36363220214844
1763888571522,808.1515274047852,100.36363220214844
1763888571538,807.1515274047852,100.36363220214844
1763888571555,805.1515274047852,99.36363220214844
1763888571571,803.1515274047852,99.36363220214844
1763888571588,802.1515274047852,99.36363220214844
1763888571605,799.1515274047852,97.36363220214844
1763888571622,798.1515274047852,97.36363220214844
1763888571638,797.1515274047852,96.36363220214844
1763888571655,794.1515274047852,95.36363220214844
1763888571672,794.1515274047852,95.36363220214844
1763888571688,792.1515274047852,94.36363220214844
1763888571705,791.1515274047852,93.36363220214844
1763888571721,789.1515274047852,92.36363220214844
1763888571738,788.1515274047852,91.36363220214844
1763888571755,787.1515274047852,91.36363220214844
1763888571772,785.1515274047852,89.36363220214844
1763888571788,785.1515274047852,89.36363220214844
1763888571805,783.1515274047852,88.36363220214844
1763888571821,782.1515274047852,87.36363220214844
1763888571838,781.1515274047852,86.36363220214844
1763888571855,780.1515274047852,86.36363220214844
1763888571872,779.1515274047852,85.36363220214844
1763888571957,778.1515274047852,85.36363220214844
1763888571971,779.1515274047852,85.36363220214844
1763888571988,779.1515274047852,86.36363220214844
1763888572005,781.1515274047852,86.36363220214844
1763888572021,782.1515274047852,87.36363220214844
1763888572038,784.1515274047852,88.36363220214844
1763888572055,786.1515274047852,88.36363220214844
1763888572071,787.1515274047852,89.36363220214844
1763888572088,789.1515274047852,90.36363220214844
1763888572105,791.1515274047852,90.36363220214844
1763888572122,793.1515274047852,91.36363220214844
1763888572138,794.1515274047852,91.36363220214844
1763888572155,796.1515274047852,92.36363220214844
1763888572171,798.1515274047852,92.36363220214844
1763888572192,798.1515274047852,92.36363220214844
1763888572206,799.1515274047852,92.36363220214844
1763888572221,799.1515274047852,92.36363220214844
1763888572238,800.1515274047852,92.36363220214844
1763888572255,801.1515274047852,92.36363220214844
1763888572271,801.1515274047852,92.36363220214844
1763888572324,801.1515274047852,92.36363220214844
1763888572338,801.1515274047852,91.36363220214844
1763888572355,800.1515274047852,90.36363220214844
1763888572371,799.1515274047852,89.36363220214844
1763888572388,798.1515274047852,89.36363220214844
1763888572405,798.1515274047852,88.36363220214844
1763888572421,796.1515274047852,88.36363220214844
1763888572438,796.1515274047852,88.36363220214844
1763888572455,794.1515274047852,88.36363220214844
1763888572471,794.1515274047852,88.36363220214844
1763888572488,793.1515274047852,88.36363220214844
1763888572505,791.1515274047852,88.36363220214844
1763888572522,791.1515274047852,89.36363220214844
1763888572538,788.1515274047852,89.36363220214844
1763888572555,787.1515274047852,89.36363220214844
1763888572571,785.1515274047852,89.36363220214844
1763888572588,782.1515274047852,90.36363220214844
1763888572605,781.1515274047852,91.36363220214844
1763888572621,779.1515274047852,91.36363220214844
1763888572638,778.1515274047852,91.36363220214844
1763888572655,776.1515274047852,92.36363220214844
1763888572671,776.1515274047852,92.36363220214844
1763888572688,775.1515274047852,93.36363220214844
1763888572705,774.1515274047852,93.36363220214844
1763888572721,774.1515274047852,93.36363220214844
1763888572738,774.1515274047852,94.36363220214844
1763888572755,774.1515274047852,95.36363220214844
1763888572772,774.1515274047852,95.36363220214844
1763888572788,775.1515274047852,96.36363220214844
1763888572805,775.1515274047852,97.36363220214844
1763888572829,776.1515274047852,97.36363220214844
1763888572850,776.1515274047852,97.36363220214844
1763888572864,777.1515274047852,97.36363220214844
1763888572884,778.1515274047852,97.36363220214844
1763888572921,778.1515274047852,95.36363220214844
1763888572938,778.1515274047852,95.36363220214844
1763888572955,777.1515274047852,94.36363220214844
1763888572971,776.1515274047852,93.36363220214844
1763888572988,776.1515274047852,92.36363220214844
1763888573005,774.1515274047852,92.36363220214844
1763888573021,774.1515274047852,92.36363220214844
1763888573038,773.1515274047852,92.36363220214844
1763888573055,772.1515274047852,92.36363220214844
1763888573072,771.1515274047852,92.36363220214844
1763888573088,771.1515274047852,93.36363220214844
1763888573114,770.1515274047852,93.36363220214844
1763888573190,771.1515274047852,93.36363220214844
1763888573210,771.1515274047852,93.36363220214844
1763888573224,772.1515274047852,93.36363220214844
1763888573238,773.1515274047852,93.36363220214844
1763888573255,773.1515274047852,93.36363220214844
1763888573271,774.1515274047852,93.36363220214844
1763888573288,774.1515274047852,93.36363220214844
1763888573305,775.1515274047852,92.36363220214844
1763888573321,775.1515274047852,92.36363220214844
1763888573338,775.1515274047852,91.36363220214844
1763888573369,775.1515274047852,90.36363220214844
1763888573383,774.1515274047852,90.36363220214844
1763888573397,774.1515274047852,90.36363220214844
1763888573405,773.1515274047852,90.36363220214844
1763888573421,773.1515274047852,90.36363220214844
1763888573438,772.1515274047852,90.36363220214844
1763888573455,771.1515274047852,90.36363220214844
1763888573471,770.1515274047852,91.36363220214844
1763888573488,769.1515274047852,92.36363220214844
1763888573505,769.1515274047852,93.36363220214844
1763888573521,768.1515274047852,94.36363220214844
1763888573538,768.1515274047852,94.36363220214844
1763888573555,768.1515274047852,95.36363220214844
1763888573571,768.1515274047852,96.36363220214844
1763888573588,768.1515274047852,97.36363220214844
1763888573646,768.1515274047852,97.36363220214844
1763888573667,767.1515274047852,97.36363220214844
1763888573687,767.1515274047852,97.36363220214844
1763888573705,766.1515274047852,97.36363220214844
1763888573721,765.1515274047852,97.36363220214844
1763888573738,764.1515274047852,97.36363220214844
1763888573755,763.1515274047852,98.36363220214844
1763888573771,761.1515274047852,99.36363220214844
1763888573788,759.1515274047852,100.36363220214844
1763888573805,758.1515274047852,101.36363220214844
1763888573821,755.1515274047852,102.36363220214844
1763888573838,754.1515274047852,102.36363220214844
1763888573855,752.1515274047852,103.36363220214844
1763888573871,751.1515274047852,104.36363220214844
1763888573888,750.1515274047852,105.36363220214844
1763888573905,748.1515274047852,105.36363220214844
1763888573921,747.1515274047852,105.36363220214844
1763888573938,745.1515274047852,106.36363220214844
1763888573955,744.1515274047852,106.36363220214844
1763888573971,744.1515274047852,106.36363220214844
1763888573988,741.1515274047852,107.36363220214844
1763888574005,740.1515274047852,107.36363220214844
1763888574021,738.1515274047852,107.36363220214844
1763888574038,736.1515274047852,107.36363220214844
1763888574055,734.1515274047852,108.36363220214844
1763888574071,733.1515274047852,108.36363220214844
1763888574088,731.1515274047852,109.36363220214844
1763888574104,729.1515274047852,109.36363220214844
1763888574121,728.1515274047852,109.36363220214844
1763888574138,727.1515274047852,111.36363220214844
1763888574155,725.1515274047852,112.36363220214844
1763888574171,724.1515274047852,112.36363220214844
1763888574188,722.1515274047852,114.36363220214844
1763888574205,722.1515274047852,115.36363220214844
1763888574221,721.1515274047852,117.36363220214844
1763888574238,719.1515274047852,118.36363220214844
1763888574255,719.1515274047852,120.36363220214844
1763888574271,718.1515274047852,121.36363220214844
1763888574321,716.1515274047852,125.36363220214844
1763888574338,716.1515274047852,126.36363220214844
1763888574421,714.1515274047852,132.36363220214844
1763888575004,703.1515274047852,202.36363220214844
1763888575021,704.1515274047852,202.36363220214844
1763888575038,705.1515274047852,202.36363220214844
1763888575054,706.1515274047852,201.36363220214844
1763888575071,708.1515274047852,199.36363220214844
1763888575088,711.1515274047852,195.36363220214844
1763888575104,717.1515274047852,186.36363220214844
1763888575121,728.1515274047852,170.36363220214844
1763888575138,738.1515274047852,157.36363220214844
1763888575155,742.1515274047852,150.36363220214844
1763888575171,747.1515274047852,145.36363220214844
1763888575188,750.1515274047852,140.36363220214844
1763888575204,753.1515274047852,137.36363220214844
1763888575221,754.1515274047852,137.36363220214844
1763888575238,756.1515274047852,135.36363220214844
1763888575254,758.1515274047852,135.36363220214844
1763888575271,759.1515274047852,135.36363220214844
1763888575288,759.1515274047852,135.36363220214844
1763888575304,760.1515274047852,135.36363220214844
1763888575321,761.1515274047852,135.36363220214844
1763888575338,762.1515274047852,135.36363220214844
1763888575354,762.1515274047852,135.36363220214844
1763888575371,764.1515274047852,137.36363220214844
1763888575388,764.1515274047852,138.36363220214844
1763888575404,765.1515274047852,140.36363220214844
1763888575421,767.1515274047852,144.36363220214844
1763888575438,768.1515274047852,149.36363220214844
1763888575454,771.1515274047852,157.36363220214844
1763888575471,773.1515274047852,165.36363220214844
1763888575488,776.1515274047852,176.36363220214844
1763888575504,779.1515274047852,181.36363220214844
1763888575521,780.1515274047852,186.36363220214844
1763888575538,782.1515274047852,191.36363220214844
1763888575554,783.1515274047852,194.36363220214844
1763888575571,785.1515274047852,196.36363220214844
1763888575588,786.1515274047852,197.36363220214844
1763888575604,788.1515274047852,199.36363220214844
1763888575621,790.1515274047852,199.36363220214844
1763888575638,792.1515274047852,199.36363220214844
1763888575654,798.1515274047852,198.36363220214844
1763888575671,801.1515274047852,194.36363220214844
1763888575688,808.1515274047852,184.36363220214844
1763888575704,817.1515274047852,162.36363220214844
1763888575721,819.1515274047852,149.36363220214844
1763888575738,820.1515274047852,137.36363220214844
1763888575754,820.1515274047852,127.36363220214844
1763888575771,820.1515274047852,122.36363220214844
1763888575788,818.1515274047852,115.36363220214844
1763888575804,818.1515274047852,111.36363220214844
1763888575821,818.1515274047852,107.36363220214844
1763888575838,817.1515274047852,105.36363220214844
1763888575855,817.1515274047852,103.36363220214844
1763888575871,816.1515274047852,102.36363220214844
1763888575888,816.1515274047852,101.36363220214844
1763888575904,815.1515274047852,100.36363220214844
1763888575921,815.1515274047852,99.36363220214844
1763888575938,814.1515274047852,99.36363220214844
1763888575994,814.1515274047852,99.36363220214844
1763888576004,814.1515274047852,100.36363220214844
1763888576021,814.1515274047852,101.36363220214844
1763888576038,815.1515274047852,104.36363220214844
1763888576054,816.1515274047852,106.36363220214844
1763888576071,818.1515274047852,109.36363220214844
1763888576088,819.1515274047852,111.36363220214844
1763888576104,819.1515274047852,112.36363220214844
1763888576121,819.1515274047852,114.36363220214844
1763888576138,819.1515274047852,115.36363220214844
1763888576154,820.1515274047852,115.36363220214844
1763888576171,820.1515274047852,117.36363220214844
1763888576188,820.1515274047852,117.36363220214844
1763888576215,819.1515274047852,117.36363220214844
1763888576222,818.1515274047852,117.36363220214844
1763888576238,816.1515274047852,117.36363220214844
1763888576254,814.1515274047852,115.36363220214844
1763888576271,811.1515274047852,114.36363220214844
1763888576288,809.1515274047852,114.36363220214844
1763888576304,807.1515274047852,114.36363220214844
1763888576321,806.1515274047852,113.36363220214844
1763888576338,805.1515274047852,112.36363220214844
1763888576354,804.1515274047852,112.36363220214844
1763888576404,805.1515274047852,112.36363220214844
1763888576421,805.1515274047852,112.36363220214844
1763888576437,808.1515274047852,114.36363220214844
1763888576454,813.1515274047852,115.36363220214844
1763888576471,821.1515274047852,119.36363220214844
1763888576487,829.1515274047852,123.36363220214844
1763888576504,831.1515274047852,125.36363220214844
1763888576521,834.1515274047852,126.36363220214844
1763888576538,836.1515274047852,126.36363220214844
1763888576554,836.1515274047852,126.36363220214844
1763888576575,837.1515274047852,126.36363220214844
1763888576621,836.1515274047852,126.36363220214844
1763888576637,835.1515274047852,125.36363220214844
1763888576654,830.1515274047852,122.36363220214844
1763888576671,826.1515274047852,119.36363220214844
1763888576687,814.1515274047852,109.36363220214844
1763888576704,809.1515274047852,105.36363220214844
1763888576721,805.1515274047852,102.36363220214844
1763888576738,799.1515274047852,99.36363220214844
1763888576754,798.1515274047852,97.36363220214844
1763888576771,796.1515274047852,96.36363220214844
1763888576788,795.1515274047852,96.36363220214844
1763888576804,794.1515274047852,95.36363220214844
1763888576831,794.1515274047852,96.36363220214844
1763888576846,794.1515274047852,97.36363220214844
1763888576854,794.1515274047852,97.36363220214844
1763888576871,796.1515274047852,99.36363220214844
1763888576887,797.1515274047852,102.36363220214844
1763888576904,800.1515274047852,105.36363220214844
1763888576921,802.1515274047852,107.36363220214844
1763888576937,805.1515274047852,111.36363220214844
1763888576954,809.1515274047852,114.36363220214844
1763888576971,813.1515274047852,118.36363220214844
1763888576988,814.1515274047852,119.36363220214844
1763888577004,815.1515274047852,120.36363220214844
1763888577021,817.1515274047852,122.36363220214844
1763888577038,818.1515274047852,123.36363220214844
1763888577054,818.1515274047852,124.36363220214844
1763888577071,818.1515274047852,125.36363220214844
1763888577088,818.1515274047852,125.36363220214844
1763888577104,816.1515274047852,124.36363220214844
1763888577121,814.1515274047852,123.36363220214844
1763888577137,808.1515274047852,120.36363220214844
1763888577154,803.1515274047852,119.36363220214844
1763888577171,798.1515274047852,117.36363220214844
1763888577187,795.1515274047852,116.36363220214844
1763888577204,793.1515274047852,115.36363220214844
1763888577221,790.1515274047852,113.36363220214844
1763888577237,790.1515274047852,112.36363220214844
1763888577254,788.1515274047852,112.36363220214844
1763888577271,787.1515274047852,111.36363220214844
1763888577323,787.1515274047852,112.36363220214844
1763888577344,787.1515274047852,113.36363220214844
1763888577354,787.1515274047852,114.36363220214844
1763888577371,788.1515274047852,116.36363220214844
1763888577387,790.1515274047852,120.36363220214844
1763888577404,791.1515274047852,126.36363220214844
1763888577421,794.1515274047852,134.36363220214844
1763888577437,796.1515274047852,139.36363220214844
1763888577454,797.1515274047852,142.36363220214844
1763888577471,798.1515274047852,146.36363220214844
1763888577487,799.1515274047852,147.36363220214844
1763888577504,799.1515274047852,149.36363220214844
1763888577521,800.1515274047852,150.36363220214844
1763888577537,801.1515274047852,151.36363220214844
1763888577554,801.1515274047852,151.36363220214844
1763888577571,801.1515274047852,152.36363220214844
1763888577587,802.1515274047852,152.36363220214844
1763888577614,802.1515274047852,151.36363220214844
1763888577621,802.1515274047852,151.36363220214844
1763888577637,802.1515274047852,149.36363220214844
1763888577654,801.1515274047852,145.36363220214844
1763888577671,799.1515274047852,139.36363220214844
1763888577688,796.1515274047852,132.36363220214844
1763888577704,795.1515274047852,126.36363220214844
1763888577721,794.1515274047852,121.36363220214844
1763888577737,793.1515274047852,119.36363220214844
1763888577754,793.1515274047852,117.36363220214844
1763888577771,792.1515274047852,117.36363220214844
1763888577787,792.1515274047852,115.36363220214844
1763888577804,792.1515274047852,114.36363220214844
1763888577821,791.1515274047852,114.36363220214844
1763888577837,791.1515274047852,114.36363220214844
1763888577854,790.1515274047852,114.36363220214844
1763888577884,790.1515274047852,114.36363220214844
1763888577891,790.1515274047852,114.36363220214844
1763888577904,789.1515274047852,115.36363220214844
1763888577921,788.1515274047852,117.36363220214844
1763888577937,788.1515274047852,119.36363220214844
1763888577954,788.1515274047852,122.36363220214844
1763888577971,788.1515274047852,125.36363220214844
1763888577987,788.1515274047852,129.36363220214844
1763888578004,790.1515274047852,138.36363220214844
1763888578021,790.1515274047852,143.36363220214844
1763888578037,791.1515274047852,150.36363220214844
1763888578054,792.1515274047852,153.36363220214844
1763888578071,792.1515274047852,155.36363220214844
1763888578087,792.1515274047852,158.36363220214844
1763888578104,792.1515274047852,160.36363220214844
1763888578121,792.1515274047852,162.36363220214844
1763888578137,792.1515274047852,162.36363220214844
1763888578154,792.1515274047852,164.36363220214844
1763888578171,792.1515274047852,165.36363220214844
1763888578187,792.1515274047852,166.36363220214844
1763888578204,792.1515274047852,168.36363220214844
1763888578221,792.1515274047852,168.36363220214844
1763888578237,792.1515274047852,169.36363220214844
1763888578254,792.1515274047852,169.36363220214844
1763888578272,791.1515274047852,169.36363220214844
1763888578287,791.1515274047852,168.36363220214844
1763888578304,790.1515274047852,166.36363220214844
1763888578321,788.1515274047852,162.36363220214844
1763888578337,787.1515274047852,160.36363220214844
1763888578354,786.1515274047852,157.36363220214844
1763888578371,784.1515274047852,152.36363220214844
1763888578387,782.1515274047852,149.36363220214844
1763888578404,781.1515274047852,145.36363220214844
1763888578421,779.1515274047852,143.36363220214844
1763888578437,778.1515274047852,139.36363220214844
1763888578454,776.1515274047852,135.36363220214844
1763888578471,776.1515274047852,134.36363220214844
1763888578487,776.1515274047852,132.36363220214844
1763888578504,776.1515274047852,131.36363220214844
1763888578521,776.1515274047852,130.36363220214844
1763888578537,776.1515274047852,128.36363220214844
1763888578554,776.1515274047852,126.36363220214844
1763888578571,776.1515274047852,126.36363220214844
1763888578587,776.1515274047852,125.36363220214844
1763888578604,776.1515274047852,123.36363220214844
1763888578621,776.1515274047852,123.36363220214844
1763888578637,776.1515274047852,122.36363220214844
1763888578654,776.1515274047852,120.36363220214844
1763888578671,776.1515274047852,119.36363220214844
1763888578687,776.1515274047852,118.36363220214844
1763888578704,778.1515274047852,116.36363220214844
1763888578721,778.1515274047852,115.36363220214844
1763888578737,779.1515274047852,113.36363220214844
1763888578754,780.1515274047852,112.36363220214844
1763888578771,781.1515274047852,111.36363220214844
1763888578787,782.1515274047852,111.36363220214844
1763888578804,783.1515274047852,110.36363220214844
1763888578820,784.1515274047852,110.36363220214844
1763888578837,784.1515274047852,110.36363220214844
1763888578854,785.1515274047852,110.36363220214844
1763888578870,786.1515274047852,111.36363220214844
1763888578887,787.1515274047852,111.36363220214844
1763888578904,787.1515274047852,113.36363220214844
1763888578921,788.1515274047852,114.36363220214844
1763888578937,791.1515274047852,117.36363220214844
1763888578954,792.1515274047852,119.36363220214844
1763888578970,794.1515274047852,120.36363220214844
1763888578987,796.1515274047852,121.36363220214844
1763888579004,797.1515274047852,122.36363220214844
1763888579020,799.1515274047852,123.36363220214844
1763888579037,800.1515274047852,124.36363220214844
1763888579054,801.1515274047852,124.36363220214844
1763888579070,803.1515274047852,125.36363220214844
1763888579087,804.1515274047852,125.36363220214844
1763888579104,806.1515274047852,126.36363220214844
1763888579120,807.1515274047852,126.36363220214844
1763888579137,808.1515274047852,126.36363220214844
1763888579154,810.1515274047852,126.36363220214844
1763888579170,811.1515274047852,126.36363220214844
1763888579187,813.1515274047852,126.36363220214844
1763888579204,814.1515274047852,126.36363220214844
1763888579221,816.1515274047852,126.36363220214844
1763888579237,819.1515274047852,126.36363220214844
1763888579254,819.1515274047852,127.36363220214844
1763888579270,822.1515274047852,127.36363220214844
1763888579287,823.1515274047852,128.36363220214844
1763888579304,825.1515274047852,128.36363220214844
1763888579320,827.1515274047852,128.36363220214844
1763888579337,827.1515274047852,128.36363220214844
1763888579354,829.1515274047852,129.36363220214844
1763888579370,830.1515274047852,129.36363220214844
1763888579387,831.1515274047852,130.36363220214844
1763888579404,832.1515274047852,130.36363220214844
1763888579420,833.1515274047852,131.36363220214844
1763888579437,834.1515274047852,131.36363220214844
1763888579454,834.1515274047852,132.36363220214844
1763888579470,835.1515274047852,132.36363220214844
1763888579487,835.1515274047852,132.36363220214844
1763888579511,835.1515274047852,133.36363220214844
1763888579526,835.1515274047852,134.36363220214844
1763888579539,834.1515274047852,134.36363220214844
1763888579554,833.1515274047852,134.36363220214844
1763888579570,831.1515274047852,135.36363220214844
1763888579587,830.1515274047852,135.36363220214844
1763888579604,828.1515274047852,135.36363220214844
1763888579620,827.1515274047852,136.36363220214844
1763888579637,826.1515274047852,137.36363220214844
1763888579654,826.1515274047852,138.36363220214844
1763888579670,825.1515274047852,139.36363220214844
1763888579687,825.1515274047852,140.36363220214844
1763888579704,825.1515274047852,141.36363220214844
1763888579720,825.1515274047852,143.36363220214844
1763888579737,825.1515274047852,143.36363220214844
1763888579754,825.1515274047852,145.36363220214844
1763888579770,825.1515274047852,147.36363220214844
1763888579787,825.1515274047852,148.36363220214844
1763888579804,825.1515274047852,149.36363220214844
1763888579821,825.1515274047852,151.36363220214844
1763888579837,825.1515274047852,151.36363220214844
1763888579854,825.1515274047852,153.36363220214844
1763888579870,825.1515274047852,154.36363220214844
1763888579887,825.1515274047852,155.36363220214844
1763888579904,825.1515274047852,157.36363220214844
1763888579920,825.1515274047852,159.36363220214844
1763888579937,825.1515274047852,159.36363220214844
1763888579954,825.1515274047852,161.36363220214844
1763888579970,825.1515274047852,164.36363220214844
1763888579987,825.1515274047852,165.36363220214844
1763888580004,825.1515274047852,167.36363220214844
1763888580020,825.1515274047852,168.36363220214844
1763888580037,825.1515274047852,169.36363220214844
1763888580054,825.1515274047852,171.36363220214844
1763888580070,825.1515274047852,173.36363220214844
1763888580087,825.1515274047852,174.36363220214844
1763888580104,825.1515274047852,175.36363220214844
1763888580120,825.1515274047852,177.36363220214844
1763888580137,825.1515274047852,179.36363220214844
1763888580154,825.1515274047852,180.36363220214844
1763888580170,825.1515274047852,182.36363220214844
1763888580187,825.1515274047852,183.36363220214844
1763888580204,825.1515274047852,184.36363220214844
1763888580220,825.1515274047852,185.36363220214844
1763888580237,825.1515274047852,186.36363220214844
1763888580254,825.1515274047852,188.36363220214844
1763888580271,824.1515274047852,189.36363220214844
1763888580287,824.1515274047852,191.36363220214844
1763888580304,823.1515274047852,192.36363220214844
1763888580320,823.1515274047852,193.36363220214844
1763888580337,822.1515274047852,195.36363220214844
1763888580354,822.1515274047852,197.36363220214844
1763888580370,822.1515274047852,199.36363220214844
1763888580387,821.1515274047852,201.36363220214844
1763888580404,821.1515274047852,203.36363220214844
1763888580420,820.1515274047852,206.36363220214844
1763888580437,820.1515274047852,209.36363220214844
1763888580454,819.1515274047852,212.36363220214844
1763888580470,819.1515274047852,214.36363220214844
1763888580487,818.1515274047852,215.36363220214844
1763888580504,818.1515274047852,218.36363220214844
1763888580523,818.1515274047852,219.36363220214844
1763888580537,818.1515274047852,220.36363220214844
1763888580554,818.1515274047852,222.36363220214844
1763888580570,817.1515274047852,222.36363220214844
1763888580587,817.1515274047852,222.36363220214844
1763888580604,817.1515274047852,223.36363220214844
1763888580620,816.1515274047852,223.36363220214844
1763888580670,816.1515274047852,222.36363220214844
1763888580687,815.1515274047852,220.36363220214844
1763888580704,814.1515274047852,216.36363220214844
1763888580720,814.1515274047852,213.36363220214844
1763888580737,813.1515274047852,209.36363220214844
1763888580754,812.1515274047852,205.36363220214844
1763888580771,811.1515274047852,202.36363220214844
1763888580787,811.1515274047852,198.36363220214844
1763888580804,811.1515274047852,195.36363220214844
1763888580820,810.1515274047852,191.36363220214844
1763888580837,810.1515274047852,189.36363220214844
1763888580854,810.1515274047852,186.36363220214844
1763888580870,810.1515274047852,183.36363220214844
1763888580887,810.1515274047852,181.36363220214844
1763888580904,810.1515274047852,178.36363220214844
1763888580920,810.1515274047852,175.36363220214844
1763888580937,810.1515274047852,174.36363220214844
1763888580954,810.1515274047852,171.36363220214844
1763888580970,810.1515274047852,169.36363220214844
1763888580987,810.1515274047852,168.36363220214844
1763888581004,810.1515274047852,166.36363220214844
1763888581020,810.1515274047852,164.36363220214844
1763888581037,810.1515274047852,162.36363220214844
1763888581054,810.1515274047852,161.36363220214844
1763888581070,810.1515274047852,160.36363220214844
1763888581087,810.1515274047852,158.36363220214844
1763888581103,810.1515274047852,156.36363220214844
1763888581120,810.1515274047852,155.36363220214844
1763888581137,810.1515274047852,154.36363220214844
1763888581153,810.1515274047852,152.36363220214844
1763888581170,811.1515274047852,151.36363220214844
1763888581187,811.1515274047852,149.36363220214844
1763888581203,811.1515274047852,146.36363220214844
1763888581220,812.1515274047852,145.36363220214844
1763888581237,813.1515274047852,142.36363220214844
1763888581254,813.1515274047852,140.36363220214844
1763888581270,814.1515274047852,138.36363220214844
1763888581287,814.1515274047852,137.36363220214844
1763888581303,814.1515274047852,136.36363220214844
1763888581320,814.1515274047852,134.36363220214844
1763888581337,815.1515274047852,132.36363220214844
1763888581353,815.1515274047852,132.36363220214844
1763888581370,815.1515274047852,131.36363220214844
1763888581387,815.1515274047852,130.36363220214844
1763888581403,816.1515274047852,129.36363220214844
1763888581492,816.1515274047852,129.36363220214844
1763888581512,817.1515274047852,129.36363220214844
1763888581520,817.1515274047852,130.36363220214844
1763888581537,818.1515274047852,132.36363220214844
1763888581553,818.1515274047852,134.36363220214844
1763888581570,818.1515274047852,138.36363220214844
1763888581587,819.1515274047852,140.36363220214844
1763888581603,819.1515274047852,144.36363220214844
1763888581620,820.1515274047852,147.36363220214844
1763888581637,820.1515274047852,149.36363220214844
1763888581653,820.1515274047852,152.36363220214844
1763888581670,821.1515274047852,155.36363220214844
1763888581687,821.1515274047852,159.36363220214844
1763888581703,821.1515274047852,161.36363220214844
1763888581720,821.1515274047852,164.36363220214844
1763888581737,821.1515274047852,165.36363220214844
1763888581753,821.1515274047852,166.36363220214844
1763888581770,821.1515274047852,168.36363220214844
1763888581787,821.1515274047852,169.36363220214844
1763888581803,821.1515274047852,171.36363220214844
1763888581820,821.1515274047852,172.36363220214844
1763888581838,821.1515274047852,172.36363220214844
1763888581853,821.1515274047852,173.36363220214844
1763888581870,821.1515274047852,174.36363220214844
1763888581887,821.1515274047852,175.36363220214844
1763888581907,821.1515274047852,176.36363220214844
1763888581920,820.1515274047852,176.36363220214844
1763888581937,819.1515274047852,178.36363220214844
1763888581954,819.1515274047852,179.36363220214844
1763888581970,819.1515274047852,180.36363220214844
1763888581987,818.1515274047852,181.36363220214844
1763888582003,818.1515274047852,182.36363220214844
1763888582020,816.1515274047852,184.36363220214844
1763888582037,816.1515274047852,186.36363220214844
1763888582053,814.1515274047852,188.36363220214844
1763888582070,813.1515274047852,189.36363220214844
1763888582087,813.1515274047852,191.36363220214844
1763888582103,811.1515274047852,193.36363220214844
1763888582120,810.1515274047852,195.36363220214844
1763888582137,809.1515274047852,197.36363220214844
1763888582153,808.1515274047852,199.36363220214844
1763888582170,807.1515274047852,201.36363220214844
1763888582187,807.1515274047852,202.36363220214844
1763888582203,805.1515274047852,203.36363220214844
1763888582220,804.1515274047852,205.36363220214844
1763888582237,804.1515274047852,206.36363220214844
1763888582253,804.1515274047852,207.36363220214844
1763888582270,804.1515274047852,208.36363220214844
1763888582287,803.1515274047852,208.36363220214844
1763888582303,802.1515274047852,208.36363220214844
1763888582320,802.1515274047852,208.36363220214844
1763888582351,802.1515274047852,207.36363220214844
1763888582357,802.1515274047852,206.36363220214844
1763888582370,802.1515274047852,205.36363220214844
1763888582387,801.1515274047852,203.36363220214844
1763888582404,801.1515274047852,201.36363220214844
1763888582420,801.1515274047852,198.36363220214844
1763888582437,801.1515274047852,197.36363220214844
1763888582453,800.1515274047852,195.36363220214844
1763888582470,800.1515274047852,192.36363220214844
1763888582487,800.1515274047852,191.36363220214844
1763888582503,799.1515274047852,188.36363220214844
1763888582520,799.1515274047852,187.36363220214844
1763888582537,799.1515274047852,185.36363220214844
1763888582553,799.1515274047852,182.36363220214844
1763888582570,799.1515274047852,180.36363220214844
1763888582587,798.1515274047852,179.36363220214844
1763888582603,798.1515274047852,177.36363220214844
1763888582620,798.1515274047852,175.36363220214844
1763888582637,798.1515274047852,173.36363220214844
1763888582653,798.1515274047852,171.36363220214844
1763888582670,798.1515274047852,169.36363220214844
1763888582687,798.1515274047852,168.36363220214844
1763888582703,798.1515274047852,166.36363220214844
1763888582720,798.1515274047852,164.36363220214844
1763888582737,798.1515274047852,163.36363220214844
1763888582753,798.1515274047852,161.36363220214844
1763888582770,798.1515274047852,160.36363220214844
1763888582787,798.1515274047852,158.36363220214844
1763888582803,798.1515274047852,157.36363220214844
1763888582820,798.1515274047852,155.36363220214844
1763888582837,798.1515274047852,154.36363220214844
1763888582853,798.1515274047852,152.36363220214844
1763888582870,798.1515274047852,150.36363220214844
1763888582887,798.1515274047852,148.36363220214844
1763888582903,798.1515274047852,147.36363220214844
1763888582920,798.1515274047852,145.36363220214844
1763888582937,798.1515274047852,144.36363220214844
1763888582953,798.1515274047852,143.36363220214844
1763888582970,798.1515274047852,143.36363220214844
1763888583001,798.1515274047852,143.36363220214844
1763888583015,799.1515274047852,143.36363220214844
1763888583035,799.1515274047852,144.36363220214844
1763888583043,799.1515274047852,145.36363220214844
1763888583053,799.1515274047852,146.36363220214844
1763888583070,799.1515274047852,148.36363220214844
1763888583087,801.1515274047852,153.36363220214844
1763888583104,801.1515274047852,155.36363220214844
1763888583120,801.1515274047852,160.36363220214844
1763888583137,801.1515274047852,163.36363220214844
1763888583153,801.1515274047852,168.36363220214844
1763888583170,801.1515274047852,174.36363220214844
1763888583187,801.1515274047852,177.36363220214844
1763888583203,801.1515274047852,182.36363220214844
1763888583220,801.1515274047852,185.36363220214844
1763888583237,801.1515274047852,189.36363220214844
1763888583253,800.1515274047852,192.36363220214844
1763888583270,799.1515274047852,194.36363220214844
1763888583287,799.1515274047852,197.36363220214844
1763888583303,798.1515274047852,199.36363220214844
1763888583320,798.1515274047852,201.36363220214844
1763888583337,798.1515274047852,202.36363220214844
1763888583354,797.1515274047852,203.36363220214844
1763888583370,797.1515274047852,205.36363220214844
1763888583387,796.1515274047852,206.36363220214844
1763888583403,794.1515274047852,208.36363220214844
1763888583420,793.1515274047852,209.36363220214844
1763888583437,793.1515274047852,211.36363220214844
1763888583453,792.1515274047852,211.36363220214844
1763888583470,791.1515274047852,212.36363220214844
1763888583487,790.1515274047852,214.36363220214844
1763888583503,790.1515274047852,214.36363220214844
1763888583520,790.1515274047852,215.36363220214844
1763888583537,789.1515274047852,216.36363220214844
1763888583554,788.1515274047852,217.36363220214844
1763888583570,788.1515274047852,218.36363220214844
1763888583590,787.1515274047852,218.36363220214844
1763888583603,787.1515274047852,219.36363220214844
1763888583620,787.1515274047852,219.36363220214844
1763888583637,786.1515274047852,219.36363220214844
1763888583659,785.1515274047852,219.36363220214844
1763888583673,785.1515274047852,219.36363220214844
1763888583687,784.1515274047852,219.36363220214844
1763888583703,783.1515274047852,219.36363220214844
1763888583720,782.1515274047852,217.36363220214844
1763888583736,781.1515274047852,215.36363220214844
1763888583753,780.1515274047852,213.36363220214844
1763888583770,778.1515274047852,211.36363220214844
1763888583787,776.1515274047852,207.36363220214844
1763888583804,774.1515274047852,205.36363220214844
1763888583820,771.1515274047852,201.36363220214844
1763888583837,769.1515274047852,199.36363220214844
1763888583853,767.1515274047852,194.36363220214844
1763888583870,765.1515274047852,191.36363220214844
1763888583887,764.1515274047852,189.36363220214844
1763888583903,762.1515274047852,185.36363220214844
1763888583920,761.1515274047852,183.36363220214844
1763888583936,759.1515274047852,180.36363220214844
1763888583953,758.1515274047852,179.36363220214844
1763888583970,758.1515274047852,177.36363220214844
1763888583987,756.1515274047852,175.36363220214844
1763888584003,756.1515274047852,174.36363220214844
1763888584020,756.1515274047852,172.36363220214844
1763888584036,755.1515274047852,170.36363220214844
1763888584053,755.1515274047852,169.36363220214844
1763888584070,754.1515274047852,166.36363220214844
1763888584087,754.1515274047852,165.36363220214844
1763888584103,753.1515274047852,162.36363220214844
1763888584120,753.1515274047852,160.36363220214844
1763888584137,753.1515274047852,159.36363220214844
1763888584153,753.1515274047852,157.36363220214844
1763888584170,753.1515274047852,156.36363220214844
1763888584186,753.1515274047852,154.36363220214844
1763888584236,754.1515274047852,154.36363220214844
1763888584255,754.1515274047852,155.36363220214844
1763888584270,754.1515274047852,156.36363220214844
1763888584286,754.1515274047852,157.36363220214844
1763888584303,755.1515274047852,159.36363220214844
1763888584320,756.1515274047852,162.36363220214844
1763888584336,756.1515274047852,164.36363220214844
1763888584353,757.1515274047852,168.36363220214844
1763888584370,759.1515274047852,172.36363220214844
1763888584387,760.1515274047852,177.36363220214844
1763888584403,761.1515274047852,180.36363220214844
1763888584420,762.1515274047852,185.36363220214844
1763888584436,762.1515274047852,189.36363220214844
1763888584453,763.1515274047852,192.36363220214844
1763888584470,764.1515274047852,196.36363220214844
1763888584486,764.1515274047852,200.36363220214844
1763888584503,764.1515274047852,202.36363220214844
1763888584520,765.1515274047852,205.36363220214844
1763888584537,765.1515274047852,209.36363220214844
1763888584553,766.1515274047852,212.36363220214844
1763888584570,767.1515274047852,214.36363220214844
1763888584586,768.1515274047852,217.36363220214844
1763888584603,768.1515274047852,219.36363220214844
1763888584620,768.1515274047852,220.36363220214844
1763888584636,768.1515274047852,223.36363220214844
1763888584653,768.1515274047852,224.36363220214844
1763888584670,768.1515274047852,225.36363220214844
1763888584686,768.1515274047852,226.36363220214844
1763888584703,768.1515274047852,227.36363220214844
1763888584720,768.1515274047852,228.36363220214844
1763888584736,768.1515274047852,228.36363220214844
1763888584753,768.1515274047852,229.36363220214844
1763888584803,768.1515274047852,227.36363220214844
1763888584820,769.1515274047852,225.36363220214844
1763888584836,770.1515274047852,220.36363220214844
1763888584853,770.1515274047852,214.36363220214844
1763888584870,770.1515274047852,209.36363220214844
1763888584886,770.1515274047852,197.36363220214844
1763888584903,770.1515274047852,191.36363220214844
1763888584920,769.1515274047852,180.36363220214844
1763888584936,768.1515274047852,175.36363220214844
1763888584953,768.1515274047852,170.36363220214844
1763888584970,768.1515274047852,165.36363220214844
1763888584986,768.1515274047852,162.36363220214844
1763888585003,768.1515274047852,160.36363220214844
1763888585020,768.1515274047852,159.36363220214844
1763888585036,768.1515274047852,157.36363220214844
1763888585053,768.1515274047852,155.36363220214844
1763888585070,768.1515274047852,154.36363220214844
1763888585086,768.1515274047852,153.36363220214844
1763888585103,768.1515274047852,152.36363220214844
1763888585120,767.1515274047852,151.36363220214844
1763888585136,767.1515274047852,151.36363220214844
1763888585153,766.1515274047852,150.36363220214844
1763888585170,766.1515274047852,148.36363220214844
1763888585186,765.1515274047852,147.36363220214844
1763888585203,765.1515274047852,146.36363220214844
1763888585220,765.1515274047852,143.36363220214844
1763888585236,765.1515274047852,142.36363220214844
1763888585253,765.1515274047852,141.36363220214844
1763888585273,765.1515274047852,140.36363220214844
1763888585320,765.1515274047852,141.36363220214844
1763888585336,765.1515274047852,143.36363220214844
1763888585353,765.1515274047852,145.36363220214844
1763888585370,767.1515274047852,149.36363220214844
1763888585386,768.1515274047852,153.36363220214844
1763888585403,770.1515274047852,158.36363220214844
1763888585420,775.1515274047852,170.36363220214844
1763888585436,780.1515274047852,177.36363220214844
1763888585453,784.1515274047852,185.36363220214844
1763888585470,785.1515274047852,189.36363220214844
1763888585486,786.1515274047852,191.36363220214844
1763888585503,787.1515274047852,193.36363220214844
1763888585520,788.1515274047852,194.36363220214844
1763888585536,789.1515274047852,195.36363220214844
1763888585553,790.1515274047852,195.36363220214844
1763888585570,790.1515274047852,194.36363220214844
1763888585586,790.1515274047852,194.36363220214844
1763888585603,790.1515274047852,192.36363220214844
1763888585620,790.1515274047852,189.36363220214844
1763888585636,790.1515274047852,186.36363220214844
1763888585653,790.1515274047852,182.36363220214844
1763888585670,787.1515274047852,172.36363220214844
1763888585686,785.1515274047852,165.36363220214844
1763888585703,784.1515274047852,156.36363220214844
1763888585720,784.1515274047852,153.36363220214844
1763888585736,784.1515274047852,143.36363220214844
1763888585753,784.1515274047852,138.36363220214844
1763888585770,784.1515274047852,134.36363220214844
1763888585786,785.1515274047852,129.36363220214844
1763888585803,785.1515274047852,127.36363220214844
1763888585820,785.1515274047852,124.36363220214844
1763888585836,785.1515274047852,122.36363220214844
1763888585853,785.1515274047852,121.36363220214844
1763888585869,785.1515274047852,119.36363220214844
1763888585886,786.1515274047852,117.36363220214844
1763888585903,787.1515274047852,116.36363220214844
1763888585920,787.1515274047852,115.36363220214844
1763888585936,787.1515274047852,114.36363220214844
1763888585953,788.1515274047852,112.36363220214844
1763888585970,788.1515274047852,111.36363220214844
1763888585986,789.1515274047852,109.36363220214844
1763888586007,789.1515274047852,109.36363220214844
1763888586020,789.1515274047852,108.36363220214844
1763888586036,789.1515274047852,108.36363220214844
1763888586053,789.1515274047852,107.36363220214844
1763888586103,789.1515274047852,108.36363220214844
1763888586120,789.1515274047852,109.36363220214844
1763888586136,788.1515274047852,111.36363220214844
1763888586153,787.1515274047852,114.36363220214844
1763888586170,785.1515274047852,117.36363220214844
1763888586186,784.1515274047852,119.36363220214844
1763888586203,781.1515274047852,125.36363220214844
1763888586220,779.1515274047852,130.36363220214844
1763888586236,777.1515274047852,144.36363220214844
1763888586253,774.1515274047852,152.36363220214844
1763888586269,773.1515274047852,161.36363220214844
1763888586286,773.1515274047852,171.36363220214844
1763888586303,773.1515274047852,180.36363220214844
1763888586319,773.1515274047852,189.36363220214844
1763888586336,773.1515274047852,197.36363220214844
1763888586353,773.1515274047852,206.36363220214844
1763888586369,774.1515274047852,210.36363220214844
1763888586386,774.1515274047852,217.36363220214844
1763888586403,775.1515274047852,225.36363220214844
1763888586419,776.1515274047852,229.36363220214844
1763888586436,776.1515274047852,237.36363220214844
1763888586453,776.1515274047852,243.36363220214844
1763888586469,776.1515274047852,249.36363220214844
1763888586486,776.1515274047852,255.36363220214844
1763888586503,776.1515274047852,259.36363220214844
1763888586519,776.1515274047852,263.36363220214844
1763888586536,777.1515274047852,265.36363220214844
1763888586553,777.1515274047852,267.36363220214844
1763888586569,778.1515274047852,269.36363220214844
1763888586586,778.1515274047852,272.36363220214844
1763888586603,779.1515274047852,274.36363220214844
1763888586619,779.1515274047852,277.36363220214844
1763888586636,779.1515274047852,278.36363220214844
1763888586653,780.1515274047852,280.36363220214844
1763888586669,781.1515274047852,282.36363220214844
1763888586686,781.1515274047852,283.36363220214844
1763888586706,781.1515274047852,283.36363220214844
1763888586753,781.1515274047852,282.36363220214844
1763888586769,780.1515274047852,280.36363220214844
1763888586786,779.1515274047852,278.36363220214844
1763888586803,778.1515274047852,275.36363220214844
1763888586819,775.1515274047852,269.36363220214844
1763888586836,773.1515274047852,264.36363220214844
1763888586853,770.1515274047852,258.36363220214844
1763888586869,768.1515274047852,254.36363220214844
1763888586886,767.1515274047852,251.36363220214844
1763888586903,765.1515274047852,248.36363220214844
1763888586919,765.1515274047852,245.36363220214844
1763888586936,764.1515274047852,243.36363220214844
1763888586953,763.1515274047852,242.36363220214844
1763888586969,763.1515274047852,240.36363220214844
1763888586986,762.1515274047852,239.36363220214844
1763888587003,762.1515274047852,238.36363220214844
1763888587019,762.1515274047852,237.36363220214844
1763888587036,762.1515274047852,236.36363220214844
1763888587053,762.1515274047852,235.36363220214844
1763888587069,762.1515274047852,234.36363220214844
1763888587088,762.1515274047852,234.36363220214844
1763888587103,762.1515274047852,233.36363220214844
1763888587119,762.1515274047852,232.36363220214844
1763888587136,762.1515274047852,232.36363220214844
1763888587153,762.1515274047852,231.36363220214844
1763888587169,763.1515274047852,231.36363220214844
1763888587186,764.1515274047852,231.36363220214844
1763888587203,764.1515274047852,231.36363220214844
1763888587219,764.1515274047852,231.36363220214844
1763888587236,765.1515274047852,232.36363220214844
1763888587253,766.1515274047852,235.36363220214844
1763888587269,768.1515274047852,239.36363220214844
1763888587286,770.1515274047852,242.36363220214844
1763888587303,772.1515274047852,246.36363220214844
1763888587319,774.1515274047852,249.36363220214844
1763888587336,776.1515274047852,251.36363220214844
1763888587353,778.1515274047852,253.36363220214844
1763888587369,778.1515274047852,254.36363220214844
1763888587386,780.1515274047852,255.36363220214844
1763888587403,781.1515274047852,257.36363220214844
1763888587419,783.1515274047852,257.36363220214844
1763888587436,784.1515274047852,258.36363220214844
1763888587453,784.1515274047852,258.36363220214844
1763888587469,785.1515274047852,258.36363220214844
1763888587486,786.1515274047852,258.36363220214844
1763888587503,787.1515274047852,257.36363220214844
1763888587519,788.1515274047852,256.36363220214844
1763888587536,788.1515274047852,254.36363220214844
1763888587553,789.1515274047852,248.36363220214844
1763888587569,789.1515274047852,244.36363220214844
1763888587586,789.1515274047852,237.36363220214844
1763888587603,789.1515274047852,231.36363220214844
1763888587619,789.1515274047852,226.36363220214844
1763888587636,789.1515274047852,221.36363220214844
1763888587653,789.1515274047852,219.36363220214844
1763888587669,790.1515274047852,215.36363220214844
1763888587686,790.1515274047852,214.36363220214844
1763888587703,791.1515274047852,212.36363220214844
1763888587719,791.1515274047852,212.36363220214844
1763888587736,791.1515274047852,212.36363220214844
1763888587753,793.1515274047852,212.36363220214844
1763888587769,793.1515274047852,212.36363220214844
1763888587786,794.1515274047852,212.36363220214844
1763888587803,795.1515274047852,212.36363220214844
1763888587819,795.1515274047852,213.36363220214844
1763888587836,796.1515274047852,215.36363220214844
1763888587853,797.1515274047852,217.36363220214844
1763888587869,798.1515274047852,220.36363220214844
1763888587886,799.1515274047852,224.36363220214844
1763888587903,801.1515274047852,228.36363220214844
1763888587919,803.1515274047852,233.36363220214844
1763888587936,805.1515274047852,238.36363220214844
1763888587952,807.1515274047852,243.36363220214844
1763888587969,809.1515274047852,247.36363220214844
1763888587986,810.1515274047852,251.36363220214844
1763888588003,813.1515274047852,257.36363220214844
1763888588019,814.1515274047852,261.36363220214844
1763888588036,816.1515274047852,267.36363220214844
1763888588053,818.1515274047852,271.36363220214844
1763888588069,819.1515274047852,274.36363220214844
1763888588086,820.1515274047852,277.36363220214844
1763888588103,821.1515274047852,279.36363220214844
1763888588119,822.1515274047852,281.36363220214844
1763888588136,822.1515274047852,282.36363220214844
1763888588153,823.1515274047852,284.36363220214844
1763888588169,824.1515274047852,285.36363220214844
1763888588186,824.1515274047852,286.36363220214844
1763888588209,824.1515274047852,286.36363220214844
1763888588219,824.1515274047852,286.36363220214844
1763888588236,825.1515274047852,286.36363220214844
1763888588253,825.1515274047852,287.36363220214844
1763888588269,826.1515274047852,288.36363220214844
1763888588286,827.1515274047852,288.36363220214844
1763888588302,827.1515274047852,289.36363220214844
1763888588361,827.1515274047852,289.36363220214844
1763888588369,827.1515274047852,288.36363220214844
1763888588386,828.1515274047852,288.36363220214844
1763888588402,828.1515274047852,285.36363220214844
1763888588419,828.1515274047852,282.36363220214844
1763888588436,828.1515274047852,279.36363220214844
1763888588452,828.1515274047852,276.36363220214844
1763888588469,827.1515274047852,274.36363220214844
1763888588486,827.1515274047852,272.36363220214844
1763888588503,827.1515274047852,272.36363220214844
1763888588519,827.1515274047852,271.36363220214844
1763888588536,826.1515274047852,271.36363220214844
1763888588586,826.1515274047852,271.36363220214844
1763888588603,826.1515274047852,272.36363220214844
1763888588619,826.1515274047852,275.36363220214844
1763888588636,826.1515274047852,276.36363220214844
1763888588652,826.1515274047852,279.36363220214844
1763888588669,826.1515274047852,280.36363220214844
1763888588686,826.1515274047852,283.36363220214844
1763888588702,826.1515274047852,288.36363220214844
1763888588719,826.1515274047852,291.36363220214844
1763888588736,826.1515274047852,298.36363220214844
1763888588752,826.1515274047852,302.36363220214844
1763888588769,826.1515274047852,305.36363220214844
1763888588786,826.1515274047852,309.36363220214844
1763888588803,826.1515274047852,312.36363220214844
1763888588819,826.1515274047852,315.36363220214844
1763888588836,826.1515274047852,317.36363220214844
1763888588853,826.1515274047852,319.36363220214844
1763888588869,826.1515274047852,320.36363220214844
1763888588886,826.1515274047852,322.36363220214844
1763888588902,826.1515274047852,323.36363220214844
1763888588919,826.1515274047852,324.36363220214844
1763888588936,826.1515274047852,325.36363220214844
1763888588952,826.1515274047852,326.36363220214844
1763888588970,826.1515274047852,327.36363220214844
1763888589033,826.1515274047852,326.36363220214844
1763888589040,826.1515274047852,326.36363220214844
1763888589052,826.1515274047852,325.36363220214844
1763888589069,825.1515274047852,323.36363220214844
1763888589086,825.1515274047852,321.36363220214844
1763888589102,824.1515274047852,319.36363220214844
1763888589119,822.1515274047852,314.36363220214844
1763888589136,821.1515274047852,311.36363220214844
1763888589152,818.1515274047852,304.36363220214844
1763888589169,816.1515274047852,297.36363220214844
1763888589186,814.1515274047852,288.36363220214844
1763888589202,813.1515274047852,277.36363220214844
1763888589219,812.1515274047852,269.36363220214844
1763888589236,812.1515274047852,260.36363220214844
1763888589253,812.1515274047852,253.36363220214844
1763888589269,813.1515274047852,246.36363220214844
1763888589286,814.1515274047852,240.36363220214844
1763888589302,814.1515274047852,235.36363220214844
1763888589319,815.1515274047852,228.36363220214844
1763888589336,815.1515274047852,224.36363220214844
1763888589352,815.1515274047852,220.36363220214844
1763888589369,815.1515274047852,217.36363220214844
1763888589386,815.1515274047852,214.36363220214844
1763888589402,815.1515274047852,211.36363220214844
1763888589419,815.1515274047852,208.36363220214844
1763888589436,816.1515274047852,206.36363220214844
1763888589452,816.1515274047852,205.36363220214844
1763888589469,816.1515274047852,204.36363220214844
1763888589490,817.1515274047852,204.36363220214844
1763888589505,818.1515274047852,204.36363220214844
1763888589519,819.1515274047852,206.36363220214844
1763888589536,819.1515274047852,209.36363220214844
1763888589553,820.1515274047852,211.36363220214844
1763888589569,821.1515274047852,214.36363220214844
1763888589586,821.1515274047852,216.36363220214844
1763888589602,821.1515274047852,218.36363220214844
1763888589619,822.1515274047852,220.36363220214844
1763888589636,823.1515274047852,223.36363220214844
1763888589652,824.1515274047852,226.36363220214844
1763888589669,825.1515274047852,228.36363220214844
1763888589686,825.1515274047852,231.36363220214844
1763888589702,825.1515274047852,231.36363220214844
1763888589719,827.1515274047852,233.36363220214844
1763888589736,827.1515274047852,234.36363220214844
1763888589752,827.1515274047852,234.36363220214844
1763888589769,828.1515274047852,234.36363220214844
1763888589819,828.1515274047852,234.36363220214844
1763888589836,828.1515274047852,233.36363220214844
1763888589852,828.1515274047852,231.36363220214844
1763888589869,828.1515274047852,230.36363220214844
1763888589886,828.1515274047852,228.36363220214844
1763888589902,828.1515274047852,228.36363220214844
1763888589919,827.1515274047852,226.36363220214844
1763888589936,827.1515274047852,225.36363220214844
1763888589952,826.1515274047852,225.36363220214844
1763888589969,826.1515274047852,224.36363220214844
1763888589989,825.1515274047852,225.36363220214844
1763888590002,825.1515274047852,225.36363220214844
1763888590019,825.1515274047852,228.36363220214844
1763888590036,825.1515274047852,230.36363220214844
1763888590052,825.1515274047852,235.36363220214844
1763888590069,824.1515274047852,239.36363220214844
1763888590086,823.1515274047852,249.36363220214844
1763888590102,822.1515274047852,254.36363220214844
1763888590119,822.1515274047852,259.36363220214844
1763888590136,821.1515274047852,262.36363220214844
1763888590152,821.1515274047852,263.36363220214844
1763888590169,820.1515274047852,265.36363220214844
1763888590190,820.1515274047852,264.36363220214844
1763888590203,819.1515274047852,264.36363220214844
1763888590219,819.1515274047852,260.36363220214844
1763888590236,818.1515274047852,255.36363220214844
1763888590252,816.1515274047852,247.36363220214844
1763888590269,814.1515274047852,242.36363220214844
1763888590286,811.1515274047852,237.36363220214844
1763888590302,808.1515274047852,231.36363220214844
1763888590319,806.1515274047852,228.36363220214844
1763888590336,801.1515274047852,222.36363220214844
1763888590352,798.1515274047852,219.36363220214844
1763888590369,796.1515274047852,217.36363220214844
1763888590385,791.1515274047852,214.36363220214844
1763888590402,789.1515274047852,212.36363220214844
1763888590419,785.1515274047852,209.36363220214844
1763888590436,782.1515274047852,209.36363220214844
1763888590452,779.1515274047852,209.36363220214844
1763888590469,777.1515274047852,209.36363220214844
1763888590486,775.1515274047852,209.36363220214844
1763888590502,771.1515274047852,210.36363220214844
1763888590519,770.1515274047852,212.36363220214844
1763888590536,767.1515274047852,214.36363220214844
1763888590552,764.1515274047852,218.36363220214844
1763888590569,763.1515274047852,220.36363220214844
1763888590585,760.1515274047852,224.36363220214844
1763888590602,758.1515274047852,226.36363220214844
1763888590619,756.1515274047852,230.36363220214844
1763888590635,755.1515274047852,231.36363220214844
1763888590652,753.1515274047852,232.36363220214844
1763888590669,753.1515274047852,233.36363220214844
1763888590686,752.1515274047852,234.36363220214844
1763888590702,751.1515274047852,234.36363220214844
1763888590719,750.1515274047852,234.36363220214844
1763888590735,749.1515274047852,233.36363220214844
1763888590752,748.1515274047852,231.36363220214844
1763888590769,747.1515274047852,229.36363220214844
1763888590786,747.1515274047852,226.36363220214844
1763888590802,746.1515274047852,225.36363220214844
1763888590819,746.1515274047852,223.36363220214844
1763888590835,745.1515274047852,221.36363220214844
1763888590852,745.1515274047852,220.36363220214844
1763888590869,744.1515274047852,218.36363220214844
1763888590885,744.1515274047852,217.36363220214844
1763888590902,744.1515274047852,217.36363220214844
1763888590919,744.1515274047852,216.36363220214844
1763888590945,744.1515274047852,217.36363220214844
1763888590958,744.1515274047852,218.36363220214844
1763888590969,744.1515274047852,219.36363220214844
1763888590985,744.1515274047852,221.36363220214844
1763888591002,745.1515274047852,227.36363220214844
1763888591019,745.1515274047852,234.36363220214844
1763888591035,746.1515274047852,245.36363220214844
1763888591052,746.1515274047852,251.36363220214844
1763888591069,746.1515274047852,258.36363220214844
1763888591085,746.1515274047852,260.36363220214844
1763888591102,746.1515274047852,262.36363220214844
1763888591119,746.1515274047852,264.36363220214844
1763888591135,746.1515274047852,265.36363220214844
1763888591152,746.1515274047852,266.36363220214844
1763888591169,746.1515274047852,267.36363220214844
1763888591185,746.1515274047852,268.36363220214844
1763888591202,747.1515274047852,268.36363220214844
1763888591219,747.1515274047852,269.36363220214844
1763888591269,748.1515274047852,271.36363220214844
1763888591285,751.1515274047852,274.36363220214844
1763888591302,756.1515274047852,283.36363220214844
1763888591319,764.1515274047852,303.36363220214844
1763888591335,768.1515274047852,322.36363220214844
1763888591352,770.1515274047852,338.36363220214844
1763888591369,773.1515274047852,363.36363220214844
1763888591386,774.1515274047852,377.36363220214844
1763888591685,774.1515274047852,333.36363220214844
1763888591702,774.1515274047852,325.36363220214844
1763888591719,774.1515274047852,320.36363220214844
1763888591735,774.1515274047852,317.36363220214844
1763888591762,774.1515274047852,317.36363220214844
1763888591776,774.1515274047852,316.36363220214844
1763888591859,774.1515274047852,317.36363220214844
1763888591879,774.1515274047852,317.36363220214844
1763888591886,774.1515274047852,318.36363220214844
1763888591902,774.1515274047852,319.36363220214844
1763888591919,774.1515274047852,320.36363220214844
1763888591969,774.1515274047852,320.36363220214844
1763888591985,774.1515274047852,321.36363220214844
1763888592002,774.1515274047852,322.36363220214844
1763888593798,773.1515274047852,51.18182373046875
1763888593805,773.1515274047852,54.18182373046875
1763888593818,773.1515274047852,58.18182373046875
1763888593835,774.1515274047852,68.18182373046875
1763888593852,775.1515274047852,73.18182373046875
1763888593868,776.1515274047852,79.18182373046875
1763888593885,776.1515274047852,81.18182373046875
1763888593902,776.1515274047852,84.18182373046875
1763888593918,776.1515274047852,85.18182373046875
1763888593935,776.1515274047852,85.18182373046875
1763888593952,776.1515274047852,87.18182373046875
1763888593972,776.1515274047852,87.18182373046875
1763888593986,776.1515274047852,88.18182373046875
1763888594035,776.1515274047852,87.18182373046875
1763888594052,776.1515274047852,87.18182373046875
1763888594068,775.1515274047852,85.18182373046875
1763888594085,774.1515274047852,82.18182373046875
1763888594102,773.1515274047852,81.18182373046875
1763888594118,771.1515274047852,77.18182373046875
1763888594135,769.1515274047852,76.18182373046875
1763888594152,767.1515274047852,73.18182373046875
1763888594168,766.1515274047852,72.18182373046875
1763888594185,765.1515274047852,70.18182373046875
1763888594202,764.1515274047852,67.18182373046875
1763888594218,763.1515274047852,65.18182373046875
1763888594235,762.1515274047852,64.18182373046875
1763888594252,762.1515274047852,62.18182373046875
1763888594268,761.1515274047852,61.18182373046875
1763888594285,761.1515274047852,60.18182373046875
1763888594302,761.1515274047852,58.18182373046875
1763888594318,761.1515274047852,57.18182373046875
1763888594335,761.1515274047852,56.18182373046875
1763888594352,761.1515274047852,55.18182373046875
1763888594368,761.1515274047852,54.18182373046875
1763888594385,761.1515274047852,53.18182373046875
1763888594402,761.1515274047852,51.18182373046875
1763888594418,761.1515274047852,50.18182373046875
1763888594435,761.1515274047852,48.18182373046875
1763888594452,761.1515274047852,45.18182373046875
1763888594468,761.1515274047852,44.18182373046875
1763888594485,761.1515274047852,41.18182373046875
1763888594502,761.1515274047852,40.18182373046875
1763888594518,761.1515274047852,37.18182373046875
1763888594535,761.1515274047852,36.18182373046875
1763888594552,761.1515274047852,36.18182373046875
1763888594568,761.1515274047852,34.18182373046875
1763888594585,761.1515274047852,33.18182373046875
1763888594602,761.1515274047852,33.18182373046875
1763888594618,761.1515274047852,31.18182373046875
1763888594635,761.1515274047852,31.18182373046875
1763888594652,762.1515274047852,30.18182373046875
1763888594671,762.1515274047852,30.18182373046875
1763888594685,762.1515274047852,29.18182373046875
1763888594735,762.1515274047852,29.18182373046875
1763888594803,763.1515274047852,29.18182373046875
1763888594851,763.1515274047852,30.18182373046875
1763888594868,763.1515274047852,30.18182373046875
1763888594885,763.1515274047852,31.18182373046875
1763888594902,763.1515274047852,32.18182373046875
1763888594918,763.1515274047852,33.18182373046875
1763888594935,763.1515274047852,35.18182373046875
1763888594952,763.1515274047852,36.18182373046875
1763888594968,763.1515274047852,37.18182373046875
1763888594985,763.1515274047852,38.18182373046875
1763888595002,763.1515274047852,39.18182373046875
1763888595019,763.1515274047852,40.18182373046875
1763888595035,763.1515274047852,41.18182373046875
1763888595052,763.1515274047852,41.18182373046875
1763888595073,763.1515274047852,42.18182373046875
1763888595149,763.1515274047852,41.18182373046875
1763888595156,763.1515274047852,41.18182373046875
1763888595169,763.1515274047852,40.18182373046875
1763888595185,763.1515274047852,39.18182373046875
1763888595202,763.1515274047852,37.18182373046875
1763888595218,763.1515274047852,36.18182373046875
1763888595235,763.1515274047852,35.18182373046875
1763888595252,763.1515274047852,33.18182373046875
1763888595268,763.1515274047852,31.18182373046875
1763888595285,764.1515274047852,29.18182373046875
1763888595301,764.1515274047852,27.18182373046875
1763888595318,765.1515274047852,25.18182373046875
1763888595335,765.1515274047852,22.18182373046875
1763888595352,767.1515274047852,20.18182373046875
1763888595368,767.1515274047852,19.18182373046875
1763888595385,768.1515274047852,17.18182373046875
1763888595401,769.1515274047852,16.18182373046875
1763888595418,770.1515274047852,15.18182373046875
1763888595435,771.1515274047852,15.18182373046875
1763888595452,771.1515274047852,14.18182373046875
1763888595468,772.1515274047852,14.18182373046875
1763888595485,773.1515274047852,14.18182373046875
1763888595502,773.1515274047852,13.18182373046875
1763888595518,773.1515274047852,13.18182373046875
1763888595536,774.1515274047852,13.18182373046875
1763888595557,774.1515274047852,13.18182373046875
1763888595578,775.1515274047852,13.18182373046875
1763888595620,776.1515274047852,13.18182373046875
1763888595635,776.1515274047852,13.18182373046875
1763888595654,777.1515274047852,13.18182373046875
1763888595675,778.1515274047852,13.18182373046875
1763888595688,778.1515274047852,13.18182373046875
1763888595709,779.1515274047852,13.18182373046875
1763888595730,779.1515274047852,13.18182373046875
1763888595744,779.1515274047852,13.18182373046875
1763888595752,780.1515274047852,13.18182373046875
1763888595768,781.1515274047852,14.18182373046875
1763888595785,781.1515274047852,14.18182373046875
1763888595801,782.1515274047852,14.18182373046875
1763888595818,782.1515274047852,14.18182373046875
1763888595835,784.1515274047852,14.18182373046875
1763888595855,785.1515274047852,14.18182373046875
1763888595870,786.1515274047852,14.18182373046875
1763888595885,787.1515274047852,14.18182373046875
1763888595902,787.1515274047852,15.18182373046875
1763888595918,788.1515274047852,15.18182373046875
1763888595935,789.1515274047852,16.18182373046875
1763888595951,790.1515274047852,16.18182373046875
1763888595968,791.1515274047852,16.18182373046875
1763888595985,791.1515274047852,16.18182373046875
1763888596001,792.1515274047852,17.18182373046875
1763888596018,793.1515274047852,17.18182373046875
1763888596035,793.1515274047852,17.18182373046875
1763888596051,793.1515274047852,17.18182373046875
1763888596068,794.1515274047852,18.18182373046875
1763888596085,794.1515274047852,18.18182373046875
1763888596102,794.1515274047852,19.18182373046875
1763888596118,795.1515274047852,19.18182373046875
1763888596135,796.1515274047852,20.18182373046875
1763888596153,796.1515274047852,21.18182373046875
1763888596168,796.1515274047852,21.18182373046875
1763888596185,797.1515274047852,21.18182373046875
1763888596208,798.1515274047852,22.18182373046875
1763888596229,798.1515274047852,22.18182373046875
1763888596250,798.1515274047852,23.18182373046875
1763888596285,799.1515274047852,24.18182373046875
1763888596305,800.1515274047852,25.18182373046875
1763888596326,801.1515274047852,25.18182373046875
1763888596347,801.1515274047852,25.18182373046875
1763888596385,802.1515274047852,26.18182373046875
1763888596401,802.1515274047852,27.18182373046875
1763888596418,803.1515274047852,27.18182373046875
1763888596435,804.1515274047852,28.18182373046875
1763888596451,804.1515274047852,28.18182373046875
1763888596472,805.1515274047852,28.18182373046875
1763888596492,805.1515274047852,29.18182373046875
1763888596506,805.1515274047852,30.18182373046875
1763888596533,806.1515274047852,30.18182373046875
1763888596548,806.1515274047852,31.18182373046875
1763888596561,807.1515274047852,31.18182373046875
1763888596575,807.1515274047852,32.18182373046875
1763888596596,807.1515274047852,33.18182373046875
1763888596609,807.1515274047852,33.18182373046875
1763888596618,807.1515274047852,34.18182373046875
1763888596635,807.1515274047852,34.18182373046875
1763888596651,807.1515274047852,36.18182373046875
1763888596668,807.1515274047852,36.18182373046875
1763888596685,808.1515274047852,37.18182373046875
1763888596701,808.1515274047852,39.18182373046875
1763888596718,808.1515274047852,40.18182373046875
1763888596735,808.1515274047852,42.18182373046875
1763888596751,808.1515274047852,42.18182373046875
1763888596768,808.1515274047852,44.18182373046875
1763888596785,808.1515274047852,45.18182373046875
1763888596801,808.1515274047852,45.18182373046875
1763888596818,809.1515274047852,47.18182373046875
1763888596835,809.1515274047852,47.18182373046875
1763888596851,809.1515274047852,48.18182373046875
1763888596868,809.1515274047852,49.18182373046875
1763888596885,810.1515274047852,50.18182373046875
1763888596901,810.1515274047852,51.18182373046875
1763888596918,810.1515274047852,51.18182373046875
1763888596935,810.1515274047852,53.18182373046875
1763888596956,810.1515274047852,53.18182373046875
1763888597001,810.1515274047852,54.18182373046875
1763888597018,810.1515274047852,55.18182373046875
1763888597035,810.1515274047852,56.18182373046875
1763888597051,809.1515274047852,57.18182373046875
1763888597068,809.1515274047852,58.18182373046875
1763888597085,809.1515274047852,59.18182373046875
1763888597101,808.1515274047852,59.18182373046875
1763888597118,808.1515274047852,60.18182373046875
1763888597135,807.1515274047852,61.18182373046875
1763888597151,807.1515274047852,62.18182373046875
1763888597168,806.1515274047852,62.18182373046875
1763888597185,805.1515274047852,64.18182373046875
1763888597212,805.1515274047852,64.18182373046875
1763888597219,805.1515274047852,65.18182373046875
1763888597234,805.1515274047852,65.18182373046875
1763888597251,804.1515274047852,66.18182373046875
1763888597268,804.1515274047852,67.18182373046875
1763888597285,804.1515274047852,67.18182373046875
1763888597301,803.1515274047852,68.18182373046875
1763888597318,802.1515274047852,68.18182373046875
1763888597335,802.1515274047852,69.18182373046875
1763888597351,802.1515274047852,70.18182373046875
1763888597368,801.1515274047852,70.18182373046875
1763888597385,801.1515274047852,71.18182373046875
1763888597401,801.1515274047852,71.18182373046875
1763888597418,800.1515274047852,72.18182373046875
1763888597434,799.1515274047852,74.18182373046875
1763888597451,799.1515274047852,74.18182373046875
1763888597468,799.1515274047852,75.18182373046875
1763888597485,798.1515274047852,76.18182373046875
1763888597501,798.1515274047852,76.18182373046875
1763888597518,798.1515274047852,77.18182373046875
1763888597535,797.1515274047852,77.18182373046875
1763888597551,796.1515274047852,79.18182373046875
1763888597568,796.1515274047852,80.18182373046875
1763888597585,795.1515274047852,81.18182373046875
1763888597601,795.1515274047852,81.18182373046875
1763888597618,795.1515274047852,82.18182373046875
1763888597635,794.1515274047852,82.18182373046875
1763888597651,794.1515274047852,83.18182373046875
1763888597668,793.1515274047852,84.18182373046875
1763888597684,793.1515274047852,84.18182373046875
1763888597701,793.1515274047852,84.18182373046875
1763888597718,793.1515274047852,85.18182373046875
1763888597849,793.1515274047852,84.18182373046875
1763888597884,793.1515274047852,83.18182373046875
1763888597901,793.1515274047852,82.18182373046875
1763888597918,794.1515274047852,81.18182373046875
1763888597934,794.1515274047852,79.18182373046875
1763888597951,794.1515274047852,76.18182373046875
1763888597968,795.1515274047852,73.18182373046875
1763888597985,795.1515274047852,72.18182373046875
1763888598001,796.1515274047852,70.18182373046875
1763888598018,796.1515274047852,66.18182373046875
1763888598035,796.1515274047852,62.18182373046875
1763888598051,796.1515274047852,57.18182373046875
1763888598068,796.1515274047852,54.18182373046875
1763888598085,795.1515274047852,51.18182373046875
1763888598101,795.1515274047852,50.18182373046875
1763888598118,795.1515274047852,49.18182373046875
1763888598134,795.1515274047852,47.18182373046875
1763888598151,795.1515274047852,45.18182373046875
1763888598168,795.1515274047852,44.18182373046875
1763888598184,795.1515274047852,43.18182373046875
1763888598201,795.1515274047852,42.18182373046875
1763888598218,795.1515274047852,39.18182373046875
1763888598235,795.1515274047852,38.18182373046875
1763888598251,795.1515274047852,37.18182373046875
1763888598271,795.1515274047852,36.18182373046875
1763888598286,795.1515274047852,36.18182373046875
1763888598301,795.1515274047852,34.18182373046875
1763888598318,795.1515274047852,34.18182373046875
1763888598334,795.1515274047852,33.18182373046875
1763888598351,795.1515274047852,32.18182373046875
1763888598368,795.1515274047852,31.18182373046875
1763888598384,795.1515274047852,30.18182373046875
1763888598401,795.1515274047852,30.18182373046875
1763888598418,795.1515274047852,28.18182373046875
1763888598434,795.1515274047852,28.18182373046875
1763888598451,795.1515274047852,27.18182373046875
1763888598501,796.1515274047852,28.18182373046875
1763888598518,796.1515274047852,29.18182373046875
1763888598534,797.1515274047852,30.18182373046875
1763888598551,797.1515274047852,31.18182373046875
1763888598568,798.1515274047852,33.18182373046875
1763888598584,798.1515274047852,34.18182373046875
1763888598601,798.1515274047852,36.18182373046875
1763888598618,799.1515274047852,37.18182373046875
1763888598634,799.1515274047852,40.18182373046875
1763888598651,800.1515274047852,41.18182373046875
1763888598668,800.1515274047852,44.18182373046875
1763888598685,801.1515274047852,45.18182373046875
1763888598701,801.1515274047852,47.18182373046875
1763888598718,802.1515274047852,49.18182373046875
1763888598734,802.1515274047852,50.18182373046875
1763888598751,803.1515274047852,51.18182373046875
1763888598768,803.1515274047852,52.18182373046875
1763888598784,803.1515274047852,53.18182373046875
1763888598801,803.1515274047852,54.18182373046875
1763888598818,804.1515274047852,54.18182373046875
1763888598834,804.1515274047852,56.18182373046875
1763888598851,804.1515274047852,56.18182373046875
1763888598868,804.1515274047852,57.18182373046875
1763888598884,805.1515274047852,58.18182373046875
1763888598901,805.1515274047852,59.18182373046875
1763888598918,805.1515274047852,60.18182373046875
1763888598935,805.1515274047852,61.18182373046875
1763888598951,805.1515274047852,62.18182373046875
1763888598968,805.1515274047852,63.18182373046875
1763888598985,805.1515274047852,64.18182373046875
1763888599075,805.1515274047852,62.18182373046875
1763888599084,805.1515274047852,62.18182373046875
1763888599101,805.1515274047852,61.18182373046875
1763888599118,805.1515274047852,57.18182373046875
1763888599134,804.1515274047852,54.18182373046875
1763888599151,803.1515274047852,51.18182373046875
1763888599168,802.1515274047852,49.18182373046875
1763888599184,801.1515274047852,47.18182373046875
1763888599201,801.1515274047852,45.18182373046875
1763888599218,801.1515274047852,44.18182373046875
1763888599234,799.1515274047852,41.18182373046875
1763888599251,799.1515274047852,41.18182373046875
1763888599268,798.1515274047852,39.18182373046875
1763888599284,797.1515274047852,37.18182373046875
1763888599301,796.1515274047852,36.18182373046875
1763888599318,795.1515274047852,35.18182373046875
1763888599334,794.1515274047852,34.18182373046875
1763888599351,793.1515274047852,34.18182373046875
1763888599368,793.1515274047852,33.18182373046875
1763888599384,792.1515274047852,31.18182373046875
1763888599401,790.1515274047852,31.18182373046875
1763888599418,788.1515274047852,30.18182373046875
1763888599434,788.1515274047852,28.18182373046875
1763888599451,785.1515274047852,27.18182373046875
1763888599468,784.1515274047852,25.18182373046875
1763888599484,783.1515274047852,25.18182373046875
1763888599501,782.1515274047852,24.18182373046875
1763888599518,781.1515274047852,24.18182373046875
1763888599534,779.1515274047852,24.18182373046875
1763888599552,779.1515274047852,24.18182373046875
1763888599567,778.1515274047852,25.18182373046875
1763888599587,778.1515274047852,26.18182373046875
1763888599601,778.1515274047852,27.18182373046875
1763888599618,777.1515274047852,28.18182373046875
1763888599634,777.1515274047852,30.18182373046875
1763888599651,776.1515274047852,31.18182373046875
1763888599668,775.1515274047852,32.18182373046875
1763888599684,775.1515274047852,33.18182373046875
1763888599701,774.1515274047852,35.18182373046875
1763888599717,774.1515274047852,37.18182373046875
1763888599734,774.1515274047852,39.18182373046875
1763888599751,774.1515274047852,41.18182373046875
1763888599767,774.1515274047852,45.18182373046875
1763888599784,774.1515274047852,48.18182373046875
1763888599801,774.1515274047852,51.18182373046875
1763888599817,776.1515274047852,54.18182373046875
1763888599834,776.1515274047852,56.18182373046875
1763888599851,776.1515274047852,59.18182373046875
1763888599868,776.1515274047852,59.18182373046875
1763888599884,776.1515274047852,61.18182373046875
1763888599901,778.1515274047852,62.18182373046875
1763888599917,778.1515274047852,62.18182373046875
1763888599934,778.1515274047852,63.18182373046875
1763888599951,779.1515274047852,63.18182373046875
1763888599967,779.1515274047852,63.18182373046875
1763888599984,780.1515274047852,63.18182373046875
1763888600016,781.1515274047852,62.18182373046875
1763888600030,781.1515274047852,61.18182373046875
1763888600037,781.1515274047852,61.18182373046875
1763888600051,781.1515274047852,59.18182373046875
1763888600068,782.1515274047852,56.18182373046875
1763888600084,782.1515274047852,53.18182373046875
1763888600101,782.1515274047852,48.18182373046875
1763888600118,782.1515274047852,46.18182373046875
1763888600134,782.1515274047852,44.18182373046875
1763888600151,782.1515274047852,42.18182373046875
1763888600168,782.1515274047852,39.18182373046875
1763888600184,781.1515274047852,36.18182373046875
1763888600201,781.1515274047852,34.18182373046875
1763888600218,780.1515274047852,32.18182373046875
1763888600235,780.1515274047852,30.18182373046875
1763888600251,780.1515274047852,29.18182373046875
1763888600267,779.1515274047852,27.18182373046875
1763888600474,771.1515274047852,17.18182373046875
1763888600486,771.1515274047852,18.18182373046875
1763888600501,771.1515274047852,19.18182373046875
1763888600517,771.1515274047852,21.18182373046875
1763888600534,771.1515274047852,22.18182373046875
1763888600551,771.1515274047852,24.18182373046875
1763888600568,771.1515274047852,25.18182373046875
1763888600584,772.1515274047852,27.18182373046875
1763888600601,772.1515274047852,29.18182373046875
1763888600617,773.1515274047852,30.18182373046875
1763888600634,773.1515274047852,31.18182373046875
1763888600651,774.1515274047852,31.18182373046875
1763888600668,774.1515274047852,32.18182373046875
1763888600695,775.1515274047852,32.18182373046875
1763888600702,776.1515274047852,32.18182373046875
1763888600717,776.1515274047852,32.18182373046875
1763888600734,778.1515274047852,31.18182373046875
1763888600751,779.1515274047852,30.18182373046875
1763888600767,780.1515274047852,28.18182373046875
1763888600784,781.1515274047852,28.18182373046875
1763888600801,784.1515274047852,25.18182373046875
1763888600818,785.1515274047852,24.18182373046875
1763888600834,787.1515274047852,23.18182373046875
1763888600851,788.1515274047852,22.18182373046875
1763888600867,789.1515274047852,21.18182373046875
1763888600884,791.1515274047852,19.18182373046875
1763888600901,791.1515274047852,18.18182373046875
1763888600917,792.1515274047852,17.18182373046875
1763888600934,793.1515274047852,16.18182373046875
1763888600951,794.1515274047852,15.18182373046875
1763888600967,794.1515274047852,14.18182373046875
1763888600984,794.1515274047852,14.18182373046875
1763888601001,794.1515274047852,13.18182373046875
1763888601017,793.1515274047852,12.18182373046875
1763888601084,789.1515274047852,12.18182373046875
1763888601101,788.1515274047852,12.18182373046875
1763888601117,787.1515274047852,13.18182373046875
1763888601134,785.1515274047852,14.18182373046875
1763888601151,785.1515274047852,14.18182373046875
1763888601167,782.1515274047852,16.18182373046875
1763888601184,781.1515274047852,16.18182373046875
1763888601201,779.1515274047852,17.18182373046875
1763888601217,778.1515274047852,19.18182373046875
1763888601234,776.1515274047852,19.18182373046875
1763888601251,775.1515274047852,21.18182373046875
1763888601267,774.1515274047852,22.18182373046875
1763888601284,773.1515274047852,22.18182373046875
1763888601301,772.1515274047852,25.18182373046875
1763888601317,771.1515274047852,27.18182373046875
1763888601334,769.1515274047852,29.18182373046875
1763888601351,768.1515274047852,30.18182373046875
1763888601367,768.1515274047852,33.18182373046875
1763888601384,768.1515274047852,34.18182373046875
1763888601401,768.1515274047852,36.18182373046875
1763888601417,768.1515274047852,39.18182373046875
1763888601434,768.1515274047852,42.18182373046875
1763888601450,768.1515274047852,45.18182373046875
1763888601572,771.1515274047852,68.18182373046875
1763888601584,771.1515274047852,70.18182373046875
1763888601601,773.1515274047852,71.18182373046875
1763888601617,773.1515274047852,73.18182373046875
1763888601634,774.1515274047852,74.18182373046875
1763888601651,774.1515274047852,75.18182373046875
1763888601667,776.1515274047852,76.18182373046875
1763888601684,777.1515274047852,77.18182373046875
1763888601700,778.1515274047852,77.18182373046875
1763888601717,779.1515274047852,77.18182373046875
1763888601734,780.1515274047852,77.18182373046875
1763888601751,781.1515274047852,77.18182373046875
1763888601767,782.1515274047852,77.18182373046875
1763888601784,783.1515274047852,76.18182373046875
1763888601801,783.1515274047852,74.18182373046875
1763888601817,784.1515274047852,71.18182373046875
1763888601834,784.1515274047852,70.18182373046875
1763888601851,784.1515274047852,67.18182373046875
1763888601867,784.1515274047852,63.18182373046875
1763888601884,784.1515274047852,61.18182373046875
1763888601901,782.1515274047852,57.18182373046875
1763888601917,782.1515274047852,55.18182373046875
1763888601934,782.1515274047852,54.18182373046875
1763888601950,782.1515274047852,51.18182373046875
1763888601967,782.1515274047852,50.18182373046875
1763888601984,782.1515274047852,50.18182373046875
1763888602001,782.1515274047852,49.18182373046875
1763888602017,782.1515274047852,48.18182373046875
1763888602034,782.1515274047852,48.18182373046875
1763888602066,782.1515274047852,48.18182373046875
1763888602073,782.1515274047852,49.18182373046875
1763888602084,782.1515274047852,50.18182373046875
1763888602101,782.1515274047852,51.18182373046875
1763888602117,783.1515274047852,57.18182373046875
1763888602134,784.1515274047852,59.18182373046875
1763888602150,784.1515274047852,64.18182373046875
1763888602167,785.1515274047852,68.18182373046875
1763888602184,785.1515274047852,72.18182373046875
1763888602200,785.1515274047852,74.18182373046875
1763888602217,785.1515274047852,76.18182373046875
1763888602234,785.1515274047852,77.18182373046875
1763888602251,785.1515274047852,79.18182373046875
1763888602267,786.1515274047852,80.18182373046875
1763888602287,786.1515274047852,81.18182373046875
1763888602308,787.1515274047852,81.18182373046875
1763888602350,787.1515274047852,79.18182373046875
1763888602367,787.1515274047852,78.18182373046875
1763888602384,787.1515274047852,76.18182373046875
1763888602400,787.1515274047852,71.18182373046875
1763888602417,787.1515274047852,68.18182373046875
1763888602434,787.1515274047852,64.18182373046875
1763888602450,787.1515274047852,61.18182373046875
1763888602467,786.1515274047852,57.18182373046875
1763888602484,786.1515274047852,51.18182373046875
1763888602501,786.1515274047852,48.18182373046875
1763888602517,786.1515274047852,45.18182373046875
1763888602534,786.1515274047852,43.18182373046875
1763888602551,786.1515274047852,41.18182373046875
1763888602567,786.1515274047852,39.18182373046875
1763888602584,786.1515274047852,37.18182373046875
1763888602600,786.1515274047852,35.18182373046875
1763888602617,786.1515274047852,34.18182373046875
1763888602634,786.1515274047852,33.18182373046875
1763888602650,786.1515274047852,32.18182373046875
1763888602667,786.1515274047852,31.18182373046875
1763888602684,786.1515274047852,31.18182373046875
1763888602710,787.1515274047852,31.18182373046875
1763888602717,787.1515274047852,31.18182373046875
1763888602734,787.1515274047852,31.18182373046875
1763888602751,788.1515274047852,34.18182373046875
1763888602767,789.1515274047852,37.18182373046875
1763888602784,790.1515274047852,40.18182373046875
1763888602800,790.1515274047852,44.18182373046875
1763888602817,791.1515274047852,45.18182373046875
1763888602834,791.1515274047852,47.18182373046875
1763888602850,792.1515274047852,48.18182373046875
1763888602867,792.1515274047852,50.18182373046875
1763888602884,792.1515274047852,51.18182373046875
1763888602900,793.1515274047852,53.18182373046875
1763888602917,793.1515274047852,54.18182373046875
1763888602934,794.1515274047852,56.18182373046875
1763888602951,794.1515274047852,57.18182373046875
1763888602967,794.1515274047852,59.18182373046875
1763888602984,794.1515274047852,60.18182373046875
1763888603001,794.1515274047852,61.18182373046875
1763888603017,794.1515274047852,62.18182373046875
1763888603034,794.1515274047852,64.18182373046875
1763888603050,795.1515274047852,65.18182373046875
1763888603067,795.1515274047852,66.18182373046875
1763888603084,796.1515274047852,68.18182373046875
1763888603100,796.1515274047852,69.18182373046875
1763888603117,796.1515274047852,70.18182373046875
1763888603134,796.1515274047852,72.18182373046875
1763888603150,796.1515274047852,73.18182373046875
1763888603167,796.1515274047852,74.18182373046875
1763888603184,796.1515274047852,76.18182373046875
1763888603200,796.1515274047852,77.18182373046875
1763888603217,796.1515274047852,78.18182373046875
1763888603234,796.1515274047852,79.18182373046875
1763888603250,796.1515274047852,79.18182373046875
1763888603300,796.1515274047852,79.18182373046875
1763888603317,796.1515274047852,77.18182373046875
1763888603334,795.1515274047852,77.18182373046875
1763888603350,793.1515274047852,75.18182373046875
1763888603367,792.1515274047852,73.18182373046875
1763888603384,791.1515274047852,70.18182373046875
1763888603400,788.1515274047852,68.18182373046875
1763888603417,786.1515274047852,65.18182373046875
1763888603434,784.1515274047852,64.18182373046875
1763888603450,782.1515274047852,62.18182373046875
1763888603467,781.1515274047852,59.18182373046875
1763888603484,780.1515274047852,57.18182373046875
1763888603500,778.1515274047852,56.18182373046875
1763888603517,778.1515274047852,55.18182373046875
1763888603534,777.1515274047852,54.18182373046875
1763888603550,776.1515274047852,53.18182373046875
1763888603567,775.1515274047852,52.18182373046875
1763888603584,773.1515274047852,50.18182373046875
1763888603600,772.1515274047852,50.18182373046875
1763888603617,771.1515274047852,49.18182373046875
1763888603634,770.1515274047852,48.18182373046875
1763888603650,770.1515274047852,47.18182373046875
1763888603667,768.1515274047852,47.18182373046875
1763888603687,768.1515274047852,47.18182373046875
1763888603701,767.1515274047852,47.18182373046875
1763888603721,767.1515274047852,47.18182373046875
1763888603742,766.1515274047852,47.18182373046875
1763888603762,766.1515274047852,48.18182373046875
1763888603777,766.1515274047852,48.18182373046875
1763888603784,766.1515274047852,50.18182373046875
1763888603800,766.1515274047852,50.18182373046875
1763888603817,767.1515274047852,51.18182373046875
1763888603834,768.1515274047852,54.18182373046875
1763888603850,768.1515274047852,55.18182373046875
1763888603867,769.1515274047852,58.18182373046875
1763888603884,770.1515274047852,60.18182373046875
1763888603900,771.1515274047852,62.18182373046875
1763888603917,772.1515274047852,65.18182373046875
1763888603934,772.1515274047852,67.18182373046875
1763888603950,773.1515274047852,68.18182373046875
1763888603967,773.1515274047852,69.18182373046875
1763888603984,773.1515274047852,70.18182373046875
1763888604000,774.1515274047852,72.18182373046875
1763888604017,774.1515274047852,73.18182373046875
1763888604039,774.1515274047852,73.18182373046875
1763888604060,774.1515274047852,74.18182373046875
1763888604067,775.1515274047852,74.18182373046875
1763888604084,775.1515274047852,74.18182373046875
1763888604100,775.1515274047852,75.18182373046875
1763888604123,775.1515274047852,76.18182373046875
1763888604137,776.1515274047852,76.18182373046875
1763888604275,776.1515274047852,74.18182373046875
1763888604290,776.1515274047852,74.18182373046875
1763888604300,776.1515274047852,73.18182373046875
1763888604317,776.1515274047852,71.18182373046875
1763888604333,775.1515274047852,70.18182373046875
1763888604350,774.1515274047852,67.18182373046875
1763888604367,773.1515274047852,64.18182373046875
1763888604384,772.1515274047852,64.18182373046875
1763888604400,770.1515274047852,61.18182373046875
1763888604417,768.1515274047852,59.18182373046875
1763888604434,767.1515274047852,57.18182373046875
1763888604450,766.1515274047852,56.18182373046875
1763888604467,765.1515274047852,54.18182373046875
1763888604484,764.1515274047852,52.18182373046875
1763888604500,763.1515274047852,51.18182373046875
1763888604517,763.1515274047852,50.18182373046875
1763888604534,762.1515274047852,47.18182373046875
1763888604550,762.1515274047852,47.18182373046875
1763888604567,762.1515274047852,45.18182373046875
1763888604583,762.1515274047852,45.18182373046875
1763888604600,762.1515274047852,44.18182373046875
1763888604617,763.1515274047852,43.18182373046875
1763888604634,763.1515274047852,42.18182373046875
1763888604650,764.1515274047852,40.18182373046875
1763888604667,764.1515274047852,39.18182373046875
1763888604684,765.1515274047852,36.18182373046875
1763888604700,766.1515274047852,34.18182373046875
1763888604717,767.1515274047852,34.18182373046875
1763888604733,767.1515274047852,32.18182373046875
1763888604753,768.1515274047852,31.18182373046875
1763888604767,768.1515274047852,31.18182373046875
1763888604783,770.1515274047852,33.18182373046875
1763888604800,770.1515274047852,34.18182373046875
1763888604817,772.1515274047852,37.18182373046875
1763888604834,772.1515274047852,42.18182373046875
1763888604850,773.1515274047852,45.18182373046875
1763888604867,776.1515274047852,51.18182373046875
1763888604884,778.1515274047852,57.18182373046875
1763888604900,782.1515274047852,71.18182373046875
1763888604917,784.1515274047852,85.18182373046875
1763888604934,787.1515274047852,102.18182373046875
1763888604950,787.1515274047852,121.18182373046875
1763888604967,787.1515274047852,130.18182373046875
1763888604983,785.1515274047852,147.18182373046875
1763888605000,784.1515274047852,154.18182373046875
1763888605017,781.1515274047852,164.18182373046875
1763888605033,780.1515274047852,168.18182373046875
1763888605050,779.1515274047852,171.18182373046875
1763888605067,778.1515274047852,177.18182373046875
1763888605084,778.1515274047852,179.18182373046875
1763888605100,776.1515274047852,184.18182373046875
1763888605117,775.1515274047852,186.18182373046875
1763888605134,774.1515274047852,188.18182373046875
1763888605150,773.1515274047852,190.18182373046875
1763888605167,771.1515274047852,191.18182373046875
1763888605183,770.1515274047852,191.18182373046875
1763888605200,768.1515274047852,191.18182373046875
1763888605217,767.1515274047852,191.18182373046875
1763888605233,764.1515274047852,186.18182373046875
1763888605250,761.1515274047852,181.18182373046875
1763888605267,756.1515274047852,171.18182373046875
1763888605283,755.1515274047852,165.18182373046875
1763888605300,753.1515274047852,161.18182373046875
1763888605317,752.1515274047852,154.18182373046875
1763888605334,752.1515274047852,151.18182373046875
1763888605350,752.1515274047852,147.18182373046875
1763888605367,752.1515274047852,145.18182373046875
1763888605383,753.1515274047852,142.18182373046875
1763888605400,753.1515274047852,139.18182373046875
1763888605417,754.1515274047852,137.18182373046875
1763888605433,754.1515274047852,136.18182373046875
1763888605450,754.1515274047852,134.18182373046875
1763888605467,755.1515274047852,132.18182373046875
1763888605483,756.1515274047852,130.18182373046875
1763888605500,756.1515274047852,128.18182373046875
1763888605517,756.1515274047852,127.18182373046875
1763888605534,756.1515274047852,127.18182373046875
1763888605550,757.1515274047852,126.18182373046875
1763888605567,758.1515274047852,126.18182373046875
1763888605591,758.1515274047852,127.18182373046875
1763888605605,759.1515274047852,127.18182373046875
1763888605617,759.1515274047852,128.18182373046875
1763888605633,762.1515274047852,130.18182373046875
1763888605650,763.1515274047852,132.18182373046875
1763888605667,765.1515274047852,134.18182373046875
1763888605683,767.1515274047852,138.18182373046875
1763888605700,769.1515274047852,140.18182373046875
1763888605717,771.1515274047852,141.18182373046875
1763888605733,771.1515274047852,143.18182373046875
1763888605750,771.1515274047852,144.18182373046875
1763888605767,773.1515274047852,145.18182373046875
1763888605784,774.1515274047852,145.18182373046875
1763888605800,774.1515274047852,147.18182373046875
1763888605817,774.1515274047852,147.18182373046875
1763888605833,775.1515274047852,147.18182373046875
1763888605861,775.1515274047852,147.18182373046875
1763888605869,775.1515274047852,146.18182373046875
1763888605883,775.1515274047852,144.18182373046875
1763888605900,774.1515274047852,140.18182373046875
1763888605917,773.1515274047852,134.18182373046875
1763888605933,771.1515274047852,130.18182373046875
1763888605950,771.1515274047852,126.18182373046875
1763888605967,769.1515274047852,122.18182373046875
1763888605983,768.1515274047852,120.18182373046875
1763888606000,767.1515274047852,118.18182373046875
1763888606017,767.1515274047852,117.18182373046875
1763888606033,766.1515274047852,115.18182373046875
1763888606050,765.1515274047852,113.18182373046875
1763888606067,765.1515274047852,113.18182373046875
1763888606083,765.1515274047852,112.18182373046875
1763888606133,765.1515274047852,113.18182373046875
1763888606150,765.1515274047852,115.18182373046875
1763888606167,766.1515274047852,118.18182373046875
1763888606183,767.1515274047852,121.18182373046875
1763888606200,768.1515274047852,124.18182373046875
1763888606217,771.1515274047852,134.18182373046875
1763888606233,774.1515274047852,146.18182373046875
1763888606250,776.1515274047852,156.18182373046875
1763888606267,777.1515274047852,160.18182373046875
1763888606283,778.1515274047852,164.18182373046875
1763888606300,778.1515274047852,167.18182373046875
1763888606317,778.1515274047852,168.18182373046875
1763888606333,778.1515274047852,170.18182373046875
1763888606350,778.1515274047852,172.18182373046875
1763888606367,778.1515274047852,173.18182373046875
1763888606395,777.1515274047852,173.18182373046875
1763888606402,776.1515274047852,172.18182373046875
1763888606417,775.1515274047852,170.18182373046875
1763888606433,773.1515274047852,168.18182373046875
1763888606450,771.1515274047852,162.18182373046875
1763888606467,767.1515274047852,157.18182373046875
1763888606483,763.1515274047852,151.18182373046875
1763888606500,758.1515274047852,144.18182373046875
1763888606517,756.1515274047852,140.18182373046875
1763888606533,754.1515274047852,136.18182373046875
1763888606550,750.1515274047852,134.18182373046875
1763888606567,749.1515274047852,132.18182373046875
1763888606583,747.1515274047852,130.18182373046875
1763888606600,746.1515274047852,130.18182373046875
1763888606617,744.1515274047852,129.18182373046875
1763888606633,742.1515274047852,129.18182373046875
1763888606650,741.1515274047852,130.18182373046875
1763888606666,739.1515274047852,131.18182373046875
1763888606683,738.1515274047852,134.18182373046875
1763888606700,736.1515274047852,136.18182373046875
1763888606717,735.1515274047852,139.18182373046875
1763888606733,734.1515274047852,141.18182373046875
1763888606750,733.1515274047852,147.18182373046875
1763888606767,732.1515274047852,150.18182373046875
1763888606783,730.1515274047852,161.18182373046875
1763888606800,728.1515274047852,171.18182373046875
1763888606817,725.1515274047852,191.18182373046875
1763888606833,722.1515274047852,203.18182373046875
1763888606850,721.1515274047852,210.18182373046875
1763888606866,719.1515274047852,219.18182373046875
1763888606883,718.1515274047852,224.18182373046875
1763888606900,716.1515274047852,229.18182373046875
1763888606916,716.1515274047852,234.18182373046875
1763888606933,716.1515274047852,236.18182373046875
1763888606950,715.1515274047852,237.18182373046875
1763888606966,714.1515274047852,237.18182373046875
1763888606983,714.1515274047852,239.18182373046875
1763888607033,714.1515274047852,238.18182373046875
1763888607050,714.1515274047852,237.18182373046875
1763888607066,714.1515274047852,234.18182373046875
1763888607083,714.1515274047852,231.18182373046875
1763888607100,714.1515274047852,226.18182373046875
1763888607116,714.1515274047852,214.18182373046875
1763888607133,715.1515274047852,202.18182373046875
1763888607150,716.1515274047852,188.18182373046875
1763888607166,717.1515274047852,182.18182373046875
1763888607183,718.1515274047852,177.18182373046875
1763888607200,719.1515274047852,170.18182373046875
1763888607217,721.1515274047852,167.18182373046875
1763888607233,722.1515274047852,159.18182373046875
1763888607250,722.1515274047852,156.18182373046875
1763888607267,722.1515274047852,153.18182373046875
1763888607283,723.1515274047852,151.18182373046875
1763888607300,724.1515274047852,150.18182373046875
1763888607316,724.1515274047852,147.18182373046875
1763888607333,724.1515274047852,147.18182373046875
1763888607350,724.1515274047852,145.18182373046875
1763888607366,724.1515274047852,144.18182373046875
1763888607420,724.1515274047852,145.18182373046875
1763888607433,723.1515274047852,146.18182373046875
1763888607450,723.1515274047852,147.18182373046875
1763888607467,722.1515274047852,150.18182373046875
1763888607483,722.1515274047852,153.18182373046875
1763888607500,721.1515274047852,156.18182373046875
1763888607516,719.1515274047852,159.18182373046875
1763888607533,718.1515274047852,162.18182373046875
1763888607550,716.1515274047852,166.18182373046875
1763888607566,715.1515274047852,170.18182373046875
1763888607583,713.1515274047852,174.18182373046875
1763888607600,713.1515274047852,177.18182373046875
1763888607616,711.1515274047852,184.18182373046875
1763888607633,710.1515274047852,189.18182373046875
1763888607650,708.1515274047852,196.18182373046875
1763888607666,708.1515274047852,199.18182373046875
1763888607683,707.1515274047852,202.18182373046875
1763888607700,707.1515274047852,204.18182373046875
1763888607717,707.1515274047852,205.18182373046875
1763888607733,706.1515274047852,207.18182373046875
1763888607750,706.1515274047852,208.18182373046875
1763888607766,706.1515274047852,208.18182373046875
1763888607828,707.1515274047852,208.18182373046875
1763888607842,707.1515274047852,207.18182373046875
1763888607855,707.1515274047852,205.18182373046875
1763888607866,707.1515274047852,205.18182373046875
1763888607883,708.1515274047852,204.18182373046875
1763888607900,708.1515274047852,201.18182373046875
1763888607916,709.1515274047852,197.18182373046875
1763888607933,710.1515274047852,192.18182373046875
1763888607950,711.1515274047852,187.18182373046875
1763888607966,713.1515274047852,179.18182373046875
1763888607983,714.1515274047852,172.18182373046875
1763888608000,714.1515274047852,168.18182373046875
1763888608016,715.1515274047852,161.18182373046875
1763888608033,716.1515274047852,159.18182373046875
1763888608050,716.1515274047852,157.18182373046875
1763888608066,716.1515274047852,157.18182373046875
1763888608083,717.1515274047852,156.18182373046875
1763888608100,718.1515274047852,156.18182373046875
1763888608126,718.1515274047852,157.18182373046875
1763888608133,718.1515274047852,158.18182373046875
1763888608150,718.1515274047852,160.18182373046875
1763888608166,718.1515274047852,163.18182373046875
1763888608183,718.1515274047852,168.18182373046875
1763888608200,718.1515274047852,172.18182373046875
1763888608216,716.1515274047852,181.18182373046875
1763888608233,715.1515274047852,195.18182373046875
1763888608250,713.1515274047852,210.18182373046875
1763888608266,711.1515274047852,230.18182373046875
1763888608283,710.1515274047852,241.18182373046875
1763888608300,710.1515274047852,261.18182373046875
1763888608316,710.1515274047852,274.18182373046875
1763888608333,710.1515274047852,282.18182373046875
1763888608350,710.1515274047852,290.18182373046875
1763888608366,710.1515274047852,293.18182373046875
1763888608383,710.1515274047852,296.18182373046875
1763888608400,710.1515274047852,297.18182373046875
1763888608416,710.1515274047852,298.18182373046875
1763888608466,710.1515274047852,297.18182373046875
1763888608483,710.1515274047852,296.18182373046875
1763888608500,710.1515274047852,295.18182373046875
1763888608516,711.1515274047852,291.18182373046875
1763888608533,711.1515274047852,288.18182373046875
1763888608550,712.1515274047852,278.18182373046875
1763888608566,713.1515274047852,264.18182373046875
1763888608583,717.1515274047852,230.18182373046875
1763888608600,720.1515274047852,210.18182373046875
1763888608616,722.1515274047852,196.18182373046875
1763888608633,727.1515274047852,181.18182373046875
1763888608650,729.1515274047852,171.18182373046875
1763888608666,732.1515274047852,161.18182373046875
1763888608683,733.1515274047852,157.18182373046875
1763888608700,735.1515274047852,154.18182373046875
1763888608750,738.1515274047852,149.18182373046875
1763888608766,739.1515274047852,149.18182373046875
1763888608783,739.1515274047852,148.18182373046875
1763888608800,741.1515274047852,148.18182373046875
1763888608816,741.1515274047852,148.18182373046875
1763888608833,743.1515274047852,150.18182373046875
1763888608850,745.1515274047852,153.18182373046875
1763888608866,747.1515274047852,156.18182373046875
1763888608883,751.1515274047852,167.18182373046875
1763888608900,755.1515274047852,181.18182373046875
1763888608916,764.1515274047852,213.18182373046875
1763888608933,766.1515274047852,232.18182373046875
1763888608950,768.1515274047852,257.18182373046875
1763888608966,770.1515274047852,271.18182373046875
1763888608983,771.1515274047852,288.18182373046875
1763888609000,772.1515274047852,306.18182373046875
1763888609016,773.1515274047852,319.18182373046875
1763888609033,774.1515274047852,341.18182373046875
1763888609049,774.1515274047852,349.18182373046875
1763888609066,774.1515274047852,357.18182373046875
1763888609083,774.1515274047852,366.18182373046875
1763888609100,774.1515274047852,369.18182373046875
1763888609116,774.1515274047852,373.18182373046875
1763888609133,774.1515274047852,374.18182373046875
1763888609150,774.1515274047852,375.18182373046875
1763888609166,773.1515274047852,376.18182373046875
1763888609183,773.1515274047852,377.18182373046875
1763888609199,772.1515274047852,379.18182373046875
1763888609220,771.1515274047852,379.18182373046875
1763888609235,771.1515274047852,380.18182373046875
1763888609249,771.1515274047852,381.18182373046875
1763888609266,770.1515274047852,381.18182373046875
1763888609289,770.1515274047852,380.18182373046875
1763888609299,769.1515274047852,378.18182373046875
1763888609316,767.1515274047852,371.18182373046875
1763888609333,751.1515274047852,311.18182373046875
1763888609350,743.1515274047852,266.18182373046875
1763888609366,741.1515274047852,242.18182373046875
1763888609383,741.1515274047852,231.18182373046875
1763888609400,740.1515274047852,225.18182373046875
1763888609416,740.1515274047852,221.18182373046875
1763888609433,740.1515274047852,219.18182373046875
1763888609449,741.1515274047852,217.18182373046875
1763888609466,741.1515274047852,217.18182373046875
1763888609483,742.1515274047852,217.18182373046875
1763888609499,742.1515274047852,217.18182373046875
1763888609516,743.1515274047852,217.18182373046875
1763888609533,744.1515274047852,217.18182373046875
1763888609549,744.1515274047852,220.18182373046875
1763888609566,744.1515274047852,222.18182373046875
1763888609583,744.1515274047852,227.18182373046875
1763888609599,744.1515274047852,233.18182373046875
1763888609616,744.1515274047852,250.18182373046875
1763888609633,744.1515274047852,270.18182373046875
1763888609649,744.1515274047852,293.18182373046875
1763888609666,744.1515274047852,305.18182373046875
1763888609683,745.1515274047852,313.18182373046875
1763888609699,745.1515274047852,320.18182373046875
1763888609716,746.1515274047852,324.18182373046875
1763888609733,746.1515274047852,325.18182373046875
1763888609749,747.1515274047852,327.18182373046875
1763888609766,747.1515274047852,328.18182373046875
1763888609783,747.1515274047852,329.18182373046875
1763888609800,747.1515274047852,330.18182373046875
1763888609816,747.1515274047852,330.18182373046875
1763888609866,747.1515274047852,330.18182373046875
1763888610384,748.1515274047852,336.18182373046875
1763888610399,752.1515274047852,351.18182373046875
1763888610416,756.1515274047852,364.18182373046875
1763888610433,759.1515274047852,376.18182373046875
1763888610449,760.1515274047852,380.18182373046875
1763888610466,761.1515274047852,384.18182373046875
1763888610483,762.1515274047852,388.18182373046875
1763888610499,762.1515274047852,391.18182373046875
1763888610516,762.1515274047852,394.18182373046875
1763888610533,762.1515274047852,394.18182373046875
1763888610549,762.1515274047852,396.18182373046875
1763888610566,762.1515274047852,397.18182373046875
1763888610583,762.1515274047852,398.18182373046875
1763888610599,762.1515274047852,400.18182373046875
1763888610616,762.1515274047852,401.18182373046875
1763888610633,762.1515274047852,402.18182373046875
1763888610649,762.1515274047852,402.18182373046875
1763888610666,762.1515274047852,403.18182373046875
1763888610683,762.1515274047852,404.18182373046875
1763888610699,762.1515274047852,405.18182373046875
1763888610716,762.1515274047852,405.18182373046875
1763888610733,762.1515274047852,407.18182373046875
1763888610749,762.1515274047852,408.18182373046875
1763888610766,762.1515274047852,413.18182373046875
1763888610783,764.1515274047852,417.18182373046875
1763888610799,764.1515274047852,422.18182373046875
1763888610816,765.1515274047852,424.18182373046875
1763888610833,765.1515274047852,427.18182373046875
1763888610849,765.1515274047852,428.18182373046875
1763888610866,766.1515274047852,428.18182373046875
1763888610883,767.1515274047852,428.18182373046875
1763888610899,767.1515274047852,428.18182373046875
1763888610916,768.1515274047852,428.18182373046875
1763888610933,770.1515274047852,425.18182373046875
1763888610949,771.1515274047852,422.18182373046875
1763888610966,773.1515274047852,414.18182373046875
1763888610983,776.1515274047852,408.18182373046875
1763888611166,788.1515274047852,363.18182373046875
1763888611183,793.1515274047852,357.18182373046875
1763888611199,796.1515274047852,350.18182373046875
1763888611216,801.1515274047852,342.18182373046875
1763888611233,803.1515274047852,338.18182373046875
1763888611249,804.1515274047852,336.18182373046875
1763888611266,804.1515274047852,335.18182373046875
1763888612878,805.1515274047852,403.9999990463257
1763888612884,805.1515274047852,405.9999990463257
1763888612899,806.1515274047852,411.9999990463257
1763888612916,808.1515274047852,415.9999990463257
1763888612932,809.1515274047852,423.9999990463257
1763888612949,810.1515274047852,426.9999990463257
1763888612966,810.1515274047852,429.9999990463257
1763888612982,811.1515274047852,432.9999990463257
1763888612999,811.1515274047852,435.9999990463257
1763888613016,811.1515274047852,436.9999990463257
1763888613032,811.1515274047852,438.9999990463257
1763888613049,811.1515274047852,439.9999990463257
1763888613066,811.1515274047852,440.9999990463257
1763888613082,811.1515274047852,442.9999990463257
1763888613099,811.1515274047852,443.9999990463257
1763888613116,811.1515274047852,445.9999990463257
1763888613132,811.1515274047852,446.9999990463257
1763888613149,811.1515274047852,448.9999990463257
1763888613166,811.1515274047852,449.9999990463257
1763888613182,811.1515274047852,451.9999990463257
1763888613199,811.1515274047852,452.9999990463257
1763888613216,811.1515274047852,452.9999990463257
1763888613232,811.1515274047852,453.9999990463257
1763888613299,811.1515274047852,452.9999990463257
1763888613316,811.1515274047852,451.9999990463257
1763888613332,811.1515274047852,450.9999990463257
1763888613349,811.1515274047852,449.9999990463257
1763888613366,811.1515274047852,447.9999990463257
1763888613382,811.1515274047852,445.9999990463257
1763888613399,811.1515274047852,443.9999990463257
1763888613416,811.1515274047852,442.9999990463257
1763888613432,810.1515274047852,439.9999990463257
1763888613449,810.1515274047852,437.9999990463257
1763888613466,810.1515274047852,434.9999990463257
1763888613482,810.1515274047852,431.9999990463257
1763888613499,810.1515274047852,429.9999990463257
1763888613516,810.1515274047852,427.9999990463257
1763888613532,810.1515274047852,425.9999990463257
1763888613549,810.1515274047852,423.9999990463257
1763888613566,810.1515274047852,420.9999990463257
1763888613582,810.1515274047852,418.9999990463257
1763888613599,810.1515274047852,415.9999990463257
1763888613616,810.1515274047852,414.9999990463257
1763888613632,810.1515274047852,411.9999990463257
1763888613649,810.1515274047852,409.9999990463257
1763888613666,810.1515274047852,408.9999990463257
1763888613682,810.1515274047852,405.9999990463257
1763888613699,810.1515274047852,404.9999990463257
1763888613716,810.1515274047852,402.9999990463257
1763888613732,810.1515274047852,400.9999990463257
1763888613749,810.1515274047852,398.9999990463257
1763888613766,811.1515274047852,395.9999990463257
1763888613782,811.1515274047852,393.9999990463257
1763888613799,811.1515274047852,390.9999990463257
1763888613815,811.1515274047852,389.9999990463257
1763888613832,812.1515274047852,386.9999990463257
1763888613849,813.1515274047852,384.9999990463257
1763888613866,813.1515274047852,383.9999990463257
1763888613882,814.1515274047852,382.9999990463257
1763888613901,814.1515274047852,382.9999990463257
1763888613922,814.1515274047852,383.9999990463257
1763888613936,814.1515274047852,383.9999990463257
1763888613949,815.1515274047852,385.9999990463257
1763888613965,815.1515274047852,388.9999990463257
1763888613982,815.1515274047852,391.9999990463257
1763888613999,815.1515274047852,396.9999990463257
1763888614015,815.1515274047852,400.9999990463257
1763888614032,815.1515274047852,405.9999990463257
1763888614049,815.1515274047852,412.9999990463257
1763888614066,815.1515274047852,416.9999990463257
1763888614082,815.1515274047852,423.9999990463257
1763888614099,815.1515274047852,426.9999990463257
1763888614116,815.1515274047852,429.9999990463257
1763888614132,815.1515274047852,432.9999990463257
1763888614149,815.1515274047852,434.9999990463257
1763888614166,815.1515274047852,436.9999990463257
1763888614182,815.1515274047852,438.9999990463257
1763888614199,815.1515274047852,439.9999990463257
1763888614215,815.1515274047852,440.9999990463257
1763888614232,815.1515274047852,441.9999990463257
1763888614249,815.1515274047852,442.9999990463257
1763888614265,815.1515274047852,443.9999990463257
1763888614324,815.1515274047852,442.9999990463257
1763888614332,815.1515274047852,442.9999990463257
1763888614349,815.1515274047852,440.9999990463257
1763888614366,814.1515274047852,435.9999990463257
1763888614382,813.1515274047852,432.9999990463257
1763888614399,812.1515274047852,424.9999990463257
1763888614415,808.1515274047852,408.9999990463257
1763888614432,806.1515274047852,398.9999990463257
1763888614449,804.1515274047852,386.9999990463257
1763888614465,803.1515274047852,383.9999990463257
1763888614482,803.1515274047852,378.9999990463257
1763888614499,802.1515274047852,374.9999990463257
1763888614515,802.1515274047852,372.9999990463257
1763888614532,802.1515274047852,370.9999990463257
1763888614549,802.1515274047852,369.9999990463257
1763888614566,802.1515274047852,369.9999990463257
1763888614582,802.1515274047852,368.9999990463257
1763888614608,802.1515274047852,369.9999990463257
1763888614622,801.1515274047852,369.9999990463257
1763888614635,801.1515274047852,370.9999990463257
1763888614649,801.1515274047852,371.9999990463257
1763888614665,800.1515274047852,374.9999990463257
1763888614682,799.1515274047852,377.9999990463257
1763888614699,799.1515274047852,381.9999990463257
1763888614715,798.1515274047852,384.9999990463257
1763888614732,798.1515274047852,388.9999990463257
1763888614749,795.1515274047852,395.9999990463257
1763888614765,794.1515274047852,398.9999990463257
1763888614782,791.1515274047852,408.9999990463257
1763888614799,790.1515274047852,413.9999990463257
1763888614815,789.1515274047852,419.9999990463257
1763888614832,788.1515274047852,422.9999990463257
1763888614849,788.1515274047852,423.9999990463257
1763888614865,787.1515274047852,425.9999990463257
1763888614882,787.1515274047852,426.9999990463257
1763888614899,787.1515274047852,428.9999990463257
1763888614915,787.1515274047852,429.9999990463257
1763888614932,787.1515274047852,429.9999990463257
1763888614949,787.1515274047852,431.9999990463257
1763888614965,787.1515274047852,431.9999990463257
1763888614982,787.1515274047852,432.9999990463257
1763888615003,787.1515274047852,432.9999990463257
1763888615049,787.1515274047852,434.9999990463257
1763888615066,787.1515274047852,435.9999990463257
1763888615082,787.1515274047852,435.9999990463257
1763888615115,788.1515274047852,438.9999990463257
1763888615132,788.1515274047852,439.9999990463257
1763888615149,789.1515274047852,441.9999990463257
1763888615165,789.1515274047852,442.9999990463257
1763888615182,790.1515274047852,443.9999990463257
1763888615199,790.1515274047852,444.9999990463257
1763888615217,791.1515274047852,444.9999990463257
1763888615232,791.1515274047852,443.9999990463257
1763888615249,792.1515274047852,441.9999990463257
1763888615266,794.1515274047852,437.9999990463257
1763888615282,794.1515274047852,434.9999990463257
1763888615299,795.1515274047852,432.9999990463257
1763888615315,796.1515274047852,430.9999990463257
1763888615332,796.1515274047852,429.9999990463257
1763888615349,796.1515274047852,426.9999990463257
1763888615370,796.1515274047852,426.9999990463257
1763888615384,796.1515274047852,425.9999990463257
1763888615399,796.1515274047852,425.9999990463257
1763888615449,796.1515274047852,426.9999990463257
1763888615465,796.1515274047852,426.9999990463257
1763888615482,796.1515274047852,429.9999990463257
1763888615499,796.1515274047852,432.9999990463257
1763888615515,796.1515274047852,436.9999990463257
1763888615532,796.1515274047852,440.9999990463257
1763888615549,796.1515274047852,447.9999990463257
1763888615565,796.1515274047852,458.9999990463257
1763888615582,796.1515274047852,467.9999990463257
1763888615599,796.1515274047852,478.9999990463257
1763888615615,796.1515274047852,485.9999990463257
1763888615632,796.1515274047852,491.9999990463257
1763888615649,796.1515274047852,497.9999990463257
1763888615665,796.1515274047852,501.9999990463257
1763888615682,796.1515274047852,503.9999990463257
1763888615699,796.1515274047852,504.9999990463257
1763888615715,796.1515274047852,505.9999990463257
1763888615799,796.1515274047852,505.9999990463257
1763888615815,796.1515274047852,503.9999990463257
1763888615832,796.1515274047852,502.9999990463257
1763888615849,796.1515274047852,498.9999990463257
1763888615865,796.1515274047852,494.9999990463257
1763888615882,796.1515274047852,485.9999990463257
1763888615899,796.1515274047852,478.9999990463257
1763888615915,795.1515274047852,472.9999990463257
1763888615932,794.1515274047852,462.9999990463257
1763888615949,794.1515274047852,456.9999990463257
1763888615965,794.1515274047852,451.9999990463257
1763888615982,793.1515274047852,448.9999990463257
1763888615999,793.1515274047852,447.9999990463257
1763888616015,793.1515274047852,445.9999990463257
1763888616032,793.1515274047852,443.9999990463257
1763888616049,793.1515274047852,443.9999990463257
1763888616111,793.1515274047852,443.9999990463257
1763888616118,793.1515274047852,444.9999990463257
1763888616132,793.1515274047852,446.9999990463257
1763888616149,793.1515274047852,446.9999990463257
1763888616165,793.1515274047852,449.9999990463257
1763888616182,792.1515274047852,452.9999990463257
1763888616198,792.1515274047852,455.9999990463257
1763888616215,792.1515274047852,459.9999990463257
1763888616232,792.1515274047852,462.9999990463257
1763888616249,792.1515274047852,465.9999990463257
1763888616265,792.1515274047852,471.9999990463257
1763888616282,792.1515274047852,474.9999990463257
1763888616298,792.1515274047852,480.9999990463257
1763888616315,792.1515274047852,483.9999990463257
1763888616332,792.1515274047852,485.9999990463257
1763888616348,792.1515274047852,488.9999990463257
1763888616365,792.1515274047852,489.9999990463257
1763888616387,792.1515274047852,489.9999990463257
1763888616408,793.1515274047852,489.9999990463257
1763888616415,793.1515274047852,489.9999990463257
1763888616432,794.1515274047852,488.9999990463257
1763888616449,795.1515274047852,486.9999990463257
1763888616465,796.1515274047852,482.9999990463257
1763888616482,798.1515274047852,478.9999990463257
1763888616498,799.1515274047852,472.9999990463257
1763888616515,799.1515274047852,467.9999990463257
1763888616532,801.1515274047852,462.9999990463257
1763888616548,802.1515274047852,458.9999990463257
1763888616565,802.1515274047852,456.9999990463257
1763888616582,803.1515274047852,454.9999990463257
1763888616599,803.1515274047852,452.9999990463257
1763888616615,804.1515274047852,451.9999990463257
1763888616632,804.1515274047852,451.9999990463257
1763888616651,805.1515274047852,451.9999990463257
1763888616665,805.1515274047852,451.9999990463257
1763888616682,805.1515274047852,451.9999990463257
1763888616698,805.1515274047852,453.9999990463257
1763888616715,805.1515274047852,456.9999990463257
1763888616732,805.1515274047852,460.9999990463257
1763888616748,805.1515274047852,466.9999990463257
1763888616765,805.1515274047852,471.9999990463257
1763888616782,805.1515274047852,474.9999990463257
1763888616798,804.1515274047852,480.9999990463257
1763888616815,803.1515274047852,483.9999990463257
1763888616832,802.1515274047852,486.9999990463257
1763888616849,802.1515274047852,488.9999990463257
1763888616865,802.1515274047852,489.9999990463257
1763888616882,802.1515274047852,489.9999990463257
1763888616942,802.1515274047852,488.9999990463257
1763888616948,802.1515274047852,488.9999990463257
1763888616965,802.1515274047852,485.9999990463257
1763888616982,802.1515274047852,483.9999990463257
1763888616998,802.1515274047852,478.9999990463257
1763888617015,803.1515274047852,473.9999990463257
1763888617032,805.1515274047852,451.9999990463257
1763888617048,807.1515274047852,432.9999990463257
1763888617065,808.1515274047852,412.9999990463257
1763888617082,811.1515274047852,395.9999990463257
1763888617098,813.1515274047852,385.9999990463257
1763888617115,813.1515274047852,375.9999990463257
1763888617132,814.1515274047852,371.9999990463257
1763888617148,814.1515274047852,369.9999990463257
1763888617165,814.1515274047852,366.9999990463257
1763888617182,814.1515274047852,363.9999990463257
1763888617198,814.1515274047852,360.9999990463257
1763888617215,814.1515274047852,359.9999990463257
1763888617232,814.1515274047852,358.9999990463257
1763888617248,814.1515274047852,357.9999990463257
1763888617274,814.1515274047852,357.9999990463257
1763888617294,814.1515274047852,358.9999990463257
1763888617302,815.1515274047852,359.9999990463257
1763888617315,815.1515274047852,360.9999990463257
1763888617332,815.1515274047852,365.9999990463257
1763888617349,815.1515274047852,367.9999990463257
1763888617365,815.1515274047852,369.9999990463257
1763888617382,815.1515274047852,371.9999990463257
1763888617398,815.1515274047852,372.9999990463257
1763888617419,815.1515274047852,373.9999990463257
1763888617447,815.1515274047852,372.9999990463257
1763888617454,815.1515274047852,371.9999990463257
1763888617465,815.1515274047852,370.9999990463257
1763888617482,815.1515274047852,363.9999990463257
1763888617498,815.1515274047852,353.9999990463257
1763888617515,815.1515274047852,346.9999990463257
1763888617532,816.1515274047852,334.9999990463257
1763888617548,816.1515274047852,327.9999990463257
1763888617565,817.1515274047852,320.9999990463257
1763888617582,817.1515274047852,318.9999990463257
1763888617598,817.1515274047852,317.9999990463257
1763888617615,818.1515274047852,315.9999990463257
1763888617634,818.1515274047852,315.9999990463257
1763888617682,818.1515274047852,315.9999990463257
1763888617698,818.1515274047852,317.9999990463257
1763888617715,818.1515274047852,320.9999990463257
1763888617732,818.1515274047852,325.9999990463257
1763888617748,818.1515274047852,329.9999990463257
1763888617765,818.1515274047852,332.9999990463257
1763888617782,818.1515274047852,339.9999990463257
1763888617798,818.1515274047852,342.9999990463257
1763888617815,818.1515274047852,346.9999990463257
1763888617832,818.1515274047852,347.9999990463257
1763888617848,818.1515274047852,348.9999990463257
1763888617865,818.1515274047852,349.9999990463257
1763888617882,819.1515274047852,349.9999990463257
1763888617898,819.1515274047852,349.9999990463257
1763888617915,819.1515274047852,348.9999990463257
1763888617932,820.1515274047852,347.9999990463257
1763888617948,821.1515274047852,345.9999990463257
1763888617965,821.1515274047852,343.9999990463257
1763888617982,822.1515274047852,342.9999990463257
1763888617998,822.1515274047852,341.9999990463257
1763888618015,822.1515274047852,340.9999990463257
1763888618032,822.1515274047852,340.9999990463257
1763888618063,821.1515274047852,341.9999990463257
1763888618070,821.1515274047852,342.9999990463257
1763888618082,821.1515274047852,343.9999990463257
1763888618098,820.1515274047852,346.9999990463257
1763888618115,819.1515274047852,349.9999990463257
1763888618132,818.1515274047852,352.9999990463257
1763888618148,816.1515274047852,354.9999990463257
1763888618165,816.1515274047852,355.9999990463257
1763888618182,816.1515274047852,356.9999990463257
1763888618198,815.1515274047852,357.9999990463257
1763888618215,814.1515274047852,355.9999990463257
1763888618232,814.1515274047852,351.9999990463257
1763888618248,812.1515274047852,343.9999990463257
1763888618265,810.1515274047852,331.9999990463257
1763888618282,808.1515274047852,318.9999990463257
1763888618298,806.1515274047852,308.9999990463257
1763888618315,804.1515274047852,300.9999990463257
1763888618332,804.1515274047852,298.9999990463257
1763888618348,802.1515274047852,297.9999990463257
1763888618398,802.1515274047852,298.9999990463257
1763888618415,802.1515274047852,300.9999990463257
1763888618432,802.1515274047852,305.9999990463257
1763888618448,802.1515274047852,309.9999990463257
1763888618465,802.1515274047852,314.9999990463257
1763888618481,802.1515274047852,331.9999990463257
1763888618498,801.1515274047852,346.9999990463257
1763888618515,799.1515274047852,355.9999990463257
1763888618532,799.1515274047852,358.9999990463257
1763888618548,799.1515274047852,360.9999990463257
1763888618565,798.1515274047852,362.9999990463257
1763888618582,798.1515274047852,362.9999990463257
1763888618598,797.1515274047852,363.9999990463257
1763888618617,797.1515274047852,362.9999990463257
1763888618632,797.1515274047852,361.9999990463257
1763888618648,797.1515274047852,360.9999990463257
1763888618665,796.1515274047852,358.9999990463257
1763888618681,796.1515274047852,354.9999990463257
1763888618698,795.1515274047852,351.9999990463257
1763888618715,794.1515274047852,342.9999990463257
1763888618732,792.1515274047852,334.9999990463257
1763888618748,791.1515274047852,327.9999990463257
1763888618765,790.1515274047852,315.9999990463257
1763888618782,790.1515274047852,309.9999990463257
1763888618798,789.1515274047852,301.9999990463257
1763888618815,788.1515274047852,299.9999990463257
1763888618831,788.1515274047852,297.9999990463257
1763888618848,788.1515274047852,297.9999990463257
1763888618865,789.1515274047852,297.9999990463257
1763888618881,790.1515274047852,297.9999990463257
1763888618898,790.1515274047852,298.9999990463257
1763888618915,790.1515274047852,302.9999990463257
1763888618932,791.1515274047852,308.9999990463257
1763888618948,791.1515274047852,314.9999990463257
1763888618965,791.1515274047852,327.9999990463257
1763888618982,791.1515274047852,337.9999990463257
1763888618998,791.1515274047852,347.9999990463257
1763888619015,791.1515274047852,356.9999990463257
1763888619032,791.1515274047852,360.9999990463257
1763888619048,790.1515274047852,365.9999990463257
1763888619065,790.1515274047852,366.9999990463257
1763888619081,790.1515274047852,366.9999990463257
1763888619098,790.1515274047852,368.9999990463257
1763888619148,790.1515274047852,366.9999990463257
1763888619165,790.1515274047852,364.9999990463257
1763888619181,789.1515274047852,360.9999990463257
1763888619215,784.1515274047852,317.9999990463257
1763888619231,784.1515274047852,295.9999990463257
1763888619248,784.1515274047852,275.9999990463257
1763888619265,784.1515274047852,257.9999990463257
1763888619282,784.1515274047852,247.99999904632568
1763888619298,784.1515274047852,241.99999904632568
1763888619315,784.1515274047852,238.99999904632568
1763888619331,782.1515274047852,237.99999904632568
1763888619358,782.1515274047852,237.99999904632568
1763888619372,781.1515274047852,237.99999904632568
1763888619415,780.1515274047852,237.99999904632568
1763888619431,779.1515274047852,239.99999904632568
1763888619448,777.1515274047852,243.99999904632568
1763888619465,776.1515274047852,246.99999904632568
1763888619481,775.1515274047852,252.99999904632568
1763888619498,771.1515274047852,269.9999990463257
1763888619515,770.1515274047852,282.9999990463257
1763888619531,765.1515274047852,315.9999990463257
1763888619548,764.1515274047852,334.9999990463257
1763888619565,762.1515274047852,355.9999990463257
1763888619581,758.1515274047852,374.9999990463257
1763888619598,758.1515274047852,378.9999990463257
1763888619615,757.1515274047852,381.9999990463257
1763888619631,757.1515274047852,382.9999990463257
1763888619648,757.1515274047852,382.9999990463257
1763888619712,757.1515274047852,382.9999990463257
1763888619718,757.1515274047852,381.9999990463257
1763888619731,757.1515274047852,380.9999990463257
1763888619748,758.1515274047852,377.9999990463257
1763888619765,758.1515274047852,373.9999990463257
1763888619781,758.1515274047852,368.9999990463257
1763888619798,759.1515274047852,360.9999990463257
1763888619815,760.1515274047852,347.9999990463257
1763888619831,762.1515274047852,318.9999990463257
1763888619848,764.1515274047852,302.9999990463257
1763888619865,764.1515274047852,285.9999990463257
1763888619881,764.1515274047852,277.9999990463257
1763888619898,764.1515274047852,271.9999990463257
1763888619915,764.1515274047852,268.9999990463257
1763888619931,764.1515274047852,266.9999990463257
1763888619948,764.1515274047852,265.9999990463257
1763888619998,764.1515274047852,266.9999990463257
1763888620015,764.1515274047852,268.9999990463257
1763888620031,764.1515274047852,272.9999990463257
1763888620048,764.1515274047852,275.9999990463257
1763888620065,763.1515274047852,284.9999990463257
1763888620081,762.1515274047852,296.9999990463257
1763888620098,762.1515274047852,313.9999990463257
1763888620115,760.1515274047852,344.9999990463257
1763888620131,759.1515274047852,362.9999990463257
1763888620148,758.1515274047852,373.9999990463257
1763888620165,757.1515274047852,380.9999990463257
1763888620181,756.1515274047852,384.9999990463257
1763888620198,755.1515274047852,388.9999990463257
1763888620215,755.1515274047852,389.9999990463257
1763888620231,754.1515274047852,389.9999990463257
1763888620248,754.1515274047852,391.9999990463257
1763888620298,754.1515274047852,390.9999990463257
1763888620315,755.1515274047852,387.9999990463257
1763888620331,755.1515274047852,384.9999990463257
1763888620348,755.1515274047852,382.9999990463257
1763888620365,755.1515274047852,377.9999990463257
1763888620381,755.1515274047852,374.9999990463257
1763888620398,755.1515274047852,370.9999990463257
1763888620415,754.1515274047852,368.9999990463257
1763888620431,754.1515274047852,365.9999990463257
1763888620448,754.1515274047852,365.9999990463257
1763888620465,754.1515274047852,364.9999990463257
1763888620486,754.1515274047852,365.9999990463257
1763888620501,754.1515274047852,365.9999990463257
1763888620515,754.1515274047852,368.9999990463257
1763888620531,755.1515274047852,371.9999990463257
1763888620548,756.1515274047852,377.9999990463257
1763888620565,757.1515274047852,390.9999990463257
1763888620581,758.1515274047852,398.9999990463257
1763888620598,759.1515274047852,415.9999990463257
1763888620615,761.1515274047852,428.9999990463257
1763888620631,761.1515274047852,438.9999990463257
1763888620648,762.1515274047852,457.9999990463257
1763888620665,763.1515274047852,466.9999990463257
1763888620681,764.1515274047852,471.9999990463257
1763888620698,764.1515274047852,472.9999990463257
1763888620715,764.1515274047852,474.9999990463257
1763888620731,764.1515274047852,474.9999990463257
1763888620748,764.1515274047852,474.9999990463257
1763888620764,765.1515274047852,474.9999990463257
1763888620781,767.1515274047852,471.9999990463257
1763888620798,768.1515274047852,468.9999990463257
1763888620814,770.1515274047852,464.9999990463257
1763888620831,770.1515274047852,460.9999990463257
1763888620848,771.1515274047852,456.9999990463257
1763888620865,772.1515274047852,453.9999990463257
1763888620881,773.1515274047852,448.9999990463257
1763888620898,773.1515274047852,446.9999990463257
1763888620915,773.1515274047852,443.9999990463257
1763888620931,774.1515274047852,440.9999990463257
1763888620948,774.1515274047852,438.9999990463257
1763888620964,774.1515274047852,435.9999990463257
1763888620981,774.1515274047852,434.9999990463257
1763888620998,774.1515274047852,433.9999990463257
1763888621014,774.1515274047852,432.9999990463257
1763888621031,774.1515274047852,432.9999990463257
1763888621048,774.1515274047852,432.9999990463257
1763888621064,775.1515274047852,432.9999990463257
1763888621081,776.1515274047852,435.9999990463257
1763888621098,776.1515274047852,441.9999990463257
1763888621281,775.1515274047852,432.9999990463257
1763888621298,771.1515274047852,374.9999990463257
1763888621314,771.1515274047852,340.9999990463257
1763888621331,773.1515274047852,292.9999990463257
1763888621348,774.1515274047852,268.9999990463257
1763888621365,776.1515274047852,245.99999904632568
1763888621381,778.1515274047852,215.99999904632568
1763888621398,781.1515274047852,205.99999904632568
1763888621414,785.1515274047852,189.99999904632568
1763888621431,787.1515274047852,181.99999904632568
1763888621448,790.1515274047852,172.99999904632568
1763888621464,795.1515274047852,162.99999904632568
1763888621481,796.1515274047852,156.99999904632568
1763888621498,798.1515274047852,152.99999904632568
1763888621514,798.1515274047852,150.99999904632568
1763888621531,798.1515274047852,149.99999904632568
1763888621548,798.1515274047852,148.99999904632568
1763888621574,798.1515274047852,149.99999904632568
1763888621581,798.1515274047852,150.99999904632568
1763888621598,798.1515274047852,154.99999904632568
1763888621615,798.1515274047852,162.99999904632568
1763888621631,802.1515274047852,186.99999904632568
1763888621648,810.1515274047852,214.99999904632568
1763888621664,814.1515274047852,232.99999904632568
1763888621681,818.1515274047852,248.99999904632568
1763888621698,819.1515274047852,252.99999904632568
1763888621714,820.1515274047852,255.99999904632568
1763888621731,820.1515274047852,255.99999904632568
1763888621748,820.1515274047852,256.9999990463257
1763888621764,821.1515274047852,255.99999904632568
1763888621781,821.1515274047852,249.99999904632568
1763888621798,818.1515274047852,217.99999904632568
1763888621814,814.1515274047852,195.99999904632568
1763888621831,810.1515274047852,172.99999904632568
1763888621848,806.1515274047852,160.99999904632568
1763888621864,801.1515274047852,148.99999904632568
1763888621881,799.1515274047852,143.99999904632568
1763888621898,797.1515274047852,141.99999904632568
1763888621914,796.1515274047852,139.99999904632568
1763888621934,795.1515274047852,138.99999904632568
1763888621948,794.1515274047852,138.99999904632568
1763888625604,109.15152740478516,82.21212005615234
1763888625614,109.15152740478516,84.21212005615234
1763888625631,109.15152740478516,89.21212005615234
1763888625647,109.15152740478516,97.21212005615234
1763888625664,109.15152740478516,105.21212005615234
1763888625680,109.15152740478516,112.21212005615234
1763888625697,109.15152740478516,120.21212005615234
1763888625714,109.15152740478516,124.21212005615234
1763888625730,109.15152740478516,128.21212005615234
1763888625747,108.15152740478516,130.21212005615234
1763888625764,108.15152740478516,131.21212005615234
1763888625781,108.15152740478516,133.21212005615234
1763888625797,108.15152740478516,133.21212005615234
1763888625814,108.15152740478516,136.21212005615234
1763888625831,108.15152740478516,136.21212005615234
1763888625847,108.15152740478516,137.21212005615234
1763888625864,107.15152740478516,139.21212005615234
1763888625881,107.15152740478516,142.21212005615234
1763888625897,106.15152740478516,147.21212005615234
1763888625914,105.15152740478516,151.21212005615234
1763888625930,102.15152740478516,160.21212005615234
1763888625947,101.15152740478516,164.21212005615234
1763888625964,100.15152740478516,167.21212005615234
1763888625980,99.15152740478516,169.21212005615234
1763888625997,98.15152740478516,170.21212005615234
1763888626014,98.15152740478516,171.21212005615234
1763888626031,98.15152740478516,173.21212005615234
1763888626047,97.15152740478516,173.21212005615234
1763888626064,96.15152740478516,173.21212005615234
1763888626080,96.15152740478516,172.21212005615234
1763888626097,96.15152740478516,169.21212005615234
1763888626114,96.15152740478516,165.21212005615234
1763888626130,96.15152740478516,159.21212005615234
1763888626147,96.15152740478516,155.21212005615234
1763888626164,96.15152740478516,152.21212005615234
1763888626180,96.15152740478516,144.21212005615234
1763888626197,98.15152740478516,136.21212005615234
1763888626214,99.15152740478516,127.21212005615234
1763888626230,99.15152740478516,122.21212005615234
1763888626247,99.15152740478516,119.21212005615234
1763888626264,100.15152740478516,116.21212005615234
1763888626281,100.15152740478516,114.21212005615234
1763888626297,100.15152740478516,113.21212005615234
1763888626314,100.15152740478516,113.21212005615234
1763888626330,100.15152740478516,112.21212005615234
1763888626347,100.15152740478516,111.21212005615234
1763888626366,100.15152740478516,113.21212005615234
1763888626380,100.15152740478516,115.21212005615234
1763888626397,99.15152740478516,118.21212005615234
1763888626414,97.15152740478516,129.21212005615234
1763888626430,96.15152740478516,137.21212005615234
1763888626447,94.15152740478516,142.21212005615234
1763888626464,91.15152740478516,153.21212005615234
1763888626481,90.15152740478516,160.21212005615234
1763888626497,88.15152740478516,165.21212005615234
1763888626514,87.15152740478516,175.21212005615234
1763888626531,86.15152740478516,179.21212005615234
1763888626547,85.15152740478516,183.21212005615234
1763888626564,85.15152740478516,184.21212005615234
1763888626580,84.15152740478516,187.21212005615234
1763888626597,84.15152740478516,187.21212005615234
1763888626647,84.15152740478516,187.21212005615234
1763888626664,85.15152740478516,182.21212005615234
1763888626680,85.15152740478516,179.21212005615234
1763888626697,85.15152740478516,175.21212005615234
1763888626714,85.15152740478516,164.21212005615234
1763888626731,85.15152740478516,157.21212005615234
1763888626747,85.15152740478516,147.21212005615234
1763888626764,85.15152740478516,142.21212005615234
1763888626780,85.15152740478516,139.21212005615234
1763888626797,85.15152740478516,137.21212005615234
1763888626814,85.15152740478516,137.21212005615234
1763888626844,85.15152740478516,137.21212005615234
1763888626850,85.15152740478516,139.21212005615234
1763888626864,85.15152740478516,141.21212005615234
1763888626880,85.15152740478516,143.21212005615234
1763888626897,85.15152740478516,147.21212005615234
1763888626914,85.15152740478516,154.21212005615234
1763888626930,85.15152740478516,165.21212005615234
1763888626947,84.15152740478516,190.21212005615234
1763888626964,84.15152740478516,202.21212005615234
1763888626980,82.15152740478516,214.21212005615234
1763888626997,82.15152740478516,228.21212005615234
1763888627014,81.15152740478516,235.21212005615234
1763888627030,81.15152740478516,247.21212005615234
1763888627047,81.15152740478516,254.21212005615234
1763888627064,81.15152740478516,259.21212005615234
1763888627080,81.15152740478516,264.21212005615234
1763888627097,80.15152740478516,268.21212005615234
1763888627114,80.15152740478516,273.21212005615234
1763888627130,80.15152740478516,274.21212005615234
1763888627147,80.15152740478516,276.21212005615234
1763888627164,80.15152740478516,279.21212005615234
1763888627180,80.15152740478516,280.21212005615234
1763888627197,80.15152740478516,281.21212005615234
1763888627247,80.15152740478516,279.21212005615234
1763888627264,80.15152740478516,277.21212005615234
1763888627280,80.15152740478516,273.21212005615234
1763888627297,80.15152740478516,269.21212005615234
1763888627314,81.15152740478516,265.21212005615234
1763888627330,82.15152740478516,254.21212005615234
1763888627347,82.15152740478516,241.21212005615234
1763888627364,82.15152740478516,228.21212005615234
1763888627380,82.15152740478516,222.21212005615234
1763888627397,82.15152740478516,218.21212005615234
1763888627414,82.15152740478516,216.21212005615234
1763888627430,82.15152740478516,214.21212005615234
1763888627447,83.15152740478516,214.21212005615234
1763888627466,84.15152740478516,214.21212005615234
1763888627480,84.15152740478516,214.21212005615234
1763888627497,85.15152740478516,217.21212005615234
1763888627514,86.15152740478516,222.21212005615234
1763888627530,91.15152740478516,240.21212005615234
1763888627547,95.15152740478516,256.21212005615234
1763888627563,101.15152740478516,274.21212005615234
1763888627580,104.15152740478516,284.21212005615234
1763888627597,108.15152740478516,295.21212005615234
1763888627613,110.15152740478516,302.21212005615234
1763888627630,111.15152740478516,305.21212005615234
1763888627647,113.15152740478516,307.21212005615234
1763888627664,113.15152740478516,307.21212005615234
1763888627680,114.15152740478516,307.21212005615234
1763888627714,116.15152740478516,303.21212005615234
1763888627730,118.15152740478516,296.21212005615234
1763888627747,119.15152740478516,289.21212005615234
1763888627764,122.15152740478516,279.21212005615234
1763888627780,127.15152740478516,256.21212005615234
1763888627797,131.15152740478516,241.21212005615234
1763888627813,134.15152740478516,233.21212005615234
1763888627830,136.15152740478516,230.21212005615234
1763888627847,136.15152740478516,228.21212005615234
1763888627863,137.15152740478516,227.21212005615234
1763888627880,138.15152740478516,226.21212005615234
1763888627897,138.15152740478516,225.21212005615234
1763888627924,139.15152740478516,225.21212005615234
1763888627964,140.15152740478516,226.21212005615234
1763888627980,141.15152740478516,228.21212005615234
1763888627997,142.15152740478516,231.21212005615234
1763888628013,144.15152740478516,236.21212005615234
1763888628030,144.15152740478516,240.21212005615234
1763888628047,145.15152740478516,245.21212005615234
1763888628063,147.15152740478516,255.21212005615234
1763888628080,148.15152740478516,262.21212005615234
1763888628097,149.15152740478516,271.21212005615234
1763888628113,151.15152740478516,276.21212005615234
1763888628130,151.15152740478516,279.21212005615234
1763888628147,151.15152740478516,283.21212005615234
1763888628164,151.15152740478516,285.21212005615234
1763888628180,151.15152740478516,287.21212005615234
1763888628197,152.15152740478516,287.21212005615234
1763888628213,152.15152740478516,288.21212005615234
1763888628263,152.15152740478516,287.21212005615234
1763888628280,152.15152740478516,284.21212005615234
1763888628297,152.15152740478516,281.21212005615234
1763888628313,151.15152740478516,274.21212005615234
1763888628330,151.15152740478516,269.21212005615234
1763888628347,150.15152740478516,259.21212005615234
1763888628364,148.15152740478516,252.21212005615234
1763888628380,147.15152740478516,247.21212005615234
1763888628397,146.15152740478516,244.21212005615234
1763888628414,146.15152740478516,243.21212005615234
1763888628430,146.15152740478516,240.21212005615234
1763888628447,146.15152740478516,240.21212005615234
1763888628463,146.15152740478516,239.21212005615234
1763888628480,146.15152740478516,239.21212005615234
1763888628530,147.15152740478516,239.21212005615234
1763888628547,147.15152740478516,241.21212005615234
1763888628563,148.15152740478516,242.21212005615234
1763888628580,148.15152740478516,242.21212005615234
1763888628597,148.15152740478516,244.21212005615234
1763888628613,149.15152740478516,245.21212005615234
1763888628630,150.15152740478516,247.21212005615234
1763888628647,150.15152740478516,248.21212005615234
1763888628664,150.15152740478516,250.21212005615234
1763888628680,150.15152740478516,252.21212005615234
1763888628697,148.15152740478516,254.21212005615234
1763888628713,147.15152740478516,256.21212005615234
1763888628730,143.15152740478516,258.21212005615234
1763888628747,141.15152740478516,260.21212005615234
1763888628763,135.15152740478516,262.21212005615234
1763888628780,133.15152740478516,264.21212005615234
1763888628797,131.15152740478516,265.21212005615234
1763888628813,130.15152740478516,267.21212005615234
1763888628830,129.15152740478516,267.21212005615234
1763888628847,129.15152740478516,268.21212005615234
1763888628863,129.15152740478516,269.21212005615234
1763888628880,130.15152740478516,269.21212005615234
1763888628897,131.15152740478516,269.21212005615234
1763888628913,134.15152740478516,269.21212005615234
1763888628930,136.15152740478516,269.21212005615234
1763888628947,138.15152740478516,269.21212005615234
1763888628963,140.15152740478516,269.21212005615234
1763888628980,142.15152740478516,269.21212005615234
1763888628997,143.15152740478516,269.21212005615234
1763888629013,145.15152740478516,269.21212005615234
1763888629030,145.15152740478516,269.21212005615234
1763888629052,146.15152740478516,269.21212005615234
1763888629101,145.15152740478516,269.21212005615234
1763888629113,144.15152740478516,270.21212005615234
1763888629130,139.15152740478516,271.21212005615234
1763888629147,136.15152740478516,273.21212005615234
1763888629163,133.15152740478516,274.21212005615234
1763888629180,132.15152740478516,274.21212005615234
1763888629197,131.15152740478516,275.21212005615234
1763888629213,131.15152740478516,276.21212005615234
1763888629230,131.15152740478516,276.21212005615234
1763888629247,131.15152740478516,276.21212005615234
1763888629263,132.15152740478516,276.21212005615234
1763888629280,134.15152740478516,276.21212005615234
1763888629297,139.15152740478516,276.21212005615234
1763888629313,142.15152740478516,275.21212005615234
1763888629330,148.15152740478516,274.21212005615234
1763888629347,151.15152740478516,273.21212005615234
1763888629363,154.15152740478516,272.21212005615234
1763888629380,156.15152740478516,272.21212005615234
1763888629397,157.15152740478516,271.21212005615234
1763888629413,158.15152740478516,271.21212005615234
1763888629430,158.15152740478516,270.21212005615234
1763888629447,158.15152740478516,270.21212005615234
1763888629463,156.15152740478516,269.21212005615234
1763888629480,153.15152740478516,269.21212005615234
1763888629497,139.15152740478516,270.21212005615234
1763888629513,133.15152740478516,271.21212005615234
1763888629530,126.15152740478516,273.21212005615234
1763888629547,123.15152740478516,274.21212005615234
1763888629563,121.15152740478516,275.21212005615234
1763888629580,119.15152740478516,276.21212005615234
1763888629597,119.15152740478516,276.21212005615234
1763888629613,119.15152740478516,277.21212005615234
1763888629663,122.15152740478516,276.21212005615234
1763888629680,124.15152740478516,275.21212005615234
1763888629697,128.15152740478516,273.21212005615234
1763888629713,130.15152740478516,271.21212005615234
1763888629730,132.15152740478516,269.21212005615234
1763888629747,135.15152740478516,265.21212005615234
1763888629763,138.15152740478516,261.21212005615234
1763888629780,141.15152740478516,251.21212005615234
1763888629797,141.15152740478516,234.21212005615234
1763888629813,142.15152740478516,211.21212005615234
1763888629830,142.15152740478516,181.21212005615234
1763888629847,140.15152740478516,165.21212005615234
1763888629863,139.15152740478516,148.21212005615234
1763888629880,137.15152740478516,142.21212005615234
1763888629897,134.15152740478516,132.21212005615234
1763888629913,133.15152740478516,125.21212005615234
1763888629930,133.15152740478516,122.21212005615234
1763888629947,132.15152740478516,118.21212005615234
1763888629963,131.15152740478516,117.21212005615234
1763888629980,131.15152740478516,116.21212005615234
1763888630030,131.15152740478516,120.21212005615234
1763888630047,133.15152740478516,125.21212005615234
1763888630063,134.15152740478516,135.21212005615234
1763888630080,134.15152740478516,145.21212005615234
1763888630097,134.15152740478516,159.21212005615234
1763888630113,134.15152740478516,180.21212005615234
1763888630130,134.15152740478516,195.21212005615234
1763888630146,134.15152740478516,213.21212005615234
1763888630163,133.15152740478516,220.21212005615234
1763888630180,132.15152740478516,224.21212005615234
1763888630196,131.15152740478516,225.21212005615234
1763888630213,131.15152740478516,227.21212005615234
1763888630230,130.15152740478516,227.21212005615234
1763888630247,130.15152740478516,228.21212005615234
1763888630263,128.15152740478516,228.21212005615234
1763888630280,127.15152740478516,228.21212005615234
1763888630297,127.15152740478516,227.21212005615234
1763888630313,124.15152740478516,222.21212005615234
1763888630330,123.15152740478516,218.21212005615234
1763888630347,121.15152740478516,211.21212005615234
1763888630363,116.15152740478516,199.21212005615234
1763888630380,114.15152740478516,194.21212005615234
1763888630396,112.15152740478516,188.21212005615234
1763888630413,111.15152740478516,186.21212005615234
1763888630430,110.15152740478516,183.21212005615234
1763888630446,109.15152740478516,182.21212005615234
1763888630463,108.15152740478516,181.21212005615234
1763888630480,108.15152740478516,181.21212005615234
1763888630506,108.15152740478516,182.21212005615234
1763888630513,108.15152740478516,183.21212005615234
1763888630530,107.15152740478516,185.21212005615234
1763888630547,107.15152740478516,187.21212005615234
1763888630563,106.15152740478516,192.21212005615234
1763888630580,106.15152740478516,198.21212005615234
1763888630596,104.15152740478516,216.21212005615234
1763888630613,104.15152740478516,220.21212005615234
1763888630630,103.15152740478516,225.21212005615234
1763888630646,102.15152740478516,231.21212005615234
1763888630663,102.15152740478516,233.21212005615234
1763888630680,102.15152740478516,234.21212005615234
1763888630697,102.15152740478516,234.21212005615234
1763888630746,102.15152740478516,234.21212005615234
1763888630763,102.15152740478516,233.21212005615234
1763888630780,102.15152740478516,231.21212005615234
1763888630797,102.15152740478516,229.21212005615234
1763888630813,102.15152740478516,224.21212005615234
1763888630830,102.15152740478516,219.21212005615234
1763888630846,101.15152740478516,208.21212005615234
1763888630863,101.15152740478516,203.21212005615234
1763888630880,101.15152740478516,199.21212005615234
1763888630897,101.15152740478516,195.21212005615234
1763888630913,101.15152740478516,194.21212005615234
1763888630930,101.15152740478516,193.21212005615234
1763888630946,101.15152740478516,192.21212005615234
1763888630963,100.15152740478516,192.21212005615234
1763888630980,99.15152740478516,193.21212005615234
1763888630996,99.15152740478516,194.21212005615234
1763888631013,99.15152740478516,197.21212005615234
1763888631030,98.15152740478516,200.21212005615234
1763888631046,98.15152740478516,205.21212005615234
1763888631063,98.15152740478516,209.21212005615234
1763888631080,97.15152740478516,213.21212005615234
1763888631096,96.15152740478516,220.21212005615234
1763888631113,95.15152740478516,223.21212005615234
1763888631130,94.15152740478516,225.21212005615234
1763888631146,94.15152740478516,226.21212005615234
1763888631164,94.15152740478516,227.21212005615234
1763888631213,94.15152740478516,225.21212005615234
1763888631230,94.15152740478516,223.21212005615234
1763888631246,94.15152740478516,221.21212005615234
1763888631263,94.15152740478516,217.21212005615234
1763888631280,95.15152740478516,214.21212005615234
1763888631296,95.15152740478516,207.21212005615234
1763888631313,95.15152740478516,204.21212005615234
1763888631330,95.15152740478516,197.21212005615234
1763888631346,94.15152740478516,193.21212005615234
1763888631363,94.15152740478516,190.21212005615234
1763888631380,94.15152740478516,187.21212005615234
1763888631396,93.15152740478516,185.21212005615234
1763888631413,93.15152740478516,184.21212005615234
1763888631430,92.15152740478516,184.21212005615234
1763888631447,91.15152740478516,184.21212005615234
1763888631463,91.15152740478516,185.21212005615234
1763888631480,91.15152740478516,187.21212005615234
1763888631496,90.15152740478516,193.21212005615234
1763888631513,90.15152740478516,199.21212005615234
1763888631530,89.15152740478516,208.21212005615234
1763888631546,87.15152740478516,221.21212005615234
1763888631563,86.15152740478516,225.21212005615234
1763888631580,85.15152740478516,230.21212005615234
1763888631597,85.15152740478516,232.21212005615234
1763888631613,85.15152740478516,233.21212005615234
1763888631630,85.15152740478516,234.21212005615234
1763888631646,84.15152740478516,234.21212005615234
1763888631663,84.15152740478516,231.21212005615234
1763888631680,84.15152740478516,228.21212005615234
1763888631696,82.15152740478516,222.21212005615234
1763888631713,82.15152740478516,217.21212005615234
1763888631730,80.15152740478516,211.21212005615234
1763888631746,79.15152740478516,203.21212005615234
1763888631763,79.15152740478516,192.21212005615234
1763888631780,79.15152740478516,178.21212005615234
1763888631796,80.15152740478516,156.21212005615234
1763888631813,81.15152740478516,147.21212005615234
1763888631830,81.15152740478516,137.21212005615234
1763888631847,82.15152740478516,133.21212005615234
1763888631863,82.15152740478516,128.21212005615234
1763888631880,82.15152740478516,125.21212005615234
1763888631896,82.15152740478516,123.21212005615234
1763888631913,82.15152740478516,122.21212005615234
1763888631930,82.15152740478516,121.21212005615234
1763888631946,82.15152740478516,120.21212005615234
1763888631963,82.15152740478516,120.21212005615234
1763888631980,82.15152740478516,120.21212005615234
1763888631996,83.15152740478516,121.21212005615234
1763888632013,83.15152740478516,124.21212005615234
1763888632029,84.15152740478516,130.21212005615234
1763888632046,84.15152740478516,139.21212005615234
1763888632063,85.15152740478516,151.21212005615234
1763888632080,85.15152740478516,175.21212005615234
1763888632096,84.15152740478516,186.21212005615234
1763888632113,82.15152740478516,197.21212005615234
1763888632130,82.15152740478516,204.21212005615234
1763888632146,81.15152740478516,213.21212005615234
1763888632163,81.15152740478516,220.21212005615234
1763888632180,81.15152740478516,224.21212005615234
1763888632196,81.15152740478516,230.21212005615234
1763888632213,81.15152740478516,231.21212005615234
1763888632230,81.15152740478516,232.21212005615234
1763888632246,81.15152740478516,233.21212005615234
1763888632264,81.15152740478516,231.21212005615234
1763888632280,81.15152740478516,229.21212005615234
1763888632296,81.15152740478516,225.21212005615234
1763888632313,81.15152740478516,220.21212005615234
1763888632330,79.15152740478516,205.21212005615234
1763888632346,78.15152740478516,188.21212005615234
1763888632363,76.15152740478516,163.21212005615234
1763888632380,76.15152740478516,153.21212005615234
1763888632396,76.15152740478516,142.21212005615234
1763888632413,76.15152740478516,139.21212005615234
1763888632430,76.15152740478516,136.21212005615234
1763888632446,75.15152740478516,133.21212005615234
1763888632463,75.15152740478516,133.21212005615234
1763888632479,75.15152740478516,131.21212005615234
1763888632496,75.15152740478516,131.21212005615234
1763888632521,75.15152740478516,131.21212005615234
1763888632529,75.15152740478516,132.21212005615234
1763888632546,75.15152740478516,136.21212005615234
1763888632563,76.15152740478516,148.21212005615234
1763888632580,78.15152740478516,169.21212005615234
1763888632596,81.15152740478516,194.21212005615234
1763888632613,91.15152740478516,253.21212005615234
1763888632630,92.15152740478516,274.21212005615234
1763888632646,94.15152740478516,302.21212005615234
1763888632663,94.15152740478516,316.21212005615234
1763888632680,94.15152740478516,331.21212005615234
1763888632696,94.15152740478516,346.21212005615234
1763888632713,94.15152740478516,352.21212005615234
1763888632729,94.15152740478516,362.21212005615234
1763888632746,94.15152740478516,366.21212005615234
1763888632763,94.15152740478516,370.21212005615234
1763888632779,94.15152740478516,371.21212005615234
1763888632796,94.15152740478516,372.21212005615234
1763888632846,94.15152740478516,371.21212005615234
1763888632863,94.15152740478516,369.21212005615234
1763888632880,94.15152740478516,367.21212005615234
1763888632896,94.15152740478516,361.21212005615234
1763888632913,94.15152740478516,356.21212005615234
1763888632929,94.15152740478516,342.21212005615234
1763888632946,95.15152740478516,333.21212005615234
1763888632963,96.15152740478516,328.21212005615234
1763888632979,96.15152740478516,320.21212005615234
1763888632996,97.15152740478516,317.21212005615234
1763888633013,98.15152740478516,313.21212005615234
1763888633029,98.15152740478516,311.21212005615234
1763888633046,98.15152740478516,310.21212005615234
1763888633063,99.15152740478516,309.21212005615234
1763888633080,99.15152740478516,308.21212005615234
1763888633102,100.15152740478516,308.21212005615234
1763888633113,101.15152740478516,308.21212005615234
1763888633129,101.15152740478516,309.21212005615234
1763888633146,102.15152740478516,313.21212005615234
1763888633163,102.15152740478516,315.21212005615234
1763888633180,102.15152740478516,322.21212005615234
1763888633196,102.15152740478516,326.21212005615234
1763888633213,102.15152740478516,333.21212005615234
1763888633229,101.15152740478516,336.21212005615234
1763888633246,101.15152740478516,337.21212005615234
1763888633263,100.15152740478516,339.21212005615234
1763888633279,100.15152740478516,339.21212005615234
1763888633296,100.15152740478516,340.21212005615234
1763888633346,100.15152740478516,339.21212005615234
1763888633363,100.15152740478516,338.21212005615234
1763888633379,101.15152740478516,336.21212005615234
1763888633396,101.15152740478516,334.21212005615234
1763888633413,101.15152740478516,331.21212005615234
1763888633429,102.15152740478516,327.21212005615234
1763888633446,102.15152740478516,323.21212005615234
1763888633463,103.15152740478516,318.21212005615234
1763888633479,104.15152740478516,314.21212005615234
1763888633496,104.15152740478516,310.21212005615234
1763888633513,104.15152740478516,307.21212005615234
1763888633529,104.15152740478516,306.21212005615234
1763888633546,105.15152740478516,305.21212005615234
1763888633563,106.15152740478516,305.21212005615234
1763888633581,106.15152740478516,305.21212005615234
1763888633601,106.15152740478516,307.21212005615234
1763888633613,106.15152740478516,307.21212005615234
1763888633629,106.15152740478516,310.21212005615234
1763888633646,106.15152740478516,311.21212005615234
1763888633663,106.15152740478516,312.21212005615234
1763888633679,106.15152740478516,314.21212005615234
1763888633696,106.15152740478516,314.21212005615234
1763888633713,106.15152740478516,316.21212005615234
1763888633729,106.15152740478516,317.21212005615234
1763888633746,106.15152740478516,317.21212005615234
1763888633796,107.15152740478516,317.21212005615234
1763888633816,107.15152740478516,317.21212005615234
1763888633829,107.15152740478516,316.21212005615234
1763888633846,108.15152740478516,314.21212005615234
1763888633863,108.15152740478516,313.21212005615234
1763888633879,109.15152740478516,310.21212005615234
1763888633896,110.15152740478516,308.21212005615234
1763888633913,110.15152740478516,305.21212005615234
1763888633929,110.15152740478516,304.21212005615234
1763888633946,110.15152740478516,302.21212005615234
1763888633963,110.15152740478516,301.21212005615234
1763888633982,110.15152740478516,300.21212005615234
1763888634009,110.15152740478516,301.21212005615234
1763888634016,109.15152740478516,301.21212005615234
1763888634029,109.15152740478516,302.21212005615234
1763888634046,108.15152740478516,307.21212005615234
1763888634063,108.15152740478516,311.21212005615234
1763888634079,107.15152740478516,318.21212005615234
1763888634096,105.15152740478516,324.21212005615234
1763888634113,104.15152740478516,331.21212005615234
1763888634129,101.15152740478516,339.21212005615234
1763888634146,101.15152740478516,342.21212005615234
1763888634163,100.15152740478516,347.21212005615234
1763888634179,99.15152740478516,348.21212005615234
1763888634196,99.15152740478516,350.21212005615234
1763888634213,99.15152740478516,351.21212005615234
1763888634229,99.15152740478516,351.21212005615234
1763888634246,99.15152740478516,351.21212005615234
1763888634263,100.15152740478516,350.21212005615234
1763888634279,100.15152740478516,347.21212005615234
1763888634296,101.15152740478516,337.21212005615234
1763888634313,102.15152740478516,327.21212005615234
1763888634329,101.15152740478516,299.21212005615234
1763888634346,101.15152740478516,284.21212005615234
1763888634363,99.15152740478516,265.21212005615234
1763888634379,98.15152740478516,254.21212005615234
1763888634396,96.15152740478516,243.21212005615234
1763888634413,94.15152740478516,235.21212005615234
1763888634429,93.15152740478516,233.21212005615234
1763888634446,92.15152740478516,230.21212005615234
1763888634463,92.15152740478516,230.21212005615234
1763888634479,91.15152740478516,230.21212005615234
1763888634496,90.15152740478516,230.21212005615234
1763888634513,90.15152740478516,231.21212005615234
1763888634529,89.15152740478516,234.21212005615234
1763888634546,89.15152740478516,241.21212005615234
1763888634563,88.15152740478516,250.21212005615234
1763888634579,87.15152740478516,264.21212005615234
1763888634596,86.15152740478516,273.21212005615234
1763888634612,85.15152740478516,279.21212005615234
1763888634629,85.15152740478516,281.21212005615234
1763888634646,85.15152740478516,282.21212005615234
1763888634663,85.15152740478516,284.21212005615234
1763888634679,85.15152740478516,284.21212005615234
1763888634696,85.15152740478516,284.21212005615234
1763888634713,85.15152740478516,280.21212005615234
1763888634729,85.15152740478516,275.21212005615234
1763888634746,87.15152740478516,256.21212005615234
1763888634763,90.15152740478516,234.21212005615234
1763888634779,98.15152740478516,201.21212005615234
1763888634796,108.15152740478516,174.21212005615234
1763888634813,117.15152740478516,157.21212005615234
1763888634829,130.15152740478516,135.21212005615234
1763888634846,138.15152740478516,127.21212005615234
1763888634862,144.15152740478516,121.21212005615234
1763888634879,147.15152740478516,120.21212005615234
1763888634896,151.15152740478516,120.21212005615234
1763888634912,153.15152740478516,121.21212005615234
1763888634929,155.15152740478516,124.21212005615234
1763888634946,159.15152740478516,129.21212005615234
1763888634963,161.15152740478516,133.21212005615234
1763888634979,163.15152740478516,142.21212005615234
1763888635013,170.15152740478516,165.21212005615234
1763888635029,173.15152740478516,178.21212005615234
1763888635046,174.15152740478516,184.21212005615234
1763888635062,176.15152740478516,189.21212005615234
1763888635079,176.15152740478516,191.21212005615234
1763888635096,176.15152740478516,193.21212005615234
1763888635117,176.15152740478516,194.21212005615234
1763888635138,176.15152740478516,194.21212005615234
1763888635152,176.15152740478516,193.21212005615234
1763888635162,175.15152740478516,190.21212005615234
1763888635179,174.15152740478516,187.21212005615234
1763888635213,163.15152740478516,156.21212005615234
1763888635229,156.15152740478516,139.21212005615234
1763888635246,153.15152740478516,134.21212005615234
1763888635262,151.15152740478516,129.21212005615234
1763888635279,150.15152740478516,127.21212005615234
1763888635296,150.15152740478516,126.21212005615234
1763888635312,148.15152740478516,125.21212005615234
1763888635362,147.15152740478516,125.21212005615234
1763888635379,147.15152740478516,127.21212005615234
1763888635396,147.15152740478516,131.21212005615234
1763888635412,147.15152740478516,136.21212005615234
1763888635429,148.15152740478516,148.21212005615234
1763888635446,148.15152740478516,165.21212005615234
1763888635462,147.15152740478516,179.21212005615234
1763888635479,146.15152740478516,192.21212005615234
1763888635496,146.15152740478516,194.21212005615234
1763888635512,145.15152740478516,198.21212005615234
1763888635529,145.15152740478516,199.21212005615234
1763888635546,145.15152740478516,199.21212005615234
1763888635574,145.15152740478516,199.21212005615234
1763888635581,145.15152740478516,198.21212005615234
1763888635596,145.15152740478516,196.21212005615234
1763888635613,145.15152740478516,194.21212005615234
1763888635629,147.15152740478516,192.21212005615234
1763888635646,148.15152740478516,189.21212005615234
1763888635663,148.15152740478516,187.21212005615234
1763888635679,149.15152740478516,185.21212005615234
1763888635696,149.15152740478516,184.21212005615234
1763888635712,149.15152740478516,183.21212005615234
1763888635729,149.15152740478516,182.21212005615234
1763888635754,149.15152740478516,184.21212005615234
1763888635762,149.15152740478516,184.21212005615234
1763888635779,149.15152740478516,187.21212005615234
1763888635796,149.15152740478516,194.21212005615234
1763888635812,149.15152740478516,202.21212005615234
1763888635829,149.15152740478516,210.21212005615234
1763888635846,149.15152740478516,216.21212005615234
1763888635863,149.15152740478516,218.21212005615234
1763888635879,149.15152740478516,220.21212005615234
1763888635896,149.15152740478516,220.21212005615234
1763888635912,150.15152740478516,220.21212005615234
1763888635929,151.15152740478516,217.21212005615234
1763888635946,151.15152740478516,215.21212005615234
1763888635962,152.15152740478516,210.21212005615234
1763888635979,153.15152740478516,206.21212005615234
1763888635996,153.15152740478516,202.21212005615234
1763888636012,153.15152740478516,194.21212005615234
1763888636029,154.15152740478516,188.21212005615234
1763888636046,154.15152740478516,180.21212005615234
1763888636062,154.15152740478516,177.21212005615234
1763888636079,154.15152740478516,176.21212005615234
1763888636096,154.15152740478516,174.21212005615234
1763888636112,154.15152740478516,174.21212005615234
1763888636142,154.15152740478516,174.21212005615234
1763888636148,154.15152740478516,176.21212005615234
1763888636162,155.15152740478516,178.21212005615234
1763888636179,155.15152740478516,182.21212005615234
1763888636196,155.15152740478516,188.21212005615234
1763888636212,155.15152740478516,196.21212005615234
1763888636229,155.15152740478516,203.21212005615234
1763888636246,154.15152740478516,208.21212005615234
1763888636262,154.15152740478516,210.21212005615234
1763888636279,154.15152740478516,211.21212005615234
1763888636308,154.15152740478516,210.21212005615234
1763888636315,154.15152740478516,209.21212005615234
1763888636329,155.15152740478516,205.21212005615234
1763888636346,155.15152740478516,199.21212005615234
1763888636362,155.15152740478516,189.21212005615234
1763888636379,155.15152740478516,171.21212005615234
1763888636396,155.15152740478516,162.21212005615234
1763888636412,155.15152740478516,156.21212005615234
1763888636429,155.15152740478516,151.21212005615234
1763888636446,155.15152740478516,148.21212005615234
1763888636462,155.15152740478516,145.21212005615234
1763888636479,155.15152740478516,144.21212005615234
1763888636496,155.15152740478516,143.21212005615234
1763888636546,155.15152740478516,146.21212005615234
1763888636562,155.15152740478516,149.21212005615234
1763888636579,155.15152740478516,162.21212005615234
1763888636596,155.15152740478516,185.21212005615234
1763888636612,154.15152740478516,211.21212005615234
1763888636629,153.15152740478516,251.21212005615234
1763888636646,153.15152740478516,273.21212005615234
1763888636662,153.15152740478516,292.21212005615234
1763888636679,153.15152740478516,301.21212005615234
1763888636696,153.15152740478516,305.21212005615234
1763888636712,153.15152740478516,307.21212005615234
1763888636762,153.15152740478516,306.21212005615234
1763888636779,152.15152740478516,303.21212005615234
1763888636796,151.15152740478516,291.21212005615234
1763888636812,148.15152740478516,276.21212005615234
1763888636829,145.15152740478516,251.21212005615234
1763888636846,143.15152740478516,237.21212005615234
1763888636862,139.15152740478516,221.21212005615234
1763888636879,137.15152740478516,211.21212005615234
1763888636896,134.15152740478516,202.21212005615234
1763888636912,131.15152740478516,197.21212005615234
1763888636929,130.15152740478516,196.21212005615234
1763888636946,129.15152740478516,194.21212005615234
1763888636962,128.15152740478516,194.21212005615234
1763888636979,127.15152740478516,194.21212005615234
1763888636995,126.15152740478516,195.21212005615234
1763888637012,126.15152740478516,197.21212005615234
1763888637029,125.15152740478516,200.21212005615234
1763888637046,125.15152740478516,204.21212005615234
1763888637062,125.15152740478516,207.21212005615234
1763888637079,125.15152740478516,217.21212005615234
1763888637096,125.15152740478516,228.21212005615234
1763888637112,124.15152740478516,241.21212005615234
1763888637129,124.15152740478516,247.21212005615234
1763888637146,124.15152740478516,251.21212005615234
1763888637162,122.15152740478516,256.21212005615234
1763888637179,122.15152740478516,257.21212005615234
1763888637195,122.15152740478516,259.21212005615234
1763888637264,122.15152740478516,258.21212005615234
1763888637279,122.15152740478516,256.21212005615234
1763888637296,122.15152740478516,254.21212005615234
1763888637312,122.15152740478516,253.21212005615234
1763888637329,122.15152740478516,249.21212005615234
1763888637346,122.15152740478516,245.21212005615234
1763888637362,122.15152740478516,241.21212005615234
1763888637379,122.15152740478516,237.21212005615234
1763888637396,122.15152740478516,236.21212005615234
1763888637412,121.15152740478516,234.21212005615234
1763888637429,121.15152740478516,232.21212005615234
1763888637445,119.15152740478516,231.21212005615234
1763888637462,118.15152740478516,231.21212005615234
1763888637479,115.15152740478516,231.21212005615234
1763888637495,113.15152740478516,233.21212005615234
1763888637512,109.15152740478516,234.21212005615234
1763888637529,107.15152740478516,237.21212005615234
1763888637546,105.15152740478516,239.21212005615234
1763888637562,103.15152740478516,242.21212005615234
1763888637579,103.15152740478516,244.21212005615234
1763888637596,103.15152740478516,245.21212005615234
1763888637612,103.15152740478516,248.21212005615234
1763888637629,104.15152740478516,249.21212005615234
1763888637645,106.15152740478516,250.21212005615234
1763888637662,108.15152740478516,253.21212005615234
1763888637679,111.15152740478516,255.21212005615234
1763888637695,116.15152740478516,257.21212005615234
1763888637712,119.15152740478516,258.21212005615234
1763888637729,121.15152740478516,259.21212005615234
1763888637746,122.15152740478516,259.21212005615234
1763888637762,123.15152740478516,259.21212005615234
1763888637779,125.15152740478516,257.21212005615234
1763888637796,126.15152740478516,257.21212005615234
1763888637812,127.15152740478516,254.21212005615234
1763888637829,127.15152740478516,253.21212005615234
1763888637845,127.15152740478516,250.21212005615234
1763888637862,124.15152740478516,249.21212005615234
1763888637879,122.15152740478516,248.21212005615234
1763888637895,120.15152740478516,248.21212005615234
1763888637912,116.15152740478516,248.21212005615234
1763888637929,113.15152740478516,251.21212005615234
1763888637945,111.15152740478516,252.21212005615234
1763888637962,110.15152740478516,253.21212005615234
1763888637979,110.15152740478516,254.21212005615234
1763888637995,110.15152740478516,256.21212005615234
1763888638012,110.15152740478516,257.21212005615234
1763888638029,110.15152740478516,258.21212005615234
1763888638046,111.15152740478516,258.21212005615234
1763888638062,117.15152740478516,259.21212005615234
1763888638079,123.15152740478516,260.21212005615234
1763888638095,143.15152740478516,260.21212005615234
1763888638112,149.15152740478516,260.21212005615234
1763888638129,156.15152740478516,261.21212005615234
1763888638145,158.15152740478516,261.21212005615234
1763888638162,159.15152740478516,261.21212005615234
1763888638180,161.15152740478516,261.21212005615234
1763888638196,162.15152740478516,261.21212005615234
1763888638219,162.15152740478516,260.21212005615234
1763888638233,162.15152740478516,260.21212005615234
1763888638245,162.15152740478516,259.21212005615234
1763888638262,162.15152740478516,257.21212005615234
1763888638279,162.15152740478516,254.21212005615234
1763888638295,161.15152740478516,248.21212005615234
1763888638312,160.15152740478516,243.21212005615234
1763888638329,158.15152740478516,231.21212005615234
1763888638345,156.15152740478516,214.21212005615234
1763888638362,154.15152740478516,197.21212005615234
1763888638379,154.15152740478516,183.21212005615234
1763888638396,154.15152740478516,180.21212005615234
1763888638412,154.15152740478516,178.21212005615234
1763888638429,154.15152740478516,177.21212005615234
1763888638489,154.15152740478516,177.21212005615234
1763888638495,154.15152740478516,179.21212005615234
1763888638512,154.15152740478516,181.21212005615234
1763888638529,154.15152740478516,186.21212005615234
1763888638545,154.15152740478516,191.21212005615234
1763888638562,154.15152740478516,198.21212005615234
1763888638579,156.15152740478516,208.21212005615234
1763888638595,158.15152740478516,227.21212005615234
1763888638612,158.15152740478516,241.21212005615234
1763888638629,159.15152740478516,256.21212005615234
1763888638645,159.15152740478516,264.21212005615234
1763888638662,159.15152740478516,270.21212005615234
1763888638679,159.15152740478516,271.21212005615234
1763888638695,159.15152740478516,272.21212005615234
1763888638712,159.15152740478516,273.21212005615234
1763888638729,158.15152740478516,273.21212005615234
1763888638745,158.15152740478516,273.21212005615234
1763888638762,157.15152740478516,270.21212005615234
1763888638779,156.15152740478516,264.21212005615234
1763888638795,151.15152740478516,250.21212005615234
1763888638812,148.15152740478516,239.21212005615234
1763888638829,144.15152740478516,214.21212005615234
1763888638845,141.15152740478516,196.21212005615234
1763888638862,139.15152740478516,176.21212005615234
1763888638879,138.15152740478516,159.21212005615234
1763888638895,136.15152740478516,153.21212005615234
1763888638912,135.15152740478516,149.21212005615234
1763888638929,135.15152740478516,148.21212005615234
1763888638945,134.15152740478516,147.21212005615234
1763888638967,134.15152740478516,147.21212005615234
1763888638980,133.15152740478516,147.21212005615234
1763888638995,133.15152740478516,149.21212005615234
1763888639012,133.15152740478516,152.21212005615234
1763888639029,133.15152740478516,159.21212005615234
1763888639045,132.15152740478516,167.21212005615234
1763888639062,131.15152740478516,174.21212005615234
1763888639079,129.15152740478516,185.21212005615234
1763888639095,128.15152740478516,190.21212005615234
1763888639112,127.15152740478516,193.21212005615234
1763888639133,126.15152740478516,194.21212005615234
1763888639195,126.15152740478516,193.21212005615234
1763888639212,125.15152740478516,191.21212005615234
1763888639229,125.15152740478516,188.21212005615234
1763888639245,124.15152740478516,182.21212005615234
1763888639262,123.15152740478516,176.21212005615234
1763888639279,122.15152740478516,165.21212005615234
1763888639295,122.15152740478516,158.21212005615234
1763888639312,120.15152740478516,151.21212005615234
1763888639329,119.15152740478516,145.21212005615234
1763888639345,118.15152740478516,140.21212005615234
1763888639362,118.15152740478516,138.21212005615234
1763888639379,117.15152740478516,137.21212005615234
1763888639395,116.15152740478516,136.21212005615234
1763888639431,116.15152740478516,136.21212005615234
1763888639445,116.15152740478516,138.21212005615234
1763888639462,116.15152740478516,142.21212005615234
1763888639479,116.15152740478516,148.21212005615234
1763888639495,117.15152740478516,162.21212005615234
1763888639512,117.15152740478516,175.21212005615234
1763888639528,117.15152740478516,187.21212005615234
1763888639545,117.15152740478516,191.21212005615234
1763888639562,117.15152740478516,194.21212005615234
1763888639579,117.15152740478516,194.21212005615234
1763888639628,117.15152740478516,192.21212005615234
1763888639645,117.15152740478516,187.21212005615234
1763888639662,117.15152740478516,182.21212005615234
1763888639678,115.15152740478516,176.21212005615234
1763888639695,113.15152740478516,169.21212005615234
1763888639712,113.15152740478516,162.21212005615234
1763888639728,111.15152740478516,154.21212005615234
1763888639745,110.15152740478516,149.21212005615234
1763888639762,109.15152740478516,145.21212005615234
1763888639778,109.15152740478516,144.21212005615234
1763888639795,108.15152740478516,142.21212005615234
1763888639812,108.15152740478516,142.21212005615234
1763888639839,108.15152740478516,142.21212005615234
1763888639846,108.15152740478516,144.21212005615234
1763888639862,108.15152740478516,147.21212005615234
1763888639879,108.15152740478516,154.21212005615234
1763888639895,107.15152740478516,163.21212005615234
1763888639912,107.15152740478516,167.21212005615234
1763888639929,106.15152740478516,170.21212005615234
1763888639945,105.15152740478516,171.21212005615234
1763888639962,104.15152740478516,172.21212005615234
1763888639978,103.15152740478516,173.21212005615234
1763888639995,103.15152740478516,171.21212005615234
1763888640012,101.15152740478516,166.21212005615234
1763888640029,99.15152740478516,156.21212005615234
1763888640045,96.15152740478516,146.21212005615234
1763888640062,91.15152740478516,119.21212005615234
1763888640078,89.15152740478516,107.21212005615234
1763888640095,88.15152740478516,98.21212005615234
1763888640428,73.15152740478516,104.21212005615234
1763888640445,72.15152740478516,105.21212005615234
1763888640462,71.15152740478516,107.21212005615234
1763888640478,68.15152740478516,110.21212005615234
1763888640495,67.15152740478516,111.21212005615234
1763888640512,65.15152740478516,114.21212005615234
1763888640528,65.15152740478516,116.21212005615234
1763888640545,63.151527404785156,117.21212005615234
1763888640562,61.151527404785156,119.21212005615234
1763888640579,61.151527404785156,120.21212005615234
1763888640595,59.151527404785156,121.21212005615234
1763888640612,59.151527404785156,121.21212005615234
1763888640628,58.151527404785156,121.21212005615234
1763888640678,59.151527404785156,120.21212005615234
1763888640695,59.151527404785156,119.21212005615234
1763888640712,61.151527404785156,117.21212005615234
1763888640728,63.151527404785156,116.21212005615234
1763888640745,64.15152740478516,115.21212005615234
1763888640762,65.15152740478516,114.21212005615234
1763888640779,67.15152740478516,114.21212005615234
1763888640795,68.15152740478516,113.21212005615234
1763888640850,67.15152740478516,114.21212005615234
1763888640862,67.15152740478516,114.21212005615234
1763888640878,64.15152740478516,117.21212005615234
1763888640895,61.151527404785156,119.21212005615234
1763888640912,58.151527404785156,124.21212005615234
1763888640928,53.151527404785156,133.21212005615234
1763888641178,48.151527404785156,151.21212005615234
1763888641195,53.151527404785156,144.21212005615234
1763888641212,73.15152740478516,125.21212005615234
1763888641228,94.15152740478516,107.21212005615234
1763888641245,116.15152740478516,88.21212005615234
1763888641262,124.15152740478516,83.21212005615234
1763888641278,128.15152740478516,80.21212005615234
1763888641295,133.15152740478516,77.21212005615234
1763888641878,164.15152740478516,104.21212005615234
1763888641895,165.15152740478516,105.21212005615234
1763888641911,170.15152740478516,108.21212005615234
1763888641928,171.15152740478516,109.21212005615234
1763888641945,174.15152740478516,110.21212005615234
1763888641962,175.15152740478516,111.21212005615234
1763888641978,176.15152740478516,111.21212005615234
1763888641995,176.15152740478516,112.21212005615234
1763888642047,176.15152740478516,112.21212005615234
1763888642062,175.15152740478516,112.21212005615234
1763888642078,173.15152740478516,111.21212005615234
1763888642095,173.15152740478516,111.21212005615234
1763888642111,171.15152740478516,110.21212005615234
1763888642128,170.15152740478516,110.21212005615234
1763888642145,168.15152740478516,109.21212005615234
1763888642161,167.15152740478516,109.21212005615234
1763888642211,167.15152740478516,110.21212005615234
1763888642228,168.15152740478516,111.21212005615234
1763888642245,169.15152740478516,111.21212005615234
1763888642261,170.15152740478516,112.21212005615234
1763888642278,171.15152740478516,113.21212005615234
1763888642295,171.15152740478516,114.21212005615234
1763888642311,172.15152740478516,114.21212005615234
1763888642339,171.15152740478516,113.21212005615234
1763888642352,170.15152740478516,111.21212005615234
1763888642361,168.15152740478516,110.21212005615234
1763888642378,167.15152740478516,109.21212005615234
1763888642395,158.15152740478516,105.21212005615234
1763888642411,145.15152740478516,99.21212005615234
1763888642428,134.15152740478516,96.21212005615234
1763888642445,129.15152740478516,95.21212005615234
1763888642461,127.15152740478516,95.21212005615234
1763888642478,126.15152740478516,96.21212005615234
1763888642495,126.15152740478516,98.21212005615234
1763888642511,126.15152740478516,102.21212005615234
1763888642528,127.15152740478516,108.21212005615234
1763888642545,133.15152740478516,144.21212005615234
1763888642561,137.15152740478516,210.21212005615234
1763888642578,137.15152740478516,230.21212005615234
1763888642595,136.15152740478516,246.21212005615234
1763888642611,136.15152740478516,250.21212005615234
1763888642628,135.15152740478516,251.21212005615234
1763888642645,135.15152740478516,252.21212005615234
1763888642671,134.15152740478516,251.21212005615234
1763888642684,134.15152740478516,250.21212005615234
1763888642695,134.15152740478516,249.21212005615234
1763888642711,134.15152740478516,245.21212005615234
1763888642728,131.15152740478516,233.21212005615234
1763888642745,131.15152740478516,225.21212005615234
1763888642761,129.15152740478516,213.21212005615234
1763888642778,128.15152740478516,207.21212005615234
1763888642795,126.15152740478516,200.21212005615234
1763888642811,123.15152740478516,190.21212005615234
1763888642828,120.15152740478516,182.21212005615234
1763888642845,115.15152740478516,174.21212005615234
1763888642861,113.15152740478516,171.21212005615234
1763888642878,111.15152740478516,169.21212005615234
1763888642895,109.15152740478516,169.21212005615234
1763888642911,108.15152740478516,170.21212005615234
1763888642928,107.15152740478516,178.21212005615234
1763888642945,107.15152740478516,184.21212005615234
1763888642961,109.15152740478516,205.21212005615234
1763888642978,113.15152740478516,230.21212005615234
1763888642995,119.15152740478516,257.21212005615234
1763888643011,128.15152740478516,289.21212005615234
1763888643028,130.15152740478516,296.21212005615234
1763888643045,131.15152740478516,298.21212005615234
1763888643061,132.15152740478516,298.21212005615234
1763888643086,132.15152740478516,297.21212005615234
1763888643095,132.15152740478516,297.21212005615234
1763888643111,132.15152740478516,294.21212005615234
1763888643128,133.15152740478516,289.21212005615234
1763888643145,133.15152740478516,283.21212005615234
1763888643161,134.15152740478516,272.21212005615234
1763888643178,136.15152740478516,254.21212005615234
1763888643195,138.15152740478516,240.21212005615234
1763888643211,140.15152740478516,227.21212005615234
1763888643228,140.15152740478516,224.21212005615234
1763888643245,140.15152740478516,222.21212005615234
1763888643261,140.15152740478516,218.21212005615234
1763888643278,139.15152740478516,216.21212005615234
1763888643295,138.15152740478516,213.21212005615234
1763888643311,138.15152740478516,213.21212005615234
1763888643328,137.15152740478516,212.21212005615234
1763888643345,136.15152740478516,211.21212005615234
-1,-1,-1
-1,-1,-1
-1,-1,-1
