1763888814867,120.15152740478516,57.18182373046875
1763888814887,120.15152740478516,61.18182373046875
1763888814903,118.15152740478516,69.18182373046875
1763888814920,114.15152740478516,78.18182373046875
1763888814937,109.15152740478516,90.18182373046875
1763888814953,104.15152740478516,97.18182373046875
1763888814970,101.15152740478516,102.18182373046875
1763888814987,96.15152740478516,108.18182373046875
1763888815003,93.15152740478516,110.18182373046875
1763888815020,91.15152740478516,113.18182373046875
1763888815037,89.15152740478516,115.18182373046875
1763888815053,88.15152740478516,116.18182373046875
1763888815070,87.15152740478516,118.18182373046875
1763888815087,85.15152740478516,119.18182373046875
1763888815103,84.15152740478516,121.18182373046875
1763888815120,83.15152740478516,121.18182373046875
1763888815137,82.15152740478516,122.18182373046875
1763888815153,81.15152740478516,123.18182373046875
1763888815170,79.15152740478516,124.18182373046875
1763888815187,78.15152740478516,125.18182373046875
1763888815203,77.15152740478516,126.18182373046875
1763888815220,76.15152740478516,127.18182373046875
1763888815237,74.15152740478516,128.18182373046875
1763888815254,73.15152740478516,129.18182373046875
1763888815270,72.15152740478516,131.18182373046875
1763888815287,70.15152740478516,133.18182373046875
1763888815303,68.15152740478516,136.18182373046875
1763888815320,66.15152740478516,137.18182373046875
1763888815337,65.15152740478516,139.18182373046875
1763888815355,63.151527404785156,141.18182373046875
1763888815370,62.151527404785156,142.18182373046875
1763888815387,61.151527404785156,144.18182373046875
1763888815403,61.151527404785156,146.18182373046875
1763888815420,60.151527404785156,148.18182373046875
1763888815437,59.151527404785156,149.18182373046875
1763888815454,59.151527404785156,151.18182373046875
1763888815470,59.151527404785156,152.18182373046875
1763888815487,59.151527404785156,154.18182373046875
1763888815503,58.151527404785156,156.18182373046875
1763888815520,58.151527404785156,158.18182373046875
1763888815537,57.151527404785156,160.18182373046875
1763888815554,57.151527404785156,162.18182373046875
1763888815570,56.151527404785156,164.18182373046875
1763888815587,56.151527404785156,165.18182373046875
1763888815603,55.151527404785156,168.18182373046875
1763888815620,55.151527404785156,169.18182373046875
1763888815637,54.151527404785156,172.18182373046875
1763888815654,54.151527404785156,174.18182373046875
1763888815670,54.151527404785156,175.18182373046875
1763888815687,53.151527404785156,177.18182373046875
1763888815704,53.151527404785156,179.18182373046875
1763888815720,52.151527404785156,181.18182373046875
1763888815737,51.151527404785156,183.18182373046875
1763888815753,51.151527404785156,184.18182373046875
1763888815770,51.151527404785156,187.18182373046875
1763888815787,50.151527404785156,189.18182373046875
1763888815803,50.151527404785156,192.18182373046875
1763888815820,50.151527404785156,195.18182373046875
1763888815837,50.151527404785156,199.18182373046875
1763888815853,50.151527404785156,205.18182373046875
1763888815870,49.151527404785156,209.18182373046875
1763888815887,49.151527404785156,214.18182373046875
1763888815903,48.151527404785156,218.18182373046875
1763888815920,48.151527404785156,221.18182373046875
1763888815937,48.151527404785156,227.18182373046875
1763888815953,48.151527404785156,230.18182373046875
1763888815970,47.151527404785156,234.18182373046875
1763888815987,47.151527404785156,237.18182373046875
1763888816003,47.151527404785156,240.18182373046875
1763888816020,47.151527404785156,242.18182373046875
1763888816037,46.151527404785156,244.18182373046875
1763888816053,46.151527404785156,246.18182373046875
1763888816070,46.151527404785156,247.18182373046875
1763888816087,46.151527404785156,248.18182373046875
1763888816103,46.151527404785156,250.18182373046875
1763888816120,46.151527404785156,251.18182373046875
1763888816137,46.151527404785156,253.18182373046875
1763888816153,46.151527404785156,254.18182373046875
1763888816170,46.151527404785156,256.18182373046875
1763888816187,46.151527404785156,256.18182373046875
1763888816203,46.151527404785156,258.18182373046875
1763888816220,46.151527404785156,261.18182373046875
1763888816237,45.151527404785156,262.18182373046875
1763888816253,45.151527404785156,265.18182373046875
1763888816270,45.151527404785156,267.18182373046875
1763888816287,45.151527404785156,269.18182373046875
1763888816303,45.151527404785156,271.18182373046875
1763888816320,45.151527404785156,273.18182373046875
1763888816337,45.151527404785156,275.18182373046875
1763888816353,45.151527404785156,276.18182373046875
1763888816370,45.151527404785156,277.18182373046875
1763888816387,45.151527404785156,279.18182373046875
1763888816403,45.151527404785156,279.18182373046875
1763888816420,45.151527404785156,284.18182373046875
1763888816437,45.151527404785156,287.18182373046875
1763888816453,45.151527404785156,291.18182373046875
1763888816470,45.151527404785156,294.18182373046875
1763888816487,45.151527404785156,296.18182373046875
1763888816503,45.151527404785156,299.18182373046875
1763888816520,45.151527404785156,301.18182373046875
1763888816536,45.151527404785156,304.18182373046875
1763888816553,45.151527404785156,307.18182373046875
1763888816570,45.151527404785156,308.18182373046875
1763888816687,43.151527404785156,307.18182373046875
1763888816703,42.151527404785156,264.18182373046875
1763888816720,42.151527404785156,236.18182373046875
1763888816737,44.151527404785156,226.18182373046875
1763888816753,44.151527404785156,219.18182373046875
1763888816770,44.151527404785156,217.18182373046875
1763888816787,44.151527404785156,215.18182373046875
1763888816803,44.151527404785156,213.18182373046875
1763888816820,44.151527404785156,212.18182373046875
1763888816837,44.151527404785156,209.18182373046875
1763888816853,44.151527404785156,206.18182373046875
1763888816870,44.151527404785156,199.18182373046875
1763888816886,45.151527404785156,194.18182373046875
1763888816903,45.151527404785156,188.18182373046875
1763888816920,47.151527404785156,179.18182373046875
1763888816937,47.151527404785156,176.18182373046875
1763888816953,47.151527404785156,173.18182373046875
1763888816970,47.151527404785156,172.18182373046875
1763888816986,47.151527404785156,170.18182373046875
1763888817003,47.151527404785156,168.18182373046875
1763888817020,47.151527404785156,168.18182373046875
1763888817036,47.151527404785156,167.18182373046875
1763888817053,48.151527404785156,167.18182373046875
1763888817070,48.151527404785156,164.18182373046875
1763888817086,48.151527404785156,162.18182373046875
1763888817103,50.151527404785156,157.18182373046875
1763888817120,51.151527404785156,151.18182373046875
1763888817137,53.151527404785156,148.18182373046875
1763888817153,53.151527404785156,144.18182373046875
1763888817170,54.151527404785156,139.18182373046875
1763888817187,55.151527404785156,136.18182373046875
1763888817203,56.151527404785156,134.18182373046875
1763888817220,57.151527404785156,133.18182373046875
1763888817236,58.151527404785156,131.18182373046875
1763888817253,59.151527404785156,129.18182373046875
1763888817270,59.151527404785156,127.18182373046875
1763888817286,60.151527404785156,125.18182373046875
1763888817303,61.151527404785156,124.18182373046875
1763888817320,63.151527404785156,121.18182373046875
1763888817336,64.15152740478516,120.18182373046875
1763888817353,65.15152740478516,119.18182373046875
1763888817370,67.15152740478516,117.18182373046875
1763888817387,68.15152740478516,116.18182373046875
1763888817403,68.15152740478516,114.18182373046875
1763888817420,71.15152740478516,113.18182373046875
1763888817436,73.15152740478516,111.18182373046875
1763888817453,75.15152740478516,108.18182373046875
1763888817470,78.15152740478516,106.18182373046875
1763888817486,82.15152740478516,103.18182373046875
1763888817503,85.15152740478516,101.18182373046875
1763888817520,88.15152740478516,98.18182373046875
1763888817603,104.15152740478516,82.18182373046875
1763888817620,106.15152740478516,77.18182373046875
1763888817637,107.15152740478516,74.18182373046875
1763888817653,109.15152740478516,71.18182373046875
1763888817670,110.15152740478516,67.18182373046875
1763888817686,110.15152740478516,64.18182373046875
1763888817703,111.15152740478516,59.18182373046875
1763888817720,111.15152740478516,56.18182373046875
1763888817736,111.15152740478516,52.18182373046875
1763888817753,111.15152740478516,49.18182373046875
1763888817770,111.15152740478516,47.18182373046875
1763888817786,111.15152740478516,44.18182373046875
1763888817803,111.15152740478516,42.18182373046875
1763888817820,110.15152740478516,40.18182373046875
1763888817836,110.15152740478516,39.18182373046875
1763888817853,110.15152740478516,37.18182373046875
1763888817870,109.15152740478516,36.18182373046875
1763888817886,108.15152740478516,34.18182373046875
1763888817903,107.15152740478516,33.18182373046875
1763888817923,107.15152740478516,32.18182373046875
1763888817936,105.15152740478516,31.18182373046875
1763888817953,104.15152740478516,31.18182373046875
1763888817970,102.15152740478516,30.18182373046875
1763888817986,100.15152740478516,30.18182373046875
1763888818003,98.15152740478516,30.18182373046875
1763888818020,97.15152740478516,30.18182373046875
1763888818036,96.15152740478516,30.18182373046875
1763888818053,94.15152740478516,31.18182373046875
1763888818070,93.15152740478516,32.18182373046875
1763888818087,93.15152740478516,33.18182373046875
1763888818103,92.15152740478516,34.18182373046875
1763888818120,92.15152740478516,36.18182373046875
1763888818136,92.15152740478516,37.18182373046875
1763888818153,92.15152740478516,39.18182373046875
1763888818170,92.15152740478516,40.18182373046875
1763888818186,93.15152740478516,41.18182373046875
1763888818203,93.15152740478516,42.18182373046875
1763888818220,93.15152740478516,44.18182373046875
1763888818236,94.15152740478516,45.18182373046875
1763888818253,95.15152740478516,47.18182373046875
1763888818270,96.15152740478516,48.18182373046875
1763888818286,97.15152740478516,50.18182373046875
1763888818303,98.15152740478516,50.18182373046875
1763888818320,98.15152740478516,51.18182373046875
1763888818336,99.15152740478516,52.18182373046875
1763888818353,99.15152740478516,53.18182373046875
1763888818370,100.15152740478516,53.18182373046875
1763888818386,101.15152740478516,54.18182373046875
1763888818403,102.15152740478516,56.18182373046875
1763888818420,102.15152740478516,56.18182373046875
1763888818436,104.15152740478516,58.18182373046875
1763888818453,104.15152740478516,60.18182373046875
1763888818470,105.15152740478516,62.18182373046875
1763888818486,106.15152740478516,62.18182373046875
1763888818503,107.15152740478516,64.18182373046875
1763888818520,108.15152740478516,65.18182373046875
1763888818539,109.15152740478516,66.18182373046875
1763888818553,110.15152740478516,67.18182373046875
1763888818570,110.15152740478516,67.18182373046875
1763888818586,111.15152740478516,67.18182373046875
1763888818603,115.15152740478516,66.18182373046875
1763888818620,117.15152740478516,65.18182373046875
1763888818636,121.15152740478516,62.18182373046875
1763888818653,124.15152740478516,61.18182373046875
1763888818670,127.15152740478516,61.18182373046875
1763888818686,131.15152740478516,58.18182373046875
1763888818703,133.15152740478516,57.18182373046875
1763888818720,134.15152740478516,56.18182373046875
1763888818736,136.15152740478516,56.18182373046875
1763888818753,137.15152740478516,54.18182373046875
1763888818770,138.15152740478516,54.18182373046875
1763888818786,139.15152740478516,53.18182373046875
1763888818803,140.15152740478516,51.18182373046875
1763888818820,141.15152740478516,51.18182373046875
1763888818836,141.15152740478516,50.18182373046875
1763888818853,141.15152740478516,48.18182373046875
1763888818870,141.15152740478516,47.18182373046875
1763888818886,141.15152740478516,46.18182373046875
1763888818903,141.15152740478516,45.18182373046875
1763888818920,141.15152740478516,44.18182373046875
1763888818941,140.15152740478516,44.18182373046875
1763888818953,139.15152740478516,44.18182373046875
1763888818970,138.15152740478516,47.18182373046875
1763888818986,136.15152740478516,50.18182373046875
1763888819003,134.15152740478516,56.18182373046875
1763888819019,134.15152740478516,59.18182373046875
1763888819036,132.15152740478516,64.18182373046875
1763888819053,130.15152740478516,69.18182373046875
1763888819070,130.15152740478516,70.18182373046875
1763888819086,130.15152740478516,74.18182373046875
1763888819103,129.15152740478516,76.18182373046875
1763888819120,129.15152740478516,77.18182373046875
1763888819136,128.15152740478516,78.18182373046875
1763888819153,128.15152740478516,80.18182373046875
1763888819169,128.15152740478516,81.18182373046875
1763888819186,128.15152740478516,82.18182373046875
1763888819203,128.15152740478516,82.18182373046875
1763888819253,128.15152740478516,81.18182373046875
1763888819269,130.15152740478516,79.18182373046875
1763888819286,131.15152740478516,77.18182373046875
1763888819303,133.15152740478516,73.18182373046875
1763888819320,134.15152740478516,71.18182373046875
1763888819336,135.15152740478516,68.18182373046875
1763888819353,136.15152740478516,66.18182373046875
1763888819370,136.15152740478516,64.18182373046875
1763888819386,137.15152740478516,63.18182373046875
1763888819403,137.15152740478516,62.18182373046875
1763888819419,138.15152740478516,61.18182373046875
1763888819436,138.15152740478516,60.18182373046875
1763888819453,138.15152740478516,59.18182373046875
1763888819470,138.15152740478516,59.18182373046875
1763888819486,138.15152740478516,58.18182373046875
1763888819508,138.15152740478516,57.18182373046875
1763888819529,138.15152740478516,57.18182373046875
1763888819550,138.15152740478516,56.18182373046875
1763888819586,138.15152740478516,55.18182373046875
1763888819612,138.15152740478516,54.18182373046875
1763888819620,137.15152740478516,54.18182373046875
1763888819636,136.15152740478516,53.18182373046875
1763888819653,136.15152740478516,50.18182373046875
1763888819669,134.15152740478516,46.18182373046875
1763888819686,134.15152740478516,42.18182373046875
1763888819703,134.15152740478516,39.18182373046875
1763888819719,133.15152740478516,37.18182373046875
1763888819736,133.15152740478516,36.18182373046875
1763888819753,133.15152740478516,34.18182373046875
1763888819770,132.15152740478516,33.18182373046875
1763888819786,131.15152740478516,31.18182373046875
1763888819803,131.15152740478516,31.18182373046875
1763888819820,130.15152740478516,30.18182373046875
1763888819836,130.15152740478516,29.18182373046875
1763888819853,130.15152740478516,28.18182373046875
1763888819869,130.15152740478516,27.18182373046875
1763888819886,129.15152740478516,27.18182373046875
1763888819903,128.15152740478516,25.18182373046875
1763888819919,128.15152740478516,24.18182373046875
1763888819936,127.15152740478516,23.18182373046875
1763888819953,126.15152740478516,21.18182373046875
1763888819969,125.15152740478516,21.18182373046875
1763888819986,125.15152740478516,20.18182373046875
1763888820003,124.15152740478516,20.18182373046875
1763888820020,123.15152740478516,19.18182373046875
1763888820036,122.15152740478516,19.18182373046875
1763888820053,121.15152740478516,19.18182373046875
1763888820069,119.15152740478516,19.18182373046875
1763888820086,118.15152740478516,19.18182373046875
1763888820103,118.15152740478516,19.18182373046875
1763888820119,116.15152740478516,19.18182373046875
1763888820136,114.15152740478516,19.18182373046875
1763888820153,112.15152740478516,20.18182373046875
1763888820169,111.15152740478516,21.18182373046875
1763888820186,109.15152740478516,21.18182373046875
1763888820203,107.15152740478516,22.18182373046875
1763888820219,105.15152740478516,22.18182373046875
1763888820236,105.15152740478516,23.18182373046875
1763888820253,103.15152740478516,25.18182373046875
1763888820270,101.15152740478516,25.18182373046875
1763888820286,100.15152740478516,27.18182373046875
1763888820303,99.15152740478516,27.18182373046875
1763888820319,98.15152740478516,28.18182373046875
1763888820336,98.15152740478516,29.18182373046875
1763888820353,97.15152740478516,30.18182373046875
1763888820369,96.15152740478516,33.18182373046875
1763888820388,96.15152740478516,34.18182373046875
1763888820403,96.15152740478516,35.18182373046875
1763888820419,96.15152740478516,36.18182373046875
1763888820436,96.15152740478516,37.18182373046875
1763888820453,96.15152740478516,39.18182373046875
1763888820469,96.15152740478516,41.18182373046875
1763888820486,96.15152740478516,42.18182373046875
1763888820503,96.15152740478516,44.18182373046875
1763888820519,96.15152740478516,45.18182373046875
1763888820536,96.15152740478516,48.18182373046875
1763888820553,97.15152740478516,50.18182373046875
1763888820569,98.15152740478516,51.18182373046875
1763888820586,99.15152740478516,53.18182373046875
1763888820603,99.15152740478516,54.18182373046875
1763888820619,100.15152740478516,56.18182373046875
1763888820636,101.15152740478516,57.18182373046875
1763888820652,102.15152740478516,58.18182373046875
1763888820669,104.15152740478516,59.18182373046875
1763888820686,105.15152740478516,61.18182373046875
1763888820703,107.15152740478516,61.18182373046875
1763888820719,107.15152740478516,61.18182373046875
1763888820736,110.15152740478516,62.18182373046875
1763888820753,112.15152740478516,62.18182373046875
1763888820769,114.15152740478516,62.18182373046875
1763888820786,115.15152740478516,62.18182373046875
1763888820803,116.15152740478516,61.18182373046875
1763888820819,118.15152740478516,61.18182373046875
1763888820836,120.15152740478516,60.18182373046875
1763888820853,123.15152740478516,58.18182373046875
1763888820869,124.15152740478516,57.18182373046875
1763888820886,125.15152740478516,55.18182373046875
1763888820903,128.15152740478516,53.18182373046875
1763888820919,129.15152740478516,52.18182373046875
1763888820936,130.15152740478516,51.18182373046875
1763888820953,131.15152740478516,49.18182373046875
1763888820969,132.15152740478516,47.18182373046875
1763888820986,133.15152740478516,44.18182373046875
1763888821003,134.15152740478516,41.18182373046875
1763888821019,135.15152740478516,37.18182373046875
1763888821036,136.15152740478516,36.18182373046875
1763888821053,136.15152740478516,34.18182373046875
1763888821069,136.15152740478516,31.18182373046875
1763888821086,136.15152740478516,30.18182373046875
1763888821103,136.15152740478516,28.18182373046875
1763888821119,136.15152740478516,27.18182373046875
1763888821136,136.15152740478516,26.18182373046875
1763888821153,136.15152740478516,25.18182373046875
1763888821169,136.15152740478516,25.18182373046875
1763888821186,135.15152740478516,24.18182373046875
1763888821203,135.15152740478516,24.18182373046875
1763888821253,134.15152740478516,24.18182373046875
1763888821269,134.15152740478516,24.18182373046875
1763888821286,134.15152740478516,25.18182373046875
1763888821303,133.15152740478516,25.18182373046875
1763888821319,133.15152740478516,25.18182373046875
1763888821336,131.15152740478516,25.18182373046875
1763888821353,128.15152740478516,27.18182373046875
1763888821369,126.15152740478516,27.18182373046875
1763888821386,122.15152740478516,28.18182373046875
1763888821403,121.15152740478516,29.18182373046875
1763888821419,120.15152740478516,30.18182373046875
1763888821436,119.15152740478516,31.18182373046875
1763888821453,118.15152740478516,33.18182373046875
1763888821469,118.15152740478516,35.18182373046875
1763888821486,118.15152740478516,36.18182373046875
1763888821503,118.15152740478516,38.18182373046875
1763888821519,118.15152740478516,42.18182373046875
1763888821536,118.15152740478516,44.18182373046875
1763888821552,118.15152740478516,47.18182373046875
1763888821569,118.15152740478516,50.18182373046875
1763888821586,118.15152740478516,53.18182373046875
1763888821602,118.15152740478516,56.18182373046875
1763888821619,118.15152740478516,57.18182373046875
1763888821636,118.15152740478516,61.18182373046875
1763888821653,118.15152740478516,63.18182373046875
1763888821669,118.15152740478516,66.18182373046875
1763888821686,119.15152740478516,71.18182373046875
1763888821703,121.15152740478516,74.18182373046875
1763888821719,122.15152740478516,79.18182373046875
1763888821736,125.15152740478516,83.18182373046875
1763888821753,131.15152740478516,93.18182373046875
1763888821769,135.15152740478516,99.18182373046875
1763888821786,139.15152740478516,104.18182373046875
1763888821803,142.15152740478516,110.18182373046875
1763888821819,144.15152740478516,112.18182373046875
1763888821836,147.15152740478516,116.18182373046875
1763888821852,148.15152740478516,117.18182373046875
1763888821869,150.15152740478516,119.18182373046875
1763888821886,151.15152740478516,121.18182373046875
1763888821903,152.15152740478516,122.18182373046875
1763888821919,154.15152740478516,124.18182373046875
1763888821936,154.15152740478516,125.18182373046875
1763888821953,155.15152740478516,125.18182373046875
1763888821969,156.15152740478516,126.18182373046875
1763888821986,158.15152740478516,127.18182373046875
1763888822002,159.15152740478516,127.18182373046875
1763888822019,160.15152740478516,127.18182373046875
1763888822036,161.15152740478516,127.18182373046875
1763888822052,162.15152740478516,128.18182373046875
1763888822069,164.15152740478516,129.18182373046875
1763888822086,166.15152740478516,131.18182373046875
1763888822102,167.15152740478516,132.18182373046875
1763888822119,168.15152740478516,134.18182373046875
1763888822136,171.15152740478516,137.18182373046875
1763888822152,172.15152740478516,138.18182373046875
1763888822169,174.15152740478516,141.18182373046875
1763888822186,175.15152740478516,142.18182373046875
1763888822202,177.15152740478516,145.18182373046875
1763888822219,178.15152740478516,147.18182373046875
1763888822236,179.15152740478516,148.18182373046875
1763888822253,180.15152740478516,150.18182373046875
1763888822269,180.15152740478516,151.18182373046875
1763888822286,181.15152740478516,153.18182373046875
1763888822302,181.15152740478516,153.18182373046875
1763888822319,182.15152740478516,155.18182373046875
1763888822336,182.15152740478516,157.18182373046875
1763888822352,182.15152740478516,159.18182373046875
1763888822369,183.15152740478516,161.18182373046875
1763888822386,183.15152740478516,162.18182373046875
1763888822403,184.15152740478516,165.18182373046875
1763888822419,184.15152740478516,167.18182373046875
1763888822436,185.15152740478516,170.18182373046875
1763888822452,185.15152740478516,173.18182373046875
1763888822469,185.15152740478516,176.18182373046875
1763888822486,185.15152740478516,177.18182373046875
1763888822502,186.15152740478516,179.18182373046875
1763888822519,187.15152740478516,181.18182373046875
1763888822536,187.15152740478516,183.18182373046875
1763888822552,188.15152740478516,185.18182373046875
1763888822569,188.15152740478516,187.18182373046875
1763888822586,188.15152740478516,189.18182373046875
1763888822603,188.15152740478516,191.18182373046875
1763888822619,189.15152740478516,195.18182373046875
1763888822636,190.15152740478516,197.18182373046875
1763888822652,190.15152740478516,200.18182373046875
1763888822669,191.15152740478516,202.18182373046875
1763888822686,191.15152740478516,204.18182373046875
1763888822702,191.15152740478516,205.18182373046875
1763888822719,192.15152740478516,207.18182373046875
1763888822736,192.15152740478516,209.18182373046875
1763888822752,193.15152740478516,211.18182373046875
1763888822769,193.15152740478516,213.18182373046875
1763888822786,193.15152740478516,215.18182373046875
1763888822802,193.15152740478516,216.18182373046875
1763888822819,193.15152740478516,217.18182373046875
1763888822836,193.15152740478516,221.18182373046875
1763888822853,193.15152740478516,222.18182373046875
1763888822869,194.15152740478516,225.18182373046875
1763888822886,194.15152740478516,227.18182373046875
1763888822902,194.15152740478516,227.18182373046875
1763888822919,195.15152740478516,230.18182373046875
1763888822936,195.15152740478516,231.18182373046875
1763888822952,196.15152740478516,233.18182373046875
1763888822969,196.15152740478516,235.18182373046875
1763888822986,196.15152740478516,237.18182373046875
1763888823002,196.15152740478516,238.18182373046875
1763888823019,196.15152740478516,239.18182373046875
1763888823036,196.15152740478516,241.18182373046875
1763888823052,196.15152740478516,242.18182373046875
1763888823069,196.15152740478516,243.18182373046875
1763888823086,196.15152740478516,245.18182373046875
1763888823103,196.15152740478516,246.18182373046875
1763888823119,196.15152740478516,249.18182373046875
1763888823136,196.15152740478516,251.18182373046875
1763888823152,196.15152740478516,252.18182373046875
1763888823169,196.15152740478516,254.18182373046875
1763888823402,196.15152740478516,288.18182373046875
1763888823419,196.15152740478516,291.18182373046875
1763888823436,196.15152740478516,295.18182373046875
1763888823452,196.15152740478516,300.18182373046875
1763888824413,187.15152740478516,271.18182373046875
1763888824420,187.15152740478516,272.18182373046875
1763888824435,187.15152740478516,274.18182373046875
1763888824452,187.15152740478516,274.18182373046875
1763888824469,187.15152740478516,276.18182373046875
1763888824485,187.15152740478516,278.18182373046875
1763888824502,187.15152740478516,279.18182373046875
1763888824519,187.15152740478516,282.18182373046875
1763888824535,187.15152740478516,283.18182373046875
1763888824552,187.15152740478516,285.18182373046875
1763888824569,186.15152740478516,286.18182373046875
1763888824586,186.15152740478516,287.18182373046875
1763888824602,185.15152740478516,289.18182373046875
1763888824619,185.15152740478516,290.18182373046875
1763888824635,185.15152740478516,293.18182373046875
1763888824652,185.15152740478516,293.18182373046875
1763888824669,185.15152740478516,294.18182373046875
1763888824685,184.15152740478516,296.18182373046875
1763888824702,184.15152740478516,296.18182373046875
1763888824719,184.15152740478516,297.18182373046875
1763888824738,184.15152740478516,297.18182373046875
1763888824759,184.15152740478516,298.18182373046875
1763888824773,184.15152740478516,299.18182373046875
1763888824787,184.15152740478516,299.18182373046875
1763888824802,184.15152740478516,300.18182373046875
1763888824819,184.15152740478516,302.18182373046875
1763888824835,184.15152740478516,307.18182373046875
1763888824852,184.15152740478516,310.18182373046875
1763888825002,185.15152740478516,310.18182373046875
1763888825019,185.15152740478516,309.18182373046875
1763888825035,185.15152740478516,308.18182373046875
1763888825052,186.15152740478516,306.18182373046875
1763888825069,186.15152740478516,304.18182373046875
1763888825085,186.15152740478516,300.18182373046875
1763888825102,186.15152740478516,296.18182373046875
1763888825119,186.15152740478516,288.18182373046875
1763888825135,186.15152740478516,283.18182373046875
1763888825152,186.15152740478516,276.18182373046875
1763888825169,186.15152740478516,267.18182373046875
1763888825185,186.15152740478516,263.18182373046875
1763888825202,186.15152740478516,257.18182373046875
1763888825219,185.15152740478516,253.18182373046875
1763888825236,185.15152740478516,250.18182373046875
1763888825252,184.15152740478516,244.18182373046875
1763888825269,184.15152740478516,242.18182373046875
1763888825285,184.15152740478516,237.18182373046875
1763888825302,182.15152740478516,234.18182373046875
1763888825319,182.15152740478516,230.18182373046875
1763888825335,181.15152740478516,226.18182373046875
1763888825352,181.15152740478516,223.18182373046875
1763888825369,179.15152740478516,215.18182373046875
1763888825385,179.15152740478516,211.18182373046875
1763888825402,178.15152740478516,206.18182373046875
1763888825419,178.15152740478516,202.18182373046875
1763888825435,177.15152740478516,200.18182373046875
1763888825452,176.15152740478516,197.18182373046875
1763888825469,176.15152740478516,196.18182373046875
1763888825485,176.15152740478516,195.18182373046875
1763888825502,176.15152740478516,193.18182373046875
1763888825519,176.15152740478516,192.18182373046875
1763888825535,176.15152740478516,191.18182373046875
1763888825552,175.15152740478516,190.18182373046875
1763888825569,175.15152740478516,190.18182373046875
1763888825585,174.15152740478516,189.18182373046875
1763888825602,174.15152740478516,188.18182373046875
1763888825632,174.15152740478516,189.18182373046875
1763888825640,174.15152740478516,190.18182373046875
1763888825652,174.15152740478516,191.18182373046875
1763888825669,175.15152740478516,194.18182373046875
1763888825702,178.15152740478516,208.18182373046875
1763888825719,180.15152740478516,216.18182373046875
1763888825735,182.15152740478516,224.18182373046875
1763888825752,184.15152740478516,231.18182373046875
1763888825769,185.15152740478516,236.18182373046875
1763888825785,187.15152740478516,242.18182373046875
1763888825802,188.15152740478516,245.18182373046875
1763888825819,188.15152740478516,247.18182373046875
1763888825835,188.15152740478516,248.18182373046875
1763888825852,189.15152740478516,249.18182373046875
1763888825869,190.15152740478516,250.18182373046875
1763888825885,190.15152740478516,251.18182373046875
1763888825902,190.15152740478516,252.18182373046875
1763888825919,190.15152740478516,252.18182373046875
1763888825935,190.15152740478516,253.18182373046875
1763888825952,191.15152740478516,253.18182373046875
1763888825985,191.15152740478516,251.18182373046875
1763888826002,191.15152740478516,248.18182373046875
1763888826019,191.15152740478516,242.18182373046875
1763888826035,191.15152740478516,232.18182373046875
1763888826052,189.15152740478516,217.18182373046875
1763888826068,187.15152740478516,194.18182373046875
1763888826085,187.15152740478516,179.18182373046875
1763888826102,187.15152740478516,172.18182373046875
1763888826118,186.15152740478516,158.18182373046875
1763888826135,185.15152740478516,154.18182373046875
1763888826152,185.15152740478516,148.18182373046875
1763888826168,185.15152740478516,146.18182373046875
1763888826185,185.15152740478516,144.18182373046875
1763888826202,184.15152740478516,141.18182373046875
1763888826219,184.15152740478516,139.18182373046875
1763888826235,184.15152740478516,137.18182373046875
1763888826252,183.15152740478516,136.18182373046875
1763888826269,182.15152740478516,134.18182373046875
1763888826285,181.15152740478516,132.18182373046875
1763888826302,181.15152740478516,131.18182373046875
1763888826318,179.15152740478516,130.18182373046875
1763888826335,178.15152740478516,128.18182373046875
1763888826352,177.15152740478516,127.18182373046875
1763888826368,176.15152740478516,127.18182373046875
1763888826385,175.15152740478516,127.18182373046875
1763888826402,174.15152740478516,127.18182373046875
1763888826419,174.15152740478516,128.18182373046875
1763888826435,174.15152740478516,130.18182373046875
1763888826452,174.15152740478516,131.18182373046875
1763888826469,174.15152740478516,133.18182373046875
1763888826485,175.15152740478516,136.18182373046875
1763888826502,176.15152740478516,139.18182373046875
1763888826519,176.15152740478516,142.18182373046875
1763888826535,178.15152740478516,144.18182373046875
1763888826552,178.15152740478516,146.18182373046875
1763888826568,179.15152740478516,150.18182373046875
1763888826585,181.15152740478516,150.18182373046875
1763888826602,181.15152740478516,152.18182373046875
1763888826618,182.15152740478516,153.18182373046875
1763888826635,182.15152740478516,154.18182373046875
1763888826652,183.15152740478516,154.18182373046875
1763888826669,183.15152740478516,152.18182373046875
1763888826685,181.15152740478516,143.18182373046875
1763888826702,178.15152740478516,134.18182373046875
1763888826718,174.15152740478516,125.18182373046875
1763888826735,169.15152740478516,113.18182373046875
1763888826752,167.15152740478516,110.18182373046875
1763888826768,164.15152740478516,107.18182373046875
1763888826785,164.15152740478516,106.18182373046875
1763888826802,164.15152740478516,105.18182373046875
1763888826818,163.15152740478516,105.18182373046875
1763888826835,162.15152740478516,105.18182373046875
1763888826852,162.15152740478516,106.18182373046875
1763888826868,162.15152740478516,108.18182373046875
1763888826885,162.15152740478516,113.18182373046875
1763888826902,170.15152740478516,140.18182373046875
1763888826919,174.15152740478516,157.18182373046875
1763888826935,178.15152740478516,166.18182373046875
1763888826952,178.15152740478516,168.18182373046875
1763888826968,179.15152740478516,170.18182373046875
1763888826985,179.15152740478516,171.18182373046875
1763888827002,180.15152740478516,171.18182373046875
1763888827018,181.15152740478516,172.18182373046875
1763888827035,181.15152740478516,173.18182373046875
1763888827052,181.15152740478516,173.18182373046875
1763888827079,181.15152740478516,174.18182373046875
1763888827093,181.15152740478516,174.18182373046875
1763888827163,181.15152740478516,173.18182373046875
1763888827170,181.15152740478516,172.18182373046875
1763888827185,181.15152740478516,170.18182373046875
1763888827202,181.15152740478516,167.18182373046875
1763888827218,178.15152740478516,161.18182373046875
1763888827235,175.15152740478516,156.18182373046875
1763888827252,174.15152740478516,153.18182373046875
1763888827268,173.15152740478516,151.18182373046875
1763888827285,172.15152740478516,151.18182373046875
1763888827302,171.15152740478516,151.18182373046875
1763888827318,171.15152740478516,153.18182373046875
1763888827335,171.15152740478516,157.18182373046875
1763888827352,171.15152740478516,165.18182373046875
1763888827369,173.15152740478516,173.18182373046875
1763888827385,174.15152740478516,179.18182373046875
1763888827402,175.15152740478516,183.18182373046875
1763888827418,175.15152740478516,185.18182373046875
1763888827435,176.15152740478516,187.18182373046875
1763888827452,176.15152740478516,187.18182373046875
1763888827468,177.15152740478516,188.18182373046875
1763888827495,177.15152740478516,188.18182373046875
1763888827502,178.15152740478516,187.18182373046875
1763888827518,178.15152740478516,185.18182373046875
1763888827535,178.15152740478516,181.18182373046875
1763888827552,178.15152740478516,176.18182373046875
1763888827568,174.15152740478516,161.18182373046875
1763888827585,173.15152740478516,143.18182373046875
1763888827602,172.15152740478516,125.18182373046875
1763888827618,171.15152740478516,122.18182373046875
1763888827635,171.15152740478516,117.18182373046875
1763888827652,171.15152740478516,117.18182373046875
1763888827668,171.15152740478516,116.18182373046875
1763888827685,171.15152740478516,114.18182373046875
1763888827702,171.15152740478516,114.18182373046875
1763888827772,172.15152740478516,114.18182373046875
1763888827787,173.15152740478516,114.18182373046875
1763888827841,173.15152740478516,113.18182373046875
1763888827855,173.15152740478516,113.18182373046875
1763888827868,172.15152740478516,113.18182373046875
1763888827885,171.15152740478516,112.18182373046875
1763888827902,169.15152740478516,111.18182373046875
1763888827918,164.15152740478516,110.18182373046875
1763888827935,159.15152740478516,109.18182373046875
1763888827952,147.15152740478516,105.18182373046875
1763888827968,129.15152740478516,99.18182373046875
1763888827985,123.15152740478516,97.18182373046875
1763888828002,118.15152740478516,96.18182373046875
1763888828018,116.15152740478516,96.18182373046875
1763888828035,114.15152740478516,96.18182373046875
1763888828052,113.15152740478516,96.18182373046875
1763888828068,113.15152740478516,96.18182373046875
1763888828085,112.15152740478516,96.18182373046875
1763888828135,113.15152740478516,96.18182373046875
1763888828151,114.15152740478516,96.18182373046875
1763888828168,125.15152740478516,98.18182373046875
1763888828185,136.15152740478516,100.18182373046875
1763888828202,147.15152740478516,101.18182373046875
1763888828218,150.15152740478516,102.18182373046875
1763888828235,151.15152740478516,102.18182373046875
1763888828252,153.15152740478516,102.18182373046875
1763888828268,154.15152740478516,102.18182373046875
1763888828285,154.15152740478516,102.18182373046875
1763888828305,154.15152740478516,102.18182373046875
1763888828318,153.15152740478516,101.18182373046875
1763888828335,147.15152740478516,97.18182373046875
1763888828352,141.15152740478516,94.18182373046875
1763888828368,135.15152740478516,92.18182373046875
1763888828385,132.15152740478516,91.18182373046875
1763888828402,131.15152740478516,91.18182373046875
1763888828418,129.15152740478516,91.18182373046875
1763888828435,128.15152740478516,91.18182373046875
1763888828452,128.15152740478516,92.18182373046875
1763888828468,127.15152740478516,93.18182373046875
1763888828485,127.15152740478516,93.18182373046875
1763888828502,127.15152740478516,94.18182373046875
1763888828518,127.15152740478516,95.18182373046875
1763888828535,127.15152740478516,96.18182373046875
1763888828597,126.15152740478516,96.18182373046875
1763888828603,124.15152740478516,96.18182373046875
1763888828618,116.15152740478516,96.18182373046875
1763888828635,93.15152740478516,96.18182373046875
1763888828852,57.151527404785156,113.18182373046875
1763888828868,80.15152740478516,121.18182373046875
1763888828885,93.15152740478516,127.18182373046875
1763888828902,98.15152740478516,129.18182373046875
1763888828918,102.15152740478516,131.18182373046875
1763888828935,104.15152740478516,131.18182373046875
1763888828951,106.15152740478516,132.18182373046875
1763888828968,107.15152740478516,133.18182373046875
1763888828985,109.15152740478516,133.18182373046875
1763888829001,110.15152740478516,133.18182373046875
1763888829018,110.15152740478516,133.18182373046875
1763888829035,111.15152740478516,133.18182373046875
1763888829061,112.15152740478516,133.18182373046875
1763888829074,113.15152740478516,133.18182373046875
1763888829095,113.15152740478516,133.18182373046875
1763888829102,113.15152740478516,133.18182373046875
1763888831326,101.15152740478516,314.757568359375
1763888831334,101.15152740478516,318.757568359375
1763888831351,101.15152740478516,328.757568359375
1763888831368,102.15152740478516,348.757568359375
1763888831384,103.15152740478516,356.757568359375
1763888831401,103.15152740478516,361.757568359375
1763888831418,103.15152740478516,367.757568359375
1763888831435,103.15152740478516,369.757568359375
1763888831451,103.15152740478516,371.757568359375
1763888831468,103.15152740478516,373.757568359375
1763888831485,103.15152740478516,374.757568359375
1763888831501,103.15152740478516,378.757568359375
1763888831518,103.15152740478516,379.757568359375
1763888831534,103.15152740478516,381.757568359375
1763888831551,103.15152740478516,382.757568359375
1763888831568,103.15152740478516,384.757568359375
1763888831584,103.15152740478516,385.757568359375
1763888831601,103.15152740478516,386.757568359375
1763888831618,103.15152740478516,387.757568359375
1763888831638,103.15152740478516,388.757568359375
1763888831728,103.15152740478516,388.757568359375
1763888831741,103.15152740478516,389.757568359375
1763888831756,103.15152740478516,390.757568359375
1763888831768,103.15152740478516,391.757568359375
1763888831784,103.15152740478516,398.757568359375
1763888831801,103.15152740478516,404.757568359375
1763888831818,103.15152740478516,411.757568359375
1763888831834,103.15152740478516,415.757568359375
1763888831851,103.15152740478516,418.757568359375
1763888831868,103.15152740478516,419.757568359375
1763888831884,103.15152740478516,421.757568359375
1763888831901,103.15152740478516,422.757568359375
1763888831918,103.15152740478516,424.757568359375
1763888831935,103.15152740478516,425.757568359375
1763888831951,103.15152740478516,428.757568359375
1763888831968,103.15152740478516,430.757568359375
1763888831984,103.15152740478516,434.757568359375
1763888832001,103.15152740478516,439.757568359375
1763888832018,103.15152740478516,442.757568359375
1763888832034,103.15152740478516,447.757568359375
1763888832051,103.15152740478516,450.757568359375
1763888832068,103.15152740478516,453.757568359375
1763888832084,103.15152740478516,456.757568359375
1763888832101,103.15152740478516,458.757568359375
1763888832118,103.15152740478516,459.757568359375
1763888832134,103.15152740478516,461.757568359375
1763888832151,103.15152740478516,463.757568359375
1763888832168,103.15152740478516,464.757568359375
1763888832184,103.15152740478516,465.757568359375
1763888832201,103.15152740478516,468.757568359375
1763888832218,103.15152740478516,472.757568359375
1763888832234,103.15152740478516,475.757568359375
1763888832251,103.15152740478516,479.757568359375
1763888832268,103.15152740478516,481.757568359375
1763888832284,103.15152740478516,484.757568359375
1763888832301,103.15152740478516,486.757568359375
1763888832318,103.15152740478516,488.757568359375
1763888832334,103.15152740478516,490.757568359375
1763888832351,103.15152740478516,493.757568359375
1763888832368,103.15152740478516,493.757568359375
1763888832384,103.15152740478516,494.757568359375
1763888832401,103.15152740478516,497.757568359375
1763888832418,103.15152740478516,498.757568359375
1763888832434,103.15152740478516,499.757568359375
1763888832451,103.15152740478516,501.757568359375
1763888832468,103.15152740478516,501.757568359375
1763888832484,103.15152740478516,504.757568359375
1763888832501,103.15152740478516,504.757568359375
1763888832518,103.15152740478516,505.757568359375
1763888832534,103.15152740478516,507.757568359375
1763888832551,103.15152740478516,507.757568359375
1763888832573,103.15152740478516,508.757568359375
1763888832587,103.15152740478516,508.757568359375
1763888832614,103.15152740478516,509.757568359375
1763888832629,103.15152740478516,510.757568359375
1763888832649,103.15152740478516,510.757568359375
1763888832663,103.15152740478516,511.757568359375
1763888832683,103.15152740478516,511.757568359375
1763888832701,102.15152740478516,512.757568359375
1763888832718,102.15152740478516,513.757568359375
1763888832734,102.15152740478516,514.757568359375
1763888832751,102.15152740478516,514.757568359375
1763888832768,102.15152740478516,516.757568359375
1763888832784,102.15152740478516,517.757568359375
1763888832801,101.15152740478516,518.757568359375
1763888832818,101.15152740478516,518.757568359375
1763888832836,101.15152740478516,519.757568359375
1763888832851,101.15152740478516,519.757568359375
1763888832871,101.15152740478516,520.757568359375
1763888832927,101.15152740478516,520.757568359375
1763888832947,100.15152740478516,520.757568359375
1763888832961,99.15152740478516,520.757568359375
1763888833001,99.15152740478516,520.757568359375
1763888833051,98.15152740478516,520.757568359375
1763888833067,98.15152740478516,520.757568359375
1763888833196,98.15152740478516,520.757568359375
1763888833217,99.15152740478516,520.757568359375
1763888833234,99.15152740478516,520.757568359375
1763888833251,101.15152740478516,520.757568359375
1763888833268,101.15152740478516,520.757568359375
1763888833284,103.15152740478516,520.757568359375
1763888833301,106.15152740478516,520.757568359375
1763888833317,107.15152740478516,520.757568359375
1763888833334,108.15152740478516,520.757568359375
1763888833351,110.15152740478516,520.757568359375
1763888833368,111.15152740478516,520.757568359375
1763888833384,111.15152740478516,520.757568359375
1763888833401,113.15152740478516,519.757568359375
1763888833418,113.15152740478516,519.757568359375
1763888833434,114.15152740478516,518.757568359375
1763888833451,114.15152740478516,518.757568359375
1763888833651,114.15152740478516,507.757568359375
1763888833667,114.15152740478516,505.757568359375
1763888833684,113.15152740478516,504.757568359375
1763888833701,113.15152740478516,504.757568359375
1763888833717,112.15152740478516,502.757568359375
1763888833734,111.15152740478516,501.757568359375
1763888833751,110.15152740478516,497.757568359375
1763888833767,109.15152740478516,493.757568359375
1763888833784,107.15152740478516,489.757568359375
1763888833801,104.15152740478516,477.757568359375
1763888833818,102.15152740478516,469.757568359375
1763888833834,99.15152740478516,459.757568359375
1763888833851,99.15152740478516,455.757568359375
1763888833868,98.15152740478516,451.757568359375
1763888833884,97.15152740478516,447.757568359375
1763888833901,96.15152740478516,446.757568359375
1763888833918,96.15152740478516,444.757568359375
1763888833934,95.15152740478516,443.757568359375
1763888833951,95.15152740478516,442.757568359375
1763888833967,94.15152740478516,441.757568359375
1763888833984,94.15152740478516,439.757568359375
1763888834001,94.15152740478516,436.757568359375
1763888834017,93.15152740478516,432.757568359375
1763888834034,93.15152740478516,427.757568359375
1763888834051,91.15152740478516,422.757568359375
1763888834067,91.15152740478516,419.757568359375
1763888834084,90.15152740478516,413.757568359375
1763888834101,90.15152740478516,410.757568359375
1763888834117,90.15152740478516,407.757568359375
1763888834134,89.15152740478516,404.757568359375
1763888834151,88.15152740478516,402.757568359375
1763888834167,88.15152740478516,401.757568359375
1763888834184,88.15152740478516,399.757568359375
1763888834201,88.15152740478516,398.757568359375
1763888834217,88.15152740478516,397.757568359375
1763888834243,88.15152740478516,396.757568359375
1763888834305,88.15152740478516,398.757568359375
1763888834317,88.15152740478516,399.757568359375
1763888834334,88.15152740478516,403.757568359375
1763888834351,88.15152740478516,406.757568359375
1763888834367,88.15152740478516,410.757568359375
1763888834384,89.15152740478516,413.757568359375
1763888834401,89.15152740478516,416.757568359375
1763888834417,91.15152740478516,421.757568359375
1763888834434,91.15152740478516,425.757568359375
1763888834451,93.15152740478516,428.757568359375
1763888834467,93.15152740478516,430.757568359375
1763888834484,94.15152740478516,431.757568359375
1763888834501,94.15152740478516,434.757568359375
1763888834518,95.15152740478516,436.757568359375
1763888834534,96.15152740478516,438.757568359375
1763888834551,96.15152740478516,440.757568359375
1763888834567,96.15152740478516,442.757568359375
1763888834584,96.15152740478516,443.757568359375
1763888834601,96.15152740478516,445.757568359375
1763888834617,96.15152740478516,448.757568359375
1763888834634,96.15152740478516,448.757568359375
1763888834651,96.15152740478516,450.757568359375
1763888834667,96.15152740478516,451.757568359375
1763888834684,96.15152740478516,452.757568359375
1763888834701,96.15152740478516,453.757568359375
1763888834717,96.15152740478516,452.757568359375
1763888834734,95.15152740478516,445.757568359375
1763888834751,94.15152740478516,436.757568359375
1763888834767,91.15152740478516,419.757568359375
1763888834784,87.15152740478516,386.757568359375
1763888834801,87.15152740478516,368.757568359375
1763888834817,89.15152740478516,348.757568359375
1763888834834,89.15152740478516,342.757568359375
1763888834851,89.15152740478516,339.757568359375
1763888834867,89.15152740478516,332.757568359375
1763888834884,89.15152740478516,330.757568359375
1763888834901,89.15152740478516,325.757568359375
1763888834917,89.15152740478516,324.757568359375
1763888834934,88.15152740478516,321.757568359375
1763888834951,87.15152740478516,318.757568359375
1763888834967,87.15152740478516,315.757568359375
1763888834984,86.15152740478516,310.757568359375
1763888835001,85.15152740478516,308.757568359375
1763888835017,85.15152740478516,307.757568359375
1763888835034,84.15152740478516,304.757568359375
1763888835051,84.15152740478516,302.757568359375
1763888835067,84.15152740478516,299.757568359375
1763888835084,84.15152740478516,296.757568359375
1763888835101,84.15152740478516,291.757568359375
1763888835117,83.15152740478516,285.757568359375
1763888835134,83.15152740478516,281.757568359375
1763888835151,83.15152740478516,279.757568359375
1763888835167,83.15152740478516,277.757568359375
1763888835184,83.15152740478516,276.757568359375
1763888835200,83.15152740478516,275.757568359375
1763888835251,83.15152740478516,276.757568359375
1763888835267,83.15152740478516,278.757568359375
1763888835284,83.15152740478516,281.757568359375
1763888835301,82.15152740478516,284.757568359375
1763888835317,82.15152740478516,288.757568359375
1763888835334,82.15152740478516,291.757568359375
1763888835351,82.15152740478516,293.757568359375
1763888835367,82.15152740478516,298.757568359375
1763888835384,82.15152740478516,301.757568359375
1763888835401,82.15152740478516,308.757568359375
1763888835417,82.15152740478516,312.757568359375
1763888835434,82.15152740478516,319.757568359375
1763888835450,82.15152740478516,322.757568359375
1763888835467,82.15152740478516,325.757568359375
1763888835484,82.15152740478516,332.757568359375
1763888835501,82.15152740478516,335.757568359375
1763888835517,82.15152740478516,339.757568359375
1763888835534,82.15152740478516,344.757568359375
1763888835551,82.15152740478516,347.757568359375
1763888835567,83.15152740478516,350.757568359375
1763888835584,84.15152740478516,354.757568359375
1763888835600,84.15152740478516,359.757568359375
1763888835617,85.15152740478516,364.757568359375
1763888835634,86.15152740478516,366.757568359375
1763888835650,86.15152740478516,371.757568359375
1763888835667,87.15152740478516,376.757568359375
1763888835684,87.15152740478516,382.757568359375
1763888835700,87.15152740478516,386.757568359375
1763888835717,87.15152740478516,390.757568359375
1763888835734,88.15152740478516,399.757568359375
1763888835750,88.15152740478516,404.757568359375
1763888835767,88.15152740478516,408.757568359375
1763888835784,88.15152740478516,411.757568359375
1763888835801,88.15152740478516,412.757568359375
1763888835817,88.15152740478516,414.757568359375
1763888835834,88.15152740478516,415.757568359375
1763888835850,88.15152740478516,416.757568359375
1763888835871,88.15152740478516,416.757568359375
1763888835884,88.15152740478516,415.757568359375
1763888835901,90.15152740478516,413.757568359375
1763888835917,90.15152740478516,410.757568359375
1763888835934,92.15152740478516,399.757568359375
1763888835950,94.15152740478516,393.757568359375
1763888835967,96.15152740478516,373.757568359375
1763888835984,99.15152740478516,356.757568359375
1763888836000,99.15152740478516,344.757568359375
1763888836017,101.15152740478516,333.757568359375
1763888836034,102.15152740478516,328.757568359375
1763888836050,104.15152740478516,323.757568359375
1763888836067,104.15152740478516,318.757568359375
1763888836084,106.15152740478516,315.757568359375
1763888836101,107.15152740478516,312.757568359375
1763888836117,107.15152740478516,311.757568359375
1763888836134,107.15152740478516,310.757568359375
1763888836150,108.15152740478516,309.757568359375
1763888836168,108.15152740478516,308.757568359375
1763888836217,108.15152740478516,309.757568359375
1763888836234,108.15152740478516,311.757568359375
1763888836251,108.15152740478516,314.757568359375
1763888836267,107.15152740478516,319.757568359375
1763888836284,106.15152740478516,324.757568359375
1763888836300,105.15152740478516,330.757568359375
1763888836317,104.15152740478516,334.757568359375
1763888836334,104.15152740478516,336.757568359375
1763888836350,104.15152740478516,341.757568359375
1763888836367,104.15152740478516,345.757568359375
1763888836384,104.15152740478516,353.757568359375
1763888836400,104.15152740478516,358.757568359375
1763888836417,104.15152740478516,362.757568359375
1763888836434,104.15152740478516,367.757568359375
1763888836451,104.15152740478516,370.757568359375
1763888836467,103.15152740478516,372.757568359375
1763888836484,103.15152740478516,374.757568359375
1763888836500,103.15152740478516,374.757568359375
1763888836517,103.15152740478516,376.757568359375
1763888836534,103.15152740478516,377.757568359375
1763888836550,102.15152740478516,377.757568359375
1763888836570,102.15152740478516,376.757568359375
1763888836584,102.15152740478516,374.757568359375
1763888836600,102.15152740478516,368.757568359375
1763888836617,100.15152740478516,358.757568359375
1763888836634,96.15152740478516,324.757568359375
1763888836650,93.15152740478516,304.757568359375
1763888836667,88.15152740478516,279.757568359375
1763888836684,85.15152740478516,267.757568359375
1763888836700,82.15152740478516,254.757568359375
1763888836717,79.15152740478516,241.757568359375
1763888836734,77.15152740478516,236.757568359375
1763888836750,75.15152740478516,227.757568359375
1763888836767,74.15152740478516,223.757568359375
1763888836784,73.15152740478516,219.757568359375
1763888837050,73.15152740478516,231.757568359375
1763888837067,74.15152740478516,239.757568359375
1763888837084,77.15152740478516,249.757568359375
1763888837100,77.15152740478516,257.757568359375
1763888837117,78.15152740478516,263.757568359375
1763888837133,78.15152740478516,270.757568359375
1763888837150,78.15152740478516,277.757568359375
1763888837167,78.15152740478516,284.757568359375
1763888837184,78.15152740478516,288.757568359375
1763888837200,77.15152740478516,291.757568359375
1763888837217,77.15152740478516,294.757568359375
1763888837234,77.15152740478516,296.757568359375
1763888837250,77.15152740478516,298.757568359375
1763888837267,77.15152740478516,299.757568359375
1763888837284,77.15152740478516,303.757568359375
1763888837300,77.15152740478516,306.757568359375
1763888837317,77.15152740478516,309.757568359375
1763888837334,77.15152740478516,313.757568359375
1763888837350,77.15152740478516,316.757568359375
1763888837367,77.15152740478516,318.757568359375
1763888837384,77.15152740478516,319.757568359375
1763888837400,77.15152740478516,321.757568359375
1763888837417,77.15152740478516,322.757568359375
1763888837434,77.15152740478516,323.757568359375
1763888837450,77.15152740478516,324.757568359375
1763888837526,77.15152740478516,323.757568359375
1763888837533,77.15152740478516,321.757568359375
1763888837550,76.15152740478516,313.757568359375
1763888837567,73.15152740478516,300.757568359375
1763888837584,70.15152740478516,276.757568359375
1763888837783,76.15152740478516,193.757568359375
1763888837800,77.15152740478516,188.757568359375
1763888837817,79.15152740478516,181.757568359375
1763888837833,80.15152740478516,174.757568359375
1763888837850,83.15152740478516,165.757568359375
1763888837867,86.15152740478516,150.757568359375
1763888837884,88.15152740478516,144.757568359375
1763888837900,90.15152740478516,138.757568359375
1763888837917,91.15152740478516,133.757568359375
1763888837934,91.15152740478516,131.757568359375
1763888837950,92.15152740478516,130.757568359375
1763888837967,93.15152740478516,128.757568359375
1763888837984,93.15152740478516,128.757568359375
1763888838000,93.15152740478516,127.757568359375
1763888838050,93.15152740478516,128.757568359375
1763888838067,92.15152740478516,129.757568359375
1763888838083,91.15152740478516,131.757568359375
1763888838100,90.15152740478516,134.757568359375
1763888838117,89.15152740478516,140.757568359375
1763888838134,88.15152740478516,147.757568359375
1763888838150,87.15152740478516,167.757568359375
1763888838167,85.15152740478516,189.757568359375
1763888838184,85.15152740478516,212.757568359375
1763888838200,84.15152740478516,238.757568359375
1763888838217,84.15152740478516,245.757568359375
1763888838233,83.15152740478516,254.757568359375
1763888838250,83.15152740478516,256.757568359375
1763888838267,82.15152740478516,258.757568359375
1763888838283,82.15152740478516,260.757568359375
1763888838300,82.15152740478516,261.757568359375
1763888838317,82.15152740478516,262.757568359375
1763888838333,82.15152740478516,264.757568359375
1763888838350,82.15152740478516,266.757568359375
1763888838367,81.15152740478516,270.757568359375
1763888838384,81.15152740478516,274.757568359375
1763888838400,81.15152740478516,278.757568359375
1763888838417,81.15152740478516,280.757568359375
1763888838434,81.15152740478516,282.757568359375
1763888838450,81.15152740478516,283.757568359375
1763888838467,81.15152740478516,284.757568359375
1763888838483,81.15152740478516,285.757568359375
1763888838500,81.15152740478516,286.757568359375
1763888838517,81.15152740478516,287.757568359375
1763888838537,81.15152740478516,286.757568359375
1763888838550,81.15152740478516,285.757568359375
1763888838567,79.15152740478516,276.757568359375
1763888838583,77.15152740478516,258.757568359375
1763888838600,73.15152740478516,227.757568359375
1763888838667,73.15152740478516,187.757568359375
1763888838683,74.15152740478516,179.757568359375
1763888838700,74.15152740478516,176.757568359375
1763888838717,75.15152740478516,172.757568359375
1763888838733,75.15152740478516,168.757568359375
1763888838750,75.15152740478516,165.757568359375
1763888838767,75.15152740478516,163.757568359375
1763888838784,75.15152740478516,161.757568359375
1763888838800,75.15152740478516,160.757568359375
1763888838817,75.15152740478516,159.757568359375
1763888838833,75.15152740478516,158.757568359375
1763888838850,75.15152740478516,158.757568359375
1763888838900,76.15152740478516,159.757568359375
1763888838917,76.15152740478516,162.757568359375
1763888838933,76.15152740478516,170.757568359375
1763888838950,77.15152740478516,178.757568359375
1763888838967,79.15152740478516,189.757568359375
1763888838983,81.15152740478516,197.757568359375
1763888839000,84.15152740478516,210.757568359375
1763888839017,86.15152740478516,233.757568359375
1763888839033,88.15152740478516,245.757568359375
1763888839050,89.15152740478516,252.757568359375
1763888839067,89.15152740478516,258.757568359375
1763888839083,89.15152740478516,259.757568359375
1763888839100,89.15152740478516,261.757568359375
1763888839119,89.15152740478516,262.757568359375
1763888839133,89.15152740478516,263.757568359375
1763888839154,89.15152740478516,264.757568359375
1763888839203,89.15152740478516,263.757568359375
1763888839217,89.15152740478516,262.757568359375
1763888839233,89.15152740478516,258.757568359375
1763888839250,89.15152740478516,253.757568359375
1763888839267,89.15152740478516,236.757568359375
1763888839284,87.15152740478516,221.757568359375
1763888839300,86.15152740478516,201.757568359375
1763888839317,86.15152740478516,189.757568359375
1763888839333,86.15152740478516,177.757568359375
1763888839350,87.15152740478516,169.757568359375
1763888839367,87.15152740478516,166.757568359375
1763888839384,87.15152740478516,163.757568359375
1763888839400,87.15152740478516,162.757568359375
1763888839417,87.15152740478516,161.757568359375
1763888839433,87.15152740478516,160.757568359375
1763888839483,87.15152740478516,162.757568359375
1763888839500,87.15152740478516,163.757568359375
1763888839517,87.15152740478516,169.757568359375
1763888839534,87.15152740478516,179.757568359375
1763888839550,88.15152740478516,202.757568359375
1763888839567,90.15152740478516,230.757568359375
1763888839583,94.15152740478516,265.757568359375
1763888839600,94.15152740478516,285.757568359375
1763888839617,95.15152740478516,302.757568359375
1763888839633,96.15152740478516,314.757568359375
1763888839650,96.15152740478516,317.757568359375
1763888839667,96.15152740478516,318.757568359375
1763888839736,96.15152740478516,318.757568359375
1763888839750,96.15152740478516,316.757568359375
1763888839767,97.15152740478516,312.757568359375
1763888839783,97.15152740478516,307.757568359375
1763888839800,96.15152740478516,298.757568359375
1763888839817,96.15152740478516,291.757568359375
1763888839833,95.15152740478516,274.757568359375
1763888839850,95.15152740478516,265.757568359375
1763888839867,95.15152740478516,252.757568359375
1763888839883,96.15152740478516,230.757568359375
1763888839900,97.15152740478516,216.757568359375
1763888839917,101.15152740478516,196.757568359375
1763888839933,104.15152740478516,186.757568359375
1763888839950,107.15152740478516,177.757568359375
1763888839967,110.15152740478516,167.757568359375
1763888839983,110.15152740478516,163.757568359375
1763888840000,112.15152740478516,159.757568359375
1763888840017,112.15152740478516,158.757568359375
1763888840033,113.15152740478516,157.757568359375
1763888840050,113.15152740478516,156.757568359375
1763888840068,114.15152740478516,156.757568359375
1763888840116,114.15152740478516,162.757568359375
1763888840133,114.15152740478516,165.757568359375
1763888840150,113.15152740478516,172.757568359375
1763888840166,113.15152740478516,182.757568359375
1763888840183,113.15152740478516,195.757568359375
1763888840200,116.15152740478516,227.757568359375
1763888840216,124.15152740478516,285.757568359375
1763888840233,127.15152740478516,303.757568359375
1763888840250,129.15152740478516,318.757568359375
1763888840266,131.15152740478516,328.757568359375
1763888840283,134.15152740478516,337.757568359375
1763888840300,135.15152740478516,341.757568359375
1763888840317,136.15152740478516,343.757568359375
1763888840333,137.15152740478516,347.757568359375
1763888840350,138.15152740478516,350.757568359375
1763888840367,139.15152740478516,353.757568359375
1763888840383,140.15152740478516,354.757568359375
1763888840400,140.15152740478516,356.757568359375
1763888840416,140.15152740478516,358.757568359375
1763888840433,141.15152740478516,358.757568359375
1763888840450,141.15152740478516,359.757568359375
1763888840519,141.15152740478516,359.757568359375
1763888840533,141.15152740478516,358.757568359375
1763888840550,141.15152740478516,357.757568359375
1763888840566,141.15152740478516,356.757568359375
1763888840588,141.15152740478516,356.757568359375
1763888840643,141.15152740478516,356.757568359375
1763888840650,141.15152740478516,358.757568359375
1763888840666,141.15152740478516,359.757568359375
1763888840683,141.15152740478516,363.757568359375
1763888840700,142.15152740478516,370.757568359375
1763888840716,142.15152740478516,376.757568359375
1763888840733,142.15152740478516,386.757568359375
1763888840750,142.15152740478516,391.757568359375
1763888840766,142.15152740478516,396.757568359375
1763888840783,142.15152740478516,398.757568359375
1763888840800,142.15152740478516,399.757568359375
1763888840816,142.15152740478516,401.757568359375
1763888840833,142.15152740478516,401.757568359375
1763888840850,142.15152740478516,402.757568359375
1763888840866,142.15152740478516,402.757568359375
1763888840883,142.15152740478516,403.757568359375
1763888841302,142.15152740478516,406.757568359375
1763888841316,143.15152740478516,422.757568359375
1763888841333,145.15152740478516,442.757568359375
1763888841350,145.15152740478516,455.757568359375
1763888841366,145.15152740478516,462.757568359375
1763888841400,144.15152740478516,466.757568359375
1763888841416,144.15152740478516,467.757568359375
1763888841650,139.15152740478516,490.757568359375
1763888841666,139.15152740478516,491.757568359375
1763888841683,138.15152740478516,494.757568359375
1763888841700,136.15152740478516,496.757568359375
1763888841716,136.15152740478516,498.757568359375
1763888841733,136.15152740478516,500.757568359375
1763888841750,135.15152740478516,501.757568359375
1763888841766,134.15152740478516,502.757568359375
1763888841783,134.15152740478516,503.757568359375
1763888841800,134.15152740478516,504.757568359375
1763888841816,134.15152740478516,505.757568359375
1763888841835,134.15152740478516,505.757568359375
1763888841850,134.15152740478516,506.757568359375
1763888841866,134.15152740478516,507.757568359375
1763888841883,134.15152740478516,508.757568359375
1763888841900,134.15152740478516,509.757568359375
1763888841916,134.15152740478516,510.757568359375
1763888841933,134.15152740478516,512.757568359375
1763888841950,134.15152740478516,513.757568359375
1763888841966,134.15152740478516,515.757568359375
1763888841983,134.15152740478516,516.757568359375
1763888842000,134.15152740478516,517.757568359375
1763888842016,134.15152740478516,519.757568359375
1763888842033,134.15152740478516,520.757568359375
1763888842049,134.15152740478516,521.757568359375
1763888842066,134.15152740478516,521.757568359375
1763888842083,134.15152740478516,522.757568359375
1763888842099,134.15152740478516,522.757568359375
1763888842116,134.15152740478516,523.757568359375
1763888842209,134.15152740478516,522.757568359375
1763888842222,134.15152740478516,522.757568359375
1763888842233,134.15152740478516,521.757568359375
1763888842250,134.15152740478516,520.757568359375
1763888842266,133.15152740478516,518.757568359375
1763888842283,132.15152740478516,515.757568359375
1763888842300,131.15152740478516,513.757568359375
1763888842316,130.15152740478516,512.757568359375
1763888842333,130.15152740478516,510.757568359375
1763888842349,129.15152740478516,509.757568359375
1763888842366,128.15152740478516,509.757568359375
1763888842383,128.15152740478516,507.757568359375
1763888842399,127.15152740478516,507.757568359375
1763888842416,127.15152740478516,505.757568359375
1763888842433,127.15152740478516,505.757568359375
1763888842449,127.15152740478516,504.757568359375
1763888842466,127.15152740478516,503.757568359375
1763888842483,127.15152740478516,502.757568359375
1763888842499,126.15152740478516,502.757568359375
1763888842516,126.15152740478516,501.757568359375
1763888842533,126.15152740478516,500.757568359375
1763888842549,125.15152740478516,499.757568359375
1763888842566,125.15152740478516,498.757568359375
1763888842583,124.15152740478516,498.757568359375
1763888842599,124.15152740478516,497.757568359375
1763888842616,124.15152740478516,496.757568359375
1763888842666,124.15152740478516,498.757568359375
1763888842683,124.15152740478516,499.757568359375
1763888842700,124.15152740478516,501.757568359375
1763888842716,124.15152740478516,503.757568359375
1763888842733,124.15152740478516,504.757568359375
1763888842749,124.15152740478516,507.757568359375
1763888842766,124.15152740478516,510.757568359375
1763888842783,125.15152740478516,510.757568359375
1763888842799,126.15152740478516,513.757568359375
1763888842818,126.15152740478516,514.757568359375
1763888842833,127.15152740478516,516.757568359375
1763888842849,127.15152740478516,517.757568359375
1763888842866,127.15152740478516,518.757568359375
1763888842883,127.15152740478516,519.757568359375
1763888842900,127.15152740478516,521.757568359375
1763888842916,127.15152740478516,522.757568359375
1763888842933,127.15152740478516,523.757568359375
1763888842950,128.15152740478516,524.757568359375
1763888842966,128.15152740478516,524.757568359375
1763888842985,129.15152740478516,524.757568359375
1763888842999,130.15152740478516,524.757568359375
1763888843049,131.15152740478516,523.757568359375
1763888843066,132.15152740478516,523.757568359375
1763888843083,133.15152740478516,522.757568359375
1763888843103,134.15152740478516,522.757568359375
1763888843116,135.15152740478516,522.757568359375
1763888843133,136.15152740478516,522.757568359375
1763888843150,136.15152740478516,522.757568359375
1763888843166,137.15152740478516,522.757568359375
1763888843194,137.15152740478516,521.757568359375
1763888843199,138.15152740478516,521.757568359375
1763888843220,138.15152740478516,521.757568359375
1763888843241,139.15152740478516,521.757568359375
1763888843262,139.15152740478516,521.757568359375
1763888843276,140.15152740478516,521.757568359375
1763888843316,141.15152740478516,521.757568359375
1763888843379,141.15152740478516,521.757568359375
1763888843386,141.15152740478516,521.757568359375
1763888843401,141.15152740478516,520.757568359375
1763888843497,142.15152740478516,520.757568359375
1763888843533,142.15152740478516,519.757568359375
1763888843552,142.15152740478516,519.757568359375
1763888843573,142.15152740478516,518.757568359375
1763888843587,142.15152740478516,518.757568359375
1763888843599,142.15152740478516,517.757568359375
1763888843616,142.15152740478516,516.757568359375
1763888843633,141.15152740478516,514.757568359375
1763888843649,140.15152740478516,512.757568359375
1763888843666,139.15152740478516,510.757568359375
1763888843683,139.15152740478516,508.757568359375
1763888843699,138.15152740478516,505.757568359375
1763888843716,136.15152740478516,503.757568359375
1763888843733,136.15152740478516,502.757568359375
1763888843749,134.15152740478516,499.757568359375
1763888843766,134.15152740478516,496.757568359375
1763888843783,133.15152740478516,492.757568359375
1763888843799,133.15152740478516,490.757568359375
1763888843816,133.15152740478516,487.757568359375
1763888843833,133.15152740478516,484.757568359375
1763888843849,133.15152740478516,482.757568359375
1763888843866,133.15152740478516,479.757568359375
1763888843883,133.15152740478516,478.757568359375
1763888843899,133.15152740478516,474.757568359375
1763888843916,133.15152740478516,473.757568359375
1763888843933,133.15152740478516,471.757568359375
1763888843949,133.15152740478516,468.757568359375
1763888843966,133.15152740478516,467.757568359375
1763888843983,133.15152740478516,466.757568359375
1763888843999,133.15152740478516,465.757568359375
1763888844016,133.15152740478516,464.757568359375
1763888844033,134.15152740478516,462.757568359375
1763888844050,134.15152740478516,462.757568359375
1763888844066,134.15152740478516,461.757568359375
1763888844083,134.15152740478516,461.757568359375
1763888844099,135.15152740478516,460.757568359375
1763888844116,136.15152740478516,458.757568359375
1763888844133,137.15152740478516,456.757568359375
1763888844149,139.15152740478516,450.757568359375
1763888844166,141.15152740478516,447.757568359375
1763888844183,142.15152740478516,442.757568359375
1763888844199,142.15152740478516,438.757568359375
1763888844216,143.15152740478516,436.757568359375
1763888844233,143.15152740478516,434.757568359375
1763888844249,143.15152740478516,434.757568359375
1763888844266,143.15152740478516,433.757568359375
1763888844316,142.15152740478516,434.757568359375
1763888844333,141.15152740478516,435.757568359375
1763888844349,140.15152740478516,438.757568359375
1763888844366,139.15152740478516,440.757568359375
1763888844383,139.15152740478516,441.757568359375
1763888844399,138.15152740478516,444.757568359375
1763888844416,138.15152740478516,445.757568359375
1763888844433,137.15152740478516,448.757568359375
1763888844449,136.15152740478516,450.757568359375
1763888844466,136.15152740478516,451.757568359375
1763888844483,136.15152740478516,453.757568359375
1763888844499,135.15152740478516,456.757568359375
1763888844516,134.15152740478516,458.757568359375
1763888844533,134.15152740478516,460.757568359375
1763888844549,134.15152740478516,462.757568359375
1763888844566,133.15152740478516,465.757568359375
1763888844583,133.15152740478516,467.757568359375
1763888844599,132.15152740478516,470.757568359375
1763888844616,131.15152740478516,473.757568359375
1763888844633,131.15152740478516,474.757568359375
1763888844649,130.15152740478516,477.757568359375
1763888844666,130.15152740478516,479.757568359375
1763888844682,129.15152740478516,481.757568359375
1763888844699,128.15152740478516,482.757568359375
1763888844716,128.15152740478516,484.757568359375
1763888844733,128.15152740478516,485.757568359375
1763888844749,128.15152740478516,486.757568359375
1763888844766,127.15152740478516,488.757568359375
1763888844786,127.15152740478516,488.757568359375
1763888844799,127.15152740478516,489.757568359375
1763888844820,127.15152740478516,490.757568359375
1763888844876,127.15152740478516,489.757568359375
1763888844883,127.15152740478516,488.757568359375
1763888844899,127.15152740478516,486.757568359375
1763888844916,126.15152740478516,482.757568359375
1763888844999,122.15152740478516,434.757568359375
1763888845016,122.15152740478516,427.757568359375
1763888845033,122.15152740478516,421.757568359375
1763888845066,124.15152740478516,413.757568359375
1763888845083,124.15152740478516,410.757568359375
1763888845099,125.15152740478516,406.757568359375
1763888845116,125.15152740478516,404.757568359375
1763888845132,125.15152740478516,400.757568359375
1763888845149,126.15152740478516,396.757568359375
1763888845166,127.15152740478516,393.757568359375
1763888845182,127.15152740478516,386.757568359375
1763888845199,127.15152740478516,381.757568359375
1763888845216,128.15152740478516,376.757568359375
1763888845233,128.15152740478516,373.757568359375
1763888845249,129.15152740478516,371.757568359375
1763888845266,130.15152740478516,369.757568359375
1763888845283,130.15152740478516,368.757568359375
1763888845299,130.15152740478516,367.757568359375
1763888845316,130.15152740478516,366.757568359375
1763888845332,131.15152740478516,366.757568359375
1763888845349,131.15152740478516,366.757568359375
1763888845366,131.15152740478516,367.757568359375
1763888845382,131.15152740478516,368.757568359375
1763888845399,131.15152740478516,371.757568359375
1763888845416,130.15152740478516,377.757568359375
1763888845433,130.15152740478516,382.757568359375
1763888845449,130.15152740478516,388.757568359375
1763888845466,130.15152740478516,393.757568359375
1763888845482,130.15152740478516,397.757568359375
1763888845499,130.15152740478516,402.757568359375
1763888845516,130.15152740478516,405.757568359375
1763888845533,130.15152740478516,409.757568359375
1763888845549,130.15152740478516,417.757568359375
1763888845566,130.15152740478516,421.757568359375
1763888845582,130.15152740478516,428.757568359375
1763888845599,130.15152740478516,436.757568359375
1763888845616,131.15152740478516,442.757568359375
1763888845632,131.15152740478516,447.757568359375
1763888845649,131.15152740478516,450.757568359375
1763888845666,131.15152740478516,452.757568359375
1763888845682,131.15152740478516,454.757568359375
1763888845699,131.15152740478516,455.757568359375
1763888845762,131.15152740478516,454.757568359375
1763888845769,131.15152740478516,453.757568359375
1763888845782,132.15152740478516,451.757568359375
1763888845799,133.15152740478516,443.757568359375
1763888845816,133.15152740478516,436.757568359375
1763888845832,133.15152740478516,425.757568359375
1763888845849,133.15152740478516,416.757568359375
1763888845866,133.15152740478516,405.757568359375
1763888845882,134.15152740478516,392.757568359375
1763888845899,136.15152740478516,379.757568359375
1763888845916,138.15152740478516,369.757568359375
1763888845932,138.15152740478516,365.757568359375
1763888845949,139.15152740478516,364.757568359375
1763888845966,139.15152740478516,362.757568359375
1763888845982,139.15152740478516,362.757568359375
1763888845999,140.15152740478516,361.757568359375
1763888846018,140.15152740478516,362.757568359375
1763888846032,140.15152740478516,363.757568359375
1763888846049,140.15152740478516,365.757568359375
1763888846066,140.15152740478516,369.757568359375
1763888846082,140.15152740478516,376.757568359375
1763888846099,140.15152740478516,381.757568359375
1763888846116,140.15152740478516,392.757568359375
1763888846132,140.15152740478516,404.757568359375
1763888846149,141.15152740478516,415.757568359375
1763888846166,141.15152740478516,428.757568359375
1763888846182,141.15152740478516,431.757568359375
1763888846199,141.15152740478516,434.757568359375
1763888846216,141.15152740478516,436.757568359375
1763888846232,141.15152740478516,437.757568359375
1763888846249,141.15152740478516,439.757568359375
1763888846266,141.15152740478516,440.757568359375
1763888846282,141.15152740478516,441.757568359375
1763888846299,141.15152740478516,441.757568359375
1763888846317,142.15152740478516,441.757568359375
1763888846337,142.15152740478516,441.757568359375
1763888846349,142.15152740478516,440.757568359375
1763888846366,144.15152740478516,438.757568359375
1763888846382,144.15152740478516,435.757568359375
1763888846399,145.15152740478516,432.757568359375
1763888846416,146.15152740478516,422.757568359375
1763888846432,146.15152740478516,415.757568359375
1763888846449,146.15152740478516,398.757568359375
1763888846466,147.15152740478516,382.757568359375
1763888846482,150.15152740478516,367.757568359375
1763888846499,153.15152740478516,351.757568359375
1763888846516,154.15152740478516,345.757568359375
1763888846532,157.15152740478516,337.757568359375
1763888846549,158.15152740478516,334.757568359375
1763888846566,159.15152740478516,330.757568359375
1763888846582,159.15152740478516,328.757568359375
1763888846599,159.15152740478516,326.757568359375
1763888846616,160.15152740478516,322.757568359375
1763888846632,161.15152740478516,321.757568359375
1763888846649,161.15152740478516,319.757568359375
1763888846666,161.15152740478516,318.757568359375
1763888846682,162.15152740478516,316.757568359375
1763888846699,162.15152740478516,315.757568359375
1763888846716,162.15152740478516,314.757568359375
1763888846732,162.15152740478516,313.757568359375
1763888846754,162.15152740478516,314.757568359375
1763888846768,162.15152740478516,315.757568359375
1763888846782,161.15152740478516,318.757568359375
1763888846799,161.15152740478516,324.757568359375
1763888846816,158.15152740478516,337.757568359375
1763888846832,156.15152740478516,349.757568359375
1763888846882,153.15152740478516,384.757568359375
1763888846899,152.15152740478516,390.757568359375
1763888846916,151.15152740478516,394.757568359375
1763888846932,150.15152740478516,396.757568359375
1763888846949,149.15152740478516,400.757568359375
1763888846966,148.15152740478516,402.757568359375
1763888846982,148.15152740478516,404.757568359375
1763888846999,147.15152740478516,405.757568359375
1763888847016,147.15152740478516,406.757568359375
1763888847032,147.15152740478516,407.757568359375
1763888847049,147.15152740478516,408.757568359375
1763888847065,146.15152740478516,408.757568359375
1763888847086,146.15152740478516,408.757568359375
1763888847099,146.15152740478516,407.757568359375
1763888847116,145.15152740478516,402.757568359375
1763888847132,145.15152740478516,397.757568359375
1763888847149,145.15152740478516,385.757568359375
1763888847166,145.15152740478516,378.757568359375
1763888847182,145.15152740478516,367.757568359375
1763888847199,145.15152740478516,362.757568359375
1763888847216,145.15152740478516,358.757568359375
1763888847232,146.15152740478516,355.757568359375
1763888847249,146.15152740478516,354.757568359375
1763888847266,146.15152740478516,353.757568359375
1763888847282,146.15152740478516,351.757568359375
1763888847335,146.15152740478516,352.757568359375
1763888847349,146.15152740478516,353.757568359375
1763888847365,145.15152740478516,358.757568359375
1763888847382,145.15152740478516,364.757568359375
1763888847399,145.15152740478516,380.757568359375
1763888847416,147.15152740478516,396.757568359375
1763888847432,148.15152740478516,414.757568359375
1763888847449,148.15152740478516,423.757568359375
1763888847466,149.15152740478516,425.757568359375
1763888847482,149.15152740478516,430.757568359375
1763888847499,149.15152740478516,431.757568359375
1763888847515,149.15152740478516,433.757568359375
1763888847565,148.15152740478516,431.757568359375
1763888847582,148.15152740478516,424.757568359375
1763888847599,144.15152740478516,403.757568359375
1763888847615,141.15152740478516,388.757568359375
1763888847632,141.15152740478516,371.757568359375
1763888847649,140.15152740478516,337.757568359375
1763888847666,145.15152740478516,304.757568359375
1763888847682,151.15152740478516,275.757568359375
1763888847699,154.15152740478516,264.757568359375
1763888847715,156.15152740478516,257.757568359375
1763888847732,158.15152740478516,246.757568359375
1763888847749,159.15152740478516,241.757568359375
1763888847765,161.15152740478516,231.757568359375
1763888847782,162.15152740478516,227.757568359375
1763888847799,162.15152740478516,224.757568359375
1763888847849,162.15152740478516,216.757568359375
1763888847899,161.15152740478516,211.757568359375
1763888847917,160.15152740478516,210.757568359375
1763888847932,159.15152740478516,210.757568359375
1763888847949,159.15152740478516,209.757568359375
1763888847965,158.15152740478516,208.757568359375
1763888847982,158.15152740478516,208.757568359375
1763888847999,157.15152740478516,208.757568359375
1763888848028,156.15152740478516,208.757568359375
1763888848048,156.15152740478516,209.757568359375
1763888848065,156.15152740478516,210.757568359375
1763888848513,156.15152740478516,214.757568359375
1763888848520,156.15152740478516,218.757568359375
1763888848532,158.15152740478516,226.757568359375
1763888848549,161.15152740478516,242.757568359375
1763888848565,162.15152740478516,254.757568359375
1763888848582,163.15152740478516,267.757568359375
1763888848599,163.15152740478516,272.757568359375
1763888848615,163.15152740478516,277.757568359375
1763888848632,163.15152740478516,281.757568359375
1763888848649,163.15152740478516,283.757568359375
1763888848665,162.15152740478516,287.757568359375
1763888848682,162.15152740478516,289.757568359375
1763888848699,161.15152740478516,290.757568359375
1763888848715,161.15152740478516,293.757568359375
1763888848732,160.15152740478516,294.757568359375
1763888848749,160.15152740478516,295.757568359375
1763888848765,160.15152740478516,296.757568359375
1763888848782,159.15152740478516,296.757568359375
1763888848804,159.15152740478516,296.757568359375
1763888848817,158.15152740478516,296.757568359375
1763888848838,158.15152740478516,295.757568359375
1763888848849,158.15152740478516,293.757568359375
1763888848866,154.15152740478516,286.757568359375
1763888848882,145.15152740478516,249.757568359375
1763888848899,141.15152740478516,221.757568359375
1763888848915,141.15152740478516,193.757568359375
1763888848932,141.15152740478516,181.757568359375
1763888848949,141.15152740478516,169.757568359375
1763888848965,141.15152740478516,150.757568359375
1763888848982,141.15152740478516,139.757568359375
1763888848999,140.15152740478516,127.757568359375
1763888849015,139.15152740478516,121.757568359375
1763888849032,134.15152740478516,111.757568359375
1763888849049,131.15152740478516,104.757568359375
1763888849065,130.15152740478516,101.757568359375
1763888849082,128.15152740478516,98.757568359375
1763888849099,128.15152740478516,98.757568359375
1763888849115,127.15152740478516,97.757568359375
1763888849132,125.15152740478516,97.757568359375
1763888849149,124.15152740478516,98.757568359375
1763888849165,123.15152740478516,101.757568359375
1763888849182,122.15152740478516,105.757568359375
1763888849199,122.15152740478516,109.757568359375
1763888849215,122.15152740478516,142.757568359375
1763888849232,119.15152740478516,188.757568359375
1763888849248,116.15152740478516,222.757568359375
1763888849265,116.15152740478516,237.757568359375
1763888849282,114.15152740478516,261.757568359375
1763888849299,114.15152740478516,274.757568359375
1763888849315,115.15152740478516,291.757568359375
1763888849549,120.15152740478516,325.757568359375
1763888849565,120.15152740478516,270.757568359375
1763888849582,130.15152740478516,193.757568359375
1763888849599,135.15152740478516,169.757568359375
1763888849615,141.15152740478516,147.757568359375
1763888849632,142.15152740478516,139.757568359375
1763888849648,144.15152740478516,135.757568359375
1763888849665,144.15152740478516,133.757568359375
1763888849682,144.15152740478516,131.757568359375
1763888849698,144.15152740478516,128.757568359375
1763888849715,144.15152740478516,128.757568359375
1763888849732,144.15152740478516,127.757568359375
1763888849748,144.15152740478516,125.757568359375
1763888849765,144.15152740478516,124.757568359375
1763888849782,144.15152740478516,124.757568359375
1763888849815,144.15152740478516,125.757568359375
1763888849832,144.15152740478516,129.757568359375
1763888849849,144.15152740478516,137.757568359375
1763888849865,148.15152740478516,165.757568359375
1763888849882,154.15152740478516,196.757568359375
1763888849898,156.15152740478516,228.757568359375
1763888849915,158.15152740478516,247.757568359375
1763888849932,159.15152740478516,260.757568359375
1763888849948,159.15152740478516,273.757568359375
1763888849965,160.15152740478516,281.757568359375
1763888849982,161.15152740478516,293.757568359375
1763888849999,162.15152740478516,298.757568359375
1763888850015,162.15152740478516,300.757568359375
1763888850032,162.15152740478516,302.757568359375
1763888850048,162.15152740478516,303.757568359375
1763888850065,162.15152740478516,305.757568359375
1763888850082,162.15152740478516,305.757568359375
1763888850098,162.15152740478516,307.757568359375
1763888850115,162.15152740478516,310.757568359375
1763888850132,162.15152740478516,311.757568359375
1763888850148,161.15152740478516,313.757568359375
1763888850165,161.15152740478516,314.757568359375
1763888850182,159.15152740478516,314.757568359375
1763888850198,157.15152740478516,309.757568359375
1763888850215,149.15152740478516,294.757568359375
1763888850232,122.15152740478516,208.757568359375
1763888850248,117.15152740478516,169.757568359375
1763888850265,118.15152740478516,125.757568359375
1763888850282,119.15152740478516,107.757568359375
1763888850298,119.15152740478516,101.757568359375
1763888850315,119.15152740478516,98.757568359375
1763888850332,119.15152740478516,97.757568359375
1763888850348,118.15152740478516,97.757568359375
1763888850365,118.15152740478516,97.757568359375
1763888850382,117.15152740478516,97.757568359375
1763888850398,115.15152740478516,100.757568359375
1763888850415,114.15152740478516,105.757568359375
1763888850432,114.15152740478516,122.757568359375
1763888850448,120.15152740478516,168.757568359375
1763888850465,123.15152740478516,223.757568359375
1763888850482,124.15152740478516,277.757568359375
1763888850499,124.15152740478516,301.757568359375
1763888850515,123.15152740478516,328.757568359375
1763888850532,123.15152740478516,339.757568359375
1763888850548,123.15152740478516,345.757568359375
1763888850565,124.15152740478516,354.757568359375
1763888850582,124.15152740478516,356.757568359375
1763888850598,124.15152740478516,359.757568359375
1763888850615,124.15152740478516,360.757568359375
1763888850646,124.15152740478516,359.757568359375
1763888850653,124.15152740478516,358.757568359375
1763888850665,124.15152740478516,354.757568359375
1763888850682,121.15152740478516,334.757568359375
1763888850698,114.15152740478516,283.757568359375
1763888850715,113.15152740478516,236.757568359375
1763888850732,114.15152740478516,221.757568359375
1763888850748,115.15152740478516,208.757568359375
1763888850765,116.15152740478516,193.757568359375
1763888850782,117.15152740478516,186.757568359375
1763888850798,118.15152740478516,180.757568359375
1763888850815,119.15152740478516,179.757568359375
1763888850832,119.15152740478516,178.757568359375
1763888850848,119.15152740478516,177.757568359375
1763888853196,758.1515274047852,330.36363220214844
1763888853203,758.1515274047852,332.36363220214844
1763888853215,758.1515274047852,335.36363220214844
1763888853231,758.1515274047852,343.36363220214844
1763888853248,758.1515274047852,347.36363220214844
1763888853265,758.1515274047852,351.36363220214844
1763888853281,758.1515274047852,353.36363220214844
1763888853298,758.1515274047852,355.36363220214844
1763888853315,758.1515274047852,357.36363220214844
1763888853331,758.1515274047852,359.36363220214844
1763888853348,758.1515274047852,360.36363220214844
1763888853365,758.1515274047852,361.36363220214844
1763888853381,758.1515274047852,363.36363220214844
1763888853398,758.1515274047852,364.36363220214844
1763888853415,758.1515274047852,365.36363220214844
1763888853431,758.1515274047852,368.36363220214844
1763888853448,758.1515274047852,369.36363220214844
1763888853465,758.1515274047852,371.36363220214844
1763888853481,758.1515274047852,374.36363220214844
1763888853498,758.1515274047852,377.36363220214844
1763888853515,758.1515274047852,381.36363220214844
1763888853531,758.1515274047852,383.36363220214844
1763888853548,758.1515274047852,385.36363220214844
1763888853565,758.1515274047852,389.36363220214844
1763888853581,758.1515274047852,391.36363220214844
1763888853598,758.1515274047852,395.36363220214844
1763888853615,758.1515274047852,397.36363220214844
1763888853631,759.1515274047852,400.36363220214844
1763888853648,759.1515274047852,404.36363220214844
1763888853665,759.1515274047852,406.36363220214844
1763888853681,761.1515274047852,409.36363220214844
1763888853698,761.1515274047852,411.36363220214844
1763888853715,761.1515274047852,414.36363220214844
1763888853731,762.1515274047852,417.36363220214844
1763888853748,762.1515274047852,418.36363220214844
1763888853764,762.1515274047852,420.36363220214844
1763888853781,762.1515274047852,422.36363220214844
1763888853798,762.1515274047852,423.36363220214844
1763888853815,762.1515274047852,426.36363220214844
1763888853831,763.1515274047852,427.36363220214844
1763888853848,764.1515274047852,431.36363220214844
1763888853865,764.1515274047852,433.36363220214844
1763888853881,764.1515274047852,437.36363220214844
1763888853898,765.1515274047852,439.36363220214844
1763888853915,765.1515274047852,442.36363220214844
1763888853931,765.1515274047852,446.36363220214844
1763888853948,765.1515274047852,448.36363220214844
1763888853964,765.1515274047852,451.36363220214844
1763888853981,766.1515274047852,455.36363220214844
1763888853998,766.1515274047852,459.36363220214844
1763888854015,766.1515274047852,463.36363220214844
1763888854031,766.1515274047852,465.36363220214844
1763888854048,766.1515274047852,468.36363220214844
1763888854064,766.1515274047852,469.36363220214844
1763888854081,766.1515274047852,471.36363220214844
1763888854098,766.1515274047852,474.36363220214844
1763888854115,766.1515274047852,475.36363220214844
1763888854131,766.1515274047852,478.36363220214844
1763888854148,766.1515274047852,479.36363220214844
1763888854164,766.1515274047852,481.36363220214844
1763888854181,766.1515274047852,484.36363220214844
1763888854198,766.1515274047852,486.36363220214844
1763888854214,767.1515274047852,490.36363220214844
1763888854231,767.1515274047852,492.36363220214844
1763888854248,768.1515274047852,495.36363220214844
1763888854264,768.1515274047852,497.36363220214844
1763888854281,769.1515274047852,500.36363220214844
1763888854298,770.1515274047852,503.36363220214844
1763888854314,770.1515274047852,505.36363220214844
1763888854331,770.1515274047852,507.36363220214844
1763888854348,770.1515274047852,509.36363220214844
1763888854365,770.1515274047852,510.36363220214844
1763888854381,770.1515274047852,511.36363220214844
1763888854398,770.1515274047852,512.3636322021484
1763888854414,770.1515274047852,515.3636322021484
1763888854431,770.1515274047852,516.3636322021484
1763888854448,770.1515274047852,517.3636322021484
1763888854464,770.1515274047852,519.3636322021484
1763888854481,770.1515274047852,520.3636322021484
1763888854498,770.1515274047852,522.3636322021484
1763888854514,770.1515274047852,522.3636322021484
1763888854531,770.1515274047852,523.3636322021484
1763888854548,770.1515274047852,525.3636322021484
1763888854573,770.1515274047852,525.3636322021484
1763888854588,770.1515274047852,526.3636322021484
1763888854671,770.1515274047852,525.3636322021484
1763888854691,770.1515274047852,525.3636322021484
1763888854698,770.1515274047852,524.3636322021484
1763888854714,770.1515274047852,523.3636322021484
1763888854731,770.1515274047852,522.3636322021484
1763888854748,770.1515274047852,520.3636322021484
1763888854764,770.1515274047852,519.3636322021484
1763888854781,770.1515274047852,519.3636322021484
1763888854798,770.1515274047852,517.3636322021484
1763888854814,770.1515274047852,515.3636322021484
1763888854831,770.1515274047852,514.3636322021484
1763888854848,770.1515274047852,512.3636322021484
1763888854864,771.1515274047852,509.36363220214844
1763888854881,771.1515274047852,505.36363220214844
1763888854898,771.1515274047852,500.36363220214844
1763888854914,773.1515274047852,495.36363220214844
1763888854931,773.1515274047852,492.36363220214844
1763888854948,773.1515274047852,489.36363220214844
1763888854964,773.1515274047852,488.36363220214844
1763888854981,773.1515274047852,485.36363220214844
1763888854998,773.1515274047852,483.36363220214844
1763888855014,773.1515274047852,481.36363220214844
1763888855031,773.1515274047852,479.36363220214844
1763888855048,773.1515274047852,476.36363220214844
1763888855064,773.1515274047852,474.36363220214844
1763888855081,773.1515274047852,471.36363220214844
1763888855098,773.1515274047852,469.36363220214844
1763888855114,772.1515274047852,465.36363220214844
1763888855131,772.1515274047852,463.36363220214844
1763888855148,772.1515274047852,460.36363220214844
1763888855164,771.1515274047852,454.36363220214844
1763888855181,771.1515274047852,449.36363220214844
1763888855198,770.1515274047852,444.36363220214844
1763888855214,770.1515274047852,440.36363220214844
1763888855231,770.1515274047852,437.36363220214844
1763888855248,767.1515274047852,430.36363220214844
1763888855264,767.1515274047852,426.36363220214844
1763888855281,766.1515274047852,420.36363220214844
1763888855298,765.1515274047852,417.36363220214844
1763888855314,765.1515274047852,414.36363220214844
1763888855331,764.1515274047852,410.36363220214844
1763888855348,764.1515274047852,407.36363220214844
1763888855364,762.1515274047852,402.36363220214844
1763888855381,762.1515274047852,398.36363220214844
1763888855398,760.1515274047852,394.36363220214844
1763888855414,759.1515274047852,389.36363220214844
1763888855431,758.1515274047852,387.36363220214844
1763888855448,757.1515274047852,385.36363220214844
1763888855467,756.1515274047852,385.36363220214844
1763888855481,756.1515274047852,385.36363220214844
1763888855498,754.1515274047852,385.36363220214844
1763888855515,753.1515274047852,385.36363220214844
1763888855531,753.1515274047852,386.36363220214844
1763888855548,752.1515274047852,388.36363220214844
1763888855564,752.1515274047852,389.36363220214844
1763888855581,752.1515274047852,392.36363220214844
1763888855598,752.1515274047852,394.36363220214844
1763888855614,752.1515274047852,397.36363220214844
1763888855631,752.1515274047852,398.36363220214844
1763888855648,752.1515274047852,400.36363220214844
1763888855664,753.1515274047852,402.36363220214844
1763888855681,753.1515274047852,403.36363220214844
1763888855698,753.1515274047852,407.36363220214844
1763888855714,754.1515274047852,411.36363220214844
1763888855731,754.1515274047852,414.36363220214844
1763888855748,754.1515274047852,417.36363220214844
1763888855764,754.1515274047852,420.36363220214844
1763888855781,754.1515274047852,425.36363220214844
1763888855798,754.1515274047852,427.36363220214844
1763888855814,754.1515274047852,430.36363220214844
1763888855831,754.1515274047852,432.36363220214844
1763888855848,754.1515274047852,433.36363220214844
1763888855864,754.1515274047852,435.36363220214844
1763888855881,754.1515274047852,436.36363220214844
1763888855898,754.1515274047852,437.36363220214844
1763888855914,754.1515274047852,438.36363220214844
1763888855931,754.1515274047852,439.36363220214844
1763888855948,754.1515274047852,440.36363220214844
1763888855964,754.1515274047852,440.36363220214844
1763888855981,754.1515274047852,442.36363220214844
1763888855998,754.1515274047852,443.36363220214844
1763888856014,754.1515274047852,444.36363220214844
1763888856031,754.1515274047852,445.36363220214844
1763888856048,754.1515274047852,447.36363220214844
1763888856064,754.1515274047852,449.36363220214844
1763888856081,755.1515274047852,450.36363220214844
1763888856098,755.1515274047852,451.36363220214844
1763888856114,755.1515274047852,452.36363220214844
1763888856131,756.1515274047852,453.36363220214844
1763888856153,756.1515274047852,453.36363220214844
1763888856167,757.1515274047852,453.36363220214844
1763888856181,757.1515274047852,452.36363220214844
1763888856197,757.1515274047852,451.36363220214844
1763888856214,758.1515274047852,449.36363220214844
1763888856231,758.1515274047852,445.36363220214844
1763888856248,759.1515274047852,439.36363220214844
1763888856264,759.1515274047852,426.36363220214844
1763888856281,757.1515274047852,415.36363220214844
1763888856298,757.1515274047852,408.36363220214844
1763888856314,757.1515274047852,401.36363220214844
1763888856331,758.1515274047852,398.36363220214844
1763888856347,758.1515274047852,392.36363220214844
1763888856364,759.1515274047852,389.36363220214844
1763888856381,760.1515274047852,385.36363220214844
1763888856397,762.1515274047852,379.36363220214844
1763888856414,762.1515274047852,376.36363220214844
1763888856431,764.1515274047852,371.36363220214844
1763888856447,764.1515274047852,366.36363220214844
1763888856464,764.1515274047852,362.36363220214844
1763888856481,765.1515274047852,354.36363220214844
1763888856498,765.1515274047852,350.36363220214844
1763888856514,766.1515274047852,345.36363220214844
1763888856531,767.1515274047852,342.36363220214844
1763888856548,767.1515274047852,339.36363220214844
1763888856564,767.1515274047852,337.36363220214844
1763888856581,767.1515274047852,335.36363220214844
1763888856597,767.1515274047852,333.36363220214844
1763888856614,767.1515274047852,332.36363220214844
1763888856631,767.1515274047852,331.36363220214844
1763888856647,767.1515274047852,329.36363220214844
1763888856664,767.1515274047852,328.36363220214844
1763888856681,767.1515274047852,326.36363220214844
1763888856698,767.1515274047852,325.36363220214844
1763888856714,767.1515274047852,325.36363220214844
1763888856764,767.1515274047852,327.36363220214844
1763888856781,767.1515274047852,329.36363220214844
1763888856797,767.1515274047852,334.36363220214844
1763888856814,767.1515274047852,338.36363220214844
1763888856831,767.1515274047852,343.36363220214844
1763888856847,769.1515274047852,351.36363220214844
1763888856864,770.1515274047852,356.36363220214844
1763888856881,771.1515274047852,363.36363220214844
1763888856897,771.1515274047852,366.36363220214844
1763888856914,773.1515274047852,370.36363220214844
1763888856931,774.1515274047852,375.36363220214844
1763888856948,774.1515274047852,378.36363220214844
1763888857297,778.1515274047852,427.36363220214844
1763888857317,778.1515274047852,428.36363220214844
1763888857331,778.1515274047852,428.36363220214844
1763888857347,776.1515274047852,427.36363220214844
1763888857364,774.1515274047852,425.36363220214844
1763888857381,770.1515274047852,418.36363220214844
1763888857397,767.1515274047852,412.36363220214844
1763888857414,764.1515274047852,404.36363220214844
1763888857431,762.1515274047852,399.36363220214844
1763888857447,761.1515274047852,393.36363220214844
1763888857464,759.1515274047852,386.36363220214844
1763888857481,758.1515274047852,382.36363220214844
1763888857497,758.1515274047852,374.36363220214844
1763888857514,757.1515274047852,369.36363220214844
1763888857531,756.1515274047852,366.36363220214844
1763888857547,756.1515274047852,361.36363220214844
1763888857564,756.1515274047852,357.36363220214844
1763888857581,756.1515274047852,352.36363220214844
1763888857598,756.1515274047852,348.36363220214844
1763888857614,756.1515274047852,345.36363220214844
1763888857631,754.1515274047852,340.36363220214844
1763888857648,754.1515274047852,337.36363220214844
1763888857664,754.1515274047852,334.36363220214844
1763888857681,753.1515274047852,332.36363220214844
1763888857697,753.1515274047852,331.36363220214844
1763888857714,753.1515274047852,329.36363220214844
1763888857731,752.1515274047852,328.36363220214844
1763888857747,751.1515274047852,325.36363220214844
1763888857764,751.1515274047852,323.36363220214844
1763888857781,750.1515274047852,322.36363220214844
1763888857797,750.1515274047852,320.36363220214844
1763888857814,750.1515274047852,318.36363220214844
1763888857831,749.1515274047852,316.36363220214844
1763888857847,748.1515274047852,315.36363220214844
1763888857864,748.1515274047852,312.36363220214844
1763888857881,747.1515274047852,312.36363220214844
1763888857897,747.1515274047852,311.36363220214844
1763888857914,747.1515274047852,309.36363220214844
1763888857940,747.1515274047852,309.36363220214844
1763888857981,747.1515274047852,309.36363220214844
1763888857997,747.1515274047852,311.36363220214844
1763888858014,747.1515274047852,315.36363220214844
1763888858031,747.1515274047852,320.36363220214844
1763888858047,747.1515274047852,322.36363220214844
1763888858064,747.1515274047852,325.36363220214844
1763888858081,749.1515274047852,329.36363220214844
1763888858097,750.1515274047852,334.36363220214844
1763888858114,753.1515274047852,342.36363220214844
1763888858131,754.1515274047852,347.36363220214844
1763888858147,756.1515274047852,352.36363220214844
1763888858164,758.1515274047852,357.36363220214844
1763888858181,758.1515274047852,361.36363220214844
1763888858197,759.1515274047852,364.36363220214844
1763888858214,759.1515274047852,369.36363220214844
1763888858231,760.1515274047852,372.36363220214844
1763888858247,760.1515274047852,377.36363220214844
1763888858264,760.1515274047852,378.36363220214844
1763888858280,760.1515274047852,380.36363220214844
1763888858297,760.1515274047852,381.36363220214844
1763888858314,760.1515274047852,382.36363220214844
1763888858331,760.1515274047852,383.36363220214844
1763888858347,760.1515274047852,383.36363220214844
1763888858370,760.1515274047852,383.36363220214844
1763888858384,760.1515274047852,381.36363220214844
1763888858397,760.1515274047852,380.36363220214844
1763888858414,760.1515274047852,371.36363220214844
1763888858431,760.1515274047852,366.36363220214844
1763888858447,760.1515274047852,352.36363220214844
1763888858464,760.1515274047852,345.36363220214844
1763888858481,761.1515274047852,331.36363220214844
1763888858497,761.1515274047852,325.36363220214844
1763888858514,762.1515274047852,318.36363220214844
1763888858530,763.1515274047852,311.36363220214844
1763888858547,764.1515274047852,309.36363220214844
1763888858564,765.1515274047852,305.36363220214844
1763888858580,765.1515274047852,303.36363220214844
1763888858597,766.1515274047852,302.36363220214844
1763888858614,767.1515274047852,301.36363220214844
1763888858631,767.1515274047852,300.36363220214844
1763888858647,768.1515274047852,298.36363220214844
1763888858664,770.1515274047852,297.36363220214844
1763888858681,770.1515274047852,295.36363220214844
1763888858697,771.1515274047852,294.36363220214844
1763888858714,771.1515274047852,293.36363220214844
1763888858731,773.1515274047852,292.36363220214844
1763888858747,774.1515274047852,291.36363220214844
1763888858764,774.1515274047852,291.36363220214844
1763888858781,774.1515274047852,291.36363220214844
1763888858797,775.1515274047852,291.36363220214844
1763888858814,776.1515274047852,291.36363220214844
1763888858830,776.1515274047852,291.36363220214844
1763888858847,777.1515274047852,293.36363220214844
1763888858864,778.1515274047852,295.36363220214844
1763888858881,778.1515274047852,297.36363220214844
1763888858897,779.1515274047852,300.36363220214844
1763888858914,781.1515274047852,304.36363220214844
1763888858947,785.1515274047852,316.36363220214844
1763888858964,788.1515274047852,324.36363220214844
1763888858980,794.1515274047852,340.36363220214844
1763888858997,797.1515274047852,347.36363220214844
1763888859014,799.1515274047852,354.36363220214844
1763888859030,800.1515274047852,357.36363220214844
1763888859047,801.1515274047852,360.36363220214844
1763888859064,802.1515274047852,363.36363220214844
1763888859081,802.1515274047852,365.36363220214844
1763888859097,804.1515274047852,368.36363220214844
1763888859114,805.1515274047852,370.36363220214844
1763888859130,805.1515274047852,373.36363220214844
1763888859147,807.1515274047852,377.36363220214844
1763888859164,807.1515274047852,379.36363220214844
1763888859180,808.1515274047852,382.36363220214844
1763888859197,809.1515274047852,384.36363220214844
1763888859214,810.1515274047852,386.36363220214844
1763888859230,811.1515274047852,389.36363220214844
1763888859247,811.1515274047852,393.36363220214844
1763888859264,812.1515274047852,398.36363220214844
1763888859280,813.1515274047852,400.36363220214844
1763888859297,813.1515274047852,403.36363220214844
1763888859314,814.1515274047852,408.36363220214844
1763888859331,814.1515274047852,410.36363220214844
1763888859347,814.1515274047852,414.36363220214844
1763888859364,814.1515274047852,416.36363220214844
1763888859381,814.1515274047852,417.36363220214844
1763888859397,814.1515274047852,419.36363220214844
1763888859414,814.1515274047852,421.36363220214844
1763888859430,814.1515274047852,425.36363220214844
1763888859447,814.1515274047852,427.36363220214844
1763888859464,814.1515274047852,429.36363220214844
1763888859480,814.1515274047852,434.36363220214844
1763888859497,814.1515274047852,437.36363220214844
1763888859514,814.1515274047852,439.36363220214844
1763888859530,814.1515274047852,442.36363220214844
1763888859547,814.1515274047852,443.36363220214844
1763888859564,814.1515274047852,445.36363220214844
1763888859580,814.1515274047852,446.36363220214844
1763888859597,814.1515274047852,446.36363220214844
1763888859614,814.1515274047852,447.36363220214844
1763888859630,813.1515274047852,447.36363220214844
1763888859647,813.1515274047852,447.36363220214844
1763888859664,813.1515274047852,446.36363220214844
1763888859680,813.1515274047852,445.36363220214844
1763888859697,812.1515274047852,444.36363220214844
1763888859714,811.1515274047852,440.36363220214844
1763888859730,810.1515274047852,436.36363220214844
1763888859747,809.1515274047852,433.36363220214844
1763888859764,807.1515274047852,426.36363220214844
1763888859780,805.1515274047852,421.36363220214844
1763888859797,804.1515274047852,415.36363220214844
1763888859814,802.1515274047852,410.36363220214844
1763888859830,801.1515274047852,406.36363220214844
1763888859847,799.1515274047852,400.36363220214844
1763888859864,798.1515274047852,397.36363220214844
1763888859880,797.1515274047852,394.36363220214844
1763888859897,796.1515274047852,392.36363220214844
1763888859914,796.1515274047852,391.36363220214844
1763888859930,795.1515274047852,389.36363220214844
1763888859947,795.1515274047852,389.36363220214844
1763888859997,795.1515274047852,389.36363220214844
1763888860014,795.1515274047852,392.36363220214844
1763888860030,795.1515274047852,394.36363220214844
1763888860047,796.1515274047852,399.36363220214844
1763888860064,796.1515274047852,402.36363220214844
1763888860080,797.1515274047852,407.36363220214844
1763888860097,798.1515274047852,414.36363220214844
1763888860114,798.1515274047852,419.36363220214844
1763888860130,799.1515274047852,423.36363220214844
1763888860147,799.1515274047852,428.36363220214844
1763888860164,799.1515274047852,434.36363220214844
1763888860180,799.1515274047852,437.36363220214844
1763888860197,799.1515274047852,440.36363220214844
1763888860214,799.1515274047852,442.36363220214844
1763888860230,799.1515274047852,443.36363220214844
1763888860247,799.1515274047852,445.36363220214844
1763888860264,799.1515274047852,446.36363220214844
1763888860280,799.1515274047852,447.36363220214844
1763888860297,799.1515274047852,448.36363220214844
1763888860314,800.1515274047852,449.36363220214844
1763888860330,800.1515274047852,450.36363220214844
1763888860347,800.1515274047852,451.36363220214844
1763888860364,800.1515274047852,452.36363220214844
1763888860380,801.1515274047852,452.36363220214844
1763888860397,801.1515274047852,453.36363220214844
1763888860414,801.1515274047852,455.36363220214844
1763888860430,801.1515274047852,458.36363220214844
1763888860447,801.1515274047852,459.36363220214844
1763888860464,801.1515274047852,463.36363220214844
1763888860481,801.1515274047852,465.36363220214844
1763888860497,801.1515274047852,468.36363220214844
1763888860514,801.1515274047852,469.36363220214844
1763888860530,801.1515274047852,471.36363220214844
1763888860547,801.1515274047852,471.36363220214844
1763888860597,800.1515274047852,471.36363220214844
1763888860614,800.1515274047852,468.36363220214844
1763888860630,798.1515274047852,462.36363220214844
1763888860647,798.1515274047852,459.36363220214844
1763888860664,796.1515274047852,454.36363220214844
1763888860680,796.1515274047852,450.36363220214844
1763888860697,794.1515274047852,448.36363220214844
1763888860714,794.1515274047852,444.36363220214844
1763888860730,794.1515274047852,442.36363220214844
1763888860747,793.1515274047852,439.36363220214844
1763888860764,792.1515274047852,436.36363220214844
1763888860780,791.1515274047852,435.36363220214844
1763888860797,791.1515274047852,432.36363220214844
1763888860814,790.1515274047852,431.36363220214844
1763888860830,790.1515274047852,429.36363220214844
1763888860847,790.1515274047852,428.36363220214844
1763888860864,789.1515274047852,427.36363220214844
1763888860880,788.1515274047852,426.36363220214844
1763888860897,788.1515274047852,425.36363220214844
1763888860914,788.1515274047852,424.36363220214844
1763888860939,788.1515274047852,423.36363220214844
1763888860954,788.1515274047852,423.36363220214844
1763888860967,788.1515274047852,422.36363220214844
1763888860980,788.1515274047852,422.36363220214844
1763888860997,788.1515274047852,421.36363220214844
1763888861014,788.1515274047852,419.36363220214844
1763888861030,788.1515274047852,418.36363220214844
1763888861047,789.1515274047852,417.36363220214844
1763888861064,790.1515274047852,415.36363220214844
1763888861080,791.1515274047852,413.36363220214844
1763888861097,792.1515274047852,409.36363220214844
1763888861113,794.1515274047852,405.36363220214844
1763888861130,796.1515274047852,402.36363220214844
1763888861147,796.1515274047852,398.36363220214844
1763888861163,797.1515274047852,393.36363220214844
1763888861180,797.1515274047852,389.36363220214844
1763888861197,797.1515274047852,384.36363220214844
1763888861213,797.1515274047852,381.36363220214844
1763888861230,797.1515274047852,376.36363220214844
1763888861247,797.1515274047852,374.36363220214844
1763888861263,797.1515274047852,371.36363220214844
1763888861280,797.1515274047852,365.36363220214844
1763888861297,796.1515274047852,362.36363220214844
1763888861314,796.1515274047852,356.36363220214844
1763888861330,795.1515274047852,352.36363220214844
1763888861347,795.1515274047852,348.36363220214844
1763888861363,794.1515274047852,343.36363220214844
1763888861380,794.1515274047852,340.36363220214844
1763888861397,794.1515274047852,335.36363220214844
1763888861413,794.1515274047852,332.36363220214844
1763888861430,794.1515274047852,331.36363220214844
1763888861447,794.1515274047852,329.36363220214844
1763888861463,794.1515274047852,328.36363220214844
1763888861480,794.1515274047852,327.36363220214844
1763888861497,794.1515274047852,326.36363220214844
1763888861513,794.1515274047852,326.36363220214844
1763888861543,794.1515274047852,326.36363220214844
1763888861549,794.1515274047852,328.36363220214844
1763888861563,793.1515274047852,328.36363220214844
1763888861580,793.1515274047852,330.36363220214844
1763888861597,793.1515274047852,332.36363220214844
1763888861613,793.1515274047852,337.36363220214844
1763888861630,793.1515274047852,339.36363220214844
1763888861647,793.1515274047852,346.36363220214844
1763888861663,794.1515274047852,349.36363220214844
1763888861680,796.1515274047852,355.36363220214844
1763888861697,798.1515274047852,363.36363220214844
1763888861714,798.1515274047852,367.36363220214844
1763888861730,799.1515274047852,369.36363220214844
1763888861747,799.1515274047852,371.36363220214844
1763888861763,800.1515274047852,372.36363220214844
1763888861780,800.1515274047852,373.36363220214844
1763888861797,800.1515274047852,374.36363220214844
1763888861813,801.1515274047852,372.36363220214844
1763888861830,801.1515274047852,368.36363220214844
1763888861847,801.1515274047852,357.36363220214844
1763888861863,801.1515274047852,351.36363220214844
1763888861880,801.1515274047852,341.36363220214844
1763888861897,801.1515274047852,323.36363220214844
1763888861914,802.1515274047852,305.36363220214844
1763888861930,809.1515274047852,279.36363220214844
1763888861947,812.1515274047852,269.36363220214844
1763888861963,814.1515274047852,266.36363220214844
1763888861980,815.1515274047852,263.36363220214844
1763888861997,816.1515274047852,262.36363220214844
1763888862013,816.1515274047852,262.36363220214844
1763888862030,817.1515274047852,262.36363220214844
1763888862047,818.1515274047852,262.36363220214844
1763888862097,818.1515274047852,263.36363220214844
1763888862113,818.1515274047852,265.36363220214844
1763888862130,818.1515274047852,267.36363220214844
1763888862147,818.1515274047852,272.36363220214844
1763888862164,818.1515274047852,276.36363220214844
1763888862180,818.1515274047852,282.36363220214844
1763888862197,818.1515274047852,290.36363220214844
1763888862213,818.1515274047852,297.36363220214844
1763888862230,818.1515274047852,306.36363220214844
1763888862247,818.1515274047852,314.36363220214844
1763888862263,818.1515274047852,325.36363220214844
1763888862280,818.1515274047852,332.36363220214844
1763888862297,818.1515274047852,335.36363220214844
1763888862313,818.1515274047852,342.36363220214844
1763888862330,818.1515274047852,345.36363220214844
1763888862347,818.1515274047852,351.36363220214844
1763888862363,818.1515274047852,354.36363220214844
1763888862380,818.1515274047852,357.36363220214844
1763888862397,818.1515274047852,360.36363220214844
1763888862413,818.1515274047852,362.36363220214844
1763888862430,818.1515274047852,364.36363220214844
1763888862447,818.1515274047852,366.36363220214844
1763888862463,818.1515274047852,366.36363220214844
1763888862480,818.1515274047852,368.36363220214844
1763888862497,818.1515274047852,369.36363220214844
1763888862513,818.1515274047852,370.36363220214844
1763888862533,818.1515274047852,371.36363220214844
1763888862589,818.1515274047852,370.36363220214844
1763888862597,818.1515274047852,369.36363220214844
1763888862613,818.1515274047852,364.36363220214844
1763888862630,818.1515274047852,357.36363220214844
1763888862647,818.1515274047852,347.36363220214844
1763888862663,818.1515274047852,341.36363220214844
1763888862680,819.1515274047852,334.36363220214844
1763888862697,819.1515274047852,328.36363220214844
1763888862713,820.1515274047852,321.36363220214844
1763888862730,821.1515274047852,317.36363220214844
1763888862747,821.1515274047852,315.36363220214844
1763888862763,821.1515274047852,312.36363220214844
1763888862780,821.1515274047852,311.36363220214844
1763888862797,821.1515274047852,309.36363220214844
1763888862813,821.1515274047852,308.36363220214844
1763888862830,821.1515274047852,307.36363220214844
1763888862880,821.1515274047852,306.36363220214844
1763888862906,821.1515274047852,305.36363220214844
1763888862927,821.1515274047852,305.36363220214844
1763888862963,821.1515274047852,304.36363220214844
1763888862983,821.1515274047852,303.36363220214844
1763888863066,821.1515274047852,304.36363220214844
1763888863080,821.1515274047852,305.36363220214844
1763888863097,819.1515274047852,308.36363220214844
1763888863113,818.1515274047852,311.36363220214844
1763888863130,817.1515274047852,316.36363220214844
1763888863147,816.1515274047852,320.36363220214844
1763888863163,814.1515274047852,324.36363220214844
1763888863180,813.1515274047852,328.36363220214844
1763888863197,812.1515274047852,331.36363220214844
1763888863213,810.1515274047852,333.36363220214844
1763888863230,810.1515274047852,334.36363220214844
1763888863247,810.1515274047852,337.36363220214844
1763888863263,810.1515274047852,339.36363220214844
1763888863280,809.1515274047852,340.36363220214844
1763888863296,808.1515274047852,343.36363220214844
1763888863313,808.1515274047852,345.36363220214844
1763888863330,808.1515274047852,345.36363220214844
1763888863346,808.1515274047852,346.36363220214844
1763888863377,807.1515274047852,346.36363220214844
1763888863391,807.1515274047852,346.36363220214844
1763888863399,807.1515274047852,346.36363220214844
1763888863413,806.1515274047852,344.36363220214844
1763888863430,805.1515274047852,340.36363220214844
1763888863447,804.1515274047852,335.36363220214844
1763888863463,801.1515274047852,327.36363220214844
1763888863480,798.1515274047852,323.36363220214844
1763888863496,795.1515274047852,319.36363220214844
1763888863513,793.1515274047852,316.36363220214844
1763888863530,792.1515274047852,314.36363220214844
1763888863546,790.1515274047852,312.36363220214844
1763888863563,788.1515274047852,311.36363220214844
1763888863580,787.1515274047852,309.36363220214844
1763888863596,787.1515274047852,308.36363220214844
1763888863613,786.1515274047852,306.36363220214844
1763888863630,785.1515274047852,305.36363220214844
1763888863646,785.1515274047852,305.36363220214844
1763888863675,786.1515274047852,305.36363220214844
1763888863683,787.1515274047852,305.36363220214844
1763888863696,787.1515274047852,306.36363220214844
1763888863713,787.1515274047852,308.36363220214844
1763888863730,788.1515274047852,309.36363220214844
1763888863746,790.1515274047852,312.36363220214844
1763888863763,790.1515274047852,315.36363220214844
1763888863780,793.1515274047852,318.36363220214844
1763888863796,794.1515274047852,320.36363220214844
1763888863813,797.1515274047852,323.36363220214844
1763888863830,800.1515274047852,328.36363220214844
1763888863847,801.1515274047852,329.36363220214844
1763888863863,803.1515274047852,332.36363220214844
1763888863880,804.1515274047852,333.36363220214844
1763888863897,804.1515274047852,334.36363220214844
1763888863913,805.1515274047852,335.36363220214844
1763888863932,805.1515274047852,336.36363220214844
1763888863994,806.1515274047852,336.36363220214844
1763888864908,819.1515274047852,360.36363220214844
1763888864915,819.1515274047852,364.36363220214844
1763888864930,815.1515274047852,374.36363220214844
1763888864946,811.1515274047852,388.36363220214844
1763888864963,809.1515274047852,397.36363220214844
1763888864980,806.1515274047852,411.36363220214844
1763888864996,805.1515274047852,420.36363220214844
1763888865013,803.1515274047852,429.36363220214844
1763888865030,802.1515274047852,434.36363220214844
1763888865046,801.1515274047852,437.36363220214844
1763888865063,801.1515274047852,446.36363220214844
1763888865080,800.1515274047852,451.36363220214844
1763888865096,799.1515274047852,458.36363220214844
1763888865113,799.1515274047852,462.36363220214844
1763888865130,798.1515274047852,464.36363220214844
1763888865146,798.1515274047852,469.36363220214844
1763888865163,796.1515274047852,472.36363220214844
1763888865180,796.1515274047852,477.36363220214844
1763888865196,796.1515274047852,480.36363220214844
1763888865213,794.1515274047852,486.36363220214844
1763888865230,794.1515274047852,489.36363220214844
1763888865246,794.1515274047852,491.36363220214844
1763888865263,794.1515274047852,495.36363220214844
1763888865280,794.1515274047852,495.36363220214844
1763888865296,794.1515274047852,498.36363220214844
1763888865313,794.1515274047852,500.36363220214844
1763888865330,794.1515274047852,500.36363220214844
1763888865346,794.1515274047852,502.36363220214844
1763888865363,794.1515274047852,503.36363220214844
1763888865380,794.1515274047852,505.36363220214844
1763888865396,794.1515274047852,506.36363220214844
1763888865413,794.1515274047852,508.36363220214844
1763888865430,794.1515274047852,510.36363220214844
1763888865446,794.1515274047852,511.36363220214844
1763888865463,794.1515274047852,512.3636322021484
1763888865480,794.1515274047852,513.3636322021484
1763888865496,794.1515274047852,514.3636322021484
1763888865566,794.1515274047852,514.3636322021484
1763888865579,794.1515274047852,513.3636322021484
1763888865596,794.1515274047852,512.3636322021484
1763888865613,795.1515274047852,512.3636322021484
1763888865629,796.1515274047852,510.36363220214844
1763888865646,796.1515274047852,509.36363220214844
1763888865663,796.1515274047852,508.36363220214844
1763888865690,796.1515274047852,507.36363220214844
1763888865733,795.1515274047852,507.36363220214844
1763888865746,794.1515274047852,507.36363220214844
1763888865763,793.1515274047852,508.36363220214844
1763888865780,793.1515274047852,508.36363220214844
1763888865796,793.1515274047852,509.36363220214844
1763888865813,792.1515274047852,510.36363220214844
1763888865829,792.1515274047852,511.36363220214844
1763888865846,792.1515274047852,512.3636322021484
1763888865863,792.1515274047852,512.3636322021484
1763888865879,792.1515274047852,514.3636322021484
1763888865899,792.1515274047852,514.3636322021484
1763888865913,792.1515274047852,515.3636322021484
1763888865933,792.1515274047852,515.3636322021484
1763888865947,792.1515274047852,516.3636322021484
1763888865963,793.1515274047852,517.3636322021484
1763888865980,793.1515274047852,519.3636322021484
1763888865996,794.1515274047852,522.3636322021484
1763888866013,794.1515274047852,524.3636322021484
1763888866030,794.1515274047852,525.3636322021484
1763888866046,794.1515274047852,526.3636322021484
1763888866063,795.1515274047852,528.3636322021484
1763888866079,796.1515274047852,529.3636322021484
1763888866099,796.1515274047852,529.3636322021484
1763888866113,797.1515274047852,529.3636322021484
1763888866141,798.1515274047852,529.3636322021484
1763888866179,798.1515274047852,529.3636322021484
1763888866196,799.1515274047852,529.3636322021484
1763888866217,799.1515274047852,529.3636322021484
1763888866232,800.1515274047852,529.3636322021484
1763888866258,801.1515274047852,529.3636322021484
1763888866308,801.1515274047852,529.3636322021484
1763888866349,802.1515274047852,529.3636322021484
1763888866370,802.1515274047852,529.3636322021484
1763888866384,803.1515274047852,529.3636322021484
1763888866430,804.1515274047852,529.3636322021484
1763888866446,804.1515274047852,527.3636322021484
1763888866463,804.1515274047852,526.3636322021484
1763888866479,804.1515274047852,525.3636322021484
1763888866496,804.1515274047852,524.3636322021484
1763888866513,804.1515274047852,523.3636322021484
1763888866529,804.1515274047852,522.3636322021484
1763888866546,804.1515274047852,521.3636322021484
1763888866563,804.1515274047852,520.3636322021484
1763888866580,804.1515274047852,519.3636322021484
1763888866596,804.1515274047852,519.3636322021484
1763888866675,804.1515274047852,519.3636322021484
1763888866688,804.1515274047852,519.3636322021484
1763888866708,804.1515274047852,520.3636322021484
1763888866716,805.1515274047852,520.3636322021484
1763888866729,805.1515274047852,520.3636322021484
1763888866750,805.1515274047852,521.3636322021484
1763888866763,806.1515274047852,521.3636322021484
1763888866779,807.1515274047852,521.3636322021484
1763888866796,807.1515274047852,522.3636322021484
1763888866813,807.1515274047852,522.3636322021484
1763888866830,807.1515274047852,523.3636322021484
1763888866965,807.1515274047852,523.3636322021484
1763888866986,807.1515274047852,524.3636322021484
1763888867007,807.1515274047852,525.3636322021484
1763888867021,808.1515274047852,525.3636322021484
1763888867110,808.1515274047852,524.3636322021484
1763888867117,808.1515274047852,523.3636322021484
1763888867129,808.1515274047852,522.3636322021484
1763888867146,806.1515274047852,518.3636322021484
1763888867163,804.1515274047852,514.3636322021484
1763888867180,802.1515274047852,508.36363220214844
1763888867196,799.1515274047852,500.36363220214844
1763888867213,799.1515274047852,495.36363220214844
1763888867229,799.1515274047852,489.36363220214844
1763888867246,799.1515274047852,485.36363220214844
1763888867263,799.1515274047852,480.36363220214844
1763888867279,799.1515274047852,475.36363220214844
1763888867296,799.1515274047852,472.36363220214844
1763888867313,801.1515274047852,468.36363220214844
1763888867330,801.1515274047852,464.36363220214844
1763888867346,803.1515274047852,456.36363220214844
1763888867363,805.1515274047852,445.36363220214844
1763888867379,807.1515274047852,441.36363220214844
1763888867396,807.1515274047852,437.36363220214844
1763888867413,808.1515274047852,436.36363220214844
1763888867429,808.1515274047852,434.36363220214844
1763888867446,808.1515274047852,434.36363220214844
1763888867463,808.1515274047852,433.36363220214844
1763888867479,809.1515274047852,432.36363220214844
1763888867496,809.1515274047852,432.36363220214844
1763888867519,809.1515274047852,432.36363220214844
1763888867529,809.1515274047852,433.36363220214844
1763888867546,809.1515274047852,434.36363220214844
1763888867563,809.1515274047852,436.36363220214844
1763888867579,809.1515274047852,439.36363220214844
1763888867596,809.1515274047852,442.36363220214844
1763888867613,808.1515274047852,443.36363220214844
1763888867629,808.1515274047852,445.36363220214844
1763888867646,808.1515274047852,448.36363220214844
1763888867663,807.1515274047852,449.36363220214844
1763888867679,807.1515274047852,451.36363220214844
1763888867696,807.1515274047852,452.36363220214844
1763888867713,807.1515274047852,454.36363220214844
1763888867729,807.1515274047852,455.36363220214844
1763888867746,807.1515274047852,457.36363220214844
1763888867762,807.1515274047852,459.36363220214844
1763888867779,807.1515274047852,460.36363220214844
1763888867796,807.1515274047852,462.36363220214844
1763888867812,807.1515274047852,465.36363220214844
1763888867829,807.1515274047852,466.36363220214844
1763888867846,807.1515274047852,469.36363220214844
1763888867863,807.1515274047852,470.36363220214844
1763888867879,807.1515274047852,472.36363220214844
1763888867896,807.1515274047852,472.36363220214844
1763888867913,807.1515274047852,473.36363220214844
1763888867934,807.1515274047852,474.36363220214844
1763888867955,807.1515274047852,474.36363220214844
1763888868079,812.1515274047852,456.36363220214844
1763888868096,813.1515274047852,452.36363220214844
1763888868113,813.1515274047852,450.36363220214844
1763888868129,813.1515274047852,449.36363220214844
1763888868146,813.1515274047852,448.36363220214844
1763888868163,813.1515274047852,447.36363220214844
1763888868179,813.1515274047852,446.36363220214844
1763888868198,812.1515274047852,446.36363220214844
1763888868218,811.1515274047852,446.36363220214844
1763888868229,811.1515274047852,446.36363220214844
1763888868246,810.1515274047852,446.36363220214844
1763888868262,810.1515274047852,448.36363220214844
1763888868279,809.1515274047852,448.36363220214844
1763888868296,808.1515274047852,449.36363220214844
1763888868312,807.1515274047852,451.36363220214844
1763888868329,806.1515274047852,453.36363220214844
1763888868346,805.1515274047852,455.36363220214844
1763888868363,804.1515274047852,457.36363220214844
1763888868379,801.1515274047852,462.36363220214844
1763888868396,799.1515274047852,465.36363220214844
1763888868412,798.1515274047852,468.36363220214844
1763888868429,796.1515274047852,472.36363220214844
1763888868446,795.1515274047852,473.36363220214844
1763888868462,794.1515274047852,475.36363220214844
1763888868479,793.1515274047852,476.36363220214844
1763888868496,792.1515274047852,478.36363220214844
1763888868512,791.1515274047852,479.36363220214844
1763888868529,789.1515274047852,481.36363220214844
1763888868612,777.1515274047852,488.36363220214844
1763888868629,775.1515274047852,488.36363220214844
1763888868646,774.1515274047852,488.36363220214844
1763888868662,771.1515274047852,486.36363220214844
1763888868679,770.1515274047852,484.36363220214844
1763888868696,769.1515274047852,482.36363220214844
1763888868712,767.1515274047852,475.36363220214844
1763888868729,766.1515274047852,472.36363220214844
1763888868746,763.1515274047852,467.36363220214844
1763888868762,762.1515274047852,462.36363220214844
1763888868779,761.1515274047852,459.36363220214844
1763888868796,759.1515274047852,454.36363220214844
1763888868813,758.1515274047852,452.36363220214844
1763888868829,758.1515274047852,451.36363220214844
1763888868846,757.1515274047852,450.36363220214844
1763888868863,757.1515274047852,449.36363220214844
1763888869230,757.1515274047852,449.36363220214844
1763888869246,757.1515274047852,450.36363220214844
1763888869262,757.1515274047852,451.36363220214844
1763888869279,757.1515274047852,454.36363220214844
1763888869296,758.1515274047852,455.36363220214844
1763888869312,758.1515274047852,455.36363220214844
1763888869329,758.1515274047852,459.36363220214844
1763888869346,759.1515274047852,461.36363220214844
1763888869362,759.1515274047852,465.36363220214844
1763888869379,759.1515274047852,468.36363220214844
1763888869396,759.1515274047852,469.36363220214844
1763888869412,760.1515274047852,472.36363220214844
1763888869429,760.1515274047852,474.36363220214844
1763888869446,761.1515274047852,478.36363220214844
1763888869462,761.1515274047852,482.36363220214844
1763888869479,762.1515274047852,487.36363220214844
1763888869496,762.1515274047852,489.36363220214844
1763888869512,762.1515274047852,492.36363220214844
1763888869529,762.1515274047852,496.36363220214844
1763888869546,763.1515274047852,499.36363220214844
1763888869562,763.1515274047852,503.36363220214844
1763888869579,764.1515274047852,506.36363220214844
1763888869596,764.1515274047852,508.36363220214844
1763888869612,764.1515274047852,511.36363220214844
1763888869629,764.1515274047852,512.3636322021484
1763888869646,764.1515274047852,514.3636322021484
1763888869662,764.1515274047852,515.3636322021484
1763888869679,764.1515274047852,516.3636322021484
1763888869696,764.1515274047852,518.3636322021484
1763888869712,764.1515274047852,519.3636322021484
1763888869729,764.1515274047852,520.3636322021484
1763888869746,764.1515274047852,521.3636322021484
1763888869762,764.1515274047852,522.3636322021484
1763888869779,764.1515274047852,523.3636322021484
1763888869796,764.1515274047852,525.3636322021484
1763888869812,763.1515274047852,525.3636322021484
1763888869829,762.1515274047852,526.3636322021484
1763888869846,762.1515274047852,526.3636322021484
1763888869862,762.1515274047852,528.3636322021484
1763888869879,761.1515274047852,528.3636322021484
1763888869896,761.1515274047852,529.3636322021484
1763888869912,761.1515274047852,530.3636322021484
1763888870006,759.1515274047852,530.3636322021484
1763888870013,759.1515274047852,529.3636322021484
1763888870029,758.1515274047852,528.3636322021484
1763888870046,758.1515274047852,527.3636322021484
1763888870062,758.1515274047852,525.3636322021484
1763888870079,758.1515274047852,524.3636322021484
1763888870096,757.1515274047852,523.3636322021484
1763888870112,756.1515274047852,521.3636322021484
1763888870129,756.1515274047852,520.3636322021484
1763888870146,755.1515274047852,520.3636322021484
1763888870312,757.1515274047852,517.3636322021484
1763888870329,758.1515274047852,517.3636322021484
1763888870345,758.1515274047852,517.3636322021484
1763888870362,759.1515274047852,517.3636322021484
1763888870379,761.1515274047852,517.3636322021484
1763888870395,761.1515274047852,517.3636322021484
1763888870412,762.1515274047852,517.3636322021484
1763888870429,764.1515274047852,516.3636322021484
1763888870445,764.1515274047852,515.3636322021484
1763888870462,765.1515274047852,515.3636322021484
1763888870479,766.1515274047852,515.3636322021484
1763888870496,767.1515274047852,515.3636322021484
1763888870512,768.1515274047852,515.3636322021484
1763888870539,768.1515274047852,515.3636322021484
1763888870554,769.1515274047852,516.3636322021484
1763888870567,769.1515274047852,517.3636322021484
1763888870579,770.1515274047852,517.3636322021484
1763888870595,770.1515274047852,519.3636322021484
1763888870612,771.1515274047852,520.3636322021484
1763888870629,771.1515274047852,521.3636322021484
1763888870646,771.1515274047852,522.3636322021484
1763888870662,771.1515274047852,523.3636322021484
1763888870679,771.1515274047852,523.3636322021484
1763888870696,771.1515274047852,523.3636322021484
1763888870712,772.1515274047852,523.3636322021484
1763888870729,773.1515274047852,523.3636322021484
1763888870747,773.1515274047852,523.3636322021484
1763888870762,773.1515274047852,522.3636322021484
1763888870779,773.1515274047852,520.3636322021484
1763888870796,773.1515274047852,517.3636322021484
1763888870812,773.1515274047852,514.3636322021484
1763888870829,773.1515274047852,511.36363220214844
1763888870845,774.1515274047852,507.36363220214844
1763888870862,774.1515274047852,503.36363220214844
1763888870879,775.1515274047852,500.36363220214844
1763888870895,775.1515274047852,499.36363220214844
1763888870912,775.1515274047852,497.36363220214844
1763888870929,775.1515274047852,495.36363220214844
1763888870945,775.1515274047852,492.36363220214844
1763888870962,775.1515274047852,490.36363220214844
1763888870979,775.1515274047852,489.36363220214844
1763888870996,775.1515274047852,488.36363220214844
1763888871012,775.1515274047852,485.36363220214844
1763888871029,775.1515274047852,484.36363220214844
1763888871045,775.1515274047852,482.36363220214844
1763888871062,775.1515274047852,481.36363220214844
1763888871079,775.1515274047852,479.36363220214844
1763888871095,775.1515274047852,475.36363220214844
1763888871112,775.1515274047852,471.36363220214844
1763888871129,775.1515274047852,465.36363220214844
1763888871145,774.1515274047852,459.36363220214844
1763888871162,773.1515274047852,455.36363220214844
1763888871179,773.1515274047852,448.36363220214844
1763888871195,773.1515274047852,445.36363220214844
1763888871212,772.1515274047852,439.36363220214844
1763888871229,771.1515274047852,434.36363220214844
1763888871245,770.1515274047852,431.36363220214844
1763888871262,769.1515274047852,424.36363220214844
1763888871279,768.1515274047852,420.36363220214844
1763888871295,767.1515274047852,414.36363220214844
1763888871312,766.1515274047852,409.36363220214844
1763888871329,765.1515274047852,403.36363220214844
1763888871345,764.1515274047852,399.36363220214844
1763888871362,764.1515274047852,394.36363220214844
1763888871379,762.1515274047852,389.36363220214844
1763888871395,761.1515274047852,386.36363220214844
1763888871412,759.1515274047852,382.36363220214844
1763888871429,759.1515274047852,379.36363220214844
1763888871445,758.1515274047852,375.36363220214844
1763888871462,757.1515274047852,369.36363220214844
1763888871479,756.1515274047852,366.36363220214844
1763888871495,756.1515274047852,362.36363220214844
1763888871512,756.1515274047852,355.36363220214844
1763888871529,755.1515274047852,352.36363220214844
1763888871545,754.1515274047852,346.36363220214844
1763888871562,754.1515274047852,342.36363220214844
1763888871579,753.1515274047852,337.36363220214844
1763888871595,753.1515274047852,334.36363220214844
1763888871612,753.1515274047852,331.36363220214844
1763888871629,753.1515274047852,328.36363220214844
1763888871645,753.1515274047852,326.36363220214844
1763888871662,753.1515274047852,324.36363220214844
1763888871679,753.1515274047852,322.36363220214844
1763888871695,753.1515274047852,321.36363220214844
1763888871712,752.1515274047852,319.36363220214844
1763888871729,751.1515274047852,316.36363220214844
1763888871745,751.1515274047852,312.36363220214844
1763888871762,750.1515274047852,311.36363220214844
1763888871779,750.1515274047852,308.36363220214844
1763888871795,748.1515274047852,306.36363220214844
1763888871812,748.1515274047852,305.36363220214844
1763888871829,747.1515274047852,305.36363220214844
1763888871855,746.1515274047852,306.36363220214844
1763888871863,746.1515274047852,306.36363220214844
1763888871879,746.1515274047852,308.36363220214844
1763888871895,746.1515274047852,309.36363220214844
1763888871912,746.1515274047852,312.36363220214844
1763888871929,746.1515274047852,314.36363220214844
1763888871945,746.1515274047852,317.36363220214844
1763888871962,747.1515274047852,319.36363220214844
1763888871979,747.1515274047852,322.36363220214844
1763888871995,748.1515274047852,328.36363220214844
1763888872012,750.1515274047852,334.36363220214844
1763888872029,754.1515274047852,344.36363220214844
1763888872045,758.1515274047852,358.36363220214844
1763888872062,760.1515274047852,365.36363220214844
1763888872079,762.1515274047852,374.36363220214844
1763888872095,762.1515274047852,376.36363220214844
1763888872112,762.1515274047852,378.36363220214844
1763888872129,762.1515274047852,379.36363220214844
1763888872145,762.1515274047852,380.36363220214844
1763888872162,763.1515274047852,382.36363220214844
1763888872179,763.1515274047852,383.36363220214844
1763888872195,764.1515274047852,384.36363220214844
1763888872212,764.1515274047852,385.36363220214844
1763888872244,764.1515274047852,384.36363220214844
1763888872250,764.1515274047852,383.36363220214844
1763888872262,764.1515274047852,382.36363220214844
1763888872279,764.1515274047852,371.36363220214844
1763888872295,765.1515274047852,359.36363220214844
1763888872312,765.1515274047852,345.36363220214844
1763888872329,766.1515274047852,322.36363220214844
1763888872345,768.1515274047852,300.36363220214844
1763888872362,770.1515274047852,280.36363220214844
1763888872379,772.1515274047852,266.36363220214844
1763888872395,773.1515274047852,254.36363220214844
1763888872412,773.1515274047852,245.36363220214844
1763888872429,772.1515274047852,241.36363220214844
1763888872445,771.1515274047852,238.36363220214844
1763888872462,770.1515274047852,237.36363220214844
1763888872479,769.1515274047852,236.36363220214844
1763888872495,769.1515274047852,235.36363220214844
1763888872506,768.1515274047852,235.36363220214844
1763888874841,732.1515274047852,149.6363639831543
1763888874848,731.1515274047852,153.6363639831543
1763888874861,730.1515274047852,155.6363639831543
1763888874878,727.1515274047852,162.6363639831543
1763888874895,725.1515274047852,167.6363639831543
1763888874911,724.1515274047852,173.6363639831543
1763888874928,723.1515274047852,175.6363639831543
1763888874945,722.1515274047852,178.6363639831543
1763888874962,722.1515274047852,178.6363639831543
1763888874978,722.1515274047852,180.6363639831543
1763888874995,721.1515274047852,182.6363639831543
1763888875012,721.1515274047852,182.6363639831543
1763888875028,721.1515274047852,184.6363639831543
1763888875045,720.1515274047852,186.6363639831543
1763888875062,720.1515274047852,186.6363639831543
1763888875078,719.1515274047852,188.6363639831543
1763888875095,719.1515274047852,189.6363639831543
1763888875111,718.1515274047852,193.6363639831543
1763888875128,718.1515274047852,195.6363639831543
1763888875145,717.1515274047852,198.6363639831543
1763888875161,716.1515274047852,201.6363639831543
1763888875178,716.1515274047852,204.6363639831543
1763888875195,716.1515274047852,209.6363639831543
1763888875211,715.1515274047852,211.6363639831543
1763888875228,714.1515274047852,213.6363639831543
1763888875245,714.1515274047852,217.6363639831543
1763888875262,714.1515274047852,220.6363639831543
1763888875278,713.1515274047852,223.6363639831543
1763888875295,713.1515274047852,226.6363639831543
1763888875311,713.1515274047852,228.6363639831543
1763888875328,713.1515274047852,230.6363639831543
1763888875345,713.1515274047852,232.6363639831543
1763888875361,713.1515274047852,235.6363639831543
1763888875378,713.1515274047852,237.6363639831543
1763888875395,713.1515274047852,239.6363639831543
1763888875411,713.1515274047852,242.6363639831543
1763888875428,713.1515274047852,244.6363639831543
1763888875445,713.1515274047852,247.6363639831543
1763888875462,713.1515274047852,249.6363639831543
1763888875478,713.1515274047852,252.6363639831543
1763888875495,713.1515274047852,255.6363639831543
1763888875511,713.1515274047852,257.6363639831543
1763888875528,713.1515274047852,261.6363639831543
1763888875545,713.1515274047852,263.6363639831543
1763888875562,713.1515274047852,266.6363639831543
1763888875578,713.1515274047852,268.6363639831543
1763888875595,713.1515274047852,270.6363639831543
1763888875611,713.1515274047852,272.6363639831543
1763888875628,713.1515274047852,273.6363639831543
1763888875645,713.1515274047852,276.6363639831543
1763888875662,713.1515274047852,276.6363639831543
1763888875678,713.1515274047852,278.6363639831543
1763888875695,713.1515274047852,280.6363639831543
1763888875712,713.1515274047852,281.6363639831543
1763888875728,713.1515274047852,282.6363639831543
1763888875745,713.1515274047852,284.6363639831543
1763888875762,713.1515274047852,284.6363639831543
1763888875778,713.1515274047852,285.6363639831543
1763888875795,713.1515274047852,286.6363639831543
1763888875811,713.1515274047852,287.6363639831543
1763888875828,713.1515274047852,288.6363639831543
1763888875845,712.1515274047852,288.6363639831543
1763888875861,711.1515274047852,289.6363639831543
1763888875878,711.1515274047852,290.6363639831543
1763888875895,711.1515274047852,292.6363639831543
1763888875945,711.1515274047852,292.6363639831543
1763888875961,711.1515274047852,293.6363639831543
1763888875978,711.1515274047852,294.6363639831543
1763888875995,711.1515274047852,295.6363639831543
1763888876011,711.1515274047852,296.6363639831543
1763888876028,711.1515274047852,298.6363639831543
1763888876045,711.1515274047852,299.6363639831543
1763888876061,712.1515274047852,300.6363639831543
1763888876078,712.1515274047852,301.6363639831543
1763888876095,713.1515274047852,302.6363639831543
1763888876111,713.1515274047852,302.6363639831543
1763888876136,714.1515274047852,302.6363639831543
1763888876156,714.1515274047852,302.6363639831543
1763888876177,715.1515274047852,302.6363639831543
1763888876198,716.1515274047852,302.6363639831543
1763888876213,716.1515274047852,302.6363639831543
1763888876240,717.1515274047852,302.6363639831543
1763888876281,718.1515274047852,302.6363639831543
1763888876337,718.1515274047852,302.6363639831543
1763888876345,718.1515274047852,301.6363639831543
1763888876361,718.1515274047852,299.6363639831543
1763888876378,718.1515274047852,296.6363639831543
1763888876395,717.1515274047852,292.6363639831543
1763888876411,716.1515274047852,289.6363639831543
1763888876428,716.1515274047852,282.6363639831543
1763888876445,715.1515274047852,278.6363639831543
1763888876461,715.1515274047852,272.6363639831543
1763888876478,714.1515274047852,265.6363639831543
1763888876495,714.1515274047852,260.6363639831543
1763888876511,713.1515274047852,254.6363639831543
1763888876528,713.1515274047852,251.6363639831543
1763888876545,711.1515274047852,247.6363639831543
1763888876561,711.1515274047852,245.6363639831543
1763888876578,711.1515274047852,243.6363639831543
1763888876595,710.1515274047852,241.6363639831543
1763888876611,710.1515274047852,239.6363639831543
1763888876628,709.1515274047852,238.6363639831543
1763888876645,709.1515274047852,236.6363639831543
1763888876661,708.1515274047852,235.6363639831543
1763888876678,708.1515274047852,233.6363639831543
1763888876695,707.1515274047852,231.6363639831543
1763888876711,707.1515274047852,229.6363639831543
1763888876728,707.1515274047852,227.6363639831543
1763888876745,707.1515274047852,226.6363639831543
1763888876761,706.1515274047852,223.6363639831543
1763888876778,705.1515274047852,222.6363639831543
1763888876795,705.1515274047852,219.6363639831543
1763888876811,705.1515274047852,218.6363639831543
1763888876828,705.1515274047852,216.6363639831543
1763888876845,705.1515274047852,215.6363639831543
1763888876861,705.1515274047852,213.6363639831543
1763888876878,706.1515274047852,210.6363639831543
1763888876895,707.1515274047852,207.6363639831543
1763888876912,708.1515274047852,205.6363639831543
1763888876928,711.1515274047852,198.6363639831543
1763888876945,712.1515274047852,194.6363639831543
1763888876961,715.1515274047852,186.6363639831543
1763888876978,716.1515274047852,181.6363639831543
1763888876995,717.1515274047852,176.6363639831543
1763888877011,719.1515274047852,170.6363639831543
1763888877028,721.1515274047852,166.6363639831543
1763888877044,722.1515274047852,159.6363639831543
1763888877061,723.1515274047852,156.6363639831543
1763888877078,724.1515274047852,151.6363639831543
1763888877095,725.1515274047852,148.6363639831543
1763888877111,726.1515274047852,146.6363639831543
1763888877128,727.1515274047852,143.6363639831543
1763888877145,728.1515274047852,141.6363639831543
1763888877161,729.1515274047852,139.6363639831543
1763888877178,730.1515274047852,138.6363639831543
1763888877195,730.1515274047852,136.6363639831543
1763888877211,731.1515274047852,134.6363639831543
1763888877228,731.1515274047852,132.6363639831543
1763888877245,733.1515274047852,130.6363639831543
1763888877261,734.1515274047852,129.6363639831543
1763888877278,736.1515274047852,126.6363639831543
1763888877294,739.1515274047852,123.6363639831543
1763888877311,741.1515274047852,121.6363639831543
1763888877328,744.1515274047852,119.6363639831543
1763888877344,745.1515274047852,118.6363639831543
1763888877361,747.1515274047852,116.6363639831543
1763888877378,748.1515274047852,115.6363639831543
1763888877395,750.1515274047852,113.6363639831543
1763888877411,751.1515274047852,112.6363639831543
1763888877428,751.1515274047852,112.6363639831543
1763888877479,751.1515274047852,112.6363639831543
1763888877494,749.1515274047852,112.6363639831543
1763888877511,747.1515274047852,112.6363639831543
1763888877528,745.1515274047852,113.6363639831543
1763888877544,742.1515274047852,115.6363639831543
1763888877561,740.1515274047852,116.6363639831543
1763888877578,736.1515274047852,119.6363639831543
1763888877595,733.1515274047852,122.6363639831543
1763888877611,728.1515274047852,129.6363639831543
1763888877628,725.1515274047852,133.6363639831543
1763888877645,721.1515274047852,142.6363639831543
1763888877661,717.1515274047852,150.6363639831543
1763888877678,716.1515274047852,155.6363639831543
1763888877694,714.1515274047852,159.6363639831543
1763888877711,714.1515274047852,161.6363639831543
1763888877728,713.1515274047852,164.6363639831543
1763888877744,713.1515274047852,167.6363639831543
1763888877761,713.1515274047852,170.6363639831543
1763888877778,713.1515274047852,175.6363639831543
1763888877795,713.1515274047852,178.6363639831543
1763888877811,712.1515274047852,183.6363639831543
1763888877828,711.1515274047852,190.6363639831543
1763888877844,711.1515274047852,195.6363639831543
1763888877861,709.1515274047852,202.6363639831543
1763888877878,709.1515274047852,206.6363639831543
1763888877894,708.1515274047852,209.6363639831543
1763888877911,708.1515274047852,212.6363639831543
1763888877928,707.1515274047852,215.6363639831543
1763888877944,707.1515274047852,216.6363639831543
1763888877961,707.1515274047852,216.6363639831543
1763888877978,707.1515274047852,217.6363639831543
1763888877994,707.1515274047852,218.6363639831543
1763888878020,707.1515274047852,217.6363639831543
1763888878028,707.1515274047852,216.6363639831543
1763888878045,708.1515274047852,212.6363639831543
1763888878061,709.1515274047852,206.6363639831543
1763888878078,713.1515274047852,184.6363639831543
1763888878094,716.1515274047852,168.6363639831543
1763888878111,723.1515274047852,147.6363639831543
1763888878128,726.1515274047852,137.6363639831543
1763888878144,733.1515274047852,121.6363639831543
1763888878161,736.1515274047852,115.6363639831543
1763888878178,738.1515274047852,113.6363639831543
1763888878194,742.1515274047852,109.6363639831543
1763888878211,744.1515274047852,107.6363639831543
1763888878228,746.1515274047852,105.6363639831543
1763888878244,747.1515274047852,104.6363639831543
1763888878261,748.1515274047852,104.6363639831543
1763888878278,750.1515274047852,104.6363639831543
1763888878294,751.1515274047852,103.6363639831543
1763888878311,753.1515274047852,103.6363639831543
1763888878328,753.1515274047852,103.6363639831543
1763888878378,753.1515274047852,105.6363639831543
1763888878394,753.1515274047852,109.6363639831543
1763888878411,753.1515274047852,112.6363639831543
1763888878428,753.1515274047852,115.6363639831543
1763888878444,753.1515274047852,121.6363639831543
1763888878461,753.1515274047852,125.6363639831543
1763888878478,753.1515274047852,138.6363639831543
1763888878494,754.1515274047852,149.6363639831543
1763888878511,754.1515274047852,158.6363639831543
1763888878528,754.1515274047852,167.6363639831543
1763888878544,754.1515274047852,172.6363639831543
1763888878561,754.1515274047852,177.6363639831543
1763888878578,754.1515274047852,181.6363639831543
1763888878594,754.1515274047852,185.6363639831543
1763888878611,754.1515274047852,190.6363639831543
1763888878628,754.1515274047852,193.6363639831543
1763888878644,753.1515274047852,198.6363639831543
1763888878661,753.1515274047852,201.6363639831543
1763888878678,753.1515274047852,204.6363639831543
1763888878694,752.1515274047852,207.6363639831543
1763888878711,752.1515274047852,209.6363639831543
1763888878728,751.1515274047852,212.6363639831543
1763888878744,751.1515274047852,213.6363639831543
1763888878761,751.1515274047852,215.6363639831543
1763888878778,751.1515274047852,216.6363639831543
1763888878794,750.1515274047852,218.6363639831543
1763888878811,750.1515274047852,221.6363639831543
1763888878828,749.1515274047852,222.6363639831543
1763888878844,748.1515274047852,224.6363639831543
1763888878861,748.1515274047852,226.6363639831543
1763888878878,747.1515274047852,227.6363639831543
1763888878894,747.1515274047852,229.6363639831543
1763888878911,747.1515274047852,230.6363639831543
1763888878928,747.1515274047852,231.6363639831543
1763888878944,746.1515274047852,233.6363639831543
1763888878961,745.1515274047852,235.6363639831543
1763888878978,745.1515274047852,238.6363639831543
1763888878994,745.1515274047852,242.6363639831543
1763888879011,745.1515274047852,247.6363639831543
1763888879028,745.1515274047852,250.6363639831543
1763888879044,745.1515274047852,254.6363639831543
1763888879061,746.1515274047852,258.6363639831543
1763888879078,747.1515274047852,261.6363639831543
1763888879094,747.1515274047852,265.6363639831543
1763888879111,748.1515274047852,268.6363639831543
1763888879128,750.1515274047852,273.6363639831543
1763888879144,752.1515274047852,281.6363639831543
1763888879161,753.1515274047852,286.6363639831543
1763888879178,756.1515274047852,295.6363639831543
1763888879194,757.1515274047852,300.6363639831543
1763888879211,759.1515274047852,306.6363639831543
1763888879228,761.1515274047852,313.6363639831543
1763888879244,762.1515274047852,315.6363639831543
1763888879261,762.1515274047852,318.6363639831543
1763888879278,763.1515274047852,319.6363639831543
1763888879294,764.1515274047852,321.6363639831543
1763888879311,764.1515274047852,322.6363639831543
1763888879328,764.1515274047852,323.6363639831543
1763888879344,765.1515274047852,323.6363639831543
1763888879394,765.1515274047852,321.6363639831543
1763888879411,764.1515274047852,319.6363639831543
1763888879428,761.1515274047852,313.6363639831543
1763888879445,758.1515274047852,309.6363639831543
1763888879461,750.1515274047852,299.6363639831543
1763888879478,744.1515274047852,293.6363639831543
1763888879494,740.1515274047852,289.6363639831543
1763888879511,735.1515274047852,285.6363639831543
1763888879727,736.1515274047852,237.6363639831543
1763888879744,739.1515274047852,224.6363639831543
1763888879761,744.1515274047852,211.6363639831543
1763888879778,747.1515274047852,201.6363639831543
1763888879794,751.1515274047852,188.6363639831543
1763888879811,754.1515274047852,175.6363639831543
1763888879828,758.1515274047852,162.6363639831543
1763888879844,761.1515274047852,150.6363639831543
1763888879861,761.1515274047852,143.6363639831543
1763888879877,763.1515274047852,136.6363639831543
1763888879894,763.1515274047852,133.6363639831543
1763888879911,763.1515274047852,128.6363639831543
1763888879927,763.1515274047852,126.6363639831543
1763888879944,763.1515274047852,122.6363639831543
1763888879961,763.1515274047852,120.6363639831543
1763888879978,763.1515274047852,118.6363639831543
1763888879994,763.1515274047852,116.6363639831543
1763888880011,763.1515274047852,115.6363639831543
1763888880028,763.1515274047852,113.6363639831543
1763888880044,763.1515274047852,112.6363639831543
1763888880061,763.1515274047852,111.6363639831543
1763888880077,763.1515274047852,112.6363639831543
1763888880094,763.1515274047852,114.6363639831543
1763888880111,763.1515274047852,119.6363639831543
1763888880127,765.1515274047852,142.6363639831543
1763888880144,770.1515274047852,177.6363639831543
1763888880161,776.1515274047852,209.6363639831543
1763888880177,778.1515274047852,218.6363639831543
1763888880194,779.1515274047852,227.6363639831543
1763888880211,779.1515274047852,236.6363639831543
1763888880227,781.1515274047852,241.6363639831543
1763888880244,781.1515274047852,251.6363639831543
1763888880261,782.1515274047852,255.6363639831543
1763888880278,782.1515274047852,259.6363639831543
1763888880294,782.1515274047852,264.6363639831543
1763888880311,782.1515274047852,266.6363639831543
1763888880327,782.1515274047852,269.6363639831543
1763888880344,782.1515274047852,270.6363639831543
1763888880361,782.1515274047852,274.6363639831543
1763888880377,782.1515274047852,276.6363639831543
1763888880394,782.1515274047852,278.6363639831543
1763888880411,781.1515274047852,281.6363639831543
1763888880427,781.1515274047852,282.6363639831543
1763888880444,781.1515274047852,283.6363639831543
1763888880461,780.1515274047852,283.6363639831543
1763888880478,779.1515274047852,283.6363639831543
1763888880494,778.1515274047852,281.6363639831543
1763888880511,776.1515274047852,278.6363639831543
1763888880527,770.1515274047852,270.6363639831543
1763888880544,768.1515274047852,264.6363639831543
1763888880561,765.1515274047852,256.6363639831543
1763888880577,762.1515274047852,249.6363639831543
1763888880594,761.1515274047852,246.6363639831543
1763888880611,761.1515274047852,239.6363639831543
1763888880627,760.1515274047852,236.6363639831543
1763888880644,759.1515274047852,233.6363639831543
1763888880661,759.1515274047852,228.6363639831543
1763888880678,759.1515274047852,224.6363639831543
1763888880694,758.1515274047852,218.6363639831543
1763888880711,758.1515274047852,213.6363639831543
1763888880728,758.1515274047852,209.6363639831543
1763888880744,758.1515274047852,202.6363639831543
1763888880761,758.1515274047852,199.6363639831543
1763888880777,758.1515274047852,193.6363639831543
1763888880794,758.1515274047852,190.6363639831543
1763888880811,758.1515274047852,187.6363639831543
1763888880827,758.1515274047852,181.6363639831543
1763888880844,758.1515274047852,178.6363639831543
1763888880861,758.1515274047852,172.6363639831543
1763888880877,759.1515274047852,167.6363639831543
1763888880894,759.1515274047852,164.6363639831543
1763888880911,759.1515274047852,158.6363639831543
1763888880927,761.1515274047852,154.6363639831543
1763888880944,762.1515274047852,147.6363639831543
1763888880961,762.1515274047852,144.6363639831543
1763888880977,762.1515274047852,141.6363639831543
1763888880994,763.1515274047852,137.6363639831543
1763888881011,764.1515274047852,135.6363639831543
1763888881027,764.1515274047852,132.6363639831543
1763888881044,765.1515274047852,131.6363639831543
1763888881061,765.1515274047852,129.6363639831543
1763888881077,766.1515274047852,129.6363639831543
1763888881094,766.1515274047852,128.6363639831543
1763888881111,767.1515274047852,128.6363639831543
1763888881128,767.1515274047852,129.6363639831543
1763888881144,767.1515274047852,135.6363639831543
1763888881161,767.1515274047852,138.6363639831543
1763888881177,768.1515274047852,144.6363639831543
1763888881194,771.1515274047852,166.6363639831543
1763888881211,778.1515274047852,196.6363639831543
1763888881227,781.1515274047852,218.6363639831543
1763888881244,783.1515274047852,238.6363639831543
1763888881261,785.1515274047852,247.6363639831543
1763888881277,786.1515274047852,257.6363639831543
1763888881294,787.1515274047852,262.6363639831543
1763888881311,788.1515274047852,271.6363639831543
1763888881327,789.1515274047852,274.6363639831543
1763888881344,790.1515274047852,278.6363639831543
1763888881361,790.1515274047852,281.6363639831543
1763888881377,790.1515274047852,283.6363639831543
1763888881394,791.1515274047852,286.6363639831543
1763888881411,791.1515274047852,288.6363639831543
1763888881427,792.1515274047852,290.6363639831543
1763888881444,793.1515274047852,291.6363639831543
1763888881461,793.1515274047852,292.6363639831543
1763888881477,793.1515274047852,295.6363639831543
1763888881494,793.1515274047852,296.6363639831543
1763888881511,794.1515274047852,297.6363639831543
1763888881527,794.1515274047852,298.6363639831543
1763888881544,794.1515274047852,299.6363639831543
1763888881561,795.1515274047852,299.6363639831543
1763888881580,795.1515274047852,298.6363639831543
1763888881594,794.1515274047852,296.6363639831543
1763888881611,793.1515274047852,291.6363639831543
1763888881627,790.1515274047852,282.6363639831543
1763888881644,785.1515274047852,266.6363639831543
1763888881661,782.1515274047852,255.6363639831543
1763888881677,779.1515274047852,233.6363639831543
1763888881694,777.1515274047852,220.6363639831543
1763888881711,776.1515274047852,209.6363639831543
1763888881727,776.1515274047852,199.6363639831543
1763888881744,776.1515274047852,191.6363639831543
1763888881761,776.1515274047852,184.6363639831543
1763888881777,777.1515274047852,179.6363639831543
1763888881794,778.1515274047852,174.6363639831543
1763888881810,779.1515274047852,166.6363639831543
1763888881827,779.1515274047852,160.6363639831543
1763888881844,781.1515274047852,150.6363639831543
1763888881860,781.1515274047852,146.6363639831543
1763888881877,781.1515274047852,138.6363639831543
1763888881894,783.1515274047852,130.6363639831543
1763888881911,784.1515274047852,126.6363639831543
1763888881927,785.1515274047852,121.6363639831543
1763888881944,785.1515274047852,118.6363639831543
1763888881961,785.1515274047852,118.6363639831543
1763888881977,786.1515274047852,116.6363639831543
1763888881994,786.1515274047852,115.6363639831543
1763888882011,787.1515274047852,115.6363639831543
1763888882060,787.1515274047852,117.6363639831543
1763888882077,787.1515274047852,120.6363639831543
1763888882094,787.1515274047852,125.6363639831543
1763888882111,787.1515274047852,128.6363639831543
1763888882127,788.1515274047852,137.6363639831543
1763888882144,791.1515274047852,160.6363639831543
1763888882161,794.1515274047852,178.6363639831543
1763888882177,798.1515274047852,201.6363639831543
1763888882194,799.1515274047852,212.6363639831543
1763888882210,801.1515274047852,223.6363639831543
1763888882227,801.1515274047852,232.6363639831543
1763888882244,803.1515274047852,241.6363639831543
1763888882260,803.1515274047852,251.6363639831543
1763888882277,804.1515274047852,256.6363639831543
1763888882294,804.1515274047852,264.6363639831543
1763888882310,805.1515274047852,270.6363639831543
1763888882327,805.1515274047852,276.6363639831543
1763888882344,808.1515274047852,287.6363639831543
1763888882361,808.1515274047852,292.6363639831543
1763888882377,808.1515274047852,298.6363639831543
1763888882394,809.1515274047852,301.6363639831543
1763888882410,810.1515274047852,304.6363639831543
1763888882427,811.1515274047852,308.6363639831543
1763888882444,811.1515274047852,311.6363639831543
1763888882460,812.1515274047852,315.6363639831543
1763888882477,813.1515274047852,318.6363639831543
1763888882494,813.1515274047852,320.6363639831543
1763888882510,813.1515274047852,322.6363639831543
1763888882528,813.1515274047852,323.6363639831543
1763888882544,813.1515274047852,324.6363639831543
1763888882560,813.1515274047852,324.6363639831543
1763888882584,812.1515274047852,324.6363639831543
1763888882594,811.1515274047852,323.6363639831543
1763888882610,810.1515274047852,319.6363639831543
1763888882627,805.1515274047852,307.6363639831543
1763888882644,802.1515274047852,295.6363639831543
1763888882660,795.1515274047852,270.6363639831543
1763888882677,793.1515274047852,261.6363639831543
1763888882694,792.1515274047852,256.6363639831543
1763888882710,792.1515274047852,250.6363639831543
1763888882727,792.1515274047852,246.6363639831543
1763888882744,791.1515274047852,239.6363639831543
1763888882760,791.1515274047852,235.6363639831543
1763888882777,791.1515274047852,227.6363639831543
1763888882794,791.1515274047852,219.6363639831543
1763888882810,791.1515274047852,213.6363639831543
1763888882827,792.1515274047852,204.6363639831543
1763888882844,793.1515274047852,199.6363639831543
1763888882860,794.1515274047852,190.6363639831543
1763888882877,797.1515274047852,168.6363639831543
1763888882894,800.1515274047852,153.6363639831543
1763888882910,805.1515274047852,127.6363639831543
1763888882927,808.1515274047852,114.6363639831543
1763888882944,810.1515274047852,101.6363639831543
1763888883127,819.1515274047852,110.6363639831543
1763888883144,820.1515274047852,125.6363639831543
1763888883160,822.1515274047852,149.6363639831543
1763888883177,822.1515274047852,167.6363639831543
1763888883194,822.1515274047852,179.6363639831543
1763888883210,822.1515274047852,194.6363639831543
1763888883227,822.1515274047852,204.6363639831543
1763888883244,821.1515274047852,221.6363639831543
1763888883260,821.1515274047852,229.6363639831543
1763888883277,820.1515274047852,238.6363639831543
1763888883294,820.1515274047852,247.6363639831543
1763888883310,820.1515274047852,252.6363639831543
1763888883327,820.1515274047852,258.6363639831543
1763888883344,820.1515274047852,266.6363639831543
1763888883360,822.1515274047852,278.6363639831543
1763888883377,822.1515274047852,284.6363639831543
1763888883394,822.1515274047852,289.6363639831543
1763888883410,824.1515274047852,295.6363639831543
1763888883427,825.1515274047852,300.6363639831543
1763888883444,826.1515274047852,307.6363639831543
1763888883460,827.1515274047852,312.6363639831543
1763888883477,827.1515274047852,315.6363639831543
1763888883494,827.1515274047852,316.6363639831543
1763888883510,827.1515274047852,318.6363639831543
1763888883527,827.1515274047852,319.6363639831543
1763888883544,827.1515274047852,320.6363639831543
1763888883560,827.1515274047852,321.6363639831543
1763888883577,826.1515274047852,320.6363639831543
1763888883594,825.1515274047852,319.6363639831543
1763888883610,825.1515274047852,316.6363639831543
1763888883627,824.1515274047852,312.6363639831543
1763888883644,822.1515274047852,307.6363639831543
1763888883660,819.1515274047852,288.6363639831543
1763888883677,819.1515274047852,269.6363639831543
1763888883694,819.1515274047852,247.6363639831543
1763888883710,819.1515274047852,236.6363639831543
1763888883727,819.1515274047852,223.6363639831543
1763888883744,821.1515274047852,206.6363639831543
1763888883760,822.1515274047852,198.6363639831543
1763888883777,824.1515274047852,187.6363639831543
1763888883794,825.1515274047852,184.6363639831543
1763888883810,827.1515274047852,178.6363639831543
1763888883827,827.1515274047852,175.6363639831543
1763888883860,828.1515274047852,166.6363639831543
1763888883877,828.1515274047852,162.6363639831543
1763888883927,829.1515274047852,148.6363639831543
1763888883944,829.1515274047852,142.6363639831543
1763888883960,828.1515274047852,138.6363639831543
1763888883977,827.1515274047852,133.6363639831543
1763888883994,827.1515274047852,130.6363639831543
1763888884010,826.1515274047852,129.6363639831543
1763888884027,825.1515274047852,126.6363639831543
1763888884044,825.1515274047852,124.6363639831543
1763888884060,824.1515274047852,124.6363639831543
1763888884077,824.1515274047852,123.6363639831543
1763888884094,822.1515274047852,123.6363639831543
1763888884110,821.1515274047852,125.6363639831543
1763888884127,819.1515274047852,127.6363639831543
1763888884144,818.1515274047852,133.6363639831543
1763888884160,817.1515274047852,140.6363639831543
1763888884177,816.1515274047852,161.6363639831543
1763888884193,814.1515274047852,209.6363639831543
1763888884210,814.1515274047852,224.6363639831543
1763888884227,814.1515274047852,237.6363639831543
1763888884243,813.1515274047852,243.6363639831543
1763888884260,813.1515274047852,249.6363639831543
1763888884277,812.1515274047852,260.6363639831543
1763888884294,811.1515274047852,269.6363639831543
1763888884310,811.1515274047852,276.6363639831543
1763888884327,810.1515274047852,280.6363639831543
1763888884344,810.1515274047852,284.6363639831543
1763888884360,808.1515274047852,291.6363639831543
1763888884377,808.1515274047852,295.6363639831543
1763888884393,807.1515274047852,300.6363639831543
1763888884410,807.1515274047852,302.6363639831543
1763888884427,807.1515274047852,303.6363639831543
1763888884443,806.1515274047852,305.6363639831543
1763888884460,805.1515274047852,306.6363639831543
1763888884477,804.1515274047852,305.6363639831543
1763888884494,803.1515274047852,302.6363639831543
1763888884510,799.1515274047852,295.6363639831543
1763888884527,798.1515274047852,289.6363639831543
1763888884544,795.1515274047852,278.6363639831543
1763888884560,793.1515274047852,264.6363639831543
1763888884577,793.1515274047852,254.6363639831543
1763888884594,794.1515274047852,241.6363639831543
1763888884610,794.1515274047852,223.6363639831543
1763888884627,796.1515274047852,212.6363639831543
1763888884643,797.1515274047852,196.6363639831543
1763888884660,799.1515274047852,187.6363639831543
1763888884677,800.1515274047852,178.6363639831543
1763888884693,801.1515274047852,174.6363639831543
1763888884710,802.1515274047852,169.6363639831543
1763888884727,803.1515274047852,162.6363639831543
1763888884744,804.1515274047852,155.6363639831543
1763888884760,805.1515274047852,148.6363639831543
1763888884777,806.1515274047852,141.6363639831543
1763888884793,807.1515274047852,136.6363639831543
1763888884810,808.1515274047852,130.6363639831543
1763888884827,808.1515274047852,128.6363639831543
1763888884843,808.1515274047852,126.6363639831543
1763888884860,808.1515274047852,124.6363639831543
1763888884877,808.1515274047852,123.6363639831543
1763888884893,808.1515274047852,122.6363639831543
1763888884910,808.1515274047852,122.6363639831543
1763888884927,808.1515274047852,121.6363639831543
1763888884954,808.1515274047852,122.6363639831543
1763888884960,808.1515274047852,123.6363639831543
1763888884977,808.1515274047852,127.6363639831543
1763888884994,810.1515274047852,139.6363639831543
1763888885010,816.1515274047852,167.6363639831543
1763888885027,820.1515274047852,179.6363639831543
1763888885044,824.1515274047852,193.6363639831543
1763888885060,825.1515274047852,199.6363639831543
1763888885077,826.1515274047852,204.6363639831543
1763888885193,827.1515274047852,217.6363639831543
1763888885210,824.1515274047852,210.6363639831543
1763888885227,810.1515274047852,186.6363639831543
1763888885243,801.1515274047852,159.6363639831543
1763888885260,790.1515274047852,129.6363639831543
1763888885277,788.1515274047852,120.6363639831543
1763888885293,785.1515274047852,112.6363639831543
1763888885310,784.1515274047852,108.6363639831543
1763888885327,783.1515274047852,106.6363639831543
1763888885343,782.1515274047852,105.6363639831543
1763888885360,781.1515274047852,104.6363639831543
1763888885377,779.1515274047852,104.6363639831543
1763888885393,777.1515274047852,106.6363639831543
1763888885410,775.1515274047852,107.6363639831543
1763888885427,773.1515274047852,112.6363639831543
1763888885443,773.1515274047852,118.6363639831543
1763888885460,770.1515274047852,148.6363639831543
1763888885477,765.1515274047852,176.6363639831543
1763888885493,759.1515274047852,197.6363639831543
1763888885510,756.1515274047852,216.6363639831543
1763888885527,754.1515274047852,226.6363639831543
1763888885543,752.1515274047852,241.6363639831543
1763888885560,751.1515274047852,253.6363639831543
1763888885577,750.1515274047852,267.6363639831543
1763888885593,750.1515274047852,272.6363639831543
1763888885610,750.1515274047852,274.6363639831543
1763888885627,750.1515274047852,279.6363639831543
1763888885643,750.1515274047852,281.6363639831543
1763888885660,750.1515274047852,283.6363639831543
1763888885677,750.1515274047852,284.6363639831543
1763888885693,750.1515274047852,285.6363639831543
1763888885710,750.1515274047852,286.6363639831543
1763888885743,750.1515274047852,286.6363639831543
1763888885760,750.1515274047852,283.6363639831543
1763888885777,748.1515274047852,276.6363639831543
1763888885793,745.1515274047852,246.6363639831543
1763888885810,744.1515274047852,234.6363639831543
1763888885827,744.1515274047852,227.6363639831543
1763888885843,744.1515274047852,227.6363639831543
1763888885860,744.1515274047852,226.6363639831543
1763888885877,744.1515274047852,226.6363639831543
1763888885902,744.1515274047852,226.6363639831543
1763888885910,744.1515274047852,227.6363639831543
1763888885927,744.1515274047852,230.6363639831543
1763888885943,744.1515274047852,234.6363639831543
1763888885960,744.1515274047852,244.6363639831543
1763888885977,744.1515274047852,253.6363639831543
1763888885993,744.1515274047852,267.6363639831543
1763888886010,744.1515274047852,275.6363639831543
1763888886027,744.1515274047852,283.6363639831543
1763888886043,744.1515274047852,290.6363639831543
1763888886060,744.1515274047852,294.6363639831543
1763888886077,744.1515274047852,299.6363639831543
1763888886093,744.1515274047852,301.6363639831543
1763888886110,745.1515274047852,303.6363639831543
1763888886127,745.1515274047852,304.6363639831543
1763888886143,745.1515274047852,306.6363639831543
1763888886160,745.1515274047852,306.6363639831543
1763888886177,746.1515274047852,306.6363639831543
1763888886193,747.1515274047852,306.6363639831543
1763888886210,748.1515274047852,304.6363639831543
1763888886227,750.1515274047852,300.6363639831543
1763888886243,764.1515274047852,261.6363639831543
1763888886260,776.1515274047852,235.6363639831543
1763888886277,785.1515274047852,216.6363639831543
1763888886293,795.1515274047852,196.6363639831543
1763888886310,801.1515274047852,186.6363639831543
1763888886327,810.1515274047852,168.6363639831543
1763888886343,813.1515274047852,161.6363639831543
1763888886360,815.1515274047852,155.6363639831543
1763888886377,816.1515274047852,152.6363639831543
1763888886393,818.1515274047852,150.6363639831543
1763888886410,821.1515274047852,144.6363639831543
1763888886427,821.1515274047852,143.6363639831543
1763888886443,822.1515274047852,139.6363639831543
1763888886460,822.1515274047852,138.6363639831543
1763888886477,823.1515274047852,135.6363639831543
1763888886493,824.1515274047852,134.6363639831543
1763888886510,824.1515274047852,133.6363639831543
1763888886527,824.1515274047852,132.6363639831543
1763888886543,825.1515274047852,131.6363639831543
1763888886560,825.1515274047852,130.6363639831543
1763888886576,826.1515274047852,130.6363639831543
1763888886626,827.1515274047852,131.6363639831543
1763888886643,828.1515274047852,131.6363639831543
1763888886660,829.1515274047852,132.6363639831543
1763888886677,830.1515274047852,133.6363639831543
1763888886693,830.1515274047852,133.6363639831543
1763888886714,831.1515274047852,134.6363639831543
1763888886727,831.1515274047852,135.6363639831543
1763888886743,832.1515274047852,135.6363639831543
1763888886760,833.1515274047852,136.6363639831543
1763888886776,833.1515274047852,137.6363639831543
1763888886793,834.1515274047852,138.6363639831543
1763888886817,834.1515274047852,138.6363639831543
1763888887981,834.1515274047852,131.6363639831543
1763888887993,834.1515274047852,133.6363639831543
1763888888010,839.1515274047852,142.6363639831543
1763888888026,842.1515274047852,150.6363639831543
1763888888043,845.1515274047852,155.6363639831543
1763888888060,845.1515274047852,156.6363639831543
1763888888076,846.1515274047852,158.6363639831543
1763888888093,847.1515274047852,159.6363639831543
1763888888110,847.1515274047852,160.6363639831543
1763888888126,847.1515274047852,161.6363639831543
1763888888143,848.1515274047852,162.6363639831543
1763888888160,848.1515274047852,162.6363639831543
1763888888176,848.1515274047852,163.6363639831543
1763888888193,848.1515274047852,164.6363639831543
1763888888223,848.1515274047852,164.6363639831543
1763888888260,848.1515274047852,165.6363639831543
1763888888276,848.1515274047852,166.6363639831543
1763888888293,848.1515274047852,166.6363639831543
1763888888310,848.1515274047852,167.6363639831543
1763888888327,848.1515274047852,167.6363639831543
1763888888343,848.1515274047852,168.6363639831543
1763888888360,848.1515274047852,170.6363639831543
1763888888376,848.1515274047852,172.6363639831543
1763888888393,848.1515274047852,172.6363639831543
1763888888410,848.1515274047852,174.6363639831543
1763888888426,848.1515274047852,176.6363639831543
1763888888443,848.1515274047852,178.6363639831543
1763888888460,848.1515274047852,179.6363639831543
1763888888476,848.1515274047852,180.6363639831543
1763888888493,848.1515274047852,181.6363639831543
1763888888510,848.1515274047852,183.6363639831543
1763888888526,848.1515274047852,184.6363639831543
1763888888543,848.1515274047852,186.6363639831543
1763888888560,848.1515274047852,187.6363639831543
1763888888576,849.1515274047852,189.6363639831543
1763888888593,850.1515274047852,193.6363639831543
1763888888610,850.1515274047852,195.6363639831543
1763888888626,851.1515274047852,198.6363639831543
1763888888643,851.1515274047852,200.6363639831543
1763888888660,851.1515274047852,201.6363639831543
1763888888676,851.1515274047852,204.6363639831543
1763888888693,851.1515274047852,204.6363639831543
1763888888710,851.1515274047852,206.6363639831543
1763888888726,851.1515274047852,207.6363639831543
1763888888743,851.1515274047852,209.6363639831543
1763888888759,851.1515274047852,209.6363639831543
1763888888776,851.1515274047852,210.6363639831543
1763888888793,851.1515274047852,212.6363639831543
1763888888810,852.1515274047852,213.6363639831543
1763888888826,852.1515274047852,215.6363639831543
1763888888843,852.1515274047852,217.6363639831543
1763888888860,852.1515274047852,218.6363639831543
1763888888876,852.1515274047852,220.6363639831543
1763888888893,852.1515274047852,222.6363639831543
1763888888910,852.1515274047852,224.6363639831543
1763888888926,852.1515274047852,225.6363639831543
1763888888943,853.1515274047852,226.6363639831543
1763888888959,853.1515274047852,228.6363639831543
1763888888976,853.1515274047852,229.6363639831543
1763888888993,853.1515274047852,231.6363639831543
1763888889009,853.1515274047852,232.6363639831543
1763888889026,853.1515274047852,233.6363639831543
1763888889043,854.1515274047852,235.6363639831543
1763888889060,854.1515274047852,236.6363639831543
1763888889076,854.1515274047852,239.6363639831543
1763888889093,854.1515274047852,240.6363639831543
1763888889110,855.1515274047852,242.6363639831543
1763888889126,855.1515274047852,244.6363639831543
1763888889143,855.1515274047852,246.6363639831543
1763888889159,855.1515274047852,249.6363639831543
1763888889176,855.1515274047852,252.6363639831543
1763888889193,855.1515274047852,253.6363639831543
1763888889209,855.1515274047852,255.6363639831543
1763888889226,855.1515274047852,256.6363639831543
1763888889243,855.1515274047852,259.6363639831543
1763888889260,855.1515274047852,260.6363639831543
1763888889276,855.1515274047852,262.6363639831543
1763888889293,855.1515274047852,264.6363639831543
1763888889310,855.1515274047852,266.6363639831543
1763888889326,855.1515274047852,267.6363639831543
1763888889343,855.1515274047852,268.6363639831543
1763888889360,855.1515274047852,269.6363639831543
1763888889376,854.1515274047852,270.6363639831543
1763888889393,854.1515274047852,272.6363639831543
1763888889409,854.1515274047852,273.6363639831543
1763888889426,853.1515274047852,275.6363639831543
1763888889443,853.1515274047852,275.6363639831543
1763888889459,852.1515274047852,278.6363639831543
1763888889476,851.1515274047852,279.6363639831543
1763888889493,851.1515274047852,281.6363639831543
1763888889510,850.1515274047852,282.6363639831543
1763888889526,850.1515274047852,284.6363639831543
1763888889543,850.1515274047852,284.6363639831543
1763888889559,850.1515274047852,286.6363639831543
1763888889576,849.1515274047852,288.6363639831543
1763888889593,848.1515274047852,289.6363639831543
1763888889609,848.1515274047852,290.6363639831543
1763888889626,848.1515274047852,292.6363639831543
1763888889643,847.1515274047852,293.6363639831543
1763888889659,847.1515274047852,294.6363639831543
1763888889676,847.1515274047852,295.6363639831543
1763888889693,847.1515274047852,296.6363639831543
1763888889709,847.1515274047852,298.6363639831543
1763888889726,847.1515274047852,299.6363639831543
1763888889743,847.1515274047852,301.6363639831543
1763888889759,847.1515274047852,302.6363639831543
1763888889776,847.1515274047852,304.6363639831543
1763888889793,847.1515274047852,305.6363639831543
1763888889809,847.1515274047852,306.6363639831543
1763888889826,847.1515274047852,306.6363639831543
1763888889846,847.1515274047852,307.6363639831543
1763888889859,847.1515274047852,307.6363639831543
1763888889887,848.1515274047852,307.6363639831543
1763888889900,848.1515274047852,307.6363639831543
1763888889914,849.1515274047852,307.6363639831543
1763888889928,850.1515274047852,307.6363639831543
1763888889948,850.1515274047852,307.6363639831543
1763888889959,851.1515274047852,306.6363639831543
1763888889976,851.1515274047852,306.6363639831543
1763888889993,852.1515274047852,305.6363639831543
1763888890009,853.1515274047852,304.6363639831543
1763888890026,853.1515274047852,304.6363639831543
1763888890043,854.1515274047852,303.6363639831543
1763888890059,855.1515274047852,302.6363639831543
1763888890076,856.1515274047852,300.6363639831543
1763888890093,857.1515274047852,299.6363639831543
1763888890109,858.1515274047852,298.6363639831543
1763888890126,858.1515274047852,296.6363639831543
1763888890143,859.1515274047852,295.6363639831543
1763888890159,859.1515274047852,295.6363639831543
1763888890176,859.1515274047852,293.6363639831543
1763888890193,860.1515274047852,292.6363639831543
1763888890209,860.1515274047852,292.6363639831543
1763888890226,860.1515274047852,290.6363639831543
1763888890253,860.1515274047852,290.6363639831543
1763888890274,860.1515274047852,289.6363639831543
1763888890287,860.1515274047852,289.6363639831543
1763888890308,860.1515274047852,288.6363639831543
1763888890337,859.1515274047852,288.6363639831543
1763888890343,859.1515274047852,287.6363639831543
1763888890359,859.1515274047852,286.6363639831543
1763888890376,858.1515274047852,286.6363639831543
1763888890393,858.1515274047852,285.6363639831543
1763888890409,857.1515274047852,284.6363639831543
1763888890426,856.1515274047852,282.6363639831543
1763888890443,854.1515274047852,281.6363639831543
1763888890460,854.1515274047852,279.6363639831543
1763888890476,853.1515274047852,277.6363639831543
1763888890493,852.1515274047852,276.6363639831543
1763888890509,851.1515274047852,275.6363639831543
1763888890526,850.1515274047852,275.6363639831543
1763888890543,850.1515274047852,273.6363639831543
1763888890559,850.1515274047852,272.6363639831543
1763888890576,850.1515274047852,272.6363639831543
1763888890593,850.1515274047852,271.6363639831543
1763888890609,850.1515274047852,269.6363639831543
1763888890626,850.1515274047852,267.6363639831543
1763888890643,850.1515274047852,262.6363639831543
1763888890659,852.1515274047852,259.6363639831543
1763888890676,853.1515274047852,255.6363639831543
1763888890693,854.1515274047852,251.6363639831543
1763888890709,855.1515274047852,249.6363639831543
1763888890726,856.1515274047852,244.6363639831543
1763888890743,857.1515274047852,242.6363639831543
1763888890759,858.1515274047852,239.6363639831543
1763888890776,858.1515274047852,238.6363639831543
1763888890793,858.1515274047852,236.6363639831543
1763888890809,859.1515274047852,234.6363639831543
1763888890826,859.1515274047852,233.6363639831543
1763888890843,859.1515274047852,231.6363639831543
1763888890859,860.1515274047852,229.6363639831543
1763888890876,860.1515274047852,228.6363639831543
1763888890893,861.1515274047852,227.6363639831543
1763888890909,862.1515274047852,226.6363639831543
1763888890926,862.1515274047852,224.6363639831543
1763888890943,862.1515274047852,223.6363639831543
1763888890959,862.1515274047852,222.6363639831543
1763888890976,862.1515274047852,221.6363639831543
1763888890993,862.1515274047852,221.6363639831543
1763888891009,862.1515274047852,220.6363639831543
1763888891026,862.1515274047852,219.6363639831543
1763888891050,862.1515274047852,219.6363639831543
1763888891064,862.1515274047852,218.6363639831543
1763888891076,862.1515274047852,218.6363639831543
1763888891093,862.1515274047852,217.6363639831543
1763888891109,862.1515274047852,215.6363639831543
1763888891126,862.1515274047852,212.6363639831543
1763888891143,861.1515274047852,209.6363639831543
1763888891159,861.1515274047852,207.6363639831543
1763888891176,860.1515274047852,202.6363639831543
1763888891193,860.1515274047852,200.6363639831543
1763888891209,859.1515274047852,198.6363639831543
1763888891226,859.1515274047852,196.6363639831543
1763888891243,859.1515274047852,195.6363639831543
1763888891259,859.1515274047852,193.6363639831543
1763888891276,859.1515274047852,192.6363639831543
1763888891292,858.1515274047852,191.6363639831543
1763888891309,858.1515274047852,190.6363639831543
1763888891326,858.1515274047852,190.6363639831543
1763888891348,858.1515274047852,189.6363639831543
1763888891359,857.1515274047852,189.6363639831543
1763888891376,856.1515274047852,188.6363639831543
1763888891392,856.1515274047852,187.6363639831543
1763888891409,856.1515274047852,186.6363639831543
1763888891426,855.1515274047852,182.6363639831543
1763888891443,854.1515274047852,181.6363639831543
1763888891459,854.1515274047852,177.6363639831543
1763888891476,853.1515274047852,175.6363639831543
1763888891493,853.1515274047852,174.6363639831543
1763888891509,853.1515274047852,172.6363639831543
1763888891526,852.1515274047852,171.6363639831543
1763888891543,851.1515274047852,169.6363639831543
1763888891559,851.1515274047852,168.6363639831543
1763888891576,850.1515274047852,167.6363639831543
1763888891592,849.1515274047852,166.6363639831543
1763888891609,848.1515274047852,165.6363639831543
1763888891626,847.1515274047852,164.6363639831543
1763888891642,847.1515274047852,162.6363639831543
1763888891659,846.1515274047852,161.6363639831543
1763888891676,845.1515274047852,160.6363639831543
1763888891693,845.1515274047852,159.6363639831543
1763888891709,844.1515274047852,158.6363639831543
1763888891726,844.1515274047852,158.6363639831543
1763888891743,843.1515274047852,158.6363639831543
1763888891759,842.1515274047852,158.6363639831543
1763888891778,842.1515274047852,158.6363639831543
1763888891792,841.1515274047852,158.6363639831543
1763888891809,841.1515274047852,158.6363639831543
1763888891826,840.1515274047852,158.6363639831543
1763888891842,839.1515274047852,158.6363639831543
1763888891859,839.1515274047852,158.6363639831543
1763888891909,838.1515274047852,158.6363639831543
1763888891930,838.1515274047852,158.6363639831543
1763888891950,837.1515274047852,158.6363639831543
1763888891964,836.1515274047852,158.6363639831543
1763888892026,836.1515274047852,158.6363639831543
1763888892042,836.1515274047852,159.6363639831543
1763888892059,836.1515274047852,159.6363639831543
1763888892076,836.1515274047852,161.6363639831543
1763888892092,836.1515274047852,162.6363639831543
1763888892109,836.1515274047852,163.6363639831543
1763888892126,836.1515274047852,165.6363639831543
1763888892143,837.1515274047852,166.6363639831543
1763888892159,838.1515274047852,168.6363639831543
1763888892176,838.1515274047852,169.6363639831543
1763888892193,838.1515274047852,170.6363639831543
1763888892209,838.1515274047852,172.6363639831543
1763888892226,839.1515274047852,173.6363639831543
1763888892242,839.1515274047852,175.6363639831543
1763888892259,839.1515274047852,176.6363639831543
1763888892276,839.1515274047852,179.6363639831543
1763888892292,839.1515274047852,180.6363639831543
1763888892309,839.1515274047852,182.6363639831543
1763888892326,839.1515274047852,184.6363639831543
1763888892342,839.1515274047852,185.6363639831543
1763888892359,840.1515274047852,187.6363639831543
1763888892376,840.1515274047852,187.6363639831543
1763888892392,841.1515274047852,189.6363639831543
1763888892409,841.1515274047852,190.6363639831543
1763888892426,841.1515274047852,191.6363639831543
1763888892443,841.1515274047852,193.6363639831543
1763888892459,842.1515274047852,193.6363639831543
1763888892476,842.1515274047852,195.6363639831543
1763888892492,843.1515274047852,196.6363639831543
1763888892509,843.1515274047852,198.6363639831543
1763888892526,843.1515274047852,201.6363639831543
1763888892542,844.1515274047852,202.6363639831543
1763888892559,844.1515274047852,204.6363639831543
1763888892576,845.1515274047852,206.6363639831543
1763888892593,845.1515274047852,208.6363639831543
1763888892609,846.1515274047852,210.6363639831543
1763888892626,846.1515274047852,212.6363639831543
1763888892642,847.1515274047852,213.6363639831543
1763888892659,847.1515274047852,215.6363639831543
1763888892676,847.1515274047852,215.6363639831543
1763888892692,847.1515274047852,216.6363639831543
1763888892709,847.1515274047852,218.6363639831543
1763888892726,847.1515274047852,218.6363639831543
1763888892742,847.1515274047852,219.6363639831543
1763888892759,847.1515274047852,219.6363639831543
1763888892776,847.1515274047852,221.6363639831543
1763888892792,847.1515274047852,222.6363639831543
1763888892809,847.1515274047852,223.6363639831543
1763888892826,847.1515274047852,224.6363639831543
1763888892842,847.1515274047852,226.6363639831543
1763888892859,847.1515274047852,227.6363639831543
1763888892876,847.1515274047852,229.6363639831543
1763888892892,847.1515274047852,230.6363639831543
1763888892909,848.1515274047852,232.6363639831543
1763888892926,848.1515274047852,234.6363639831543
1763888892942,848.1515274047852,239.6363639831543
1763888892959,848.1515274047852,241.6363639831543
1763888892976,848.1515274047852,246.6363639831543
1763888892992,848.1515274047852,248.6363639831543
1763888893009,848.1515274047852,250.6363639831543
1763888893026,848.1515274047852,254.6363639831543
1763888893042,848.1515274047852,255.6363639831543
1763888893059,848.1515274047852,258.6363639831543
1763888893076,849.1515274047852,261.6363639831543
1763888893092,849.1515274047852,264.6363639831543
1763888893109,849.1515274047852,267.6363639831543
1763888893126,850.1515274047852,270.6363639831543
1763888893142,851.1515274047852,275.6363639831543
1763888893159,851.1515274047852,278.6363639831543
1763888893176,851.1515274047852,280.6363639831543
1763888893192,851.1515274047852,283.6363639831543
1763888893209,851.1515274047852,284.6363639831543
1763888893226,851.1515274047852,287.6363639831543
1763888893242,851.1515274047852,287.6363639831543
1763888893259,851.1515274047852,288.6363639831543
1763888893276,851.1515274047852,289.6363639831543
1763888893292,851.1515274047852,289.6363639831543
1763888893309,851.1515274047852,290.6363639831543
1763888893359,852.1515274047852,290.6363639831543
1763888893376,853.1515274047852,290.6363639831543
1763888893392,853.1515274047852,289.6363639831543
1763888893409,853.1515274047852,287.6363639831543
1763888893426,854.1515274047852,279.6363639831543
1763888893442,854.1515274047852,272.6363639831543
1763888893459,854.1515274047852,264.6363639831543
1763888893476,854.1515274047852,250.6363639831543
1763888893492,854.1515274047852,242.6363639831543
1763888893509,853.1515274047852,232.6363639831543
1763888893526,852.1515274047852,224.6363639831543
1763888893542,852.1515274047852,219.6363639831543
1763888893559,851.1515274047852,212.6363639831543
1763888893576,851.1515274047852,208.6363639831543
1763888893592,850.1515274047852,202.6363639831543
1763888893609,850.1515274047852,200.6363639831543
1763888893626,850.1515274047852,197.6363639831543
1763888893642,849.1515274047852,193.6363639831543
1763888893659,848.1515274047852,190.6363639831543
1763888893675,847.1515274047852,186.6363639831543
1763888893692,847.1515274047852,182.6363639831543
1763888893709,846.1515274047852,179.6363639831543
1763888893725,846.1515274047852,175.6363639831543
1763888893743,845.1515274047852,172.6363639831543
1763888893759,845.1515274047852,167.6363639831543
1763888893775,844.1515274047852,164.6363639831543
1763888893792,844.1515274047852,162.6363639831543
1763888893809,844.1515274047852,159.6363639831543
1763888893826,844.1515274047852,157.6363639831543
1763888893842,844.1515274047852,155.6363639831543
1763888893859,844.1515274047852,152.6363639831543
1763888893876,844.1515274047852,149.6363639831543
1763888893892,844.1515274047852,146.6363639831543
1763888893909,844.1515274047852,144.6363639831543
1763888893926,844.1515274047852,142.6363639831543
1763888893942,844.1515274047852,139.6363639831543
1763888893959,844.1515274047852,138.6363639831543
1763888893975,844.1515274047852,135.6363639831543
1763888893992,844.1515274047852,133.6363639831543
1763888894009,844.1515274047852,130.6363639831543
1763888894025,843.1515274047852,129.6363639831543
1763888894042,843.1515274047852,127.6363639831543
1763888894059,842.1515274047852,126.6363639831543
1763888894076,842.1515274047852,124.6363639831543
1763888894092,842.1515274047852,121.6363639831543
1763888894109,841.1515274047852,120.6363639831543
1763888894126,841.1515274047852,118.6363639831543
1763888894142,840.1515274047852,116.6363639831543
1763888894159,839.1515274047852,116.6363639831543
1763888894175,839.1515274047852,115.6363639831543
1763888894192,838.1515274047852,115.6363639831543
1763888894223,838.1515274047852,116.6363639831543
1763888894236,838.1515274047852,116.6363639831543
1763888894243,838.1515274047852,117.6363639831543
1763888894259,838.1515274047852,119.6363639831543
1763888894275,838.1515274047852,121.6363639831543
1763888894292,841.1515274047852,127.6363639831543
1763888894309,842.1515274047852,130.6363639831543
1763888894326,842.1515274047852,134.6363639831543
1763888894342,844.1515274047852,138.6363639831543
1763888894359,845.1515274047852,139.6363639831543
1763888894375,845.1515274047852,141.6363639831543
1763888894392,845.1515274047852,142.6363639831543
1763888894409,845.1515274047852,144.6363639831543
1763888894425,846.1515274047852,147.6363639831543
1763888894442,847.1515274047852,148.6363639831543
1763888894459,848.1515274047852,153.6363639831543
1763888894475,850.1515274047852,156.6363639831543
1763888894492,851.1515274047852,159.6363639831543
1763888894509,853.1515274047852,162.6363639831543
1763888894525,853.1515274047852,164.6363639831543
1763888894542,853.1515274047852,165.6363639831543
1763888894559,854.1515274047852,167.6363639831543
1763888894575,854.1515274047852,168.6363639831543
1763888894625,853.1515274047852,166.6363639831543
1763888894642,851.1515274047852,162.6363639831543
1763888894659,844.1515274047852,148.6363639831543
1763888894675,839.1515274047852,141.6363639831543
1763888894692,837.1515274047852,133.6363639831543
1763888894709,833.1515274047852,127.6363639831543
1763888894725,833.1515274047852,124.6363639831543
1763888894742,831.1515274047852,121.6363639831543
1763888894759,830.1515274047852,119.6363639831543
1763888894775,830.1515274047852,118.6363639831543
1763888894792,827.1515274047852,115.6363639831543
1763888894809,826.1515274047852,113.6363639831543
1763888894825,825.1515274047852,112.6363639831543
1763888894842,823.1515274047852,110.6363639831543
1763888894859,822.1515274047852,108.6363639831543
1763888894875,819.1515274047852,106.6363639831543
1763888894892,818.1515274047852,104.6363639831543
1763888894909,816.1515274047852,102.6363639831543
1763888894925,814.1515274047852,102.6363639831543
1763888894942,813.1515274047852,101.6363639831543
1763888894959,812.1515274047852,99.6363639831543
1763888894975,810.1515274047852,99.6363639831543
1763888894992,808.1515274047852,99.6363639831543
1763888895009,808.1515274047852,98.6363639831543
1763888895026,807.1515274047852,98.6363639831543
1763888895042,807.1515274047852,98.6363639831543
1763888895059,806.1515274047852,98.6363639831543
1763888895109,807.1515274047852,99.6363639831543
1763888895125,808.1515274047852,100.6363639831543
1763888895142,811.1515274047852,102.6363639831543
1763888895159,821.1515274047852,108.6363639831543
1763888895175,827.1515274047852,112.6363639831543
1763888895192,834.1515274047852,116.6363639831543
1763888895209,841.1515274047852,121.6363639831543
1763888895225,844.1515274047852,124.6363639831543
1763888895242,847.1515274047852,126.6363639831543
1763888895259,848.1515274047852,127.6363639831543
1763888895392,848.1515274047852,123.6363639831543
1763888895409,843.1515274047852,119.6363639831543
1763888895425,840.1515274047852,116.6363639831543
1763888895442,834.1515274047852,113.6363639831543
1763888895459,833.1515274047852,112.6363639831543
1763888895475,831.1515274047852,112.6363639831543
1763888895492,830.1515274047852,110.6363639831543
1763888895509,828.1515274047852,110.6363639831543
1763888895525,827.1515274047852,109.6363639831543
1763888895542,825.1515274047852,109.6363639831543
1763888895559,824.1515274047852,108.6363639831543
1763888895575,823.1515274047852,108.6363639831543
1763888895592,822.1515274047852,108.6363639831543
1763888895609,821.1515274047852,108.6363639831543
1763888895625,820.1515274047852,108.6363639831543
1763888895642,819.1515274047852,108.6363639831543
1763888895659,817.1515274047852,107.6363639831543
1763888895675,815.1515274047852,107.6363639831543
1763888895692,810.1515274047852,107.6363639831543
1763888895709,807.1515274047852,107.6363639831543
1763888895725,803.1515274047852,107.6363639831543
1763888895742,797.1515274047852,107.6363639831543
1763888895761,791.1515274047852,107.6363639831543
1763888895775,785.1515274047852,107.6363639831543
1763888895792,781.1515274047852,107.6363639831543
1763888895809,778.1515274047852,107.6363639831543
1763888895825,774.1515274047852,108.6363639831543
1763888895842,773.1515274047852,108.6363639831543
1763888895858,770.1515274047852,108.6363639831543
1763888895875,768.1515274047852,109.6363639831543
1763888895892,765.1515274047852,109.6363639831543
1763888895908,764.1515274047852,110.6363639831543
1763888895925,760.1515274047852,111.6363639831543
1763888895942,756.1515274047852,112.6363639831543
1763888895959,753.1515274047852,112.6363639831543
1763888895975,750.1515274047852,112.6363639831543
1763888895992,744.1515274047852,114.6363639831543
1763888896009,743.1515274047852,114.6363639831543
1763888896025,739.1515274047852,115.6363639831543
1763888896042,738.1515274047852,115.6363639831543
1763888896059,735.1515274047852,115.6363639831543
1763888896075,733.1515274047852,115.6363639831543
1763888896092,731.1515274047852,115.6363639831543
1763888896108,728.1515274047852,116.6363639831543
1763888896125,728.1515274047852,116.6363639831543
1763888896142,726.1515274047852,116.6363639831543
1763888896158,725.1515274047852,117.6363639831543
1763888896175,724.1515274047852,118.6363639831543
1763888896192,722.1515274047852,119.6363639831543
1763888896209,721.1515274047852,119.6363639831543
1763888896225,720.1515274047852,121.6363639831543
1763888896242,720.1515274047852,121.6363639831543
1763888896259,719.1515274047852,122.6363639831543
1763888896275,718.1515274047852,124.6363639831543
1763888896292,718.1515274047852,125.6363639831543
1763888896308,717.1515274047852,127.6363639831543
1763888896325,717.1515274047852,127.6363639831543
1763888896342,716.1515274047852,129.6363639831543
1763888896358,716.1515274047852,132.6363639831543
1763888896375,716.1515274047852,133.6363639831543
1763888896392,715.1515274047852,139.6363639831543
1763888896409,715.1515274047852,141.6363639831543
1763888896425,714.1515274047852,146.6363639831543
1763888896442,713.1515274047852,153.6363639831543
1763888896459,712.1515274047852,160.6363639831543
1763888896475,711.1515274047852,166.6363639831543
1763888896492,710.1515274047852,169.6363639831543
1763888896508,710.1515274047852,172.6363639831543
1763888896525,710.1515274047852,175.6363639831543
1763888896542,710.1515274047852,178.6363639831543
1763888896558,709.1515274047852,183.6363639831543
1763888896575,709.1515274047852,187.6363639831543
1763888896592,709.1515274047852,191.6363639831543
1763888896608,709.1515274047852,194.6363639831543
1763888896625,709.1515274047852,198.6363639831543
1763888896642,709.1515274047852,203.6363639831543
1763888896658,709.1515274047852,209.6363639831543
1763888896675,709.1515274047852,215.6363639831543
1763888896692,709.1515274047852,219.6363639831543
1763888896708,708.1515274047852,224.6363639831543
1763888896725,707.1515274047852,229.6363639831543
1763888896742,707.1515274047852,233.6363639831543
1763888896759,707.1515274047852,238.6363639831543
1763888896775,706.1515274047852,242.6363639831543
1763888896792,705.1515274047852,245.6363639831543
1763888896808,705.1515274047852,249.6363639831543
1763888896825,705.1515274047852,251.6363639831543
1763888896842,705.1515274047852,253.6363639831543
1763888896858,705.1515274047852,256.6363639831543
1763888896875,705.1515274047852,259.6363639831543
1763888896925,705.1515274047852,275.6363639831543
1763888896942,705.1515274047852,277.6363639831543
1763888896959,705.1515274047852,279.6363639831543
1763888896975,706.1515274047852,282.6363639831543
1763888896992,706.1515274047852,284.6363639831543
1763888897008,707.1515274047852,288.6363639831543
1763888897025,708.1515274047852,290.6363639831543
1763888897042,708.1515274047852,291.6363639831543
1763888897058,708.1515274047852,293.6363639831543
1763888897075,709.1515274047852,295.6363639831543
1763888897092,710.1515274047852,297.6363639831543
1763888897109,710.1515274047852,298.6363639831543
1763888897125,710.1515274047852,299.6363639831543
1763888897142,712.1515274047852,299.6363639831543
1763888897158,713.1515274047852,299.6363639831543
1763888897175,716.1515274047852,298.6363639831543
1763888897192,719.1515274047852,295.6363639831543
1763888897208,724.1515274047852,291.6363639831543
1763888897258,744.1515274047852,264.6363639831543
1763888897275,750.1515274047852,249.6363639831543
1763888897292,753.1515274047852,218.6363639831543
1763888897308,753.1515274047852,196.6363639831543
1763888897325,751.1515274047852,174.6363639831543
1763888897342,751.1515274047852,147.6363639831543
1763888897358,751.1515274047852,139.6363639831543
1763888897375,751.1515274047852,133.6363639831543
1763888897392,751.1515274047852,131.6363639831543
1763888897408,751.1515274047852,130.6363639831543
1763888897425,752.1515274047852,128.6363639831543
1763888897442,753.1515274047852,127.6363639831543
1763888897458,754.1515274047852,125.6363639831543
1763888897475,754.1515274047852,124.6363639831543
1763888897492,756.1515274047852,122.6363639831543
1763888897508,757.1515274047852,120.6363639831543
1763888897525,759.1515274047852,119.6363639831543
1763888897542,761.1515274047852,118.6363639831543
1763888897558,762.1515274047852,117.6363639831543
1763888897575,763.1515274047852,117.6363639831543
1763888897592,765.1515274047852,117.6363639831543
1763888897609,765.1515274047852,118.6363639831543
1763888897625,767.1515274047852,121.6363639831543
1763888897642,767.1515274047852,124.6363639831543
1763888897658,767.1515274047852,135.6363639831543
1763888897675,767.1515274047852,141.6363639831543
1763888897692,767.1515274047852,147.6363639831543
1763888897708,767.1515274047852,159.6363639831543
1763888897725,766.1515274047852,166.6363639831543
1763888897742,765.1515274047852,176.6363639831543
1763888897759,765.1515274047852,186.6363639831543
1763888897775,764.1515274047852,201.6363639831543
1763888897792,762.1515274047852,215.6363639831543
1763888897808,761.1515274047852,221.6363639831543
1763888897825,759.1515274047852,230.6363639831543
1763888897842,759.1515274047852,233.6363639831543
1763888897858,758.1515274047852,235.6363639831543
1763888897875,758.1515274047852,238.6363639831543
1763888897892,758.1515274047852,238.6363639831543
1763888897908,756.1515274047852,239.6363639831543
1763888897925,753.1515274047852,238.6363639831543
1763888897942,747.1515274047852,230.6363639831543
1763888898025,738.1515274047852,146.6363639831543
1763888898042,741.1515274047852,133.6363639831543
1763888898058,743.1515274047852,129.6363639831543
1763888898075,745.1515274047852,122.6363639831543
1763888898092,745.1515274047852,121.6363639831543
1763888898108,746.1515274047852,120.6363639831543
1763888898125,747.1515274047852,119.6363639831543
1763888898142,747.1515274047852,118.6363639831543
1763888898158,747.1515274047852,118.6363639831543
1763888898179,747.1515274047852,118.6363639831543
1763888898192,746.1515274047852,119.6363639831543
1763888898208,744.1515274047852,128.6363639831543
1763888898225,742.1515274047852,135.6363639831543
1763888898241,742.1515274047852,146.6363639831543
1763888898258,743.1515274047852,158.6363639831543
1763888898275,745.1515274047852,174.6363639831543
1763888898291,747.1515274047852,194.6363639831543
1763888898308,747.1515274047852,201.6363639831543
1763888898325,747.1515274047852,206.6363639831543
1763888898342,747.1515274047852,208.6363639831543
1763888898358,747.1515274047852,210.6363639831543
1763888898375,747.1515274047852,212.6363639831543
1763888898392,747.1515274047852,212.6363639831543
1763888898408,747.1515274047852,213.6363639831543
1763888898458,747.1515274047852,211.6363639831543
1763888898475,746.1515274047852,207.6363639831543
1763888898491,742.1515274047852,190.6363639831543
1763888898508,738.1515274047852,175.6363639831543
1763888898541,735.1515274047852,152.6363639831543
1763888898558,735.1515274047852,148.6363639831543
1763888898575,735.1515274047852,144.6363639831543
1763888898592,735.1515274047852,142.6363639831543
1763888898614,735.1515274047852,142.6363639831543
1763888898625,735.1515274047852,141.6363639831543
1763888898641,735.1515274047852,141.6363639831543
1763888898658,735.1515274047852,140.6363639831543
1763888898675,735.1515274047852,139.6363639831543
1763888898725,735.1515274047852,139.6363639831543
1763888898754,735.1515274047852,140.6363639831543
1763888898761,735.1515274047852,141.6363639831543
1763888898775,735.1515274047852,146.6363639831543
1763888898808,738.1515274047852,169.6363639831543
1763888898825,739.1515274047852,182.6363639831543
1763888898858,739.1515274047852,232.6363639831543
1763888898875,738.1515274047852,248.6363639831543
1763888898891,738.1515274047852,258.6363639831543
1763888898908,738.1515274047852,265.6363639831543
1763888898925,738.1515274047852,268.6363639831543
1763888898941,738.1515274047852,273.6363639831543
1763888898958,738.1515274047852,275.6363639831543
1763888898975,738.1515274047852,277.6363639831543
1763888898991,738.1515274047852,279.6363639831543
1763888899008,739.1515274047852,280.6363639831543
1763888899025,739.1515274047852,281.6363639831543
1763888899042,740.1515274047852,282.6363639831543
1763888899058,741.1515274047852,283.6363639831543
1763888899075,741.1515274047852,284.6363639831543
1763888899091,741.1515274047852,286.6363639831543
1763888899108,742.1515274047852,293.6363639831543
1763888899125,744.1515274047852,299.6363639831543
1763888899141,747.1515274047852,319.6363639831543
1763888899158,748.1515274047852,338.6363639831543
1763888899175,749.1515274047852,349.6363639831543
1763888899191,750.1515274047852,362.6363639831543
1763888899208,751.1515274047852,366.6363639831543
1763888899225,751.1515274047852,370.6363639831543
1763888899241,751.1515274047852,372.6363639831543
1763888899258,751.1515274047852,373.6363639831543
1763888899275,751.1515274047852,375.6363639831543
1763888899292,751.1515274047852,375.6363639831543
1763888899308,751.1515274047852,377.6363639831543
1763888899325,751.1515274047852,379.6363639831543
1763888899341,751.1515274047852,380.6363639831543
1763888899358,751.1515274047852,382.6363639831543
1763888899375,752.1515274047852,384.6363639831543
1763888899391,752.1515274047852,386.6363639831543
1763888899408,752.1515274047852,387.6363639831543
1763888899425,752.1515274047852,389.6363639831543
1763888899441,752.1515274047852,389.6363639831543
1763888899458,752.1515274047852,390.6363639831543
1763888899480,752.1515274047852,389.6363639831543
1763888899494,752.1515274047852,387.6363639831543
1763888899508,752.1515274047852,386.6363639831543
1763888899525,750.1515274047852,380.6363639831543
1763888899541,748.1515274047852,374.6363639831543
1763888899558,746.1515274047852,367.6363639831543
1763888899575,745.1515274047852,364.6363639831543
1763888899675,741.1515274047852,342.6363639831543
1763888899691,740.1515274047852,338.6363639831543
1763888899708,740.1515274047852,333.6363639831543
1763888899725,739.1515274047852,329.6363639831543
1763888899741,739.1515274047852,327.6363639831543
1763888899758,738.1515274047852,325.6363639831543
1763888899775,738.1515274047852,322.6363639831543
1763888899791,738.1515274047852,322.6363639831543
1763888899808,738.1515274047852,319.6363639831543
1763888899827,738.1515274047852,319.6363639831543
1763888899841,738.1515274047852,318.6363639831543
1763888899858,738.1515274047852,317.6363639831543
1763888899875,737.1515274047852,316.6363639831543
1763888899891,737.1515274047852,313.6363639831543
1763888899908,736.1515274047852,310.6363639831543
1763888899925,735.1515274047852,305.6363639831543
1763888899941,735.1515274047852,302.6363639831543
1763888899958,735.1515274047852,300.6363639831543
1763888899975,735.1515274047852,299.6363639831543
1763888899991,735.1515274047852,298.6363639831543
1763888900008,735.1515274047852,297.6363639831543
1763888900035,735.1515274047852,298.6363639831543
1763888900048,735.1515274047852,299.6363639831543
1763888900058,735.1515274047852,299.6363639831543
1763888900075,735.1515274047852,301.6363639831543
1763888900091,736.1515274047852,307.6363639831543
1763888900108,736.1515274047852,310.6363639831543
1763888900125,739.1515274047852,318.6363639831543
1763888900141,740.1515274047852,325.6363639831543
1763888900158,742.1515274047852,332.6363639831543
1763888900175,747.1515274047852,345.6363639831543
1763888900191,750.1515274047852,355.6363639831543
1763888900208,753.1515274047852,367.6363639831543
1763888900225,754.1515274047852,372.6363639831543
1763888900241,755.1515274047852,375.6363639831543
1763888900258,756.1515274047852,379.6363639831543
1763888900275,757.1515274047852,381.6363639831543
1763888900291,757.1515274047852,383.6363639831543
1763888900308,758.1515274047852,383.6363639831543
1763888900325,758.1515274047852,384.6363639831543
1763888900346,758.1515274047852,385.6363639831543
1763888900358,759.1515274047852,385.6363639831543
1763888900375,759.1515274047852,386.6363639831543
1763888900425,759.1515274047852,386.6363639831543
1763888900441,760.1515274047852,385.6363639831543
1763888900458,761.1515274047852,384.6363639831543
1763888900475,761.1515274047852,382.6363639831543
1763888900491,762.1515274047852,380.6363639831543
1763888900508,763.1515274047852,373.6363639831543
1763888900525,764.1515274047852,364.6363639831543
1763888900541,771.1515274047852,332.6363639831543
1763888900558,776.1515274047852,316.6363639831543
1763888900575,779.1515274047852,303.6363639831543
1763888900591,782.1515274047852,294.6363639831543
1763888900608,784.1515274047852,292.6363639831543
1763888900624,785.1515274047852,288.6363639831543
1763888900641,786.1515274047852,286.6363639831543
1763888900658,787.1515274047852,285.6363639831543
1763888900674,787.1515274047852,284.6363639831543
1763888900691,787.1515274047852,283.6363639831543
1763888900708,787.1515274047852,282.6363639831543
1763888900725,787.1515274047852,281.6363639831543
1763888900741,787.1515274047852,281.6363639831543
1763888900791,787.1515274047852,280.6363639831543
1763888900824,787.1515274047852,281.6363639831543
1763888900841,787.1515274047852,282.6363639831543
1763888900858,787.1515274047852,285.6363639831543
1763888900874,785.1515274047852,291.6363639831543
1763888900891,784.1515274047852,294.6363639831543
1763888900908,784.1515274047852,300.6363639831543
1763888900924,783.1515274047852,303.6363639831543
1763888901024,777.1515274047852,347.6363639831543
1763888901041,776.1515274047852,356.6363639831543
1763888901058,776.1515274047852,362.6363639831543
1763888901074,775.1515274047852,370.6363639831543
1763888901091,774.1515274047852,374.6363639831543
1763888901108,774.1515274047852,377.6363639831543
1763888901124,774.1515274047852,382.6363639831543
1763888901141,774.1515274047852,383.6363639831543
1763888901158,774.1515274047852,386.6363639831543
1763888901175,774.1515274047852,387.6363639831543
1763888901191,774.1515274047852,387.6363639831543
1763888901208,774.1515274047852,389.6363639831543
1763888901225,774.1515274047852,390.6363639831543
1763888901241,774.1515274047852,393.6363639831543
1763888901258,774.1515274047852,395.6363639831543
1763888901274,774.1515274047852,398.6363639831543
1763888901291,774.1515274047852,400.6363639831543
1763888901308,774.1515274047852,402.6363639831543
1763888901324,774.1515274047852,405.6363639831543
1763888901341,774.1515274047852,406.6363639831543
1763888901358,773.1515274047852,410.6363639831543
1763888901374,773.1515274047852,412.6363639831543
1763888901391,772.1515274047852,415.6363639831543
1763888901408,771.1515274047852,416.6363639831543
1763888901424,771.1515274047852,418.6363639831543
1763888901441,770.1515274047852,420.6363639831543
1763888901458,770.1515274047852,421.6363639831543
1763888901476,770.1515274047852,421.6363639831543
1763888901552,770.1515274047852,421.6363639831543
1763888901559,770.1515274047852,420.6363639831543
1763888901574,770.1515274047852,419.6363639831543
1763888901591,770.1515274047852,418.6363639831543
1763888901608,770.1515274047852,418.6363639831543
1763888901629,770.1515274047852,417.6363639831543
1763888901642,770.1515274047852,416.6363639831543
1763888901663,770.1515274047852,416.6363639831543
1763888901675,770.1515274047852,416.6363639831543
1763888901691,770.1515274047852,415.6363639831543
1763888901708,770.1515274047852,415.6363639831543
1763888901724,769.1515274047852,414.6363639831543
1763888901741,769.1515274047852,411.6363639831543
1763888901758,768.1515274047852,409.6363639831543
1763888901775,768.1515274047852,390.6363639831543
1763888901791,768.1515274047852,355.6363639831543
1763888901808,769.1515274047852,330.6363639831543
1763888901824,770.1515274047852,303.6363639831543
1763888901841,771.1515274047852,298.6363639831543
1763888901858,771.1515274047852,296.6363639831543
1763888901874,771.1515274047852,295.6363639831543
1763888901891,771.1515274047852,295.6363639831543
1763888901968,771.1515274047852,295.6363639831543
1763888902767,810.1515274047852,311.6363639831543
1763888902774,811.1515274047852,324.6363639831543
1763888902791,814.1515274047852,339.6363639831543
1763888902808,818.1515274047852,359.6363639831543
1763888902824,819.1515274047852,369.6363639831543
1763888903024,818.1515274047852,379.6363639831543
1763888903041,816.1515274047852,375.6363639831543
1763888903058,813.1515274047852,361.6363639831543
1763888903074,808.1515274047852,345.6363639831543
1763888903091,804.1515274047852,330.6363639831543
1763888903107,804.1515274047852,326.6363639831543
1763888903124,804.1515274047852,323.6363639831543
1763888903141,804.1515274047852,320.6363639831543
1763888903158,804.1515274047852,319.6363639831543
1763888903174,804.1515274047852,318.6363639831543
1763888903191,804.1515274047852,317.6363639831543
1763888903221,804.1515274047852,318.6363639831543
1763888903229,804.1515274047852,318.6363639831543
1763888903241,804.1515274047852,319.6363639831543
1763888903257,804.1515274047852,322.6363639831543
1763888903274,804.1515274047852,326.6363639831543
1763888903291,804.1515274047852,335.6363639831543
1763888903307,804.1515274047852,355.6363639831543
1763888903324,804.1515274047852,375.6363639831543
1763888903341,801.1515274047852,401.6363639831543
1763888903358,800.1515274047852,410.6363639831543
1763888903374,799.1515274047852,415.6363639831543
1763888903391,799.1515274047852,416.6363639831543
1763888903408,799.1515274047852,418.6363639831543
1763888903424,799.1515274047852,418.6363639831543
1763888903485,799.1515274047852,417.6363639831543
1763888903499,799.1515274047852,416.6363639831543
1763888903507,799.1515274047852,415.6363639831543
1763888903524,799.1515274047852,411.6363639831543
1763888903541,799.1515274047852,400.6363639831543
1763888903558,801.1515274047852,385.6363639831543
1763888903574,805.1515274047852,361.6363639831543
1763888903591,810.1515274047852,335.6363639831543
1763888903608,812.1515274047852,326.6363639831543
1763888903624,813.1515274047852,318.6363639831543
1763888903641,814.1515274047852,312.6363639831543
1763888903657,815.1515274047852,309.6363639831543
1763888903674,816.1515274047852,307.6363639831543
1763888903734,816.1515274047852,308.6363639831543
1763888903748,816.1515274047852,310.6363639831543
1763888903757,816.1515274047852,311.6363639831543
1763888903774,816.1515274047852,313.6363639831543
1763888903791,816.1515274047852,324.6363639831543
1763888903807,816.1515274047852,332.6363639831543
1763888903824,818.1515274047852,358.6363639831543
1763888903841,818.1515274047852,380.6363639831543
1763888903857,817.1515274047852,398.6363639831543
1763888903874,814.1515274047852,418.6363639831543
1763888903891,814.1515274047852,422.6363639831543
1763888903907,814.1515274047852,424.6363639831543
1763888903924,813.1515274047852,426.6363639831543
1763888903941,813.1515274047852,427.6363639831543
1763888903970,812.1515274047852,427.6363639831543
1763888903983,812.1515274047852,426.6363639831543
1763888903991,811.1515274047852,425.6363639831543
1763888904007,811.1515274047852,422.6363639831543
1763888904024,811.1515274047852,419.6363639831543
1763888904041,809.1515274047852,410.6363639831543
1763888904057,807.1515274047852,395.6363639831543
1763888904074,804.1515274047852,362.6363639831543
1763888904091,804.1515274047852,346.6363639831543
1763888904107,804.1515274047852,337.6363639831543
1763888904124,804.1515274047852,332.6363639831543
1763888904141,804.1515274047852,329.6363639831543
1763888904157,804.1515274047852,326.6363639831543
1763888904178,804.1515274047852,326.6363639831543
1763888904191,804.1515274047852,325.6363639831543
1763888904241,804.1515274047852,326.6363639831543
1763888904257,804.1515274047852,328.6363639831543
1763888904274,804.1515274047852,332.6363639831543
1763888904291,804.1515274047852,343.6363639831543
1763888904308,803.1515274047852,355.6363639831543
1763888904324,799.1515274047852,376.6363639831543
1763888904341,796.1515274047852,387.6363639831543
1763888904357,793.1515274047852,393.6363639831543
1763888904374,792.1515274047852,395.6363639831543
1763888904391,791.1515274047852,397.6363639831543
1763888904407,791.1515274047852,398.6363639831543
1763888904424,790.1515274047852,398.6363639831543
1763888904448,790.1515274047852,398.6363639831543
1763888904457,790.1515274047852,397.6363639831543
1763888904474,790.1515274047852,396.6363639831543
1763888904491,790.1515274047852,392.6363639831543
1763888904507,790.1515274047852,388.6363639831543
1763888904524,791.1515274047852,375.6363639831543
1763888904541,791.1515274047852,366.6363639831543
1763888904557,791.1515274047852,349.6363639831543
1763888904574,794.1515274047852,318.6363639831543
1763888904591,794.1515274047852,301.6363639831543
1763888904607,796.1515274047852,284.6363639831543
1763888904624,796.1515274047852,259.6363639831543
1763888904641,794.1515274047852,245.6363639831543
1763888904657,792.1515274047852,233.6363639831543
1763888904674,791.1515274047852,229.6363639831543
1763888904691,788.1515274047852,227.6363639831543
1763888904707,788.1515274047852,227.6363639831543
1763888904724,787.1515274047852,226.6363639831543
1763888904741,785.1515274047852,226.6363639831543
1763888904757,783.1515274047852,227.6363639831543
1763888904774,781.1515274047852,232.6363639831543
1763888904791,780.1515274047852,236.6363639831543
1763888904807,779.1515274047852,239.6363639831543
1763888904824,779.1515274047852,248.6363639831543
1763888904841,778.1515274047852,259.6363639831543
1763888904857,777.1515274047852,287.6363639831543
1763888904874,775.1515274047852,312.6363639831543
1763888904891,773.1515274047852,331.6363639831543
1763888904907,770.1515274047852,343.6363639831543
1763888904924,769.1515274047852,344.6363639831543
1763888904941,768.1515274047852,345.6363639831543
1763888904957,767.1515274047852,345.6363639831543
1763888904974,767.1515274047852,344.6363639831543
1763888904991,767.1515274047852,341.6363639831543
1763888905007,767.1515274047852,339.6363639831543
1763888905024,767.1515274047852,333.6363639831543
1763888905041,767.1515274047852,327.6363639831543
1763888905057,765.1515274047852,312.6363639831543
1763888905074,765.1515274047852,301.6363639831543
1763888905091,765.1515274047852,288.6363639831543
1763888905107,764.1515274047852,271.6363639831543
1763888905124,763.1515274047852,258.6363639831543
1763888905140,763.1515274047852,249.6363639831543
1763888905157,763.1515274047852,244.6363639831543
1763888905174,763.1515274047852,243.6363639831543
1763888905191,763.1515274047852,242.6363639831543
1763888905207,763.1515274047852,241.6363639831543
1763888905224,762.1515274047852,241.6363639831543
1763888905619,762.1515274047852,243.6363639831543
1763888905625,762.1515274047852,246.6363639831543
1763888905640,763.1515274047852,252.6363639831543
1763888905657,763.1515274047852,256.6363639831543
1763888905674,763.1515274047852,262.6363639831543
1763888905691,763.1515274047852,267.6363639831543
1763888905707,763.1515274047852,270.6363639831543
1763888905724,762.1515274047852,272.6363639831543
1763888905740,762.1515274047852,273.6363639831543
1763888905757,762.1515274047852,275.6363639831543
1763888905774,761.1515274047852,275.6363639831543
1763888905791,761.1515274047852,276.6363639831543
1763888905807,761.1515274047852,276.6363639831543
1763888905824,761.1515274047852,276.6363639831543
1763888905847,761.1515274047852,277.6363639831543
1763888905861,761.1515274047852,278.6363639831543
1763888905874,761.1515274047852,278.6363639831543
1763888905890,761.1515274047852,280.6363639831543
1763888905907,761.1515274047852,282.6363639831543
1763888905925,761.1515274047852,287.6363639831543
1763888905940,761.1515274047852,292.6363639831543
1763888905957,761.1515274047852,298.6363639831543
1763888905974,761.1515274047852,300.6363639831543
1763888905991,761.1515274047852,301.6363639831543
1763888906007,761.1515274047852,302.6363639831543
1763888906024,760.1515274047852,302.6363639831543
1763888906041,759.1515274047852,302.6363639831543
1763888906057,758.1515274047852,299.6363639831543
1763888906074,756.1515274047852,295.6363639831543
1763888906090,753.1515274047852,284.6363639831543
1763888906107,751.1515274047852,279.6363639831543
1763888906124,751.1515274047852,273.6363639831543
1763888906140,751.1515274047852,266.6363639831543
1763888906157,751.1515274047852,261.6363639831543
1763888906174,751.1515274047852,254.6363639831543
1763888906190,751.1515274047852,250.6363639831543
1763888906207,751.1515274047852,248.6363639831543
1763888906224,753.1515274047852,246.6363639831543
1763888906241,753.1515274047852,244.6363639831543
1763888906257,753.1515274047852,243.6363639831543
1763888906274,754.1515274047852,242.6363639831543
1763888906290,754.1515274047852,241.6363639831543
1763888906307,755.1515274047852,241.6363639831543
1763888906324,756.1515274047852,240.6363639831543
1763888906340,756.1515274047852,238.6363639831543
1763888906357,759.1515274047852,233.6363639831543
1763888906374,773.1515274047852,196.6363639831543
1763888906390,785.1515274047852,158.6363639831543
1763888906407,789.1515274047852,141.6363639831543
1763888906424,794.1515274047852,122.6363639831543
1763888906441,794.1515274047852,116.6363639831543
1763888906457,795.1515274047852,108.6363639831543
1763888906474,796.1515274047852,106.6363639831543
1763888906490,797.1515274047852,104.6363639831543
1763888906507,797.1515274047852,102.6363639831543
1763888906524,797.1515274047852,101.6363639831543
1763888906540,797.1515274047852,100.6363639831543
1763888906568,797.1515274047852,99.6363639831543
1763888906616,797.1515274047852,101.6363639831543
1763888906624,797.1515274047852,101.6363639831543
1763888906640,798.1515274047852,104.6363639831543
1763888906657,798.1515274047852,107.6363639831543
1763888906674,798.1515274047852,113.6363639831543
1763888906690,799.1515274047852,118.6363639831543
1763888906707,799.1515274047852,125.6363639831543
1763888906724,801.1515274047852,132.6363639831543
1763888906740,803.1515274047852,143.6363639831543
1763888906757,808.1515274047852,173.6363639831543
1763888906774,811.1515274047852,190.6363639831543
1763888906790,813.1515274047852,202.6363639831543
1763888906807,813.1515274047852,208.6363639831543
1763888906824,814.1515274047852,212.6363639831543
1763888906840,816.1515274047852,224.6363639831543
1763888906857,819.1515274047852,236.6363639831543
1763888906874,822.1515274047852,255.6363639831543
1763888906890,824.1515274047852,267.6363639831543
1763888906907,824.1515274047852,273.6363639831543
1763888906924,825.1515274047852,278.6363639831543
1763888906940,825.1515274047852,279.6363639831543
1763888906957,825.1515274047852,281.6363639831543
1763888906974,825.1515274047852,282.6363639831543
1763888906990,825.1515274047852,284.6363639831543
1763888907011,826.1515274047852,284.6363639831543
1763888907024,826.1515274047852,285.6363639831543
1763888907040,827.1515274047852,286.6363639831543
1763888907060,828.1515274047852,286.6363639831543
1763888907088,828.1515274047852,286.6363639831543
1763888907094,828.1515274047852,285.6363639831543
1763888907107,829.1515274047852,284.6363639831543
1763888907124,829.1515274047852,281.6363639831543
1763888907140,829.1515274047852,278.6363639831543
1763888907157,828.1515274047852,273.6363639831543
1763888907174,828.1515274047852,261.6363639831543
1763888907190,828.1515274047852,256.6363639831543
1763888907207,829.1515274047852,246.6363639831543
1763888907224,829.1515274047852,242.6363639831543
1763888907240,829.1515274047852,239.6363639831543
1763888907257,829.1515274047852,236.6363639831543
1763888907274,829.1515274047852,234.6363639831543
1763888907290,829.1515274047852,232.6363639831543
1763888907474,829.1515274047852,232.6363639831543
1763888907490,829.1515274047852,236.6363639831543
1763888907507,829.1515274047852,239.6363639831543
1763888907524,830.1515274047852,242.6363639831543
1763888907540,830.1515274047852,249.6363639831543
1763888907557,831.1515274047852,254.6363639831543
1763888907707,828.1515274047852,278.6363639831543
1763888907723,813.1515274047852,252.6363639831543
1763888907740,783.1515274047852,183.6363639831543
1763888907757,778.1515274047852,159.6363639831543
1763888907773,778.1515274047852,147.6363639831543
1763888907790,776.1515274047852,129.6363639831543
1763888907807,776.1515274047852,118.6363639831543
1763888907823,776.1515274047852,99.6363639831543
1763888907840,776.1515274047852,87.6363639831543
1763888907857,774.1515274047852,74.6363639831543
1763888907873,774.1515274047852,69.6363639831543
1763888907890,773.1515274047852,66.6363639831543
1763888907907,771.1515274047852,64.6363639831543
1763888907924,771.1515274047852,62.6363639831543
1763888907940,771.1515274047852,62.6363639831543
1763888907957,771.1515274047852,61.6363639831543
1763888907981,771.1515274047852,62.6363639831543
1763888907990,771.1515274047852,62.6363639831543
1763888908007,771.1515274047852,64.6363639831543
1763888908023,771.1515274047852,67.6363639831543
1763888908040,772.1515274047852,69.6363639831543
1763888908057,774.1515274047852,72.6363639831543
1763888908073,776.1515274047852,76.6363639831543
1763888908090,777.1515274047852,79.6363639831543
1763888908107,778.1515274047852,79.6363639831543
1763888908123,779.1515274047852,81.6363639831543
1763888908140,779.1515274047852,81.6363639831543
1763888908157,781.1515274047852,81.6363639831543
1763888908173,782.1515274047852,79.6363639831543
1763888908190,783.1515274047852,75.6363639831543
1763888908207,784.1515274047852,71.6363639831543
1763888908224,784.1515274047852,65.6363639831543
1763888908240,784.1515274047852,54.6363639831543
1763888908257,784.1515274047852,49.6363639831543
1763888908273,784.1515274047852,42.6363639831543
1763888908290,784.1515274047852,39.6363639831543
1763888908307,784.1515274047852,37.6363639831543
1763888908324,784.1515274047852,35.6363639831543
1763888908340,784.1515274047852,35.6363639831543
1763888908370,783.1515274047852,35.6363639831543
1763888908383,782.1515274047852,36.6363639831543
1763888908390,782.1515274047852,36.6363639831543
1763888908407,782.1515274047852,39.6363639831543
1763888908424,782.1515274047852,42.6363639831543
1763888908440,781.1515274047852,47.6363639831543
1763888908457,781.1515274047852,49.6363639831543
1763888908473,781.1515274047852,53.6363639831543
1763888908490,781.1515274047852,56.6363639831543
1763888908507,781.1515274047852,61.6363639831543
1763888908523,781.1515274047852,66.6363639831543
1763888908540,781.1515274047852,70.6363639831543
1763888908557,781.1515274047852,72.6363639831543
1763888908573,781.1515274047852,73.6363639831543
1763888908590,781.1515274047852,75.6363639831543
1763888908607,781.1515274047852,75.6363639831543
1763888908623,781.1515274047852,76.6363639831543
1763888908640,780.1515274047852,76.6363639831543
1763888908667,779.1515274047852,76.6363639831543
1763888908688,779.1515274047852,76.6363639831543
1763888908695,779.1515274047852,74.6363639831543
1763888908707,778.1515274047852,73.6363639831543
1763888908723,776.1515274047852,68.6363639831543
1763888908740,774.1515274047852,64.6363639831543
1763888908757,773.1515274047852,59.6363639831543
1763888908773,771.1515274047852,55.6363639831543
1763888908790,770.1515274047852,52.6363639831543
1763888908807,768.1515274047852,49.6363639831543
1763888908823,767.1515274047852,47.6363639831543
1763888908840,767.1515274047852,46.6363639831543
1763888908857,766.1515274047852,44.6363639831543
1763888908874,765.1515274047852,44.6363639831543
1763888908903,765.1515274047852,44.6363639831543
1763888908910,765.1515274047852,45.6363639831543
1763888908923,765.1515274047852,46.6363639831543
1763888908940,765.1515274047852,47.6363639831543
1763888908957,766.1515274047852,49.6363639831543
1763888908973,767.1515274047852,50.6363639831543
1763888908990,767.1515274047852,52.6363639831543
1763888909007,770.1515274047852,53.6363639831543
1763888909023,771.1515274047852,54.6363639831543
1763888909040,773.1515274047852,55.6363639831543
1763888909057,776.1515274047852,55.6363639831543
1763888909073,778.1515274047852,55.6363639831543
1763888909090,781.1515274047852,54.6363639831543
1763888909107,783.1515274047852,52.6363639831543
1763888909123,785.1515274047852,50.6363639831543
1763888909140,788.1515274047852,47.6363639831543
1763888909157,790.1515274047852,43.6363639831543
1763888909173,791.1515274047852,36.6363639831543
1763888909190,791.1515274047852,32.6363639831543
1763888909207,791.1515274047852,28.636363983154297
1763888909223,788.1515274047852,22.636363983154297
1763888909240,787.1515274047852,18.636363983154297
1763888909257,784.1515274047852,15.636363983154297
1763888909273,781.1515274047852,14.636363983154297
1763888909290,778.1515274047852,13.636363983154297
1763888909307,775.1515274047852,13.636363983154297
1763888909323,773.1515274047852,15.636363983154297
1763888909340,771.1515274047852,18.636363983154297
1763888909357,770.1515274047852,19.636363983154297
1763888909373,769.1515274047852,21.636363983154297
1763888909390,768.1515274047852,23.636363983154297
1763888909407,768.1515274047852,25.636363983154297
1763888909423,768.1515274047852,27.636363983154297
1763888909440,768.1515274047852,30.636363983154297
1763888909457,769.1515274047852,34.6363639831543
1763888909473,770.1515274047852,39.6363639831543
1763888909490,772.1515274047852,43.6363639831543
1763888909507,774.1515274047852,47.6363639831543
1763888909523,775.1515274047852,49.6363639831543
1763888909540,776.1515274047852,50.6363639831543
1763888909557,777.1515274047852,52.6363639831543
1763888909573,778.1515274047852,52.6363639831543
1763888909590,779.1515274047852,52.6363639831543
1763888909607,781.1515274047852,52.6363639831543
1763888909623,782.1515274047852,52.6363639831543
1763888909640,784.1515274047852,51.6363639831543
1763888909657,785.1515274047852,50.6363639831543
1763888909673,787.1515274047852,49.6363639831543
1763888909690,787.1515274047852,47.6363639831543
1763888909707,787.1515274047852,44.6363639831543
1763888909723,787.1515274047852,39.6363639831543
1763888909740,785.1515274047852,35.6363639831543
1763888909757,781.1515274047852,29.636363983154297
1763888909773,777.1515274047852,27.636363983154297
1763888909790,774.1515274047852,26.636363983154297
1763888909807,770.1515274047852,26.636363983154297
1763888909823,768.1515274047852,26.636363983154297
1763888909840,766.1515274047852,27.636363983154297
1763888909857,765.1515274047852,28.636363983154297
1763888909873,764.1515274047852,30.636363983154297
1763888909890,763.1515274047852,32.6363639831543
1763888909907,762.1515274047852,34.6363639831543
1763888909923,762.1515274047852,36.6363639831543
1763888909940,762.1515274047852,38.6363639831543
1763888909956,762.1515274047852,39.6363639831543
1763888909973,762.1515274047852,42.6363639831543
1763888909990,762.1515274047852,44.6363639831543
1763888910006,762.1515274047852,46.6363639831543
1763888910023,762.1515274047852,48.6363639831543
1763888910040,763.1515274047852,52.6363639831543
1763888910057,763.1515274047852,53.6363639831543
1763888910073,764.1515274047852,54.6363639831543
1763888910090,765.1515274047852,55.6363639831543
1763888910107,765.1515274047852,55.6363639831543
1763888910123,767.1515274047852,55.6363639831543
1763888910140,767.1515274047852,55.6363639831543
1763888910157,768.1515274047852,55.6363639831543
1763888910173,770.1515274047852,55.6363639831543
1763888910190,770.1515274047852,53.6363639831543
1763888910206,771.1515274047852,52.6363639831543
1763888910223,771.1515274047852,50.6363639831543
1763888910240,771.1515274047852,48.6363639831543
1763888910256,771.1515274047852,46.6363639831543
1763888910274,771.1515274047852,44.6363639831543
1763888910290,770.1515274047852,41.6363639831543
1763888910306,769.1515274047852,40.6363639831543
1763888910323,767.1515274047852,39.6363639831543
1763888910340,765.1515274047852,39.6363639831543
1763888910356,764.1515274047852,40.6363639831543
1763888910373,762.1515274047852,41.6363639831543
1763888910390,762.1515274047852,42.6363639831543
1763888910406,761.1515274047852,46.6363639831543
1763888910423,761.1515274047852,47.6363639831543
1763888910440,761.1515274047852,49.6363639831543
1763888910456,761.1515274047852,52.6363639831543
1763888910473,761.1515274047852,55.6363639831543
1763888910490,761.1515274047852,60.6363639831543
1763888910506,761.1515274047852,63.6363639831543
1763888910523,762.1515274047852,66.6363639831543
1763888910540,762.1515274047852,70.6363639831543
1763888910557,763.1515274047852,72.6363639831543
1763888910573,765.1515274047852,75.6363639831543
1763888910590,766.1515274047852,77.6363639831543
1763888910606,767.1515274047852,79.6363639831543
1763888910623,768.1515274047852,79.6363639831543
1763888910640,770.1515274047852,81.6363639831543
1763888910656,771.1515274047852,81.6363639831543
1763888910673,772.1515274047852,81.6363639831543
1763888910690,774.1515274047852,81.6363639831543
1763888910706,776.1515274047852,80.6363639831543
1763888910723,777.1515274047852,79.6363639831543
1763888910740,778.1515274047852,78.6363639831543
1763888910757,779.1515274047852,76.6363639831543
1763888910773,779.1515274047852,73.6363639831543
1763888910790,781.1515274047852,70.6363639831543
1763888910807,781.1515274047852,68.6363639831543
1763888910823,781.1515274047852,66.6363639831543
1763888910840,782.1515274047852,65.6363639831543
1763888910856,782.1515274047852,64.6363639831543
1763888910884,782.1515274047852,65.6363639831543
1763888910891,782.1515274047852,66.6363639831543
1763888910906,782.1515274047852,67.6363639831543
1763888910923,783.1515274047852,69.6363639831543
1763888910940,784.1515274047852,71.6363639831543
1763888910956,784.1515274047852,72.6363639831543
1763888910973,784.1515274047852,73.6363639831543
1763888910990,784.1515274047852,74.6363639831543
1763888911006,785.1515274047852,75.6363639831543
1763888911023,786.1515274047852,76.6363639831543
1763888911040,787.1515274047852,76.6363639831543
1763888911056,787.1515274047852,76.6363639831543
1763888911073,788.1515274047852,75.6363639831543
1763888911090,789.1515274047852,75.6363639831543
1763888911106,790.1515274047852,72.6363639831543
1763888911123,792.1515274047852,70.6363639831543
1763888911140,793.1515274047852,67.6363639831543
1763888911156,795.1515274047852,61.6363639831543
1763888911173,796.1515274047852,58.6363639831543
1763888911190,799.1515274047852,51.6363639831543
1763888911206,800.1515274047852,47.6363639831543
1763888911223,801.1515274047852,45.6363639831543
1763888911240,801.1515274047852,43.6363639831543
1763888911256,802.1515274047852,42.6363639831543
1763888911273,802.1515274047852,41.6363639831543
1763888911293,802.1515274047852,42.6363639831543
1763888911306,802.1515274047852,42.6363639831543
1763888911323,802.1515274047852,46.6363639831543
1763888911340,801.1515274047852,50.6363639831543
1763888911356,800.1515274047852,56.6363639831543
1763888911373,799.1515274047852,63.6363639831543
1763888911390,799.1515274047852,69.6363639831543
1763888911406,799.1515274047852,75.6363639831543
1763888911423,798.1515274047852,78.6363639831543
1763888911440,798.1515274047852,80.6363639831543
1763888911456,798.1515274047852,81.6363639831543
1763888911473,798.1515274047852,82.6363639831543
1763888911490,798.1515274047852,84.6363639831543
1763888911506,798.1515274047852,84.6363639831543
1763888911523,798.1515274047852,85.6363639831543
1763888911540,798.1515274047852,86.6363639831543
1763888911590,798.1515274047852,85.6363639831543
1763888911606,798.1515274047852,82.6363639831543
1763888911623,798.1515274047852,81.6363639831543
1763888911640,799.1515274047852,78.6363639831543
1763888911656,799.1515274047852,75.6363639831543
1763888911673,799.1515274047852,73.6363639831543
1763888911690,799.1515274047852,70.6363639831543
1763888911706,799.1515274047852,68.6363639831543
1763888911723,799.1515274047852,65.6363639831543
1763888911740,799.1515274047852,63.6363639831543
1763888911756,799.1515274047852,61.6363639831543
1763888911773,799.1515274047852,59.6363639831543
1763888911790,799.1515274047852,58.6363639831543
1763888911806,799.1515274047852,57.6363639831543
1763888911823,799.1515274047852,56.6363639831543
1763888911923,799.1515274047852,56.6363639831543
1763888911940,799.1515274047852,55.6363639831543
1763888911965,799.1515274047852,55.6363639831543
1763888911973,799.1515274047852,54.6363639831543
1763888911990,799.1515274047852,53.6363639831543
1763888912006,799.1515274047852,51.6363639831543
1763888912023,799.1515274047852,48.6363639831543
1763888912040,799.1515274047852,44.6363639831543
1763888912056,799.1515274047852,39.6363639831543
1763888912073,799.1515274047852,37.6363639831543
1763888912089,799.1515274047852,35.6363639831543
1763888912106,799.1515274047852,33.6363639831543
1763888912123,799.1515274047852,32.6363639831543
1763888912139,799.1515274047852,31.636363983154297
1763888912159,799.1515274047852,30.636363983154297
1763888912173,800.1515274047852,30.636363983154297
1763888912190,801.1515274047852,30.636363983154297
1763888912206,801.1515274047852,33.6363639831543
1763888912223,801.1515274047852,35.6363639831543
1763888912240,801.1515274047852,37.6363639831543
1763888912256,802.1515274047852,41.6363639831543
1763888912273,802.1515274047852,41.6363639831543
1763888912290,802.1515274047852,43.6363639831543
1763888912306,802.1515274047852,45.6363639831543
1763888912323,802.1515274047852,46.6363639831543
1763888912339,802.1515274047852,46.6363639831543
1763888912356,802.1515274047852,47.6363639831543
1763888912430,802.1515274047852,46.6363639831543
1763888912439,802.1515274047852,45.6363639831543
1763888912456,802.1515274047852,44.6363639831543
1763888912473,801.1515274047852,38.6363639831543
1763888912490,799.1515274047852,35.6363639831543
1763888912506,797.1515274047852,27.636363983154297
1763888912523,796.1515274047852,22.636363983154297
1763888912540,795.1515274047852,18.636363983154297
1763888912556,794.1515274047852,16.636363983154297
1763888912573,794.1515274047852,15.636363983154297
1763888912589,793.1515274047852,13.636363983154297
1763888912606,793.1515274047852,13.636363983154297
1763888912623,793.1515274047852,12.636363983154297
1763888912640,793.1515274047852,12.636363983154297
1763888912693,793.1515274047852,12.636363983154297
1763888912707,793.1515274047852,13.636363983154297
1763888912723,793.1515274047852,13.636363983154297
1763888912740,793.1515274047852,15.636363983154297
1763888912757,794.1515274047852,16.636363983154297
1763888912773,794.1515274047852,17.636363983154297
1763888912789,796.1515274047852,18.636363983154297
1763888912806,796.1515274047852,19.636363983154297
1763888912823,797.1515274047852,20.636363983154297
1763888912839,798.1515274047852,21.636363983154297
1763888912856,798.1515274047852,22.636363983154297
1763888912873,798.1515274047852,23.636363983154297
1763888912889,799.1515274047852,24.636363983154297
1763888912906,799.1515274047852,26.636363983154297
1763888912923,800.1515274047852,26.636363983154297
1763888912939,800.1515274047852,27.636363983154297
1763888912956,800.1515274047852,28.636363983154297
1763888912973,800.1515274047852,29.636363983154297
1763888912990,800.1515274047852,29.636363983154297
1763888913011,801.1515274047852,30.636363983154297
1763888913032,801.1515274047852,30.636363983154297
1763888913039,801.1515274047852,30.636363983154297
1763888913056,802.1515274047852,31.636363983154297
1763888913073,803.1515274047852,33.6363639831543
1763888913089,805.1515274047852,36.6363639831543
1763888913106,807.1515274047852,39.6363639831543
1763888913123,808.1515274047852,41.6363639831543
1763888913139,808.1515274047852,42.6363639831543
1763888913156,808.1515274047852,42.6363639831543
1763888913173,808.1515274047852,44.6363639831543
1763888913189,808.1515274047852,44.6363639831543
1763888913206,808.1515274047852,45.6363639831543
1763888913256,808.1515274047852,44.6363639831543
1763888913273,808.1515274047852,44.6363639831543
1763888913289,808.1515274047852,43.6363639831543
1763888913339,808.1515274047852,43.6363639831543
1763888913356,807.1515274047852,43.6363639831543
1763888913373,807.1515274047852,44.6363639831543
1763888913389,807.1515274047852,46.6363639831543
1763888913406,806.1515274047852,47.6363639831543
1763888913423,805.1515274047852,51.6363639831543
1763888913439,804.1515274047852,55.6363639831543
1763888913456,802.1515274047852,63.6363639831543
1763888913473,801.1515274047852,67.6363639831543
1763888913489,801.1515274047852,71.6363639831543
1763888913506,800.1515274047852,72.6363639831543
1763888913523,800.1515274047852,73.6363639831543
1763888913539,800.1515274047852,74.6363639831543
1763888913614,800.1515274047852,73.6363639831543
1763888913634,800.1515274047852,73.6363639831543
1763888913673,799.1515274047852,73.6363639831543
1763888913689,799.1515274047852,73.6363639831543
1763888913706,798.1515274047852,73.6363639831543
1763888913723,798.1515274047852,75.6363639831543
1763888913739,796.1515274047852,78.6363639831543
1763888913756,794.1515274047852,85.6363639831543
1763888913773,791.1515274047852,100.6363639831543
1763888913789,786.1515274047852,116.6363639831543
1763888913806,785.1515274047852,121.6363639831543
1763888913823,784.1515274047852,124.6363639831543
1763888913839,783.1515274047852,124.6363639831543
1763888913856,782.1515274047852,126.6363639831543
1763888913873,782.1515274047852,126.6363639831543
1763888913889,782.1515274047852,126.6363639831543
1763888913906,781.1515274047852,126.6363639831543
1763888913926,781.1515274047852,126.6363639831543
1763888913946,781.1515274047852,125.6363639831543
1763888913961,782.1515274047852,124.6363639831543
1763888913974,782.1515274047852,123.6363639831543
1763888913989,782.1515274047852,122.6363639831543
1763888914006,783.1515274047852,122.6363639831543
1763888914023,784.1515274047852,121.6363639831543
1763888914039,784.1515274047852,120.6363639831543
1763888914056,784.1515274047852,119.6363639831543
1763888914073,784.1515274047852,116.6363639831543
1763888914089,784.1515274047852,114.6363639831543
1763888914106,784.1515274047852,111.6363639831543
1763888914123,784.1515274047852,109.6363639831543
1763888914139,784.1515274047852,106.6363639831543
1763888914156,784.1515274047852,104.6363639831543
1763888914173,784.1515274047852,102.6363639831543
1763888914189,784.1515274047852,100.6363639831543
1763888914206,781.1515274047852,98.6363639831543
1763888914223,779.1515274047852,98.6363639831543
1763888914239,774.1515274047852,98.6363639831543
1763888914256,771.1515274047852,98.6363639831543
1763888914273,768.1515274047852,99.6363639831543
1763888914289,766.1515274047852,100.6363639831543
1763888914306,764.1515274047852,101.6363639831543
1763888914323,763.1515274047852,102.6363639831543
1763888914339,762.1515274047852,103.6363639831543
1763888914356,761.1515274047852,104.6363639831543
1763888914373,761.1515274047852,104.6363639831543
1763888914389,761.1515274047852,105.6363639831543
1763888914406,761.1515274047852,105.6363639831543
1763888914423,763.1515274047852,105.6363639831543
1763888914439,773.1515274047852,104.6363639831543
1763888914456,794.1515274047852,101.6363639831543
1763888914473,806.1515274047852,99.6363639831543
1763888914489,811.1515274047852,98.6363639831543
1763888914506,813.1515274047852,98.6363639831543
1763888914522,813.1515274047852,98.6363639831543
1763888914539,813.1515274047852,97.6363639831543
1763888914589,809.1515274047852,96.6363639831543
1763888914606,794.1515274047852,95.6363639831543
1763888914622,776.1515274047852,98.6363639831543
1763888914639,761.1515274047852,100.6363639831543
1763888914656,747.1515274047852,103.6363639831543
1763888914673,744.1515274047852,104.6363639831543
1763888914689,741.1515274047852,104.6363639831543
1763888914706,741.1515274047852,105.6363639831543
1763888914723,740.1515274047852,106.6363639831543
-1,-1,-1
-1,-1,-1
-1,-1,-1
