1763888675569,101.15152740478516,104.18182373046875
1763888675576,97.15152740478516,106.18182373046875
1763888675605,88.15152740478516,111.18182373046875
1763888675623,84.15152740478516,113.18182373046875
1763888675640,81.15152740478516,115.18182373046875
1763888675657,79.15152740478516,116.18182373046875
1763888675673,77.15152740478516,119.18182373046875
1763888675690,75.15152740478516,121.18182373046875
1763888675707,73.15152740478516,124.18182373046875
1763888675723,71.15152740478516,125.18182373046875
1763888675740,70.15152740478516,126.18182373046875
1763888675757,68.15152740478516,130.18182373046875
1763888675774,67.15152740478516,133.18182373046875
1763888675790,65.15152740478516,136.18182373046875
1763888675807,64.15152740478516,139.18182373046875
1763888675823,62.151527404785156,142.18182373046875
1763888675840,60.151527404785156,147.18182373046875
1763888675857,58.151527404785156,152.18182373046875
1763888675873,55.151527404785156,159.18182373046875
1763888675890,52.151527404785156,165.18182373046875
1763888675907,50.151527404785156,170.18182373046875
1763888675923,47.151527404785156,174.18182373046875
1763888675940,47.151527404785156,177.18182373046875
1763888675957,44.151527404785156,182.18182373046875
1763888675973,44.151527404785156,185.18182373046875
1763888675990,42.151527404785156,189.18182373046875
1763888676007,41.151527404785156,194.18182373046875
1763888676023,41.151527404785156,198.18182373046875
1763888676040,40.151527404785156,203.18182373046875
1763888676057,39.151527404785156,207.18182373046875
1763888676073,38.151527404785156,210.18182373046875
1763888676090,38.151527404785156,214.18182373046875
1763888676107,38.151527404785156,217.18182373046875
1763888676123,37.151527404785156,221.18182373046875
1763888676140,36.151527404785156,225.18182373046875
1763888676157,36.151527404785156,230.18182373046875
1763888676173,35.151527404785156,233.18182373046875
1763888676573,42.151527404785156,256.18182373046875
1763888676590,43.151527404785156,249.18182373046875
1763888676607,44.151527404785156,243.18182373046875
1763888676623,45.151527404785156,236.18182373046875
1763888676640,46.151527404785156,233.18182373046875
1763888676656,47.151527404785156,227.18182373046875
1763888676676,47.151527404785156,224.18182373046875
1763888676690,48.151527404785156,221.18182373046875
1763888676706,49.151527404785156,215.18182373046875
1763888676723,50.151527404785156,212.18182373046875
1763888676740,50.151527404785156,206.18182373046875
1763888676757,51.151527404785156,201.18182373046875
1763888676773,52.151527404785156,194.18182373046875
1763888676790,53.151527404785156,189.18182373046875
1763888676807,53.151527404785156,186.18182373046875
1763888676823,53.151527404785156,182.18182373046875
1763888676840,53.151527404785156,181.18182373046875
1763888676857,53.151527404785156,179.18182373046875
1763888676873,53.151527404785156,178.18182373046875
1763888676890,53.151527404785156,177.18182373046875
1763888676907,53.151527404785156,176.18182373046875
1763888676974,53.151527404785156,176.18182373046875
1763888676990,53.151527404785156,177.18182373046875
1763888677007,51.151527404785156,181.18182373046875
1763888677023,50.151527404785156,185.18182373046875
1763888677040,50.151527404785156,189.18182373046875
1763888677056,50.151527404785156,193.18182373046875
1763888677073,48.151527404785156,205.18182373046875
1763888677090,47.151527404785156,217.18182373046875
1763888677106,45.151527404785156,231.18182373046875
1763888677123,44.151527404785156,241.18182373046875
1763888677140,44.151527404785156,249.18182373046875
1763888677156,43.151527404785156,256.18182373046875
1763888677173,43.151527404785156,260.18182373046875
1763888677190,43.151527404785156,264.18182373046875
1763888677206,43.151527404785156,265.18182373046875
1763888677223,43.151527404785156,268.18182373046875
1763888677240,43.151527404785156,270.18182373046875
1763888677257,43.151527404785156,271.18182373046875
1763888677273,43.151527404785156,274.18182373046875
1763888677290,43.151527404785156,275.18182373046875
1763888677306,43.151527404785156,278.18182373046875
1763888677323,43.151527404785156,281.18182373046875
1763888677340,43.151527404785156,284.18182373046875
1763888677356,43.151527404785156,285.18182373046875
1763888677373,43.151527404785156,287.18182373046875
1763888677390,43.151527404785156,288.18182373046875
1763888677407,43.151527404785156,288.18182373046875
1763888677423,43.151527404785156,290.18182373046875
1763888677440,43.151527404785156,290.18182373046875
1763888677457,43.151527404785156,291.18182373046875
1763888677473,43.151527404785156,291.18182373046875
1763888677523,43.151527404785156,293.18182373046875
1763888677540,43.151527404785156,294.18182373046875
1763888677556,43.151527404785156,296.18182373046875
1763888677573,44.151527404785156,296.18182373046875
1763888677590,44.151527404785156,297.18182373046875
1763888677607,44.151527404785156,299.18182373046875
1763888677623,44.151527404785156,300.18182373046875
1763888677640,45.151527404785156,302.18182373046875
1763888677656,45.151527404785156,302.18182373046875
1763888677673,46.151527404785156,302.18182373046875
1763888677690,47.151527404785156,303.18182373046875
1763888677707,47.151527404785156,304.18182373046875
1763888677723,48.151527404785156,304.18182373046875
1763888677773,48.151527404785156,304.18182373046875
1763888677790,49.151527404785156,303.18182373046875
1763888677806,50.151527404785156,301.18182373046875
1763888677823,50.151527404785156,298.18182373046875
1763888677840,50.151527404785156,290.18182373046875
1763888677856,48.151527404785156,270.18182373046875
1763888677873,44.151527404785156,234.18182373046875
1763888678140,59.151527404785156,112.18182373046875
1763888678156,61.151527404785156,110.18182373046875
1763888678173,65.15152740478516,107.18182373046875
1763888678190,67.15152740478516,107.18182373046875
1763888678206,69.15152740478516,107.18182373046875
1763888678223,74.15152740478516,104.18182373046875
1763888678240,78.15152740478516,104.18182373046875
1763888678256,83.15152740478516,104.18182373046875
1763888678273,87.15152740478516,104.18182373046875
1763888678290,92.15152740478516,104.18182373046875
1763888678306,94.15152740478516,104.18182373046875
1763888678323,99.15152740478516,104.18182373046875
1763888678340,104.15152740478516,103.18182373046875
1763888678357,108.15152740478516,102.18182373046875
1763888678373,111.15152740478516,99.18182373046875
1763888678390,113.15152740478516,97.18182373046875
1763888678406,114.15152740478516,94.18182373046875
1763888678423,116.15152740478516,89.18182373046875
1763888678440,118.15152740478516,84.18182373046875
1763888678456,118.15152740478516,73.18182373046875
1763888678473,118.15152740478516,67.18182373046875
1763888678490,116.15152740478516,62.18182373046875
1763888678506,115.15152740478516,56.18182373046875
1763888678523,114.15152740478516,54.18182373046875
1763888678540,113.15152740478516,49.18182373046875
1763888678556,112.15152740478516,47.18182373046875
1763888678573,111.15152740478516,44.18182373046875
1763888678590,109.15152740478516,40.18182373046875
1763888678607,108.15152740478516,36.18182373046875
1763888678623,107.15152740478516,34.18182373046875
1763888678640,106.15152740478516,33.18182373046875
1763888678656,105.15152740478516,31.18182373046875
1763888678673,105.15152740478516,30.18182373046875
1763888678706,105.15152740478516,31.18182373046875
1763888678723,105.15152740478516,32.18182373046875
1763888678740,105.15152740478516,33.18182373046875
1763888678756,106.15152740478516,39.18182373046875
1763888678773,108.15152740478516,43.18182373046875
1763888678790,112.15152740478516,54.18182373046875
1763888678806,114.15152740478516,64.18182373046875
1763888678823,117.15152740478516,70.18182373046875
1763888678840,118.15152740478516,77.18182373046875
1763888678856,119.15152740478516,78.18182373046875
1763888678873,120.15152740478516,81.18182373046875
1763888678890,120.15152740478516,81.18182373046875
1763888678906,121.15152740478516,82.18182373046875
1763888678923,121.15152740478516,81.18182373046875
1763888678940,121.15152740478516,79.18182373046875
1763888678956,121.15152740478516,75.18182373046875
1763888678973,122.15152740478516,70.18182373046875
1763888678989,122.15152740478516,64.18182373046875
1763888679006,122.15152740478516,58.18182373046875
1763888679023,121.15152740478516,54.18182373046875
1763888679040,119.15152740478516,48.18182373046875
1763888679056,118.15152740478516,46.18182373046875
1763888679073,116.15152740478516,42.18182373046875
1763888679090,115.15152740478516,41.18182373046875
1763888679106,114.15152740478516,39.18182373046875
1763888679123,112.15152740478516,38.18182373046875
1763888679140,111.15152740478516,39.18182373046875
1763888679156,110.15152740478516,41.18182373046875
1763888679173,110.15152740478516,42.18182373046875
1763888679190,110.15152740478516,44.18182373046875
1763888679206,110.15152740478516,47.18182373046875
1763888679223,111.15152740478516,48.18182373046875
1763888679239,111.15152740478516,49.18182373046875
1763888679256,113.15152740478516,50.18182373046875
1763888679273,114.15152740478516,50.18182373046875
1763888679289,118.15152740478516,51.18182373046875
1763888679306,121.15152740478516,51.18182373046875
1763888679323,124.15152740478516,50.18182373046875
1763888679340,126.15152740478516,50.18182373046875
1763888679356,128.15152740478516,48.18182373046875
1763888679373,130.15152740478516,47.18182373046875
1763888679390,132.15152740478516,45.18182373046875
1763888679406,133.15152740478516,42.18182373046875
1763888679423,134.15152740478516,40.18182373046875
1763888679439,134.15152740478516,38.18182373046875
1763888679456,133.15152740478516,37.18182373046875
1763888679473,133.15152740478516,36.18182373046875
1763888679489,132.15152740478516,35.18182373046875
1763888679506,131.15152740478516,35.18182373046875
1763888679523,131.15152740478516,36.18182373046875
1763888679539,130.15152740478516,39.18182373046875
1763888679556,130.15152740478516,44.18182373046875
1763888679573,130.15152740478516,52.18182373046875
1763888679590,130.15152740478516,57.18182373046875
1763888679606,130.15152740478516,64.18182373046875
1763888679623,130.15152740478516,67.18182373046875
1763888679640,130.15152740478516,68.18182373046875
1763888679656,130.15152740478516,70.18182373046875
1763888679673,131.15152740478516,70.18182373046875
1763888679689,132.15152740478516,72.18182373046875
1763888679706,133.15152740478516,72.18182373046875
1763888679723,133.15152740478516,72.18182373046875
1763888679739,134.15152740478516,71.18182373046875
1763888679756,135.15152740478516,70.18182373046875
1763888679773,136.15152740478516,68.18182373046875
1763888679789,136.15152740478516,65.18182373046875
1763888679806,136.15152740478516,62.18182373046875
1763888679823,134.15152740478516,60.18182373046875
1763888679839,133.15152740478516,59.18182373046875
1763888679856,132.15152740478516,57.18182373046875
1763888679873,131.15152740478516,57.18182373046875
1763888679889,129.15152740478516,57.18182373046875
1763888679906,128.15152740478516,57.18182373046875
1763888679923,127.15152740478516,59.18182373046875
1763888679939,126.15152740478516,64.18182373046875
1763888679956,126.15152740478516,65.18182373046875
1763888679973,126.15152740478516,67.18182373046875
1763888679989,126.15152740478516,68.18182373046875
1763888680006,126.15152740478516,68.18182373046875
1763888680023,127.15152740478516,68.18182373046875
1763888680039,127.15152740478516,68.18182373046875
1763888680056,130.15152740478516,66.18182373046875
1763888680073,130.15152740478516,64.18182373046875
1763888680089,131.15152740478516,62.18182373046875
1763888680106,134.15152740478516,57.18182373046875
1763888680123,135.15152740478516,54.18182373046875
1763888680139,136.15152740478516,48.18182373046875
1763888680156,137.15152740478516,44.18182373046875
1763888680173,137.15152740478516,39.18182373046875
1763888680189,137.15152740478516,36.18182373046875
1763888680206,136.15152740478516,31.18182373046875
1763888680223,134.15152740478516,27.18182373046875
1763888680239,133.15152740478516,24.18182373046875
1763888680256,130.15152740478516,20.18182373046875
1763888680273,128.15152740478516,19.18182373046875
1763888680290,127.15152740478516,17.18182373046875
1763888680306,124.15152740478516,17.18182373046875
1763888680323,121.15152740478516,17.18182373046875
1763888680339,119.15152740478516,17.18182373046875
1763888680356,114.15152740478516,20.18182373046875
1763888680373,111.15152740478516,22.18182373046875
1763888680389,107.15152740478516,25.18182373046875
1763888680406,105.15152740478516,27.18182373046875
1763888680423,104.15152740478516,31.18182373046875
1763888680439,103.15152740478516,33.18182373046875
1763888680456,103.15152740478516,36.18182373046875
1763888680473,104.15152740478516,41.18182373046875
1763888680489,107.15152740478516,47.18182373046875
1763888680506,113.15152740478516,56.18182373046875
1763888680523,116.15152740478516,59.18182373046875
1763888680539,120.15152740478516,62.18182373046875
1763888680556,124.15152740478516,64.18182373046875
1763888680573,125.15152740478516,65.18182373046875
1763888680589,127.15152740478516,65.18182373046875
1763888680606,129.15152740478516,65.18182373046875
1763888680623,130.15152740478516,64.18182373046875
1763888680639,133.15152740478516,62.18182373046875
1763888680656,133.15152740478516,60.18182373046875
1763888680673,134.15152740478516,57.18182373046875
1763888680689,134.15152740478516,54.18182373046875
1763888680706,134.15152740478516,51.18182373046875
1763888680723,133.15152740478516,45.18182373046875
1763888680739,131.15152740478516,42.18182373046875
1763888680756,128.15152740478516,38.18182373046875
1763888680773,125.15152740478516,36.18182373046875
1763888680789,119.15152740478516,34.18182373046875
1763888680806,116.15152740478516,34.18182373046875
1763888680823,111.15152740478516,34.18182373046875
1763888680839,106.15152740478516,36.18182373046875
1763888680856,102.15152740478516,38.18182373046875
1763888680873,99.15152740478516,41.18182373046875
1763888680889,97.15152740478516,43.18182373046875
1763888680906,94.15152740478516,45.18182373046875
1763888680923,93.15152740478516,48.18182373046875
1763888680939,93.15152740478516,50.18182373046875
1763888680956,93.15152740478516,54.18182373046875
1763888680973,93.15152740478516,56.18182373046875
1763888680989,94.15152740478516,59.18182373046875
1763888681006,99.15152740478516,69.18182373046875
1763888681023,108.15152740478516,79.18182373046875
1763888681039,117.15152740478516,88.18182373046875
1763888681056,121.15152740478516,90.18182373046875
1763888681073,125.15152740478516,91.18182373046875
1763888681089,130.15152740478516,91.18182373046875
1763888681106,133.15152740478516,91.18182373046875
1763888681239,139.15152740478516,63.18182373046875
1763888681256,132.15152740478516,54.18182373046875
1763888681273,128.15152740478516,50.18182373046875
1763888681289,122.15152740478516,46.18182373046875
1763888681306,118.15152740478516,44.18182373046875
1763888681323,115.15152740478516,44.18182373046875
1763888681339,112.15152740478516,44.18182373046875
1763888681356,110.15152740478516,44.18182373046875
1763888681372,108.15152740478516,47.18182373046875
1763888681389,107.15152740478516,49.18182373046875
1763888681406,105.15152740478516,52.18182373046875
1763888681422,105.15152740478516,54.18182373046875
1763888681439,105.15152740478516,57.18182373046875
1763888681456,106.15152740478516,59.18182373046875
1763888681473,107.15152740478516,61.18182373046875
1763888681489,108.15152740478516,64.18182373046875
1763888681506,110.15152740478516,66.18182373046875
1763888681523,111.15152740478516,67.18182373046875
1763888681539,114.15152740478516,68.18182373046875
1763888681556,116.15152740478516,68.18182373046875
1763888681573,119.15152740478516,67.18182373046875
1763888681589,121.15152740478516,64.18182373046875
1763888681606,122.15152740478516,60.18182373046875
1763888681622,125.15152740478516,52.18182373046875
1763888681639,126.15152740478516,47.18182373046875
1763888681656,127.15152740478516,38.18182373046875
1763888681673,127.15152740478516,34.18182373046875
1763888681689,125.15152740478516,30.18182373046875
1763888681706,122.15152740478516,25.18182373046875
1763888681723,119.15152740478516,22.18182373046875
1763888681739,116.15152740478516,21.18182373046875
1763888681756,114.15152740478516,21.18182373046875
1763888681773,111.15152740478516,21.18182373046875
1763888681789,108.15152740478516,25.18182373046875
1763888681806,107.15152740478516,29.18182373046875
1763888681822,104.15152740478516,36.18182373046875
1763888681839,103.15152740478516,43.18182373046875
1763888681856,102.15152740478516,51.18182373046875
1763888681872,103.15152740478516,66.18182373046875
1763888681889,108.15152740478516,79.18182373046875
1763888681906,120.15152740478516,99.18182373046875
1763888681923,129.15152740478516,108.18182373046875
1763888681939,138.15152740478516,117.18182373046875
1763888681956,156.15152740478516,129.18182373046875
1763888681973,170.15152740478516,136.18182373046875
1763888681989,175.15152740478516,139.18182373046875
1763888682006,177.15152740478516,140.18182373046875
1763888682023,178.15152740478516,140.18182373046875
1763888682039,178.15152740478516,140.18182373046875
1763888682057,179.15152740478516,140.18182373046875
1763888682072,179.15152740478516,139.18182373046875
1763888682089,179.15152740478516,138.18182373046875
1763888682106,179.15152740478516,137.18182373046875
1763888682123,179.15152740478516,136.18182373046875
1763888682139,179.15152740478516,135.18182373046875
1763888682156,177.15152740478516,133.18182373046875
1763888682172,174.15152740478516,131.18182373046875
1763888682189,171.15152740478516,129.18182373046875
1763888682206,169.15152740478516,127.18182373046875
1763888682222,166.15152740478516,125.18182373046875
1763888682239,164.15152740478516,124.18182373046875
1763888682256,162.15152740478516,124.18182373046875
1763888682272,162.15152740478516,124.18182373046875
1763888682292,162.15152740478516,125.18182373046875
1763888682306,162.15152740478516,125.18182373046875
1763888682322,162.15152740478516,129.18182373046875
1763888682339,164.15152740478516,133.18182373046875
1763888682356,168.15152740478516,151.18182373046875
1763888682372,171.15152740478516,165.18182373046875
1763888682389,176.15152740478516,184.18182373046875
1763888682406,177.15152740478516,187.18182373046875
1763888682422,178.15152740478516,190.18182373046875
1763888682439,178.15152740478516,191.18182373046875
1763888682456,178.15152740478516,192.18182373046875
1763888682472,178.15152740478516,193.18182373046875
1763888682522,179.15152740478516,191.18182373046875
1763888682539,179.15152740478516,191.18182373046875
1763888682556,179.15152740478516,188.18182373046875
1763888682572,179.15152740478516,187.18182373046875
1763888682589,179.15152740478516,185.18182373046875
1763888682606,179.15152740478516,184.18182373046875
1763888682623,179.15152740478516,183.18182373046875
1763888682639,179.15152740478516,181.18182373046875
1763888682656,179.15152740478516,181.18182373046875
1763888682680,179.15152740478516,181.18182373046875
1763888682689,179.15152740478516,182.18182373046875
1763888682706,179.15152740478516,183.18182373046875
1763888682722,179.15152740478516,186.18182373046875
1763888682739,180.15152740478516,188.18182373046875
1763888682756,181.15152740478516,191.18182373046875
1763888682772,181.15152740478516,193.18182373046875
1763888682789,181.15152740478516,194.18182373046875
1763888682806,182.15152740478516,195.18182373046875
1763888682826,183.15152740478516,194.18182373046875
1763888682839,183.15152740478516,193.18182373046875
1763888682856,183.15152740478516,189.18182373046875
1763888682873,183.15152740478516,185.18182373046875
1763888682889,181.15152740478516,174.18182373046875
1763888682906,181.15152740478516,168.18182373046875
1763888682922,180.15152740478516,164.18182373046875
1763888682939,179.15152740478516,158.18182373046875
1763888682956,178.15152740478516,156.18182373046875
1763888682972,178.15152740478516,153.18182373046875
1763888682989,177.15152740478516,152.18182373046875
1763888683006,176.15152740478516,151.18182373046875
1763888683022,176.15152740478516,151.18182373046875
1763888683047,176.15152740478516,151.18182373046875
1763888683056,176.15152740478516,152.18182373046875
1763888683072,177.15152740478516,156.18182373046875
1763888683089,178.15152740478516,163.18182373046875
1763888683106,179.15152740478516,170.18182373046875
1763888683122,180.15152740478516,175.18182373046875
1763888683139,181.15152740478516,185.18182373046875
1763888683156,182.15152740478516,188.18182373046875
1763888683172,182.15152740478516,193.18182373046875
1763888683189,183.15152740478516,194.18182373046875
1763888683206,184.15152740478516,196.18182373046875
1763888683222,184.15152740478516,197.18182373046875
1763888683241,184.15152740478516,197.18182373046875
1763888683256,185.15152740478516,196.18182373046875
1763888683272,185.15152740478516,194.18182373046875
1763888683289,185.15152740478516,191.18182373046875
1763888683306,184.15152740478516,179.18182373046875
1763888683322,182.15152740478516,165.18182373046875
1763888683339,178.15152740478516,144.18182373046875
1763888683356,177.15152740478516,136.18182373046875
1763888683372,174.15152740478516,127.18182373046875
1763888683389,173.15152740478516,124.18182373046875
1763888683406,173.15152740478516,123.18182373046875
1763888683422,173.15152740478516,122.18182373046875
1763888683439,173.15152740478516,122.18182373046875
1763888683469,173.15152740478516,122.18182373046875
1763888683476,173.15152740478516,123.18182373046875
1763888683490,174.15152740478516,123.18182373046875
1763888683506,174.15152740478516,124.18182373046875
1763888683522,174.15152740478516,125.18182373046875
1763888683539,175.15152740478516,126.18182373046875
1763888683556,175.15152740478516,127.18182373046875
1763888683572,176.15152740478516,127.18182373046875
1763888683589,176.15152740478516,127.18182373046875
1763888683606,176.15152740478516,125.18182373046875
1763888683622,176.15152740478516,124.18182373046875
1763888683639,174.15152740478516,123.18182373046875
1763888683656,173.15152740478516,121.18182373046875
1763888683672,170.15152740478516,117.18182373046875
1763888683689,167.15152740478516,116.18182373046875
1763888683705,162.15152740478516,112.18182373046875
1763888683722,161.15152740478516,110.18182373046875
1763888683739,159.15152740478516,109.18182373046875
1763888683755,157.15152740478516,108.18182373046875
1763888683772,156.15152740478516,107.18182373046875
1763888683830,156.15152740478516,108.18182373046875
1763888683839,157.15152740478516,108.18182373046875
1763888683856,158.15152740478516,109.18182373046875
1763888683872,160.15152740478516,110.18182373046875
1763888683889,161.15152740478516,111.18182373046875
1763888683906,163.15152740478516,112.18182373046875
1763888683922,164.15152740478516,113.18182373046875
1763888683939,165.15152740478516,113.18182373046875
1763888683956,165.15152740478516,113.18182373046875
1763888683972,165.15152740478516,111.18182373046875
1763888683989,163.15152740478516,108.18182373046875
1763888684005,156.15152740478516,105.18182373046875
1763888684022,148.15152740478516,101.18182373046875
1763888684039,140.15152740478516,98.18182373046875
1763888684056,133.15152740478516,97.18182373046875
1763888684072,127.15152740478516,97.18182373046875
1763888684089,125.15152740478516,97.18182373046875
1763888684106,125.15152740478516,97.18182373046875
1763888684122,124.15152740478516,98.18182373046875
1763888684139,123.15152740478516,99.18182373046875
1763888684155,123.15152740478516,99.18182373046875
1763888684172,123.15152740478516,100.18182373046875
1763888684189,124.15152740478516,101.18182373046875
1763888684205,127.15152740478516,102.18182373046875
1763888684222,131.15152740478516,103.18182373046875
1763888684239,134.15152740478516,104.18182373046875
1763888684255,135.15152740478516,105.18182373046875
1763888684272,137.15152740478516,105.18182373046875
1763888684289,138.15152740478516,105.18182373046875
1763888684305,139.15152740478516,105.18182373046875
1763888684335,139.15152740478516,104.18182373046875
1763888684342,137.15152740478516,104.18182373046875
1763888684355,133.15152740478516,103.18182373046875
1763888684372,102.15152740478516,100.18182373046875
1763888684389,84.15152740478516,101.18182373046875
1763888684489,62.151527404785156,108.18182373046875
1763888684505,61.151527404785156,109.18182373046875
1763888684522,61.151527404785156,110.18182373046875
1763888684572,61.151527404785156,110.18182373046875
1763888684589,62.151527404785156,110.18182373046875
1763888684605,64.15152740478516,110.18182373046875
1763888684622,65.15152740478516,110.18182373046875
1763888684639,66.15152740478516,110.18182373046875
1763888684655,67.15152740478516,110.18182373046875
1763888684672,68.15152740478516,110.18182373046875
1763888684689,69.15152740478516,110.18182373046875
1763888684709,70.15152740478516,110.18182373046875
1763888684722,70.15152740478516,110.18182373046875
1763888684739,70.15152740478516,111.18182373046875
1763888684755,70.15152740478516,113.18182373046875
1763888684772,68.15152740478516,116.18182373046875
1763888684789,68.15152740478516,119.18182373046875
1763888684805,65.15152740478516,124.18182373046875
1763888684822,62.151527404785156,131.18182373046875
1763888684839,61.151527404785156,136.18182373046875
1763888684855,58.151527404785156,147.18182373046875
1763888684872,56.151527404785156,153.18182373046875
1763888684889,54.151527404785156,157.18182373046875
1763888684905,53.151527404785156,163.18182373046875
1763888684922,53.151527404785156,166.18182373046875
1763888684939,53.151527404785156,168.18182373046875
1763888684955,53.151527404785156,169.18182373046875
1763888684972,53.151527404785156,170.18182373046875
1763888684989,53.151527404785156,171.18182373046875
1763888685007,53.151527404785156,170.18182373046875
1763888685022,53.151527404785156,169.18182373046875
1763888685039,54.151527404785156,167.18182373046875
1763888685056,54.151527404785156,164.18182373046875
1763888685072,56.151527404785156,159.18182373046875
1763888685089,57.151527404785156,154.18182373046875
1763888685105,58.151527404785156,150.18182373046875
1763888685122,59.151527404785156,145.18182373046875
1763888685139,59.151527404785156,143.18182373046875
1763888685155,60.151527404785156,142.18182373046875
1763888685172,60.151527404785156,140.18182373046875
1763888685189,60.151527404785156,138.18182373046875
1763888685205,60.151527404785156,136.18182373046875
1763888685222,60.151527404785156,136.18182373046875
1763888685239,60.151527404785156,135.18182373046875
1763888685255,59.151527404785156,135.18182373046875
1763888685272,58.151527404785156,136.18182373046875
1763888685289,57.151527404785156,137.18182373046875
1763888685305,56.151527404785156,142.18182373046875
1763888685322,54.151527404785156,144.18182373046875
1763888685339,54.151527404785156,148.18182373046875
1763888685355,53.151527404785156,151.18182373046875
1763888685372,53.151527404785156,153.18182373046875
1763888685389,52.151527404785156,154.18182373046875
1763888685405,52.151527404785156,156.18182373046875
1763888685422,52.151527404785156,157.18182373046875
1763888685450,53.151527404785156,156.18182373046875
1763888685456,53.151527404785156,155.18182373046875
1763888685472,54.151527404785156,153.18182373046875
1763888685489,55.151527404785156,150.18182373046875
1763888685505,56.151527404785156,144.18182373046875
1763888685522,57.151527404785156,140.18182373046875
1763888685539,58.151527404785156,136.18182373046875
1763888685555,59.151527404785156,129.18182373046875
1763888685572,61.151527404785156,125.18182373046875
1763888685589,62.151527404785156,118.18182373046875
1763888685605,64.15152740478516,114.18182373046875
1763888685622,64.15152740478516,111.18182373046875
1763888685639,65.15152740478516,108.18182373046875
1763888685655,65.15152740478516,107.18182373046875
1763888685672,66.15152740478516,107.18182373046875
1763888685689,67.15152740478516,106.18182373046875
1763888685705,67.15152740478516,106.18182373046875
1763888685722,67.15152740478516,107.18182373046875
1763888685739,67.15152740478516,110.18182373046875
1763888685755,67.15152740478516,119.18182373046875
1763888685772,66.15152740478516,131.18182373046875
1763888685789,63.151527404785156,153.18182373046875
1763888685805,62.151527404785156,162.18182373046875
1763888685822,62.151527404785156,167.18182373046875
1763888685839,61.151527404785156,170.18182373046875
1763888685855,61.151527404785156,171.18182373046875
1763888685872,61.151527404785156,171.18182373046875
1763888685889,62.151527404785156,172.18182373046875
1763888685905,63.151527404785156,172.18182373046875
1763888685922,66.15152740478516,170.18182373046875
1763888685955,83.15152740478516,149.18182373046875
1763888685972,99.15152740478516,127.18182373046875
1763888685989,107.15152740478516,120.18182373046875
1763888686005,112.15152740478516,115.18182373046875
1763888686022,114.15152740478516,113.18182373046875
1763888686038,118.15152740478516,111.18182373046875
1763888686055,119.15152740478516,110.18182373046875
1763888686072,121.15152740478516,109.18182373046875
1763888686088,123.15152740478516,108.18182373046875
1763888686105,124.15152740478516,108.18182373046875
1763888686122,125.15152740478516,109.18182373046875
1763888686139,126.15152740478516,111.18182373046875
1763888686155,126.15152740478516,114.18182373046875
1763888686172,125.15152740478516,124.18182373046875
1763888686189,121.15152740478516,137.18182373046875
1763888686205,117.15152740478516,159.18182373046875
1763888686222,114.15152740478516,177.18182373046875
1763888686238,112.15152740478516,191.18182373046875
1763888686255,112.15152740478516,205.18182373046875
1763888686272,112.15152740478516,207.18182373046875
1763888686288,112.15152740478516,208.18182373046875
1763888686305,111.15152740478516,209.18182373046875
1763888686322,111.15152740478516,209.18182373046875
1763888686338,110.15152740478516,205.18182373046875
1763888686355,110.15152740478516,195.18182373046875
1763888686372,105.15152740478516,174.18182373046875
1763888686389,101.15152740478516,164.18182373046875
1763888686405,97.15152740478516,147.18182373046875
1763888686422,95.15152740478516,137.18182373046875
1763888686439,94.15152740478516,134.18182373046875
1763888686455,93.15152740478516,131.18182373046875
1763888686472,93.15152740478516,130.18182373046875
1763888686488,93.15152740478516,130.18182373046875
1763888686516,93.15152740478516,130.18182373046875
1763888686523,93.15152740478516,131.18182373046875
1763888686538,93.15152740478516,136.18182373046875
1763888686555,93.15152740478516,142.18182373046875
1763888686572,93.15152740478516,164.18182373046875
1763888686588,91.15152740478516,197.18182373046875
1763888686605,89.15152740478516,222.18182373046875
1763888686622,87.15152740478516,254.18182373046875
1763888686639,86.15152740478516,275.18182373046875
1763888686655,86.15152740478516,297.18182373046875
1763888686672,86.15152740478516,303.18182373046875
1763888686689,86.15152740478516,305.18182373046875
1763888686705,86.15152740478516,307.18182373046875
1763888686722,86.15152740478516,308.18182373046875
1763888686738,86.15152740478516,308.18182373046875
1763888686765,86.15152740478516,307.18182373046875
1763888686772,86.15152740478516,307.18182373046875
1763888686788,86.15152740478516,305.18182373046875
1763888686805,86.15152740478516,301.18182373046875
1763888686822,86.15152740478516,268.18182373046875
1763888686838,84.15152740478516,225.18182373046875
1763888686855,86.15152740478516,167.18182373046875
1763888686872,87.15152740478516,147.18182373046875
1763888686889,88.15152740478516,136.18182373046875
1763888686905,88.15152740478516,131.18182373046875
1763888686922,88.15152740478516,130.18182373046875
1763888686938,88.15152740478516,130.18182373046875
1763888686988,89.15152740478516,130.18182373046875
1763888687005,90.15152740478516,131.18182373046875
1763888687022,91.15152740478516,136.18182373046875
1763888687038,93.15152740478516,143.18182373046875
1763888687055,93.15152740478516,156.18182373046875
1763888687072,93.15152740478516,192.18182373046875
1763888687088,93.15152740478516,216.18182373046875
1763888687105,93.15152740478516,261.18182373046875
1763888687122,95.15152740478516,279.18182373046875
1763888687138,96.15152740478516,293.18182373046875
1763888687155,98.15152740478516,303.18182373046875
1763888687172,98.15152740478516,305.18182373046875
1763888687188,98.15152740478516,307.18182373046875
1763888687208,98.15152740478516,308.18182373046875
1763888688469,193.15152740478516,205.18182373046875
1763888688477,193.15152740478516,207.18182373046875
1763888688488,193.15152740478516,209.18182373046875
1763888688505,193.15152740478516,217.18182373046875
1763888688522,193.15152740478516,226.18182373046875
1763888688538,193.15152740478516,242.18182373046875
1763888688555,193.15152740478516,247.18182373046875
1763888688572,193.15152740478516,251.18182373046875
1763888688588,193.15152740478516,256.18182373046875
1763888688605,193.15152740478516,259.18182373046875
1763888688622,193.15152740478516,262.18182373046875
1763888688638,193.15152740478516,264.18182373046875
1763888688655,193.15152740478516,266.18182373046875
1763888688671,193.15152740478516,268.18182373046875
1763888688688,193.15152740478516,270.18182373046875
1763888688705,193.15152740478516,271.18182373046875
1763888688722,193.15152740478516,273.18182373046875
1763888688738,193.15152740478516,273.18182373046875
1763888688755,193.15152740478516,274.18182373046875
1763888688773,193.15152740478516,273.18182373046875
1763888688788,193.15152740478516,271.18182373046875
1763888688805,193.15152740478516,265.18182373046875
1763888688822,193.15152740478516,247.18182373046875
1763888688838,194.15152740478516,217.18182373046875
1763888688855,195.15152740478516,202.18182373046875
1763888688871,195.15152740478516,194.18182373046875
1763888689071,193.15152740478516,193.18182373046875
1763888689088,190.15152740478516,204.18182373046875
1763888689105,187.15152740478516,221.18182373046875
1763888689121,182.15152740478516,248.18182373046875
1763888689205,180.15152740478516,279.18182373046875
1763888689221,180.15152740478516,280.18182373046875
1763888689238,180.15152740478516,281.18182373046875
1763888689255,180.15152740478516,282.18182373046875
1763888689271,180.15152740478516,282.18182373046875
1763888689335,180.15152740478516,282.18182373046875
1763888689341,180.15152740478516,281.18182373046875
1763888689355,180.15152740478516,281.18182373046875
1763888689371,182.15152740478516,274.18182373046875
1763888689388,183.15152740478516,267.18182373046875
1763888689405,186.15152740478516,228.18182373046875
1763888689422,189.15152740478516,209.18182373046875
1763888689438,191.15152740478516,190.18182373046875
1763888689455,191.15152740478516,186.18182373046875
1763888689471,191.15152740478516,184.18182373046875
1763888689488,191.15152740478516,182.18182373046875
1763888689508,191.15152740478516,181.18182373046875
1763888689529,191.15152740478516,181.18182373046875
1763888689542,191.15152740478516,182.18182373046875
1763888689556,191.15152740478516,182.18182373046875
1763888689571,191.15152740478516,185.18182373046875
1763888689588,191.15152740478516,187.18182373046875
1763888689605,191.15152740478516,189.18182373046875
1763888689621,191.15152740478516,195.18182373046875
1763888689638,191.15152740478516,205.18182373046875
1763888689655,191.15152740478516,231.18182373046875
1763888689672,191.15152740478516,253.18182373046875
1763888689688,191.15152740478516,277.18182373046875
1763888689705,191.15152740478516,290.18182373046875
1763888689721,191.15152740478516,295.18182373046875
1763888689738,191.15152740478516,299.18182373046875
1763888689755,191.15152740478516,301.18182373046875
1763888689771,191.15152740478516,301.18182373046875
1763888689788,191.15152740478516,302.18182373046875
1763888689838,191.15152740478516,301.18182373046875
1763888689855,191.15152740478516,298.18182373046875
1763888689871,191.15152740478516,294.18182373046875
1763888689888,190.15152740478516,288.18182373046875
1763888689905,188.15152740478516,273.18182373046875
1763888689922,187.15152740478516,257.18182373046875
1763888689938,185.15152740478516,249.18182373046875
1763888689955,185.15152740478516,247.18182373046875
1763888689971,185.15152740478516,245.18182373046875
1763888689988,185.15152740478516,244.18182373046875
1763888690005,185.15152740478516,244.18182373046875
1763888690021,185.15152740478516,245.18182373046875
1763888690038,185.15152740478516,247.18182373046875
1763888690055,187.15152740478516,256.18182373046875
1763888690071,188.15152740478516,267.18182373046875
1763888690088,190.15152740478516,285.18182373046875
1763888690105,192.15152740478516,300.18182373046875
1763888690121,192.15152740478516,306.18182373046875
1763888690221,190.15152740478516,307.18182373046875
1763888690238,188.15152740478516,298.18182373046875
1763888690255,183.15152740478516,282.18182373046875
1763888690505,160.15152740478516,202.18182373046875
1763888690521,158.15152740478516,202.18182373046875
1763888690538,157.15152740478516,204.18182373046875
1763888690555,155.15152740478516,209.18182373046875
1763888690571,154.15152740478516,214.18182373046875
1763888690588,153.15152740478516,221.18182373046875
1763888690605,151.15152740478516,227.18182373046875
1763888690621,151.15152740478516,230.18182373046875
1763888690638,150.15152740478516,233.18182373046875
1763888690655,150.15152740478516,235.18182373046875
1763888690671,150.15152740478516,236.18182373046875
1763888690688,150.15152740478516,237.18182373046875
1763888691835,150.15152740478516,239.18182373046875
1763888691841,150.15152740478516,241.18182373046875
1763888691855,149.15152740478516,243.18182373046875
1763888691871,147.15152740478516,253.18182373046875
1763888691888,147.15152740478516,265.18182373046875
1763888691904,145.15152740478516,288.18182373046875
1763888691921,145.15152740478516,297.18182373046875
1763888691938,144.15152740478516,305.18182373046875
1763888691954,144.15152740478516,311.18182373046875
1763888691971,143.15152740478516,316.18182373046875
1763888691988,142.15152740478516,322.18182373046875
1763888692004,142.15152740478516,325.18182373046875
1763888692021,142.15152740478516,328.18182373046875
1763888692038,142.15152740478516,331.18182373046875
1763888692055,142.15152740478516,333.18182373046875
1763888692071,142.15152740478516,336.18182373046875
1763888692088,142.15152740478516,338.18182373046875
1763888692104,142.15152740478516,341.18182373046875
1763888692121,142.15152740478516,343.18182373046875
1763888692138,142.15152740478516,346.18182373046875
1763888692154,142.15152740478516,353.18182373046875
1763888692171,142.15152740478516,357.18182373046875
1763888692188,142.15152740478516,368.18182373046875
1763888692204,144.15152740478516,374.18182373046875
1763888692221,144.15152740478516,381.18182373046875
1763888692238,144.15152740478516,387.18182373046875
1763888692255,144.15152740478516,390.18182373046875
1763888692271,144.15152740478516,392.18182373046875
1763888692288,144.15152740478516,396.18182373046875
1763888692305,145.15152740478516,399.18182373046875
1763888692321,145.15152740478516,404.18182373046875
1763888692338,145.15152740478516,408.18182373046875
1763888692354,145.15152740478516,414.18182373046875
1763888692371,145.15152740478516,418.18182373046875
1763888692388,145.15152740478516,423.18182373046875
1763888692404,145.15152740478516,428.18182373046875
1763888692421,145.15152740478516,433.18182373046875
1763888692438,145.15152740478516,435.18182373046875
1763888692454,145.15152740478516,437.18182373046875
1763888692471,145.15152740478516,439.18182373046875
1763888692488,144.15152740478516,441.18182373046875
1763888692505,144.15152740478516,442.18182373046875
1763888692521,144.15152740478516,443.18182373046875
1763888692538,144.15152740478516,444.18182373046875
1763888692554,143.15152740478516,444.18182373046875
1763888692576,142.15152740478516,444.18182373046875
1763888692621,142.15152740478516,443.18182373046875
1763888692638,142.15152740478516,441.18182373046875
1763888692654,142.15152740478516,439.18182373046875
1763888692671,142.15152740478516,436.18182373046875
1763888692688,142.15152740478516,427.18182373046875
1763888692704,143.15152740478516,416.18182373046875
1763888692721,145.15152740478516,388.18182373046875
1763888692738,147.15152740478516,376.18182373046875
1763888692754,148.15152740478516,368.18182373046875
1763888692771,150.15152740478516,356.18182373046875
1763888692788,150.15152740478516,350.18182373046875
1763888692804,150.15152740478516,344.18182373046875
1763888692821,150.15152740478516,341.18182373046875
1763888692838,150.15152740478516,339.18182373046875
1763888692854,150.15152740478516,337.18182373046875
1763888692871,150.15152740478516,336.18182373046875
1763888692887,150.15152740478516,334.18182373046875
1763888692904,150.15152740478516,333.18182373046875
1763888692922,150.15152740478516,333.18182373046875
1763888692942,149.15152740478516,333.18182373046875
1763888692956,148.15152740478516,334.18182373046875
1763888692971,148.15152740478516,336.18182373046875
1763888692988,148.15152740478516,339.18182373046875
1763888693004,147.15152740478516,345.18182373046875
1763888693021,145.15152740478516,363.18182373046875
1763888693038,144.15152740478516,379.18182373046875
1763888693054,139.15152740478516,408.18182373046875
1763888693071,136.15152740478516,427.18182373046875
1763888693088,136.15152740478516,439.18182373046875
1763888693104,134.15152740478516,451.18182373046875
1763888693121,134.15152740478516,454.18182373046875
1763888693138,134.15152740478516,457.18182373046875
1763888693154,134.15152740478516,458.18182373046875
1763888693171,134.15152740478516,459.18182373046875
1763888693187,134.15152740478516,459.18182373046875
1763888693219,134.15152740478516,459.18182373046875
1763888693226,134.15152740478516,458.18182373046875
1763888693237,134.15152740478516,457.18182373046875
1763888693254,134.15152740478516,452.18182373046875
1763888693271,134.15152740478516,445.18182373046875
1763888693288,133.15152740478516,431.18182373046875
1763888693304,132.15152740478516,401.18182373046875
1763888693321,131.15152740478516,382.18182373046875
1763888693337,131.15152740478516,364.18182373046875
1763888693354,131.15152740478516,346.18182373046875
1763888693371,131.15152740478516,330.18182373046875
1763888693387,131.15152740478516,312.18182373046875
1763888693404,131.15152740478516,302.18182373046875
1763888693421,131.15152740478516,297.18182373046875
1763888693438,132.15152740478516,296.18182373046875
1763888693454,132.15152740478516,294.18182373046875
1763888693476,132.15152740478516,294.18182373046875
1763888693487,133.15152740478516,294.18182373046875
1763888693537,133.15152740478516,294.18182373046875
1763888693554,134.15152740478516,298.18182373046875
1763888693571,134.15152740478516,304.18182373046875
1763888693587,136.15152740478516,313.18182373046875
1763888693604,136.15152740478516,325.18182373046875
1763888693621,138.15152740478516,356.18182373046875
1763888693637,138.15152740478516,377.18182373046875
1763888693654,137.15152740478516,391.18182373046875
1763888693671,137.15152740478516,409.18182373046875
1763888693687,137.15152740478516,416.18182373046875
1763888693704,137.15152740478516,421.18182373046875
1763888693721,137.15152740478516,425.18182373046875
1763888693738,137.15152740478516,425.18182373046875
1763888693754,137.15152740478516,427.18182373046875
1763888693771,138.15152740478516,428.18182373046875
1763888693787,138.15152740478516,428.18182373046875
1763888693804,139.15152740478516,426.18182373046875
1763888693821,140.15152740478516,422.18182373046875
1763888693837,142.15152740478516,402.18182373046875
1763888693854,144.15152740478516,379.18182373046875
1763888693871,150.15152740478516,325.18182373046875
1763888693887,151.15152740478516,308.18182373046875
1763888693904,153.15152740478516,291.18182373046875
1763888693921,155.15152740478516,265.18182373046875
1763888693937,156.15152740478516,256.18182373046875
1763888693954,158.15152740478516,245.18182373046875
1763888693971,158.15152740478516,242.18182373046875
1763888693988,158.15152740478516,241.18182373046875
1763888694004,158.15152740478516,239.18182373046875
1763888694054,159.15152740478516,240.18182373046875
1763888694071,159.15152740478516,244.18182373046875
1763888694087,159.15152740478516,248.18182373046875
1763888694104,159.15152740478516,253.18182373046875
1763888694121,159.15152740478516,259.18182373046875
1763888694138,158.15152740478516,265.18182373046875
1763888694154,158.15152740478516,270.18182373046875
1763888694171,156.15152740478516,283.18182373046875
1763888694188,154.15152740478516,291.18182373046875
1763888694204,153.15152740478516,301.18182373046875
1763888694221,152.15152740478516,305.18182373046875
1763888694237,151.15152740478516,308.18182373046875
1763888694254,150.15152740478516,310.18182373046875
1763888694271,148.15152740478516,311.18182373046875
1763888694287,147.15152740478516,311.18182373046875
1763888694304,145.15152740478516,311.18182373046875
1763888694321,141.15152740478516,311.18182373046875
1763888694337,138.15152740478516,308.18182373046875
1763888694354,136.15152740478516,304.18182373046875
1763888694371,127.15152740478516,281.18182373046875
1763888694387,119.15152740478516,257.18182373046875
1763888694404,116.15152740478516,237.18182373046875
1763888694421,114.15152740478516,230.18182373046875
1763888694438,113.15152740478516,227.18182373046875
1763888694454,112.15152740478516,225.18182373046875
1763888694471,111.15152740478516,224.18182373046875
1763888694487,110.15152740478516,224.18182373046875
1763888694504,110.15152740478516,224.18182373046875
1763888694521,108.15152740478516,225.18182373046875
1763888694537,107.15152740478516,230.18182373046875
1763888694554,104.15152740478516,237.18182373046875
1763888694570,102.15152740478516,247.18182373046875
1763888694587,100.15152740478516,259.18182373046875
1763888694604,98.15152740478516,274.18182373046875
1763888694621,94.15152740478516,309.18182373046875
1763888694637,92.15152740478516,330.18182373046875
1763888694654,90.15152740478516,351.18182373046875
1763888694671,90.15152740478516,356.18182373046875
1763888694687,90.15152740478516,361.18182373046875
1763888694704,90.15152740478516,362.18182373046875
1763888694721,90.15152740478516,364.18182373046875
1763888694737,90.15152740478516,365.18182373046875
1763888694754,90.15152740478516,365.18182373046875
1763888694771,90.15152740478516,367.18182373046875
1763888694888,90.15152740478516,366.18182373046875
1763888694916,90.15152740478516,365.18182373046875
1763888695400,90.15152740478516,361.18182373046875
1763888695408,90.15152740478516,352.18182373046875
1763888695421,90.15152740478516,344.18182373046875
1763888695437,88.15152740478516,315.18182373046875
1763888695454,88.15152740478516,303.18182373046875
1763888695471,87.15152740478516,296.18182373046875
1763888695487,87.15152740478516,293.18182373046875
1763888695504,87.15152740478516,290.18182373046875
1763888695520,86.15152740478516,287.18182373046875
1763888695537,85.15152740478516,285.18182373046875
1763888695554,85.15152740478516,285.18182373046875
1763888695570,85.15152740478516,284.18182373046875
1763888695620,85.15152740478516,285.18182373046875
1763888695637,85.15152740478516,289.18182373046875
1763888695654,85.15152740478516,297.18182373046875
1763888695670,87.15152740478516,320.18182373046875
1763888695687,87.15152740478516,331.18182373046875
1763888695704,87.15152740478516,340.18182373046875
1763888695720,87.15152740478516,350.18182373046875
1763888695737,88.15152740478516,354.18182373046875
1763888695754,89.15152740478516,360.18182373046875
1763888695770,90.15152740478516,362.18182373046875
1763888695787,90.15152740478516,364.18182373046875
1763888695804,90.15152740478516,367.18182373046875
1763888695821,90.15152740478516,368.18182373046875
1763888695837,90.15152740478516,370.18182373046875
1763888695854,90.15152740478516,371.18182373046875
1763888695904,90.15152740478516,370.18182373046875
1763888695920,88.15152740478516,357.18182373046875
1763888695937,82.15152740478516,334.18182373046875
1763888695954,78.15152740478516,305.18182373046875
1763888695970,76.15152740478516,267.18182373046875
1763888695987,76.15152740478516,250.18182373046875
1763888696004,76.15152740478516,239.18182373046875
1763888696020,76.15152740478516,235.18182373046875
1763888696037,76.15152740478516,231.18182373046875
1763888696054,75.15152740478516,228.18182373046875
1763888696070,74.15152740478516,227.18182373046875
1763888696087,73.15152740478516,224.18182373046875
1763888696104,73.15152740478516,223.18182373046875
1763888696121,73.15152740478516,222.18182373046875
1763888696141,73.15152740478516,221.18182373046875
1763888696169,73.15152740478516,222.18182373046875
1763888696176,73.15152740478516,222.18182373046875
1763888696187,73.15152740478516,224.18182373046875
1763888696204,73.15152740478516,233.18182373046875
1763888696220,75.15152740478516,249.18182373046875
1763888696237,77.15152740478516,268.18182373046875
1763888696254,77.15152740478516,290.18182373046875
1763888696271,77.15152740478516,296.18182373046875
1763888696287,77.15152740478516,305.18182373046875
1763888696304,77.15152740478516,310.18182373046875
1763888696321,77.15152740478516,313.18182373046875
1763888696337,77.15152740478516,316.18182373046875
1763888696354,77.15152740478516,318.18182373046875
1763888696370,77.15152740478516,319.18182373046875
1763888696398,78.15152740478516,319.18182373046875
1763888696411,78.15152740478516,319.18182373046875
1763888696420,79.15152740478516,319.18182373046875
1763888696437,79.15152740478516,317.18182373046875
1763888696454,81.15152740478516,308.18182373046875
1763888696471,81.15152740478516,302.18182373046875
1763888696487,81.15152740478516,293.18182373046875
1763888696504,81.15152740478516,281.18182373046875
1763888696521,82.15152740478516,275.18182373046875
1763888696537,82.15152740478516,271.18182373046875
1763888696554,82.15152740478516,270.18182373046875
1763888696570,82.15152740478516,269.18182373046875
1763888696587,82.15152740478516,270.18182373046875
1763888696604,83.15152740478516,271.18182373046875
1763888696621,84.15152740478516,282.18182373046875
1763888696637,90.15152740478516,323.18182373046875
1763888696654,101.15152740478516,391.18182373046875
1763888696670,104.15152740478516,407.18182373046875
1763888696687,104.15152740478516,414.18182373046875
1763888696704,104.15152740478516,419.18182373046875
1763888696720,104.15152740478516,420.18182373046875
1763888696770,104.15152740478516,419.18182373046875
1763888696787,104.15152740478516,417.18182373046875
1763888696804,104.15152740478516,414.18182373046875
1763888696821,104.15152740478516,410.18182373046875
1763888696837,102.15152740478516,401.18182373046875
1763888696854,102.15152740478516,393.18182373046875
1763888696870,102.15152740478516,379.18182373046875
1763888696887,102.15152740478516,368.18182373046875
1763888696904,102.15152740478516,358.18182373046875
1763888696920,102.15152740478516,345.18182373046875
1763888696937,102.15152740478516,340.18182373046875
1763888696954,103.15152740478516,336.18182373046875
1763888696970,103.15152740478516,336.18182373046875
1763888696987,104.15152740478516,334.18182373046875
1763888697037,104.15152740478516,335.18182373046875
1763888697054,104.15152740478516,336.18182373046875
1763888697070,105.15152740478516,344.18182373046875
1763888697087,105.15152740478516,359.18182373046875
1763888697104,104.15152740478516,382.18182373046875
1763888697120,100.15152740478516,410.18182373046875
1763888697137,99.15152740478516,421.18182373046875
1763888697154,97.15152740478516,424.18182373046875
1763888697170,97.15152740478516,425.18182373046875
1763888697220,97.15152740478516,425.18182373046875
1763888697237,97.15152740478516,420.18182373046875
1763888697254,98.15152740478516,413.18182373046875
1763888697270,100.15152740478516,401.18182373046875
1763888697287,101.15152740478516,390.18182373046875
1763888697304,102.15152740478516,373.18182373046875
1763888697320,104.15152740478516,348.18182373046875
1763888697337,106.15152740478516,337.18182373046875
1763888697354,106.15152740478516,331.18182373046875
1763888697370,106.15152740478516,330.18182373046875
1763888697387,106.15152740478516,330.18182373046875
1763888697437,105.15152740478516,330.18182373046875
1763888697454,105.15152740478516,331.18182373046875
1763888697470,103.15152740478516,336.18182373046875
1763888697487,102.15152740478516,342.18182373046875
1763888697504,102.15152740478516,352.18182373046875
1763888697520,101.15152740478516,380.18182373046875
1763888697537,101.15152740478516,405.18182373046875
1763888697554,102.15152740478516,421.18182373046875
1763888697570,102.15152740478516,434.18182373046875
1763888697587,102.15152740478516,436.18182373046875
1763888697603,101.15152740478516,436.18182373046875
1763888697620,100.15152740478516,436.18182373046875
1763888697637,99.15152740478516,433.18182373046875
1763888697654,98.15152740478516,424.18182373046875
1763888697670,96.15152740478516,415.18182373046875
1763888697687,94.15152740478516,401.18182373046875
1763888697704,93.15152740478516,389.18182373046875
1763888697720,93.15152740478516,378.18182373046875
1763888697737,94.15152740478516,370.18182373046875
1763888697754,94.15152740478516,367.18182373046875
1763888697770,96.15152740478516,361.18182373046875
1763888697787,96.15152740478516,360.18182373046875
1763888697803,96.15152740478516,359.18182373046875
1763888697820,96.15152740478516,358.18182373046875
1763888697837,96.15152740478516,357.18182373046875
1763888697854,96.15152740478516,357.18182373046875
1763888697880,96.15152740478516,357.18182373046875
1763888697887,96.15152740478516,359.18182373046875
1763888697903,96.15152740478516,362.18182373046875
1763888697920,96.15152740478516,369.18182373046875
1763888697937,96.15152740478516,384.18182373046875
1763888697954,96.15152740478516,394.18182373046875
1763888697970,94.15152740478516,404.18182373046875
1763888697987,94.15152740478516,407.18182373046875
1763888698004,93.15152740478516,410.18182373046875
1763888698020,93.15152740478516,411.18182373046875
1763888698037,93.15152740478516,411.18182373046875
1763888698053,93.15152740478516,412.18182373046875
1763888698070,93.15152740478516,411.18182373046875
1763888698087,93.15152740478516,410.18182373046875
1763888698103,93.15152740478516,406.18182373046875
1763888698120,93.15152740478516,402.18182373046875
1763888698137,93.15152740478516,397.18182373046875
1763888698153,93.15152740478516,396.18182373046875
1763888698170,93.15152740478516,394.18182373046875
1763888698187,93.15152740478516,392.18182373046875
1763888698198,93.15152740478516,391.18182373046875
1763888699355,88.15152740478516,426.93939208984375
1763888699370,90.15152740478516,430.93939208984375
1763888699387,93.15152740478516,437.93939208984375
1763888699403,101.15152740478516,454.93939208984375
1763888699420,106.15152740478516,466.93939208984375
1763888699437,107.15152740478516,470.93939208984375
1763888699453,109.15152740478516,475.93939208984375
1763888699470,109.15152740478516,476.93939208984375
1763888699487,110.15152740478516,477.93939208984375
1763888699503,110.15152740478516,477.93939208984375
1763888699620,108.15152740478516,466.93939208984375
1763888699637,105.15152740478516,459.93939208984375
1763888699653,95.15152740478516,444.93939208984375
1763888699670,91.15152740478516,437.93939208984375
1763888699687,88.15152740478516,429.93939208984375
1763888699703,85.15152740478516,423.93939208984375
1763888699720,84.15152740478516,420.93939208984375
1763888699737,84.15152740478516,417.93939208984375
1763888699753,84.15152740478516,416.93939208984375
1763888699770,84.15152740478516,416.93939208984375
1763888699820,84.15152740478516,417.93939208984375
1763888699836,84.15152740478516,419.93939208984375
1763888699853,85.15152740478516,423.93939208984375
1763888699870,85.15152740478516,425.93939208984375
1763888699887,86.15152740478516,429.93939208984375
1763888699903,88.15152740478516,439.93939208984375
1763888699920,91.15152740478516,448.93939208984375
1763888699936,93.15152740478516,457.93939208984375
1763888699953,94.15152740478516,460.93939208984375
1763888699970,94.15152740478516,462.93939208984375
1763888699986,95.15152740478516,463.93939208984375
1763888700003,96.15152740478516,464.93939208984375
1763888700034,96.15152740478516,464.93939208984375
1763888700040,96.15152740478516,463.93939208984375
1763888700053,97.15152740478516,463.93939208984375
1763888700070,98.15152740478516,460.93939208984375
1763888700087,99.15152740478516,456.93939208984375
1763888700103,102.15152740478516,445.93939208984375
1763888700120,103.15152740478516,437.93939208984375
1763888700136,104.15152740478516,433.93939208984375
1763888700153,105.15152740478516,426.93939208984375
1763888700170,105.15152740478516,424.93939208984375
1763888700186,105.15152740478516,423.93939208984375
1763888700203,105.15152740478516,422.93939208984375
1763888700220,105.15152740478516,420.93939208984375
1763888700236,105.15152740478516,420.93939208984375
1763888700262,106.15152740478516,420.93939208984375
1763888700270,106.15152740478516,421.93939208984375
1763888700287,107.15152740478516,424.93939208984375
1763888700303,107.15152740478516,436.93939208984375
1763888700320,107.15152740478516,442.93939208984375
1763888700337,106.15152740478516,449.93939208984375
1763888700353,105.15152740478516,457.93939208984375
1763888700370,105.15152740478516,462.93939208984375
1763888700386,105.15152740478516,465.93939208984375
1763888700403,105.15152740478516,469.93939208984375
1763888700420,105.15152740478516,471.93939208984375
1763888700436,105.15152740478516,472.93939208984375
1763888700453,105.15152740478516,473.93939208984375
1763888700470,105.15152740478516,474.93939208984375
1763888700497,105.15152740478516,473.93939208984375
1763888700512,105.15152740478516,472.93939208984375
1763888700520,105.15152740478516,471.93939208984375
1763888700536,105.15152740478516,468.93939208984375
1763888700553,104.15152740478516,459.93939208984375
1763888700570,103.15152740478516,452.93939208984375
1763888700587,102.15152740478516,449.93939208984375
1763888700603,102.15152740478516,446.93939208984375
1763888700620,102.15152740478516,445.93939208984375
1763888700670,102.15152740478516,447.93939208984375
1763888700686,102.15152740478516,451.93939208984375
1763888700703,102.15152740478516,457.93939208984375
1763888700720,101.15152740478516,468.93939208984375
1763888700736,101.15152740478516,474.93939208984375
1763888700753,101.15152740478516,480.93939208984375
1763888700770,99.15152740478516,487.93939208984375
1763888700787,98.15152740478516,492.93939208984375
1763888700803,98.15152740478516,500.93939208984375
1763888700820,98.15152740478516,503.93939208984375
1763888700836,97.15152740478516,505.93939208984375
1763888700853,97.15152740478516,506.93939208984375
1763888700870,97.15152740478516,506.93939208984375
1763888700886,97.15152740478516,507.93939208984375
1763888700936,98.15152740478516,505.93939208984375
1763888700953,98.15152740478516,503.93939208984375
1763888700970,99.15152740478516,500.93939208984375
1763888700987,99.15152740478516,497.93939208984375
1763888701003,100.15152740478516,493.93939208984375
1763888701020,101.15152740478516,492.93939208984375
1763888701036,101.15152740478516,491.93939208984375
1763888701053,101.15152740478516,488.93939208984375
1763888701070,101.15152740478516,488.93939208984375
1763888701120,101.15152740478516,489.93939208984375
1763888701136,101.15152740478516,492.93939208984375
1763888701153,101.15152740478516,495.93939208984375
1763888701170,101.15152740478516,499.93939208984375
1763888701186,101.15152740478516,500.93939208984375
1763888701203,101.15152740478516,502.93939208984375
1763888701220,101.15152740478516,505.93939208984375
1763888701236,101.15152740478516,506.93939208984375
1763888701253,101.15152740478516,508.93939208984375
1763888701270,101.15152740478516,509.93939208984375
1763888701286,101.15152740478516,510.93939208984375
1763888701303,101.15152740478516,510.93939208984375
1763888701320,102.15152740478516,510.93939208984375
1763888701336,102.15152740478516,508.93939208984375
1763888701353,104.15152740478516,505.93939208984375
1763888701370,105.15152740478516,502.93939208984375
1763888701386,107.15152740478516,497.93939208984375
1763888701403,107.15152740478516,494.93939208984375
1763888701420,108.15152740478516,492.93939208984375
1763888701436,108.15152740478516,491.93939208984375
1763888701453,109.15152740478516,490.93939208984375
1763888701503,109.15152740478516,494.93939208984375
1763888701520,109.15152740478516,497.93939208984375
1763888701536,109.15152740478516,503.93939208984375
1763888701553,109.15152740478516,506.93939208984375
1763888701570,109.15152740478516,509.93939208984375
1763888701586,109.15152740478516,512.9393920898438
1763888701603,109.15152740478516,514.9393920898438
1763888701620,109.15152740478516,515.9393920898438
1763888701636,109.15152740478516,516.9393920898438
1763888701653,109.15152740478516,516.9393920898438
1763888701681,110.15152740478516,516.9393920898438
1763888701696,110.15152740478516,516.9393920898438
1763888701710,110.15152740478516,515.9393920898438
1763888701720,110.15152740478516,514.9393920898438
1763888701736,110.15152740478516,514.9393920898438
1763888701753,110.15152740478516,512.9393920898438
1763888701770,110.15152740478516,509.93939208984375
1763888701786,110.15152740478516,505.93939208984375
1763888701803,110.15152740478516,502.93939208984375
1763888701820,109.15152740478516,500.93939208984375
1763888701836,108.15152740478516,499.93939208984375
1763888701853,108.15152740478516,497.93939208984375
1763888701870,108.15152740478516,497.93939208984375
1763888701886,108.15152740478516,497.93939208984375
1763888701903,107.15152740478516,498.93939208984375
1763888701920,107.15152740478516,501.93939208984375
1763888701936,105.15152740478516,505.93939208984375
1763888701953,104.15152740478516,509.93939208984375
1763888701970,104.15152740478516,512.9393920898438
1763888701986,102.15152740478516,514.9393920898438
1763888702003,102.15152740478516,515.9393920898438
1763888702020,102.15152740478516,516.9393920898438
1763888702036,102.15152740478516,516.9393920898438
1763888702086,102.15152740478516,516.9393920898438
1763888702103,102.15152740478516,514.9393920898438
1763888702120,102.15152740478516,512.9393920898438
1763888702136,103.15152740478516,509.93939208984375
1763888702153,103.15152740478516,502.93939208984375
1763888702170,104.15152740478516,491.93939208984375
1763888702187,105.15152740478516,472.93939208984375
1763888702203,107.15152740478516,443.93939208984375
1763888702220,107.15152740478516,437.93939208984375
1763888702236,107.15152740478516,434.93939208984375
1763888702253,107.15152740478516,434.93939208984375
1763888702271,107.15152740478516,433.93939208984375
1763888702333,107.15152740478516,432.93939208984375
1763888702340,108.15152740478516,432.93939208984375
1763888702353,108.15152740478516,432.93939208984375
1763888702370,108.15152740478516,431.93939208984375
1763888702386,110.15152740478516,429.93939208984375
1763888702403,113.15152740478516,420.93939208984375
1763888702619,124.15152740478516,423.93939208984375
1763888702636,126.15152740478516,430.93939208984375
1763888702653,128.15152740478516,439.93939208984375
1763888702670,130.15152740478516,446.93939208984375
1763888702686,130.15152740478516,452.93939208984375
1763888702703,130.15152740478516,454.93939208984375
1763888702720,130.15152740478516,455.93939208984375
1763888702736,130.15152740478516,457.93939208984375
1763888702753,130.15152740478516,458.93939208984375
1763888702770,130.15152740478516,459.93939208984375
1763888702786,130.15152740478516,459.93939208984375
1763888703213,130.15152740478516,460.93939208984375
1763888703219,130.15152740478516,462.93939208984375
1763888703236,131.15152740478516,474.93939208984375
1763888703253,132.15152740478516,491.93939208984375
1763888703269,133.15152740478516,512.9393920898438
1763888703286,133.15152740478516,519.9393920898438
1763888703303,133.15152740478516,523.9393920898438
1763888703319,133.15152740478516,525.9393920898438
1763888703336,133.15152740478516,525.9393920898438
1763888703353,133.15152740478516,526.9393920898438
1763888703369,133.15152740478516,526.9393920898438
1763888703419,133.15152740478516,526.9393920898438
1763888703436,133.15152740478516,524.9393920898438
1763888703453,133.15152740478516,522.9393920898438
1763888703469,133.15152740478516,516.9393920898438
1763888703486,133.15152740478516,510.93939208984375
1763888703503,133.15152740478516,505.93939208984375
1763888703519,134.15152740478516,489.93939208984375
1763888703536,136.15152740478516,481.93939208984375
1763888703553,136.15152740478516,472.93939208984375
1763888703569,137.15152740478516,468.93939208984375
1763888703586,138.15152740478516,460.93939208984375
1763888703603,138.15152740478516,457.93939208984375
1763888703619,138.15152740478516,454.93939208984375
1763888703636,139.15152740478516,451.93939208984375
1763888703653,139.15152740478516,450.93939208984375
1763888703669,139.15152740478516,449.93939208984375
1763888703690,139.15152740478516,448.93939208984375
1763888703711,139.15152740478516,448.93939208984375
1763888703719,139.15152740478516,449.93939208984375
1763888703736,140.15152740478516,451.93939208984375
1763888703753,140.15152740478516,454.93939208984375
1763888703769,139.15152740478516,457.93939208984375
1763888703786,139.15152740478516,460.93939208984375
1763888703803,138.15152740478516,462.93939208984375
1763888703819,137.15152740478516,464.93939208984375
1763888703836,136.15152740478516,467.93939208984375
1763888703853,135.15152740478516,468.93939208984375
1763888703869,134.15152740478516,472.93939208984375
1763888703886,133.15152740478516,476.93939208984375
1763888703903,133.15152740478516,477.93939208984375
1763888703919,133.15152740478516,479.93939208984375
1763888703936,132.15152740478516,480.93939208984375
1763888703953,132.15152740478516,481.93939208984375
1763888703969,132.15152740478516,482.93939208984375
1763888703995,132.15152740478516,482.93939208984375
1763888704003,132.15152740478516,481.93939208984375
1763888704019,132.15152740478516,479.93939208984375
1763888704036,132.15152740478516,475.93939208984375
1763888704053,132.15152740478516,472.93939208984375
1763888704069,132.15152740478516,471.93939208984375
1763888704086,132.15152740478516,470.93939208984375
1763888704103,132.15152740478516,469.93939208984375
1763888704153,132.15152740478516,470.93939208984375
1763888704169,132.15152740478516,474.93939208984375
1763888704186,131.15152740478516,477.93939208984375
1763888704203,130.15152740478516,482.93939208984375
1763888704219,128.15152740478516,486.93939208984375
1763888704236,127.15152740478516,489.93939208984375
1763888704253,127.15152740478516,491.93939208984375
1763888704269,126.15152740478516,492.93939208984375
1763888704286,126.15152740478516,494.93939208984375
1763888704303,126.15152740478516,495.93939208984375
1763888704321,126.15152740478516,496.93939208984375
1763888704369,127.15152740478516,496.93939208984375
1763888704386,127.15152740478516,495.93939208984375
1763888704403,127.15152740478516,494.93939208984375
1763888704419,128.15152740478516,492.93939208984375
1763888704436,128.15152740478516,491.93939208984375
1763888704453,128.15152740478516,489.93939208984375
1763888704469,128.15152740478516,488.93939208984375
1763888704521,128.15152740478516,489.93939208984375
1763888704536,128.15152740478516,491.93939208984375
1763888704553,128.15152740478516,492.93939208984375
1763888704569,128.15152740478516,496.93939208984375
1763888704586,129.15152740478516,499.93939208984375
1763888704603,130.15152740478516,503.93939208984375
1763888704619,131.15152740478516,508.93939208984375
1763888704636,132.15152740478516,511.93939208984375
1763888704653,132.15152740478516,514.9393920898438
1763888704669,132.15152740478516,515.9393920898438
1763888704686,133.15152740478516,516.9393920898438
1763888704703,133.15152740478516,517.9393920898438
1763888704719,134.15152740478516,518.9393920898438
1763888704736,134.15152740478516,519.9393920898438
1763888704753,134.15152740478516,519.9393920898438
1763888704805,134.15152740478516,518.9393920898438
1763888704819,134.15152740478516,516.9393920898438
1763888704836,134.15152740478516,513.9393920898438
1763888704853,133.15152740478516,509.93939208984375
1763888704869,132.15152740478516,505.93939208984375
1763888704886,131.15152740478516,505.93939208984375
1763888704902,131.15152740478516,503.93939208984375
1763888704919,131.15152740478516,502.93939208984375
1763888704936,130.15152740478516,502.93939208984375
1763888704952,130.15152740478516,501.93939208984375
1763888704971,131.15152740478516,501.93939208984375
1763888704986,131.15152740478516,502.93939208984375
1763888705003,131.15152740478516,504.93939208984375
1763888705019,134.15152740478516,508.93939208984375
1763888705036,140.15152740478516,516.9393920898438
1763888705053,144.15152740478516,520.9393920898438
1763888705069,146.15152740478516,523.9393920898438
1763888705086,147.15152740478516,524.9393920898438
1763888705102,147.15152740478516,525.9393920898438
1763888705186,147.15152740478516,523.9393920898438
1763888705202,145.15152740478516,521.9393920898438
1763888705236,140.15152740478516,513.9393920898438
1763888705253,136.15152740478516,504.93939208984375
1763888705269,127.15152740478516,474.93939208984375
1763888705319,130.15152740478516,358.93939208984375
1763888705336,139.15152740478516,330.93939208984375
1763888705352,155.15152740478516,291.93939208984375
1763888705369,165.15152740478516,272.93939208984375
1763888705402,182.15152740478516,237.93939208984375
1763888705419,183.15152740478516,234.93939208984375
1763888705436,184.15152740478516,234.93939208984375
1763888705486,183.15152740478516,234.93939208984375
1763888705502,183.15152740478516,234.93939208984375
1763888705519,181.15152740478516,236.93939208984375
1763888705536,181.15152740478516,238.93939208984375
1763888705553,179.15152740478516,241.93939208984375
1763888705636,154.15152740478516,358.93939208984375
1763888705652,150.15152740478516,368.93939208984375
1763888705669,148.15152740478516,374.93939208984375
1763888705686,145.15152740478516,379.93939208984375
1763888705702,144.15152740478516,380.93939208984375
1763888705719,144.15152740478516,381.93939208984375
1763888705736,143.15152740478516,382.93939208984375
1763888705752,142.15152740478516,382.93939208984375
1763888705769,142.15152740478516,380.93939208984375
1763888705786,141.15152740478516,380.93939208984375
1763888705802,141.15152740478516,377.93939208984375
1763888705819,141.15152740478516,377.93939208984375
1763888706343,141.15152740478516,380.93939208984375
1763888706352,140.15152740478516,385.93939208984375
1763888706369,137.15152740478516,399.93939208984375
1763888706386,133.15152740478516,411.93939208984375
1763888706402,131.15152740478516,414.93939208984375
1763888706419,131.15152740478516,416.93939208984375
1763888706436,130.15152740478516,417.93939208984375
1763888706452,130.15152740478516,417.93939208984375
1763888706469,130.15152740478516,417.93939208984375
1763888706486,130.15152740478516,412.93939208984375
1763888706502,132.15152740478516,388.93939208984375
1763888706519,133.15152740478516,367.93939208984375
1763888706536,133.15152740478516,339.93939208984375
1763888706552,131.15152740478516,314.93939208984375
1763888706569,130.15152740478516,302.93939208984375
1763888706586,130.15152740478516,295.93939208984375
1763888706602,130.15152740478516,292.93939208984375
1763888706619,130.15152740478516,291.93939208984375
1763888706636,130.15152740478516,289.93939208984375
1763888706652,130.15152740478516,288.93939208984375
1763888706669,130.15152740478516,285.93939208984375
1763888706686,130.15152740478516,283.93939208984375
1763888706702,130.15152740478516,280.93939208984375
1763888706719,130.15152740478516,279.93939208984375
1763888706736,129.15152740478516,279.93939208984375
1763888706785,129.15152740478516,282.93939208984375
1763888706802,129.15152740478516,286.93939208984375
1763888706819,130.15152740478516,293.93939208984375
1763888706836,133.15152740478516,309.93939208984375
1763888706852,133.15152740478516,317.93939208984375
1763888706869,134.15152740478516,328.93939208984375
1763888706886,135.15152740478516,336.93939208984375
1763888706902,136.15152740478516,342.93939208984375
1763888706919,136.15152740478516,348.93939208984375
1763888706936,137.15152740478516,351.93939208984375
1763888706952,138.15152740478516,352.93939208984375
1763888706969,138.15152740478516,353.93939208984375
1763888706986,139.15152740478516,353.93939208984375
1763888707002,139.15152740478516,353.93939208984375
1763888707019,140.15152740478516,352.93939208984375
1763888707035,142.15152740478516,346.93939208984375
1763888707052,143.15152740478516,339.93939208984375
1763888707069,145.15152740478516,328.93939208984375
1763888707085,147.15152740478516,310.93939208984375
1763888707102,148.15152740478516,305.93939208984375
1763888707119,148.15152740478516,301.93939208984375
1763888707136,148.15152740478516,299.93939208984375
1763888707152,148.15152740478516,298.93939208984375
1763888707202,148.15152740478516,300.93939208984375
1763888707219,148.15152740478516,302.93939208984375
1763888707236,150.15152740478516,305.93939208984375
1763888707252,150.15152740478516,310.93939208984375
1763888707269,150.15152740478516,313.93939208984375
1763888707285,150.15152740478516,316.93939208984375
1763888707302,150.15152740478516,317.93939208984375
1763888707319,150.15152740478516,317.93939208984375
1763888707336,150.15152740478516,318.93939208984375
1763888707352,151.15152740478516,319.93939208984375
1763888707369,151.15152740478516,319.93939208984375
1763888707389,151.15152740478516,320.93939208984375
1763888707402,151.15152740478516,320.93939208984375
1763888707419,151.15152740478516,321.93939208984375
1763888707506,151.15152740478516,320.93939208984375
1763888707519,151.15152740478516,320.93939208984375
1763888707535,148.15152740478516,315.93939208984375
1763888707552,146.15152740478516,309.93939208984375
1763888707569,137.15152740478516,283.93939208984375
1763888707585,128.15152740478516,265.93939208984375
1763888707602,118.15152740478516,245.93939208984375
1763888707619,112.15152740478516,235.93939208984375
1763888707636,110.15152740478516,232.93939208984375
1763888707652,108.15152740478516,230.93939208984375
1763888707669,108.15152740478516,230.93939208984375
1763888707687,107.15152740478516,230.93939208984375
1763888707714,107.15152740478516,230.93939208984375
1763888707720,107.15152740478516,231.93939208984375
1763888708310,107.15152740478516,235.93939208984375
1763888708319,107.15152740478516,241.93939208984375
1763888708335,105.15152740478516,265.93939208984375
1763888708352,106.15152740478516,310.93939208984375
1763888708369,106.15152740478516,328.93939208984375
1763888708385,104.15152740478516,343.93939208984375
1763888708402,104.15152740478516,348.93939208984375
1763888708419,103.15152740478516,348.93939208984375
1763888708435,102.15152740478516,350.93939208984375
1763888708452,102.15152740478516,351.93939208984375
1763888708469,101.15152740478516,351.93939208984375
1763888708545,101.15152740478516,350.93939208984375
1763888708552,101.15152740478516,349.93939208984375
1763888708569,101.15152740478516,347.93939208984375
1763888708585,101.15152740478516,344.93939208984375
1763888708602,102.15152740478516,335.93939208984375
1763888708619,103.15152740478516,323.93939208984375
1763888708635,103.15152740478516,310.93939208984375
1763888708652,102.15152740478516,295.93939208984375
1763888708669,102.15152740478516,289.93939208984375
1763888708685,102.15152740478516,283.93939208984375
1763888708702,102.15152740478516,281.93939208984375
1763888708719,102.15152740478516,280.93939208984375
1763888708735,102.15152740478516,279.93939208984375
1763888708769,102.15152740478516,279.93939208984375
1763888708785,102.15152740478516,280.93939208984375
1763888708802,101.15152740478516,286.93939208984375
1763888708819,101.15152740478516,292.93939208984375
1763888708836,101.15152740478516,309.93939208984375
1763888708852,99.15152740478516,344.93939208984375
1763888708869,96.15152740478516,365.93939208984375
1763888708885,94.15152740478516,376.93939208984375
1763888708902,94.15152740478516,378.93939208984375
1763888708919,94.15152740478516,379.93939208984375
1763888708935,94.15152740478516,379.93939208984375
1763888708952,94.15152740478516,379.93939208984375
1763888708969,93.15152740478516,374.93939208984375
1763888708985,93.15152740478516,365.93939208984375
1763888709002,89.15152740478516,345.93939208984375
1763888709019,87.15152740478516,338.93939208984375
1763888709035,86.15152740478516,332.93939208984375
1763888709052,85.15152740478516,326.93939208984375
1763888709069,84.15152740478516,325.93939208984375
1763888709085,84.15152740478516,325.93939208984375
1763888709102,84.15152740478516,324.93939208984375
1763888709126,83.15152740478516,325.93939208984375
1763888709135,83.15152740478516,326.93939208984375
1763888709152,82.15152740478516,330.93939208984375
1763888709169,82.15152740478516,337.93939208984375
1763888709185,82.15152740478516,342.93939208984375
1763888709202,82.15152740478516,351.93939208984375
1763888709219,82.15152740478516,372.93939208984375
1763888709235,82.15152740478516,381.93939208984375
1763888709252,82.15152740478516,386.93939208984375
1763888709268,82.15152740478516,388.93939208984375
1763888709286,82.15152740478516,388.93939208984375
1763888709302,82.15152740478516,389.93939208984375
1763888709319,82.15152740478516,389.93939208984375
1763888709335,82.15152740478516,390.93939208984375
1763888709352,82.15152740478516,391.93939208984375
1763888709369,82.15152740478516,391.93939208984375
1763888709432,83.15152740478516,391.93939208984375
1763888709468,84.15152740478516,391.93939208984375
1763888709485,84.15152740478516,389.93939208984375
1763888709502,85.15152740478516,386.93939208984375
1763888709519,86.15152740478516,384.93939208984375
1763888709535,87.15152740478516,380.93939208984375
1763888709552,88.15152740478516,378.93939208984375
1763888709569,88.15152740478516,377.93939208984375
1763888709585,88.15152740478516,375.93939208984375
1763888709602,88.15152740478516,374.93939208984375
1763888709619,88.15152740478516,374.93939208984375
1763888709635,89.15152740478516,377.93939208984375
1763888709652,90.15152740478516,380.93939208984375
1763888709668,90.15152740478516,388.93939208984375
1763888709685,90.15152740478516,396.93939208984375
1763888709702,91.15152740478516,403.93939208984375
1763888709718,91.15152740478516,406.93939208984375
1763888709735,91.15152740478516,408.93939208984375
1763888709752,91.15152740478516,409.93939208984375
1763888709772,91.15152740478516,408.93939208984375
1763888709785,92.15152740478516,404.93939208984375
1763888709802,94.15152740478516,385.93939208984375
1763888709819,99.15152740478516,340.93939208984375
1763888709835,115.15152740478516,261.93939208984375
1763888709852,122.15152740478516,236.93939208984375
1763888709869,128.15152740478516,216.93939208984375
1763888709885,130.15152740478516,212.93939208984375
1763888709902,131.15152740478516,211.93939208984375
1763888709919,131.15152740478516,210.93939208984375
1763888709944,131.15152740478516,210.93939208984375
1763888709985,132.15152740478516,210.93939208984375
1763888710002,133.15152740478516,209.93939208984375
1763888710019,133.15152740478516,208.93939208984375
1763888710035,134.15152740478516,205.93939208984375
1763888710052,134.15152740478516,202.93939208984375
1763888710068,134.15152740478516,201.93939208984375
1763888710085,134.15152740478516,199.93939208984375
1763888710110,134.15152740478516,199.93939208984375
1763888710526,134.15152740478516,206.93939208984375
1763888710535,134.15152740478516,217.93939208984375
1763888710552,134.15152740478516,243.93939208984375
1763888710569,134.15152740478516,267.93939208984375
1763888710585,134.15152740478516,276.93939208984375
1763888710602,134.15152740478516,283.93939208984375
1763888710618,134.15152740478516,285.93939208984375
1763888710635,134.15152740478516,286.93939208984375
1763888710652,134.15152740478516,287.93939208984375
1763888710668,134.15152740478516,288.93939208984375
1763888710693,134.15152740478516,287.93939208984375
1763888710702,134.15152740478516,286.93939208984375
1763888710718,134.15152740478516,285.93939208984375
1763888710735,133.15152740478516,280.93939208984375
1763888710752,133.15152740478516,276.93939208984375
1763888710768,128.15152740478516,255.93939208984375
1763888710785,125.15152740478516,238.93939208984375
1763888710802,121.15152740478516,218.93939208984375
1763888710818,114.15152740478516,196.93939208984375
1763888710835,113.15152740478516,188.93939208984375
1763888710852,111.15152740478516,185.93939208984375
1763888710868,110.15152740478516,185.93939208984375
1763888710885,110.15152740478516,185.93939208984375
1763888710902,110.15152740478516,186.93939208984375
1763888710918,110.15152740478516,188.93939208984375
1763888710935,110.15152740478516,193.93939208984375
1763888710952,110.15152740478516,196.93939208984375
1763888710968,110.15152740478516,203.93939208984375
1763888710985,110.15152740478516,220.93939208984375
1763888711002,110.15152740478516,237.93939208984375
1763888711018,110.15152740478516,257.93939208984375
1763888711035,110.15152740478516,269.93939208984375
1763888711052,110.15152740478516,283.93939208984375
1763888711068,111.15152740478516,292.93939208984375
1763888711085,111.15152740478516,296.93939208984375
1763888711102,111.15152740478516,299.93939208984375
1763888711118,111.15152740478516,300.93939208984375
1763888711168,112.15152740478516,298.93939208984375
1763888711185,113.15152740478516,290.93939208984375
1763888711202,114.15152740478516,280.93939208984375
1763888711218,115.15152740478516,268.93939208984375
1763888711235,115.15152740478516,252.93939208984375
1763888711252,115.15152740478516,240.93939208984375
1763888711268,115.15152740478516,222.93939208984375
1763888711285,114.15152740478516,214.93939208984375
1763888711302,113.15152740478516,211.93939208984375
1763888711318,113.15152740478516,209.93939208984375
1763888711368,113.15152740478516,210.93939208984375
1763888711385,113.15152740478516,218.93939208984375
1763888711402,115.15152740478516,227.93939208984375
1763888711418,117.15152740478516,244.93939208984375
1763888711435,119.15152740478516,265.93939208984375
1763888711452,119.15152740478516,280.93939208984375
1763888711468,119.15152740478516,300.93939208984375
1763888711485,121.15152740478516,314.93939208984375
1763888711502,121.15152740478516,321.93939208984375
1763888711518,121.15152740478516,325.93939208984375
1763888711535,121.15152740478516,325.93939208984375
1763888711552,121.15152740478516,326.93939208984375
1763888711568,122.15152740478516,325.93939208984375
1763888711585,122.15152740478516,322.93939208984375
1763888711601,123.15152740478516,302.93939208984375
1763888711618,122.15152740478516,282.93939208984375
1763888711635,118.15152740478516,245.93939208984375
1763888711652,116.15152740478516,230.93939208984375
1763888711668,110.15152740478516,210.93939208984375
1763888711685,108.15152740478516,201.93939208984375
1763888711702,104.15152740478516,192.93939208984375
1763888711718,102.15152740478516,187.93939208984375
1763888711735,101.15152740478516,185.93939208984375
1763888711752,100.15152740478516,183.93939208984375
1763888711772,99.15152740478516,183.93939208984375
1763888711785,99.15152740478516,184.93939208984375
1763888711801,99.15152740478516,188.93939208984375
1763888711818,99.15152740478516,192.93939208984375
1763888711835,98.15152740478516,200.93939208984375
1763888711851,97.15152740478516,211.93939208984375
1763888711868,97.15152740478516,228.93939208984375
1763888711885,97.15152740478516,249.93939208984375
1763888711901,97.15152740478516,253.93939208984375
1763888711918,97.15152740478516,254.93939208984375
1763888711935,97.15152740478516,255.93939208984375
1763888711952,97.15152740478516,254.93939208984375
1763888711968,97.15152740478516,252.93939208984375
1763888711985,99.15152740478516,240.93939208984375
1763888712001,99.15152740478516,219.93939208984375
1763888712018,99.15152740478516,212.93939208984375
1763888712035,99.15152740478516,206.93939208984375
1763888712051,98.15152740478516,199.93939208984375
1763888712068,97.15152740478516,194.93939208984375
1763888712085,96.15152740478516,186.93939208984375
1763888712101,95.15152740478516,180.93939208984375
1763888712118,93.15152740478516,176.93939208984375
1763888712135,92.15152740478516,171.93939208984375
1763888712151,91.15152740478516,169.93939208984375
1763888712181,91.15152740478516,169.93939208984375
1763888712195,90.15152740478516,171.93939208984375
1763888712202,90.15152740478516,172.93939208984375
1763888712218,90.15152740478516,177.93939208984375
1763888712235,88.15152740478516,184.93939208984375
1763888712251,88.15152740478516,206.93939208984375
1763888712268,88.15152740478516,231.93939208984375
1763888712285,88.15152740478516,257.93939208984375
1763888712301,88.15152740478516,265.93939208984375
1763888712318,88.15152740478516,266.93939208984375
1763888712335,88.15152740478516,268.93939208984375
1763888712385,88.15152740478516,267.93939208984375
1763888712402,88.15152740478516,266.93939208984375
1763888712418,89.15152740478516,260.93939208984375
1763888712435,89.15152740478516,255.93939208984375
1763888712451,88.15152740478516,242.93939208984375
1763888712468,85.15152740478516,221.93939208984375
1763888712485,85.15152740478516,202.93939208984375
1763888712501,85.15152740478516,185.93939208984375
1763888712518,84.15152740478516,173.93939208984375
1763888712535,82.15152740478516,163.93939208984375
1763888712551,82.15152740478516,159.93939208984375
1763888712568,82.15152740478516,157.93939208984375
1763888712585,82.15152740478516,156.93939208984375
1763888712618,82.15152740478516,157.93939208984375
1763888712635,82.15152740478516,160.93939208984375
1763888712651,82.15152740478516,168.93939208984375
1763888712668,81.15152740478516,182.93939208984375
1763888712685,80.15152740478516,192.93939208984375
1763888712702,79.15152740478516,216.93939208984375
1763888712718,79.15152740478516,234.93939208984375
1763888712735,79.15152740478516,252.93939208984375
1763888712751,78.15152740478516,271.93939208984375
1763888712768,76.15152740478516,277.93939208984375
1763888712785,76.15152740478516,279.93939208984375
1763888712801,76.15152740478516,280.93939208984375
1763888712851,76.15152740478516,279.93939208984375
1763888712868,76.15152740478516,274.93939208984375
1763888712885,76.15152740478516,269.93939208984375
1763888712901,77.15152740478516,249.93939208984375
1763888712918,76.15152740478516,230.93939208984375
1763888712935,76.15152740478516,208.93939208984375
1763888712951,78.15152740478516,184.93939208984375
1763888712968,78.15152740478516,174.93939208984375
1763888712985,78.15152740478516,162.93939208984375
1763888713001,78.15152740478516,159.93939208984375
1763888713018,78.15152740478516,158.93939208984375
1763888713035,78.15152740478516,157.93939208984375
1763888713085,77.15152740478516,159.93939208984375
1763888713101,77.15152740478516,164.93939208984375
1763888713118,79.15152740478516,192.93939208984375
1763888713135,79.15152740478516,215.93939208984375
1763888713151,79.15152740478516,238.93939208984375
1763888713168,79.15152740478516,246.93939208984375
1763888713185,79.15152740478516,251.93939208984375
1763888713201,79.15152740478516,254.93939208984375
1763888713218,79.15152740478516,254.93939208984375
1763888713235,79.15152740478516,256.93939208984375
1763888713255,79.15152740478516,255.93939208984375
1763888713268,79.15152740478516,254.93939208984375
1763888713285,82.15152740478516,249.93939208984375
1763888713301,86.15152740478516,239.93939208984375
1763888713318,94.15152740478516,212.93939208984375
1763888713335,102.15152740478516,191.93939208984375
1763888713351,110.15152740478516,169.93939208984375
1763888713368,115.15152740478516,152.93939208984375
1763888713385,118.15152740478516,146.93939208984375
1763888713401,119.15152740478516,144.93939208984375
1763888713418,119.15152740478516,143.93939208984375
1763888713435,120.15152740478516,143.93939208984375
1763888713455,121.15152740478516,143.93939208984375
1763888713468,121.15152740478516,144.93939208984375
1763888713485,123.15152740478516,148.93939208984375
1763888713501,127.15152740478516,160.93939208984375
1763888713518,133.15152740478516,199.93939208984375
1763888713535,135.15152740478516,215.93939208984375
1763888713551,135.15152740478516,228.93939208984375
1763888713568,135.15152740478516,236.93939208984375
1763888713585,135.15152740478516,239.93939208984375
1763888713601,135.15152740478516,241.93939208984375
1763888713618,135.15152740478516,242.93939208984375
1763888713635,136.15152740478516,242.93939208984375
1763888713651,136.15152740478516,241.93939208984375
1763888713668,137.15152740478516,239.93939208984375
1763888713685,138.15152740478516,232.93939208984375
1763888713701,139.15152740478516,224.93939208984375
1763888713718,141.15152740478516,211.93939208984375
1763888713735,142.15152740478516,194.93939208984375
1763888713751,143.15152740478516,185.93939208984375
1763888713768,144.15152740478516,180.93939208984375
1763888713785,144.15152740478516,179.93939208984375
1763888713801,144.15152740478516,177.93939208984375
1763888713818,144.15152740478516,176.93939208984375
1763888713835,143.15152740478516,176.93939208984375
1763888713851,143.15152740478516,175.93939208984375
1763888713868,142.15152740478516,176.93939208984375
1763888713885,142.15152740478516,177.93939208984375
1763888713901,142.15152740478516,186.93939208984375
1763888713918,141.15152740478516,191.93939208984375
1763888713935,141.15152740478516,201.93939208984375
1763888713951,141.15152740478516,207.93939208984375
1763888713968,141.15152740478516,216.93939208984375
1763888713984,141.15152740478516,218.93939208984375
1763888714001,142.15152740478516,220.93939208984375
1763888714018,142.15152740478516,220.93939208984375
1763888714034,144.15152740478516,221.93939208984375
1763888714051,145.15152740478516,219.93939208984375
1763888714068,148.15152740478516,211.93939208984375
1763888714085,151.15152740478516,194.93939208984375
1763888714101,153.15152740478516,173.93939208984375
1763888714118,153.15152740478516,167.93939208984375
1763888714134,153.15152740478516,160.93939208984375
1763888714151,153.15152740478516,156.93939208984375
1763888714168,153.15152740478516,152.93939208984375
1763888714184,153.15152740478516,150.93939208984375
1763888714204,153.15152740478516,149.93939208984375
1763888714218,153.15152740478516,149.93939208984375
1763888714235,153.15152740478516,149.93939208984375
1763888714251,153.15152740478516,149.93939208984375
1763888714268,154.15152740478516,154.93939208984375
1763888714285,154.15152740478516,159.93939208984375
1763888714301,154.15152740478516,176.93939208984375
1763888714318,154.15152740478516,188.93939208984375
1763888714335,152.15152740478516,201.93939208984375
1763888714351,151.15152740478516,209.93939208984375
1763888714368,151.15152740478516,212.93939208984375
1763888714384,151.15152740478516,214.93939208984375
1763888714401,151.15152740478516,214.93939208984375
1763888714432,151.15152740478516,214.93939208984375
1763888714439,151.15152740478516,212.93939208984375
1763888714451,151.15152740478516,211.93939208984375
1763888714468,151.15152740478516,200.93939208984375
1763888714484,151.15152740478516,190.93939208984375
1763888714501,150.15152740478516,169.93939208984375
1763888714518,148.15152740478516,149.93939208984375
1763888714535,147.15152740478516,132.93939208984375
1763888714551,145.15152740478516,111.93939208984375
1763888714568,145.15152740478516,104.93939208984375
1763888714585,144.15152740478516,99.93939208984375
1763888714605,144.15152740478516,98.93939208984375
1763888714618,144.15152740478516,97.93939208984375
1763888714647,144.15152740478516,98.93939208984375
1763888714654,144.15152740478516,99.93939208984375
1763888714668,144.15152740478516,103.93939208984375
1763888714684,145.15152740478516,109.93939208984375
1763888714701,144.15152740478516,121.93939208984375
1763888714718,142.15152740478516,137.93939208984375
1763888714735,138.15152740478516,150.93939208984375
1763888714751,135.15152740478516,165.93939208984375
1763888714768,133.15152740478516,178.93939208984375
1763888714784,130.15152740478516,191.93939208984375
1763888714801,129.15152740478516,200.93939208984375
1763888714818,129.15152740478516,203.93939208984375
1763888714834,129.15152740478516,206.93939208984375
1763888714851,129.15152740478516,206.93939208984375
1763888714901,129.15152740478516,204.93939208984375
1763888714918,129.15152740478516,186.93939208984375
1763888714934,125.15152740478516,160.93939208984375
1763888714951,122.15152740478516,138.93939208984375
1763888714968,120.15152740478516,123.93939208984375
1763888714984,120.15152740478516,119.93939208984375
1763888715001,120.15152740478516,116.93939208984375
1763888715018,120.15152740478516,115.93939208984375
1763888715034,120.15152740478516,114.93939208984375
1763888715062,120.15152740478516,115.93939208984375
1763888715070,120.15152740478516,116.93939208984375
1763888715084,120.15152740478516,119.93939208984375
1763888715101,120.15152740478516,126.93939208984375
1763888715118,119.15152740478516,151.93939208984375
1763888715134,116.15152740478516,180.93939208984375
1763888715151,114.15152740478516,194.93939208984375
1763888715168,114.15152740478516,207.93939208984375
1763888715184,113.15152740478516,211.93939208984375
1763888715201,113.15152740478516,213.93939208984375
1763888715223,113.15152740478516,214.93939208984375
1763888715249,113.15152740478516,212.93939208984375
1763888715257,113.15152740478516,211.93939208984375
1763888715268,113.15152740478516,209.93939208984375
1763888715284,113.15152740478516,187.93939208984375
1763888715301,112.15152740478516,168.93939208984375
1763888715318,111.15152740478516,147.93939208984375
1763888715334,111.15152740478516,125.93939208984375
1763888715351,111.15152740478516,117.93939208984375
1763888715368,110.15152740478516,112.93939208984375
1763888715384,110.15152740478516,111.93939208984375
1763888715401,109.15152740478516,111.93939208984375
1763888715418,108.15152740478516,111.93939208984375
1763888715434,108.15152740478516,113.93939208984375
1763888715451,105.15152740478516,119.93939208984375
1763888715468,103.15152740478516,125.93939208984375
1763888715484,101.15152740478516,133.93939208984375
1763888715501,98.15152740478516,139.93939208984375
1763888715518,96.15152740478516,145.93939208984375
1763888715534,93.15152740478516,152.93939208984375
1763888715551,93.15152740478516,155.93939208984375
1763888715568,93.15152740478516,157.93939208984375
1763888715584,93.15152740478516,158.93939208984375
1763888715617,93.15152740478516,157.93939208984375
1763888715634,94.15152740478516,155.93939208984375
1763888715651,96.15152740478516,152.93939208984375
1763888715668,98.15152740478516,148.93939208984375
1763888715684,99.15152740478516,144.93939208984375
1763888715701,101.15152740478516,141.93939208984375
1763888715718,101.15152740478516,140.93939208984375
1763888715734,101.15152740478516,139.93939208984375
1763888715751,101.15152740478516,137.93939208984375
1763888715768,101.15152740478516,136.93939208984375
1763888715784,97.15152740478516,136.93939208984375
1763888715801,94.15152740478516,136.93939208984375
1763888715818,91.15152740478516,136.93939208984375
1763888715834,87.15152740478516,137.93939208984375
1763888715851,84.15152740478516,139.93939208984375
1763888715868,81.15152740478516,142.93939208984375
1763888715885,80.15152740478516,143.93939208984375
1763888715901,79.15152740478516,145.93939208984375
1763888715918,78.15152740478516,145.93939208984375
1763888715934,78.15152740478516,145.93939208984375
1763888715956,78.15152740478516,145.93939208984375
1763888715968,79.15152740478516,145.93939208984375
1763888715984,80.15152740478516,142.93939208984375
1763888716001,82.15152740478516,139.93939208984375
1763888716018,84.15152740478516,136.93939208984375
1763888716034,95.15152740478516,121.93939208984375
1763888716051,103.15152740478516,109.93939208984375
1763888716068,118.15152740478516,92.93939208984375
1763888716084,122.15152740478516,86.93939208984375
1763888716101,125.15152740478516,83.93939208984375
1763888716118,127.15152740478516,82.93939208984375
1763888716134,127.15152740478516,82.93939208984375
1763888716151,128.15152740478516,80.93939208984375
1763888716167,128.15152740478516,80.93939208984375
1763888716184,125.15152740478516,80.93939208984375
1763888716201,118.15152740478516,81.93939208984375
1763888716218,105.15152740478516,86.93939208984375
1763888716234,78.15152740478516,102.93939208984375
1763888716251,66.15152740478516,111.93939208984375
1763888716267,57.151527404785156,122.93939208984375
1763888716284,55.151527404785156,125.93939208984375
1763888716301,54.151527404785156,128.93939208984375
1763888716317,51.151527404785156,132.93939208984375
1763888716334,51.151527404785156,134.93939208984375
1763888716351,51.151527404785156,136.93939208984375
1763888716367,51.151527404785156,137.93939208984375
1763888716384,51.151527404785156,139.93939208984375
1763888716434,54.151527404785156,137.93939208984375
1763888716451,56.151527404785156,136.93939208984375
1763888716468,60.151527404785156,132.93939208984375
1763888716484,73.15152740478516,120.93939208984375
1763888716501,85.15152740478516,112.93939208984375
1763888716518,91.15152740478516,107.93939208984375
1763888716534,93.15152740478516,106.93939208984375
1763888716551,95.15152740478516,106.93939208984375
1763888716567,96.15152740478516,105.93939208984375
1763888716584,97.15152740478516,105.93939208984375
1763888716614,96.15152740478516,105.93939208984375
1763888716621,94.15152740478516,105.93939208984375
1763888716634,91.15152740478516,106.93939208984375
1763888716651,84.15152740478516,112.93939208984375
1763888716668,81.15152740478516,116.93939208984375
1763888716684,76.15152740478516,125.93939208984375
1763888716701,73.15152740478516,129.93939208984375
1763888716718,72.15152740478516,134.93939208984375
1763888716734,71.15152740478516,138.93939208984375
1763888716751,71.15152740478516,139.93939208984375
1763888716767,73.15152740478516,140.93939208984375
1763888716784,76.15152740478516,142.93939208984375
1763888716801,87.15152740478516,142.93939208984375
1763888716817,108.15152740478516,139.93939208984375
1763888716834,130.15152740478516,134.93939208984375
1763888716851,151.15152740478516,129.93939208984375
1763888716868,163.15152740478516,129.93939208984375
1763888716884,170.15152740478516,129.93939208984375
1763888716901,173.15152740478516,130.93939208984375
1763888716917,174.15152740478516,131.93939208984375
1763888716934,176.15152740478516,131.93939208984375
1763888716984,172.15152740478516,131.93939208984375
1763888717001,169.15152740478516,130.93939208984375
1763888717017,162.15152740478516,129.93939208984375
1763888717034,157.15152740478516,130.93939208984375
1763888717051,151.15152740478516,134.93939208984375
1763888717067,148.15152740478516,137.93939208984375
1763888717084,147.15152740478516,140.93939208984375
1763888717101,147.15152740478516,145.93939208984375
1763888717118,147.15152740478516,146.93939208984375
1763888717134,147.15152740478516,150.93939208984375
1763888717151,148.15152740478516,153.93939208984375
1763888717168,149.15152740478516,156.93939208984375
1763888717184,151.15152740478516,158.93939208984375
1763888717201,151.15152740478516,158.93939208984375
1763888717217,152.15152740478516,159.93939208984375
1763888717234,153.15152740478516,159.93939208984375
1763888717251,153.15152740478516,157.93939208984375
1763888717267,151.15152740478516,151.93939208984375
1763888717284,149.15152740478516,148.93939208984375
1763888717301,144.15152740478516,142.93939208984375
1763888717318,136.15152740478516,136.93939208984375
1763888717334,131.15152740478516,132.93939208984375
1763888717351,126.15152740478516,130.93939208984375
1763888717367,125.15152740478516,130.93939208984375
1763888717390,125.15152740478516,131.93939208984375
1763888717401,125.15152740478516,131.93939208984375
1763888717417,125.15152740478516,134.93939208984375
1763888717434,128.15152740478516,137.93939208984375
1763888717451,131.15152740478516,141.93939208984375
1763888717467,136.15152740478516,146.93939208984375
1763888717484,140.15152740478516,148.93939208984375
1763888717501,144.15152740478516,150.93939208984375
1763888717517,145.15152740478516,151.93939208984375
1763888717534,147.15152740478516,151.93939208984375
1763888717551,149.15152740478516,151.93939208984375
1763888717567,149.15152740478516,149.93939208984375
1763888717584,148.15152740478516,144.93939208984375
1763888717601,145.15152740478516,140.93939208984375
1763888717617,138.15152740478516,136.93939208984375
1763888717634,124.15152740478516,128.93939208984375
1763888717651,118.15152740478516,125.93939208984375
1763888717667,114.15152740478516,125.93939208984375
1763888717684,114.15152740478516,124.93939208984375
1763888717734,114.15152740478516,124.93939208984375
1763888717751,119.15152740478516,126.93939208984375
1763888717767,127.15152740478516,130.93939208984375
1763888717784,142.15152740478516,136.93939208984375
1763888717801,165.15152740478516,144.93939208984375
1763888717817,171.15152740478516,146.93939208984375
1763888717834,173.15152740478516,146.93939208984375
1763888717851,173.15152740478516,146.93939208984375
1763888717867,171.15152740478516,146.93939208984375
1763888717884,170.15152740478516,146.93939208984375
1763888717901,165.15152740478516,147.93939208984375
1763888717917,154.15152740478516,156.93939208984375
1763888717934,147.15152740478516,169.93939208984375
1763888717951,143.15152740478516,186.93939208984375
1763888717967,143.15152740478516,200.93939208984375
1763888717985,146.15152740478516,221.93939208984375
1763888718001,154.15152740478516,262.93939208984375
1763888718017,157.15152740478516,282.93939208984375
1763888718034,158.15152740478516,293.93939208984375
1763888718051,158.15152740478516,296.93939208984375
1763888718082,158.15152740478516,295.93939208984375
1763888718089,158.15152740478516,294.93939208984375
1763888718101,158.15152740478516,293.93939208984375
1763888718117,154.15152740478516,276.93939208984375
1763888718134,150.15152740478516,256.93939208984375
1763888718151,147.15152740478516,240.93939208984375
1763888718167,142.15152740478516,220.93939208984375
1763888718184,140.15152740478516,212.93939208984375
1763888718201,137.15152740478516,204.93939208984375
1763888718217,136.15152740478516,202.93939208984375
1763888718234,135.15152740478516,201.93939208984375
1763888718251,134.15152740478516,200.93939208984375
1763888718267,135.15152740478516,201.93939208984375
1763888718284,138.15152740478516,211.93939208984375
1763888718301,140.15152740478516,227.93939208984375
1763888718317,142.15152740478516,243.93939208984375
1763888718334,144.15152740478516,291.93939208984375
1763888718351,144.15152740478516,318.93939208984375
1763888718367,144.15152740478516,346.93939208984375
1763888718384,144.15152740478516,360.93939208984375
1763888718401,144.15152740478516,374.93939208984375
1763888718417,144.15152740478516,388.93939208984375
1763888718434,144.15152740478516,389.93939208984375
1763888718451,143.15152740478516,391.93939208984375
1763888718500,143.15152740478516,388.93939208984375
1763888718517,142.15152740478516,382.93939208984375
1763888718534,142.15152740478516,347.93939208984375
1763888718551,145.15152740478516,314.93939208984375
1763888718567,148.15152740478516,286.93939208984375
1763888718584,151.15152740478516,275.93939208984375
1763888718601,152.15152740478516,267.93939208984375
1763888718617,154.15152740478516,262.93939208984375
1763888718634,154.15152740478516,261.93939208984375
1763888718651,154.15152740478516,260.93939208984375
1763888718700,154.15152740478516,261.93939208984375
1763888718717,155.15152740478516,264.93939208984375
1763888718734,155.15152740478516,272.93939208984375
1763888718751,155.15152740478516,281.93939208984375
1763888718767,155.15152740478516,289.93939208984375
1763888718784,155.15152740478516,300.93939208984375
1763888718801,155.15152740478516,306.93939208984375
1763888718817,155.15152740478516,313.93939208984375
1763888718834,155.15152740478516,316.93939208984375
1763888718851,155.15152740478516,319.93939208984375
1763888718868,156.15152740478516,322.93939208984375
1763888718884,156.15152740478516,324.93939208984375
1763888718900,158.15152740478516,325.93939208984375
1763888718917,158.15152740478516,325.93939208984375
1763888718934,159.15152740478516,325.93939208984375
1763888718950,161.15152740478516,322.93939208984375
1763888718967,161.15152740478516,320.93939208984375
1763888718984,163.15152740478516,315.93939208984375
1763888719000,163.15152740478516,314.93939208984375
1763888719017,164.15152740478516,312.93939208984375
1763888719034,164.15152740478516,311.93939208984375
1763888719050,164.15152740478516,310.93939208984375
1763888719101,164.15152740478516,311.93939208984375
1763888719117,163.15152740478516,317.93939208984375
1763888719134,162.15152740478516,323.93939208984375
1763888719150,154.15152740478516,342.93939208984375
1763888719167,151.15152740478516,354.93939208984375
1763888719184,147.15152740478516,364.93939208984375
1763888719200,146.15152740478516,369.93939208984375
1763888719217,145.15152740478516,372.93939208984375
1763888719234,144.15152740478516,374.93939208984375
1763888719250,144.15152740478516,375.93939208984375
1763888719273,144.15152740478516,374.93939208984375
1763888719284,143.15152740478516,372.93939208984375
1763888719301,142.15152740478516,362.93939208984375
1763888719317,139.15152740478516,291.93939208984375
1763888719334,138.15152740478516,254.93939208984375
1763888719350,135.15152740478516,232.93939208984375
1763888719367,135.15152740478516,228.93939208984375
1763888719384,135.15152740478516,226.93939208984375
1763888719400,134.15152740478516,226.93939208984375
1763888719468,134.15152740478516,227.93939208984375
1763888721443,716.1515274047852,209.93939208984375
1763888721450,716.1515274047852,213.93939208984375
1763888721467,716.1515274047852,229.93939208984375
1763888721483,718.1515274047852,250.93939208984375
1763888721533,721.1515274047852,279.93939208984375
1763888721550,721.1515274047852,282.93939208984375
1763888721567,721.1515274047852,282.93939208984375
1763888721583,721.1515274047852,283.93939208984375
1763888721600,721.1515274047852,285.93939208984375
1763888721617,721.1515274047852,285.93939208984375
1763888721633,721.1515274047852,286.93939208984375
1763888721705,721.1515274047852,285.93939208984375
1763888721717,721.1515274047852,284.93939208984375
1763888721733,720.1515274047852,279.93939208984375
1763888721750,718.1515274047852,270.93939208984375
1763888721767,718.1515274047852,256.93939208984375
1763888721783,715.1515274047852,222.93939208984375
1763888721800,715.1515274047852,206.93939208984375
1763888721817,716.1515274047852,193.93939208984375
1763888721833,716.1515274047852,189.93939208984375
1763888721850,716.1515274047852,187.93939208984375
1763888721867,716.1515274047852,186.93939208984375
1763888721884,716.1515274047852,185.93939208984375
1763888721912,716.1515274047852,186.93939208984375
1763888721920,716.1515274047852,188.93939208984375
1763888721933,716.1515274047852,190.93939208984375
1763888721950,716.1515274047852,194.93939208984375
1763888721967,716.1515274047852,202.93939208984375
1763888721983,713.1515274047852,233.93939208984375
1763888722000,711.1515274047852,263.93939208984375
1763888722017,709.1515274047852,283.93939208984375
1763888722033,706.1515274047852,303.93939208984375
1763888722183,706.1515274047852,300.93939208984375
1763888722200,706.1515274047852,296.93939208984375
1763888722217,707.1515274047852,288.93939208984375
1763888722233,708.1515274047852,268.93939208984375
1763888722250,710.1515274047852,251.93939208984375
1763888722267,713.1515274047852,226.93939208984375
1763888722283,713.1515274047852,212.93939208984375
1763888722300,713.1515274047852,203.93939208984375
1763888722317,713.1515274047852,196.93939208984375
1763888722333,713.1515274047852,194.93939208984375
1763888722356,714.1515274047852,194.93939208984375
1763888722377,714.1515274047852,195.93939208984375
1763888722383,714.1515274047852,196.93939208984375
1763888722400,714.1515274047852,199.93939208984375
1763888722417,714.1515274047852,203.93939208984375
1763888722433,714.1515274047852,210.93939208984375
1763888722450,714.1515274047852,219.93939208984375
1763888722467,714.1515274047852,236.93939208984375
1763888722483,714.1515274047852,277.93939208984375
1763888722500,714.1515274047852,294.93939208984375
1763888722517,715.1515274047852,308.93939208984375
1763888722650,718.1515274047852,306.93939208984375
1763888722667,718.1515274047852,302.93939208984375
1763888722683,718.1515274047852,296.93939208984375
1763888722700,718.1515274047852,290.93939208984375
1763888722717,717.1515274047852,279.93939208984375
1763888722733,717.1515274047852,272.93939208984375
1763888722750,716.1515274047852,266.93939208984375
1763888722767,716.1515274047852,260.93939208984375
1763888722783,715.1515274047852,259.93939208984375
1763888722800,715.1515274047852,257.93939208984375
1763888722817,715.1515274047852,257.93939208984375
1763888722848,715.1515274047852,258.93939208984375
1763888722854,715.1515274047852,259.93939208984375
1763888722867,715.1515274047852,260.93939208984375
1763888722883,715.1515274047852,266.93939208984375
1763888722900,715.1515274047852,269.93939208984375
1763888722917,715.1515274047852,272.93939208984375
1763888722933,715.1515274047852,276.93939208984375
1763888722950,715.1515274047852,278.93939208984375
1763888722967,715.1515274047852,281.93939208984375
1763888722983,715.1515274047852,283.93939208984375
1763888723000,715.1515274047852,284.93939208984375
1763888723017,715.1515274047852,285.93939208984375
1763888723048,715.1515274047852,284.93939208984375
1763888723056,715.1515274047852,283.93939208984375
1763888723070,716.1515274047852,282.93939208984375
1763888723083,716.1515274047852,281.93939208984375
1763888723100,716.1515274047852,279.93939208984375
1763888723117,716.1515274047852,277.93939208984375
1763888723133,716.1515274047852,276.93939208984375
1763888723150,715.1515274047852,276.93939208984375
1763888723200,715.1515274047852,279.93939208984375
1763888723216,715.1515274047852,283.93939208984375
1763888723233,715.1515274047852,288.93939208984375
1763888723250,715.1515274047852,294.93939208984375
1763888723266,715.1515274047852,296.93939208984375
1763888723283,714.1515274047852,299.93939208984375
1763888723300,714.1515274047852,302.93939208984375
1763888723317,714.1515274047852,304.93939208984375
1763888723333,713.1515274047852,306.93939208984375
1763888723350,713.1515274047852,306.93939208984375
1763888723375,712.1515274047852,306.93939208984375
1763888723383,712.1515274047852,305.93939208984375
1763888723400,711.1515274047852,301.93939208984375
1763888723417,708.1515274047852,274.93939208984375
1763888723433,707.1515274047852,229.93939208984375
1763888723450,709.1515274047852,195.93939208984375
1763888723466,713.1515274047852,179.93939208984375
1763888723483,715.1515274047852,171.93939208984375
1763888723500,716.1515274047852,168.93939208984375
1763888723517,716.1515274047852,166.93939208984375
1763888723533,716.1515274047852,165.93939208984375
1763888723550,716.1515274047852,165.93939208984375
1763888723568,717.1515274047852,165.93939208984375
1763888723583,717.1515274047852,164.93939208984375
1763888723633,718.1515274047852,166.93939208984375
1763888723650,718.1515274047852,169.93939208984375
1763888723666,718.1515274047852,178.93939208984375
1763888723683,718.1515274047852,189.93939208984375
1763888723700,716.1515274047852,212.93939208984375
1763888723716,716.1515274047852,226.93939208984375
1763888723733,714.1515274047852,234.93939208984375
1763888723750,712.1515274047852,240.93939208984375
1763888723766,711.1515274047852,242.93939208984375
1763888723783,711.1515274047852,244.93939208984375
1763888723800,711.1515274047852,245.93939208984375
1763888723850,711.1515274047852,243.93939208984375
1763888723866,711.1515274047852,240.93939208984375
1763888723883,711.1515274047852,237.93939208984375
1763888723900,712.1515274047852,233.93939208984375
1763888723916,713.1515274047852,226.93939208984375
1763888723933,713.1515274047852,220.93939208984375
1763888723950,713.1515274047852,208.93939208984375
1763888723966,713.1515274047852,203.93939208984375
1763888723983,713.1515274047852,200.93939208984375
1763888724000,713.1515274047852,197.93939208984375
1763888724017,713.1515274047852,196.93939208984375
1763888724040,713.1515274047852,197.93939208984375
1763888724050,713.1515274047852,197.93939208984375
1763888724067,713.1515274047852,200.93939208984375
1763888724083,711.1515274047852,206.93939208984375
1763888724100,710.1515274047852,209.93939208984375
1763888724116,708.1515274047852,215.93939208984375
1763888724133,708.1515274047852,217.93939208984375
1763888724150,708.1515274047852,219.93939208984375
1763888724166,708.1515274047852,222.93939208984375
1763888724183,708.1515274047852,222.93939208984375
1763888724200,708.1515274047852,223.93939208984375
1763888724254,708.1515274047852,222.93939208984375
1763888724267,708.1515274047852,221.93939208984375
1763888724283,709.1515274047852,216.93939208984375
1763888724300,711.1515274047852,207.93939208984375
1763888724316,711.1515274047852,197.93939208984375
1763888724333,715.1515274047852,179.93939208984375
1763888724350,716.1515274047852,174.93939208984375
1763888724366,716.1515274047852,173.93939208984375
1763888724383,716.1515274047852,172.93939208984375
1763888724413,716.1515274047852,174.93939208984375
1763888724420,716.1515274047852,175.93939208984375
1763888724433,716.1515274047852,176.93939208984375
1763888724450,716.1515274047852,191.93939208984375
1763888724467,714.1515274047852,205.93939208984375
1763888724483,710.1515274047852,220.93939208984375
1763888724500,707.1515274047852,225.93939208984375
1763888724517,706.1515274047852,227.93939208984375
1763888724533,705.1515274047852,228.93939208984375
1763888724550,704.1515274047852,229.93939208984375
1763888724579,704.1515274047852,229.93939208984375
1763888724587,704.1515274047852,228.93939208984375
1763888724600,704.1515274047852,226.93939208984375
1763888724616,707.1515274047852,215.93939208984375
1763888724633,711.1515274047852,199.93939208984375
1763888724650,725.1515274047852,161.93939208984375
1763888724666,734.1515274047852,143.93939208984375
1763888724683,738.1515274047852,133.93939208984375
1763888724700,741.1515274047852,128.93939208984375
1763888724716,742.1515274047852,126.93939208984375
1763888724733,742.1515274047852,124.93939208984375
1763888724750,743.1515274047852,123.93939208984375
1763888724780,743.1515274047852,123.93939208984375
1763888724787,743.1515274047852,125.93939208984375
1763888724800,743.1515274047852,126.93939208984375
1763888724816,739.1515274047852,137.93939208984375
1763888724833,734.1515274047852,149.93939208984375
1763888724850,727.1515274047852,163.93939208984375
1763888724866,725.1515274047852,168.93939208984375
1763888724883,724.1515274047852,171.93939208984375
1763888724900,724.1515274047852,172.93939208984375
1763888724919,724.1515274047852,173.93939208984375
1763888724974,724.1515274047852,172.93939208984375
1763888724983,725.1515274047852,171.93939208984375
1763888725000,726.1515274047852,169.93939208984375
1763888725016,728.1515274047852,164.93939208984375
1763888725033,730.1515274047852,160.93939208984375
1763888725050,731.1515274047852,158.93939208984375
1763888725066,732.1515274047852,155.93939208984375
1763888725083,733.1515274047852,153.93939208984375
1763888725100,733.1515274047852,152.93939208984375
1763888725119,733.1515274047852,151.93939208984375
1763888725147,731.1515274047852,152.93939208984375
1763888725154,729.1515274047852,155.93939208984375
1763888725166,728.1515274047852,156.93939208984375
1763888725183,719.1515274047852,166.93939208984375
1763888725200,714.1515274047852,171.93939208984375
1763888725216,713.1515274047852,173.93939208984375
1763888725233,711.1515274047852,175.93939208984375
1763888725250,710.1515274047852,176.93939208984375
1763888725266,710.1515274047852,176.93939208984375
1763888725286,710.1515274047852,175.93939208984375
1763888725300,710.1515274047852,174.93939208984375
1763888725316,712.1515274047852,171.93939208984375
1763888725333,716.1515274047852,164.93939208984375
1763888725350,725.1515274047852,142.93939208984375
1763888725366,734.1515274047852,120.93939208984375
1763888725383,740.1515274047852,104.93939208984375
1763888725516,738.1515274047852,104.93939208984375
1763888725533,736.1515274047852,107.93939208984375
1763888725550,732.1515274047852,112.93939208984375
1763888725566,730.1515274047852,115.93939208984375
1763888725583,728.1515274047852,119.93939208984375
1763888725599,725.1515274047852,123.93939208984375
1763888725616,722.1515274047852,125.93939208984375
1763888725633,721.1515274047852,129.93939208984375
1763888725649,721.1515274047852,131.93939208984375
1763888725666,721.1515274047852,132.93939208984375
1763888725683,721.1515274047852,133.93939208984375
1763888725699,721.1515274047852,134.93939208984375
1763888725716,722.1515274047852,134.93939208984375
1763888725733,724.1515274047852,134.93939208984375
1763888725750,726.1515274047852,134.93939208984375
1763888725766,727.1515274047852,134.93939208984375
1763888725783,728.1515274047852,134.93939208984375
1763888725799,730.1515274047852,133.93939208984375
1763888725816,731.1515274047852,133.93939208984375
1763888725833,732.1515274047852,132.93939208984375
1763888725849,732.1515274047852,131.93939208984375
1763888725868,731.1515274047852,131.93939208984375
1763888725883,730.1515274047852,132.93939208984375
1763888725899,728.1515274047852,135.93939208984375
1763888725916,725.1515274047852,141.93939208984375
1763888725933,717.1515274047852,155.93939208984375
1763888725950,714.1515274047852,160.93939208984375
1763888725966,713.1515274047852,166.93939208984375
1763888725983,713.1515274047852,168.93939208984375
1763888726000,713.1515274047852,169.93939208984375
1763888726016,713.1515274047852,170.93939208984375
1763888726033,714.1515274047852,170.93939208984375
1763888726049,716.1515274047852,169.93939208984375
1763888726066,718.1515274047852,167.93939208984375
1763888726083,721.1515274047852,162.93939208984375
1763888726099,724.1515274047852,158.93939208984375
1763888726116,727.1515274047852,153.93939208984375
1763888726133,730.1515274047852,146.93939208984375
1763888726150,731.1515274047852,144.93939208984375
1763888726166,732.1515274047852,141.93939208984375
1763888726183,732.1515274047852,140.93939208984375
1763888726200,732.1515274047852,139.93939208984375
1763888726216,730.1515274047852,139.93939208984375
1763888726233,728.1515274047852,141.93939208984375
1763888726249,724.1515274047852,146.93939208984375
1763888726266,722.1515274047852,151.93939208984375
1763888726283,721.1515274047852,153.93939208984375
1763888726299,719.1515274047852,155.93939208984375
1763888726316,719.1515274047852,156.93939208984375
1763888726333,719.1515274047852,156.93939208984375
1763888726360,719.1515274047852,156.93939208984375
1763888726366,719.1515274047852,156.93939208984375
1763888726383,721.1515274047852,154.93939208984375
1763888726400,722.1515274047852,151.93939208984375
1763888726416,724.1515274047852,145.93939208984375
1763888726433,726.1515274047852,140.93939208984375
1763888726449,727.1515274047852,135.93939208984375
1763888726466,729.1515274047852,130.93939208984375
1763888726483,729.1515274047852,128.93939208984375
1763888726500,730.1515274047852,126.93939208984375
1763888726516,730.1515274047852,125.93939208984375
1763888726533,730.1515274047852,124.93939208984375
1763888726549,729.1515274047852,124.93939208984375
1763888726566,728.1515274047852,124.93939208984375
1763888726583,726.1515274047852,128.93939208984375
1763888726599,725.1515274047852,133.93939208984375
1763888726616,723.1515274047852,147.93939208984375
1763888726633,721.1515274047852,157.93939208984375
1763888726649,719.1515274047852,165.93939208984375
1763888726666,719.1515274047852,168.93939208984375
1763888726683,719.1515274047852,169.93939208984375
1763888726700,719.1515274047852,170.93939208984375
1763888726716,719.1515274047852,171.93939208984375
1763888726733,719.1515274047852,171.93939208984375
1763888726749,719.1515274047852,171.93939208984375
1763888726766,719.1515274047852,172.93939208984375
1763888726783,719.1515274047852,173.93939208984375
1763888726799,720.1515274047852,174.93939208984375
1763888726816,720.1515274047852,176.93939208984375
1763888726833,720.1515274047852,188.93939208984375
1763888726849,719.1515274047852,203.93939208984375
1763888726866,717.1515274047852,223.93939208984375
1763888726883,716.1515274047852,229.93939208984375
1763888726899,716.1515274047852,233.93939208984375
1763888726916,716.1515274047852,236.93939208984375
1763888726933,716.1515274047852,236.93939208984375
1763888726949,716.1515274047852,237.93939208984375
1763888726999,716.1515274047852,236.93939208984375
1763888727016,716.1515274047852,235.93939208984375
1763888727033,716.1515274047852,232.93939208984375
1763888727052,716.1515274047852,232.93939208984375
1763888727073,716.1515274047852,231.93939208984375
1763888727116,716.1515274047852,234.93939208984375
1763888727133,716.1515274047852,239.93939208984375
1763888727149,716.1515274047852,252.93939208984375
1763888727166,716.1515274047852,261.93939208984375
1763888727183,716.1515274047852,270.93939208984375
1763888727199,716.1515274047852,276.93939208984375
1763888727216,716.1515274047852,278.93939208984375
1763888727233,716.1515274047852,280.93939208984375
1763888727283,716.1515274047852,279.93939208984375
1763888727299,716.1515274047852,277.93939208984375
1763888727316,716.1515274047852,273.93939208984375
1763888727333,716.1515274047852,272.93939208984375
1763888727349,716.1515274047852,271.93939208984375
1763888727366,716.1515274047852,269.93939208984375
1763888729034,853.1515274047852,283.93939208984375
1763888729049,852.1515274047852,289.93939208984375
1763888729066,852.1515274047852,294.93939208984375
1763888729082,852.1515274047852,302.93939208984375
1763888729099,852.1515274047852,305.93939208984375
1763888729116,852.1515274047852,307.93939208984375
1763888729132,852.1515274047852,309.93939208984375
1763888729266,850.1515274047852,308.93939208984375
1763888729282,850.1515274047852,303.93939208984375
1763888729299,849.1515274047852,275.93939208984375
1763888729316,850.1515274047852,259.93939208984375
1763888729332,850.1515274047852,237.93939208984375
1763888729349,850.1515274047852,228.93939208984375
1763888729366,850.1515274047852,222.93939208984375
1763888729382,850.1515274047852,217.93939208984375
1763888729399,850.1515274047852,216.93939208984375
1763888729416,850.1515274047852,215.93939208984375
1763888729432,849.1515274047852,214.93939208984375
1763888729482,849.1515274047852,216.93939208984375
1763888729499,850.1515274047852,222.93939208984375
1763888729516,851.1515274047852,231.93939208984375
1763888729532,851.1515274047852,254.93939208984375
1763888729549,853.1515274047852,269.93939208984375
1763888729566,853.1515274047852,279.93939208984375
1763888729582,853.1515274047852,284.93939208984375
1763888729599,853.1515274047852,285.93939208984375
1763888729616,853.1515274047852,286.93939208984375
1763888729632,853.1515274047852,287.93939208984375
1763888729649,853.1515274047852,288.93939208984375
1763888729671,853.1515274047852,286.93939208984375
1763888729682,853.1515274047852,285.93939208984375
1763888729699,853.1515274047852,282.93939208984375
1763888729716,853.1515274047852,277.93939208984375
1763888729732,853.1515274047852,272.93939208984375
1763888729749,853.1515274047852,256.93939208984375
1763888729766,853.1515274047852,239.93939208984375
1763888729782,851.1515274047852,217.93939208984375
1763888729799,851.1515274047852,208.93939208984375
1763888729816,851.1515274047852,205.93939208984375
1763888729832,851.1515274047852,203.93939208984375
1763888729849,851.1515274047852,203.93939208984375
1763888729899,852.1515274047852,205.93939208984375
1763888729916,853.1515274047852,213.93939208984375
1763888729933,853.1515274047852,220.93939208984375
1763888729949,855.1515274047852,233.93939208984375
1763888729966,855.1515274047852,238.93939208984375
1763888729982,855.1515274047852,242.93939208984375
1763888729999,855.1515274047852,245.93939208984375
1763888730016,855.1515274047852,246.93939208984375
1763888730032,854.1515274047852,246.93939208984375
1763888730049,854.1515274047852,247.93939208984375
1763888730079,854.1515274047852,246.93939208984375
1763888730093,854.1515274047852,246.93939208984375
1763888730100,854.1515274047852,245.93939208984375
1763888730116,854.1515274047852,242.93939208984375
1763888730132,854.1515274047852,237.93939208984375
1763888730149,854.1515274047852,229.93939208984375
1763888730166,854.1515274047852,219.93939208984375
1763888730182,853.1515274047852,212.93939208984375
1763888730199,853.1515274047852,205.93939208984375
1763888730216,852.1515274047852,202.93939208984375
1763888730232,852.1515274047852,199.93939208984375
1763888730249,852.1515274047852,199.93939208984375
1763888730273,852.1515274047852,200.93939208984375
1763888730282,852.1515274047852,202.93939208984375
1763888730299,853.1515274047852,205.93939208984375
1763888730315,853.1515274047852,213.93939208984375
1763888730332,854.1515274047852,218.93939208984375
1763888730349,854.1515274047852,223.93939208984375
1763888730365,854.1515274047852,229.93939208984375
1763888730383,854.1515274047852,230.93939208984375
1763888730399,854.1515274047852,232.93939208984375
1763888730449,854.1515274047852,229.93939208984375
1763888730466,854.1515274047852,226.93939208984375
1763888730482,854.1515274047852,219.93939208984375
1763888730499,851.1515274047852,205.93939208984375
1763888730515,847.1515274047852,183.93939208984375
1763888730532,841.1515274047852,156.93939208984375
1763888730549,838.1515274047852,146.93939208984375
1763888730565,837.1515274047852,142.93939208984375
1763888730582,836.1515274047852,141.93939208984375
1763888730599,836.1515274047852,140.93939208984375
1763888730649,836.1515274047852,141.93939208984375
1763888730666,838.1515274047852,145.93939208984375
1763888730682,840.1515274047852,149.93939208984375
1763888730699,844.1515274047852,157.93939208984375
1763888730716,845.1515274047852,161.93939208984375
1763888730732,848.1515274047852,165.93939208984375
1763888730749,849.1515274047852,168.93939208984375
1763888730766,849.1515274047852,169.93939208984375
1763888730782,850.1515274047852,171.93939208984375
1763888730799,850.1515274047852,172.93939208984375
1763888730815,850.1515274047852,172.93939208984375
1763888730832,851.1515274047852,170.93939208984375
1763888730849,851.1515274047852,166.93939208984375
1763888730865,851.1515274047852,163.93939208984375
1763888730882,850.1515274047852,159.93939208984375
1763888730899,849.1515274047852,155.93939208984375
1763888730916,849.1515274047852,154.93939208984375
1763888730932,849.1515274047852,152.93939208984375
1763888730959,849.1515274047852,153.93939208984375
1763888730966,849.1515274047852,154.93939208984375
1763888730982,849.1515274047852,159.93939208984375
1763888730999,850.1515274047852,165.93939208984375
1763888731015,856.1515274047852,190.93939208984375
1763888731032,858.1515274047852,207.93939208984375
1763888731049,860.1515274047852,222.93939208984375
1763888731065,861.1515274047852,229.93939208984375
1763888731082,861.1515274047852,231.93939208984375
1763888731099,861.1515274047852,231.93939208984375
1763888731116,861.1515274047852,232.93939208984375
1763888731132,861.1515274047852,231.93939208984375
1763888731149,861.1515274047852,228.93939208984375
1763888731166,859.1515274047852,225.93939208984375
1763888731182,857.1515274047852,219.93939208984375
1763888731199,853.1515274047852,206.93939208984375
1763888731215,848.1515274047852,182.93939208984375
1763888731232,838.1515274047852,146.93939208984375
1763888731249,833.1515274047852,131.93939208984375
1763888731265,829.1515274047852,123.93939208984375
1763888731282,828.1515274047852,120.93939208984375
1763888731299,828.1515274047852,119.93939208984375
1763888731315,828.1515274047852,119.93939208984375
1763888731376,828.1515274047852,119.93939208984375
1763888731389,828.1515274047852,120.93939208984375
1763888731399,829.1515274047852,121.93939208984375
1763888731415,830.1515274047852,124.93939208984375
1763888731432,833.1515274047852,131.93939208984375
1763888731449,836.1515274047852,138.93939208984375
1763888731465,839.1515274047852,147.93939208984375
1763888731482,840.1515274047852,151.93939208984375
1763888731499,841.1515274047852,154.93939208984375
1763888731515,842.1515274047852,156.93939208984375
1763888731532,842.1515274047852,157.93939208984375
1763888731549,842.1515274047852,159.93939208984375
1763888731565,843.1515274047852,159.93939208984375
1763888731583,843.1515274047852,159.93939208984375
1763888731599,843.1515274047852,156.93939208984375
1763888731615,843.1515274047852,154.93939208984375
1763888731632,843.1515274047852,146.93939208984375
1763888731649,842.1515274047852,140.93939208984375
1763888731665,841.1515274047852,130.93939208984375
1763888731682,839.1515274047852,123.93939208984375
1763888731699,838.1515274047852,120.93939208984375
1763888731715,838.1515274047852,119.93939208984375
1763888731732,838.1515274047852,119.93939208984375
1763888731749,839.1515274047852,119.93939208984375
1763888731765,839.1515274047852,119.93939208984375
1763888731782,840.1515274047852,119.93939208984375
1763888731799,841.1515274047852,119.93939208984375
1763888731815,841.1515274047852,120.93939208984375
1763888731832,842.1515274047852,120.93939208984375
1763888731849,844.1515274047852,121.93939208984375
1763888731865,844.1515274047852,121.93939208984375
1763888731882,845.1515274047852,121.93939208984375
1763888731932,845.1515274047852,120.93939208984375
1763888731949,844.1515274047852,120.93939208984375
1763888731965,842.1515274047852,118.93939208984375
1763888731982,841.1515274047852,117.93939208984375
1763888731999,841.1515274047852,117.93939208984375
1763888732015,839.1515274047852,117.93939208984375
1763888732040,839.1515274047852,118.93939208984375
1763888732049,839.1515274047852,119.93939208984375
1763888732065,840.1515274047852,120.93939208984375
1763888732082,841.1515274047852,122.93939208984375
1763888732099,841.1515274047852,124.93939208984375
1763888732115,841.1515274047852,125.93939208984375
1763888732132,842.1515274047852,125.93939208984375
1763888732164,842.1515274047852,125.93939208984375
1763888732182,841.1515274047852,123.93939208984375
1763888732199,839.1515274047852,121.93939208984375
1763888732215,832.1515274047852,115.93939208984375
1763888732232,826.1515274047852,110.93939208984375
1763888732249,819.1515274047852,105.93939208984375
1763888732265,816.1515274047852,103.93939208984375
1763888732282,813.1515274047852,102.93939208984375
1763888732299,811.1515274047852,102.93939208984375
1763888732315,811.1515274047852,102.93939208984375
1763888732332,810.1515274047852,102.93939208984375
1763888732349,810.1515274047852,102.93939208984375
1763888732365,810.1515274047852,103.93939208984375
1763888732382,813.1515274047852,107.93939208984375
1763888732399,814.1515274047852,109.93939208984375
1763888732415,817.1515274047852,112.93939208984375
1763888732432,819.1515274047852,113.93939208984375
1763888732449,820.1515274047852,114.93939208984375
1763888732465,822.1515274047852,114.93939208984375
1763888732482,822.1515274047852,114.93939208984375
1763888732499,823.1515274047852,112.93939208984375
1763888732515,822.1515274047852,111.93939208984375
1763888732532,821.1515274047852,110.93939208984375
1763888732549,816.1515274047852,106.93939208984375
1763888732565,808.1515274047852,102.93939208984375
1763888732582,801.1515274047852,99.93939208984375
1763888732599,796.1515274047852,97.93939208984375
1763888732615,793.1515274047852,95.93939208984375
1763888732632,792.1515274047852,94.93939208984375
1763888732649,791.1515274047852,94.93939208984375
1763888732665,791.1515274047852,92.93939208984375
1763888732682,791.1515274047852,92.93939208984375
1763888732698,791.1515274047852,91.93939208984375
1763888732715,791.1515274047852,90.93939208984375
1763888732732,791.1515274047852,89.93939208984375
1763888732748,793.1515274047852,88.93939208984375
1763888732765,793.1515274047852,86.93939208984375
1763888732782,794.1515274047852,84.93939208984375
1763888732799,794.1515274047852,81.93939208984375
1763888732815,794.1515274047852,77.93939208984375
1763888732832,794.1515274047852,67.93939208984375
1763888732849,794.1515274047852,62.93939208984375
1763888732865,794.1515274047852,56.93939208984375
1763888732882,794.1515274047852,52.93939208984375
1763888732899,794.1515274047852,49.93939208984375
1763888732915,794.1515274047852,49.93939208984375
1763888732932,794.1515274047852,48.93939208984375
1763888732982,794.1515274047852,48.93939208984375
1763888732998,793.1515274047852,59.93939208984375
1763888733015,785.1515274047852,94.93939208984375
1763888733032,784.1515274047852,105.93939208984375
1763888733048,784.1515274047852,106.93939208984375
1763888733065,784.1515274047852,107.93939208984375
1763888733115,784.1515274047852,107.93939208984375
1763888733132,785.1515274047852,106.93939208984375
1763888733148,785.1515274047852,105.93939208984375
1763888733165,786.1515274047852,102.93939208984375
1763888733182,787.1515274047852,100.93939208984375
1763888733199,787.1515274047852,95.93939208984375
1763888733215,787.1515274047852,92.93939208984375
1763888733232,788.1515274047852,87.93939208984375
1763888733248,788.1515274047852,85.93939208984375
1763888733265,788.1515274047852,83.93939208984375
1763888733282,788.1515274047852,80.93939208984375
1763888733298,788.1515274047852,79.93939208984375
1763888733315,788.1515274047852,78.93939208984375
1763888734271,788.1515274047852,77.93939208984375
1763888734282,789.1515274047852,76.93939208984375
1763888734298,790.1515274047852,72.93939208984375
1763888734315,791.1515274047852,70.93939208984375
1763888734332,791.1515274047852,68.93939208984375
1763888734348,792.1515274047852,65.93939208984375
1763888734365,793.1515274047852,63.93939208984375
1763888734382,793.1515274047852,62.93939208984375
1763888734398,793.1515274047852,60.93939208984375
1763888734415,793.1515274047852,58.93939208984375
1763888734432,793.1515274047852,56.93939208984375
1763888734448,793.1515274047852,56.93939208984375
1763888734465,793.1515274047852,54.93939208984375
1763888734482,793.1515274047852,53.93939208984375
1763888734498,793.1515274047852,52.93939208984375
1763888735801,803.1515274047852,43.000000953674316
1763888735815,802.1515274047852,42.000000953674316
1763888735831,801.1515274047852,35.000000953674316
1763888735848,798.1515274047852,32.000000953674316
1763888735865,797.1515274047852,28.000000953674316
1763888735881,796.1515274047852,27.000000953674316
1763888735898,794.1515274047852,26.000000953674316
1763888735915,793.1515274047852,24.000000953674316
1763888735932,792.1515274047852,24.000000953674316
1763888735948,791.1515274047852,24.000000953674316
1763888735965,790.1515274047852,24.000000953674316
1763888735981,788.1515274047852,24.000000953674316
1763888735998,787.1515274047852,24.000000953674316
1763888736015,785.1515274047852,24.000000953674316
1763888736031,783.1515274047852,24.000000953674316
1763888736048,782.1515274047852,25.000000953674316
1763888736065,780.1515274047852,26.000000953674316
1763888736081,779.1515274047852,27.000000953674316
1763888736098,778.1515274047852,29.000000953674316
1763888736115,776.1515274047852,32.000000953674316
1763888736131,776.1515274047852,34.000000953674316
1763888736148,774.1515274047852,38.000000953674316
1763888736165,774.1515274047852,40.000000953674316
1763888736181,773.1515274047852,43.000000953674316
1763888736198,773.1515274047852,48.000000953674316
1763888736215,773.1515274047852,53.000000953674316
1763888736231,775.1515274047852,59.000000953674316
1763888736248,776.1515274047852,66.00000095367432
1763888736265,778.1515274047852,71.00000095367432
1763888736281,779.1515274047852,75.00000095367432
1763888736298,781.1515274047852,76.00000095367432
1763888736314,782.1515274047852,78.00000095367432
1763888736331,782.1515274047852,79.00000095367432
1763888736348,783.1515274047852,79.00000095367432
1763888736370,784.1515274047852,79.00000095367432
1763888736383,784.1515274047852,79.00000095367432
1763888736398,784.1515274047852,79.00000095367432
1763888736415,785.1515274047852,77.00000095367432
1763888736431,785.1515274047852,76.00000095367432
1763888736448,784.1515274047852,73.00000095367432
1763888736465,782.1515274047852,70.00000095367432
1763888736481,779.1515274047852,66.00000095367432
1763888736498,775.1515274047852,63.000000953674316
1763888736515,773.1515274047852,60.000000953674316
1763888736531,770.1515274047852,57.000000953674316
1763888736548,769.1515274047852,56.000000953674316
1763888736683,764.1515274047852,50.000000953674316
1763888736731,764.1515274047852,51.000000953674316
1763888736748,764.1515274047852,52.000000953674316
1763888736765,764.1515274047852,53.000000953674316
1763888736781,764.1515274047852,55.000000953674316
1763888736798,765.1515274047852,57.000000953674316
1763888736815,767.1515274047852,61.000000953674316
1763888736831,767.1515274047852,64.00000095367432
1763888736848,768.1515274047852,67.00000095367432
1763888736865,768.1515274047852,69.00000095367432
1763888736881,769.1515274047852,70.00000095367432
1763888736898,770.1515274047852,72.00000095367432
1763888736915,770.1515274047852,72.00000095367432
1763888736931,770.1515274047852,74.00000095367432
1763888736951,770.1515274047852,75.00000095367432
1763888737000,770.1515274047852,74.00000095367432
1763888737014,769.1515274047852,72.00000095367432
1763888737031,767.1515274047852,69.00000095367432
1763888737048,765.1515274047852,67.00000095367432
1763888737065,763.1515274047852,62.000000953674316
1763888737081,761.1515274047852,59.000000953674316
1763888737098,760.1515274047852,56.000000953674316
1763888737115,760.1515274047852,55.000000953674316
1763888737131,759.1515274047852,53.000000953674316
1763888737148,759.1515274047852,52.000000953674316
1763888737165,759.1515274047852,51.000000953674316
1763888737181,759.1515274047852,50.000000953674316
1763888737231,760.1515274047852,51.000000953674316
1763888737248,761.1515274047852,52.000000953674316
1763888737265,762.1515274047852,53.000000953674316
1763888737281,762.1515274047852,53.000000953674316
1763888737298,762.1515274047852,54.000000953674316
1763888737318,763.1515274047852,54.000000953674316
1763888737332,764.1515274047852,54.000000953674316
1763888737353,764.1515274047852,53.000000953674316
1763888737367,764.1515274047852,53.000000953674316
1763888737381,764.1515274047852,51.000000953674316
1763888737398,764.1515274047852,49.000000953674316
1763888737415,764.1515274047852,45.000000953674316
1763888737431,763.1515274047852,36.000000953674316
1763888737448,763.1515274047852,28.000000953674316
1763888737464,763.1515274047852,19.000000953674316
1763888737815,782.1515274047852,12.000000953674316
1763888737831,780.1515274047852,15.000000953674316
1763888737848,778.1515274047852,16.000000953674316
1763888737864,776.1515274047852,16.000000953674316
1763888737881,775.1515274047852,18.000000953674316
1763888737898,773.1515274047852,19.000000953674316
1763888737914,772.1515274047852,21.000000953674316
1763888737931,771.1515274047852,21.000000953674316
1763888737948,771.1515274047852,23.000000953674316
1763888737965,771.1515274047852,24.000000953674316
1763888737981,771.1515274047852,24.000000953674316
1763888737998,771.1515274047852,25.000000953674316
1763888738015,771.1515274047852,26.000000953674316
1763888738032,771.1515274047852,26.000000953674316
1763888738048,773.1515274047852,26.000000953674316
1763888738065,776.1515274047852,26.000000953674316
1763888738081,781.1515274047852,26.000000953674316
1763888738098,787.1515274047852,25.000000953674316
1763888738114,792.1515274047852,24.000000953674316
1763888738131,794.1515274047852,23.000000953674316
1763888738148,796.1515274047852,23.000000953674316
1763888738164,796.1515274047852,21.000000953674316
1763888738181,796.1515274047852,20.000000953674316
1763888738198,796.1515274047852,19.000000953674316
1763888738214,794.1515274047852,18.000000953674316
1763888738231,793.1515274047852,17.000000953674316
1763888738248,788.1515274047852,17.000000953674316
1763888738264,785.1515274047852,17.000000953674316
1763888738281,782.1515274047852,17.000000953674316
1763888738298,779.1515274047852,17.000000953674316
1763888738315,777.1515274047852,18.000000953674316
1763888738331,776.1515274047852,19.000000953674316
1763888738348,775.1515274047852,20.000000953674316
1763888738364,774.1515274047852,21.000000953674316
1763888738381,773.1515274047852,23.000000953674316
1763888738398,773.1515274047852,24.000000953674316
1763888738414,774.1515274047852,26.000000953674316
1763888738431,775.1515274047852,27.000000953674316
1763888738448,778.1515274047852,30.000000953674316
1763888738464,781.1515274047852,33.000000953674316
1763888738481,787.1515274047852,38.000000953674316
1763888738498,793.1515274047852,43.000000953674316
1763888738514,797.1515274047852,45.000000953674316
1763888738531,799.1515274047852,46.000000953674316
1763888738548,800.1515274047852,46.000000953674316
1763888738564,801.1515274047852,46.000000953674316
1763888738581,802.1515274047852,46.000000953674316
1763888738600,802.1515274047852,46.000000953674316
1763888738614,802.1515274047852,44.000000953674316
1763888738631,802.1515274047852,43.000000953674316
1763888738648,802.1515274047852,43.000000953674316
1763888738664,800.1515274047852,43.000000953674316
1763888738681,799.1515274047852,43.000000953674316
1763888738698,799.1515274047852,44.000000953674316
1763888738714,798.1515274047852,47.000000953674316
1763888738731,798.1515274047852,49.000000953674316
1763888738748,799.1515274047852,55.000000953674316
1763888738764,800.1515274047852,57.000000953674316
1763888738781,801.1515274047852,63.000000953674316
1763888738798,802.1515274047852,64.00000095367432
1763888738814,803.1515274047852,66.00000095367432
1763888738831,804.1515274047852,67.00000095367432
1763888738848,804.1515274047852,67.00000095367432
1763888738864,805.1515274047852,67.00000095367432
1763888738891,805.1515274047852,67.00000095367432
1763888738898,805.1515274047852,66.00000095367432
1763888738914,806.1515274047852,64.00000095367432
1763888738931,806.1515274047852,63.000000953674316
1763888738948,804.1515274047852,58.000000953674316
1763888738964,802.1515274047852,56.000000953674316
1763888738981,798.1515274047852,52.000000953674316
1763888738998,796.1515274047852,50.000000953674316
1763888739014,795.1515274047852,49.000000953674316
1763888739031,793.1515274047852,49.000000953674316
1763888739048,791.1515274047852,49.000000953674316
1763888739064,791.1515274047852,50.000000953674316
1763888739081,791.1515274047852,52.000000953674316
1763888739098,791.1515274047852,53.000000953674316
1763888739114,791.1515274047852,55.000000953674316
1763888739131,791.1515274047852,55.000000953674316
1763888739148,791.1515274047852,56.000000953674316
1763888739164,793.1515274047852,56.000000953674316
1763888739181,794.1515274047852,56.000000953674316
1763888739198,797.1515274047852,52.000000953674316
1763888739214,798.1515274047852,47.000000953674316
1763888739231,800.1515274047852,38.000000953674316
1763888739248,799.1515274047852,33.000000953674316
1763888739264,798.1515274047852,29.000000953674316
1763888739281,796.1515274047852,24.000000953674316
1763888739298,794.1515274047852,22.000000953674316
1763888739314,791.1515274047852,21.000000953674316
1763888739331,789.1515274047852,21.000000953674316
1763888739348,786.1515274047852,22.000000953674316
1763888739364,782.1515274047852,26.000000953674316
1763888739381,780.1515274047852,29.000000953674316
1763888739398,777.1515274047852,39.000000953674316
1763888739414,776.1515274047852,51.000000953674316
1763888739431,773.1515274047852,77.00000095367432
1763888739448,773.1515274047852,93.00000095367432
1763888739464,773.1515274047852,115.00000095367432
1763888739481,774.1515274047852,147.00000095367432
1763888739498,775.1515274047852,166.00000095367432
1763888739514,775.1515274047852,180.00000095367432
1763888739531,775.1515274047852,183.00000095367432
1763888739548,775.1515274047852,185.00000095367432
1763888739564,775.1515274047852,186.00000095367432
1763888739581,775.1515274047852,187.00000095367432
1763888739597,775.1515274047852,187.00000095367432
1763888739625,775.1515274047852,187.00000095367432
1763888739639,775.1515274047852,186.00000095367432
1763888739647,776.1515274047852,185.00000095367432
1763888739664,776.1515274047852,183.00000095367432
1763888739681,776.1515274047852,179.00000095367432
1763888739697,776.1515274047852,176.00000095367432
1763888739714,775.1515274047852,170.00000095367432
1763888739731,771.1515274047852,160.00000095367432
1763888739748,770.1515274047852,155.00000095367432
1763888739764,767.1515274047852,152.00000095367432
1763888739781,766.1515274047852,152.00000095367432
1763888739798,765.1515274047852,151.00000095367432
1763888739814,764.1515274047852,151.00000095367432
1763888739831,762.1515274047852,155.00000095367432
1763888739847,760.1515274047852,163.00000095367432
1763888739864,758.1515274047852,173.00000095367432
1763888739881,756.1515274047852,197.00000095367432
1763888739897,754.1515274047852,227.00000095367432
1763888739914,754.1515274047852,241.00000095367432
1763888739931,754.1515274047852,257.0000009536743
1763888739948,755.1515274047852,270.0000009536743
1763888739964,757.1515274047852,279.0000009536743
1763888739981,758.1515274047852,286.0000009536743
1763888739998,759.1515274047852,288.0000009536743
1763888740014,759.1515274047852,290.0000009536743
1763888740064,760.1515274047852,290.0000009536743
1763888740081,761.1515274047852,287.0000009536743
1763888740098,761.1515274047852,283.0000009536743
1763888740114,761.1515274047852,279.0000009536743
1763888740131,760.1515274047852,273.0000009536743
1763888740147,759.1515274047852,269.0000009536743
1763888740164,758.1515274047852,264.0000009536743
1763888740181,756.1515274047852,258.0000009536743
1763888740198,756.1515274047852,257.0000009536743
1763888740214,756.1515274047852,255.00000095367432
1763888740241,756.1515274047852,256.0000009536743
1763888740255,756.1515274047852,257.0000009536743
1763888740269,756.1515274047852,259.0000009536743
1763888740281,756.1515274047852,260.0000009536743
1763888740297,756.1515274047852,270.0000009536743
1763888740314,758.1515274047852,293.0000009536743
1763888740331,758.1515274047852,323.0000009536743
1763888740347,759.1515274047852,359.0000009536743
1763888740364,759.1515274047852,373.0000009536743
1763888740381,759.1515274047852,387.0000009536743
1763888740397,759.1515274047852,390.0000009536743
1763888740414,759.1515274047852,392.0000009536743
1763888740431,759.1515274047852,393.0000009536743
1763888740447,759.1515274047852,394.0000009536743
1763888740464,759.1515274047852,395.0000009536743
1763888740481,759.1515274047852,396.0000009536743
1763888740498,759.1515274047852,396.0000009536743
1763888741074,759.1515274047852,406.0000009536743
1763888741081,759.1515274047852,415.0000009536743
1763888741097,759.1515274047852,436.0000009536743
1763888741114,759.1515274047852,448.0000009536743
1763888741131,759.1515274047852,456.0000009536743
1763888741147,759.1515274047852,459.0000009536743
1763888741164,759.1515274047852,462.0000009536743
1763888741181,759.1515274047852,464.0000009536743
1763888741197,759.1515274047852,466.0000009536743
1763888741214,759.1515274047852,467.0000009536743
1763888741231,759.1515274047852,468.0000009536743
1763888741247,759.1515274047852,470.0000009536743
1763888741264,759.1515274047852,471.0000009536743
1763888741281,759.1515274047852,472.0000009536743
1763888741297,759.1515274047852,473.0000009536743
1763888741314,759.1515274047852,473.0000009536743
1763888741331,759.1515274047852,474.0000009536743
1763888741381,759.1515274047852,472.0000009536743
1763888741397,759.1515274047852,469.0000009536743
1763888741414,759.1515274047852,463.0000009536743
1763888741431,758.1515274047852,456.0000009536743
1763888741447,756.1515274047852,434.0000009536743
1763888741464,754.1515274047852,415.0000009536743
1763888741481,754.1515274047852,408.0000009536743
1763888741497,754.1515274047852,404.0000009536743
1763888741514,754.1515274047852,402.0000009536743
1763888741531,754.1515274047852,401.0000009536743
1763888741551,754.1515274047852,401.0000009536743
1763888741565,754.1515274047852,401.0000009536743
1763888741581,755.1515274047852,401.0000009536743
1763888741599,755.1515274047852,401.0000009536743
1763888741614,756.1515274047852,403.0000009536743
1763888741631,756.1515274047852,407.0000009536743
1763888741647,757.1515274047852,413.0000009536743
1763888741664,759.1515274047852,431.0000009536743
1763888741681,759.1515274047852,440.0000009536743
1763888741697,759.1515274047852,448.0000009536743
1763888741714,759.1515274047852,452.0000009536743
1763888741731,760.1515274047852,456.0000009536743
1763888741747,760.1515274047852,458.0000009536743
1763888741764,760.1515274047852,459.0000009536743
1763888741781,761.1515274047852,460.0000009536743
1763888741807,761.1515274047852,459.0000009536743
1763888741815,761.1515274047852,458.0000009536743
1763888741830,762.1515274047852,456.0000009536743
1763888741847,762.1515274047852,446.0000009536743
1763888741864,762.1515274047852,412.0000009536743
1763888741881,762.1515274047852,395.0000009536743
1763888741897,762.1515274047852,386.0000009536743
1763888741914,762.1515274047852,379.0000009536743
1763888741931,762.1515274047852,378.0000009536743
1763888741947,762.1515274047852,376.0000009536743
1763888741964,762.1515274047852,376.0000009536743
1763888741981,763.1515274047852,376.0000009536743
1763888741997,764.1515274047852,376.0000009536743
1763888742014,764.1515274047852,377.0000009536743
1763888742030,765.1515274047852,381.0000009536743
1763888742047,766.1515274047852,389.0000009536743
1763888742064,766.1515274047852,412.0000009536743
1763888742080,766.1515274047852,424.0000009536743
1763888742097,766.1515274047852,435.0000009536743
1763888742114,766.1515274047852,444.0000009536743
1763888742131,766.1515274047852,450.0000009536743
1763888742147,766.1515274047852,455.0000009536743
1763888742164,766.1515274047852,458.0000009536743
1763888742181,766.1515274047852,460.0000009536743
1763888742197,766.1515274047852,461.0000009536743
1763888742214,766.1515274047852,462.0000009536743
1763888742237,766.1515274047852,461.0000009536743
1763888742247,765.1515274047852,459.0000009536743
1763888742264,765.1515274047852,455.0000009536743
1763888742280,762.1515274047852,431.0000009536743
1763888742297,762.1515274047852,419.0000009536743
1763888742314,762.1515274047852,407.0000009536743
1763888742330,762.1515274047852,403.0000009536743
1763888742347,762.1515274047852,399.0000009536743
1763888742364,762.1515274047852,398.0000009536743
1763888742381,762.1515274047852,396.0000009536743
1763888742397,762.1515274047852,396.0000009536743
1763888742414,762.1515274047852,395.0000009536743
1763888742430,763.1515274047852,395.0000009536743
1763888742447,763.1515274047852,397.0000009536743
1763888742464,764.1515274047852,400.0000009536743
1763888742480,764.1515274047852,410.0000009536743
1763888742497,764.1515274047852,424.0000009536743
1763888742514,764.1515274047852,441.0000009536743
1763888742530,764.1515274047852,448.0000009536743
1763888742547,764.1515274047852,451.0000009536743
1763888742564,764.1515274047852,453.0000009536743
1763888742596,765.1515274047852,453.0000009536743
1763888742614,765.1515274047852,450.0000009536743
1763888742630,765.1515274047852,436.0000009536743
1763888742647,764.1515274047852,384.0000009536743
1763888742664,764.1515274047852,364.0000009536743
1763888742680,762.1515274047852,341.0000009536743
1763888742697,761.1515274047852,332.0000009536743
1763888742714,759.1515274047852,326.0000009536743
1763888742730,759.1515274047852,321.0000009536743
1763888742747,758.1515274047852,319.0000009536743
1763888742764,758.1515274047852,318.0000009536743
1763888742814,758.1515274047852,320.0000009536743
1763888742830,758.1515274047852,324.0000009536743
1763888742847,759.1515274047852,349.0000009536743
1763888742866,759.1515274047852,368.0000009536743
1763888742880,759.1515274047852,386.0000009536743
1763888742897,756.1515274047852,404.0000009536743
1763888742914,756.1515274047852,409.0000009536743
1763888742930,755.1515274047852,413.0000009536743
1763888742947,755.1515274047852,415.0000009536743
1763888742964,755.1515274047852,415.0000009536743
1763888743014,755.1515274047852,411.0000009536743
1763888743030,754.1515274047852,408.0000009536743
1763888743047,751.1515274047852,388.0000009536743
1763888743064,748.1515274047852,370.0000009536743
1763888743080,744.1515274047852,345.0000009536743
1763888743097,741.1515274047852,312.0000009536743
1763888743114,739.1515274047852,297.0000009536743
1763888743130,738.1515274047852,283.0000009536743
1763888743147,737.1515274047852,278.0000009536743
1763888743164,736.1515274047852,273.0000009536743
1763888743180,736.1515274047852,272.0000009536743
1763888743197,736.1515274047852,270.0000009536743
1763888743214,736.1515274047852,270.0000009536743
1763888743234,736.1515274047852,270.0000009536743
1763888743247,736.1515274047852,272.0000009536743
1763888743264,737.1515274047852,278.0000009536743
1763888743281,742.1515274047852,295.0000009536743
1763888743297,755.1515274047852,348.0000009536743
1763888743314,759.1515274047852,375.0000009536743
1763888743330,761.1515274047852,386.0000009536743
1763888743347,761.1515274047852,393.0000009536743
1763888743364,761.1515274047852,395.0000009536743
1763888743380,761.1515274047852,396.0000009536743
1763888743407,761.1515274047852,395.0000009536743
1763888743414,761.1515274047852,395.0000009536743
1763888743430,761.1515274047852,391.0000009536743
1763888743447,761.1515274047852,384.0000009536743
1763888743464,760.1515274047852,366.0000009536743
1763888743480,759.1515274047852,332.0000009536743
1763888743497,759.1515274047852,290.0000009536743
1763888743514,758.1515274047852,259.0000009536743
1763888743530,758.1515274047852,246.00000095367432
1763888743547,758.1515274047852,231.00000095367432
1763888743563,758.1515274047852,227.00000095367432
1763888743580,758.1515274047852,227.00000095367432
1763888743597,758.1515274047852,226.00000095367432
1763888743621,758.1515274047852,227.00000095367432
1763888743630,758.1515274047852,228.00000095367432
1763888743647,759.1515274047852,232.00000095367432
1763888743664,759.1515274047852,242.00000095367432
1763888743680,762.1515274047852,292.0000009536743
1763888743697,762.1515274047852,323.0000009536743
1763888743714,761.1515274047852,347.0000009536743
1763888743730,759.1515274047852,359.0000009536743
1763888743747,757.1515274047852,379.0000009536743
1763888743764,756.1515274047852,387.0000009536743
1763888743780,756.1515274047852,392.0000009536743
1763888743797,755.1515274047852,394.0000009536743
1763888743814,754.1515274047852,394.0000009536743
1763888743836,754.1515274047852,393.0000009536743
1763888743847,753.1515274047852,391.0000009536743
1763888743863,753.1515274047852,386.0000009536743
1763888743880,750.1515274047852,368.0000009536743
1763888743897,747.1515274047852,349.0000009536743
1763888743914,745.1515274047852,313.0000009536743
1763888743930,745.1515274047852,291.0000009536743
1763888743947,745.1515274047852,269.0000009536743
1763888743964,744.1515274047852,247.00000095367432
1763888743980,742.1515274047852,237.00000095367432
1763888743997,742.1515274047852,232.00000095367432
1763888744014,742.1515274047852,230.00000095367432
1763888744030,742.1515274047852,230.00000095367432
1763888744047,742.1515274047852,229.00000095367432
1763888744072,742.1515274047852,230.00000095367432
1763888744080,742.1515274047852,230.00000095367432
1763888744097,742.1515274047852,231.00000095367432
1763888744114,742.1515274047852,233.00000095367432
1763888744130,742.1515274047852,239.00000095367432
1763888744147,743.1515274047852,245.00000095367432
1763888744163,744.1515274047852,261.0000009536743
1763888744180,744.1515274047852,279.0000009536743
1763888744197,744.1515274047852,309.0000009536743
1763888744214,744.1515274047852,327.0000009536743
1763888744230,744.1515274047852,340.0000009536743
1763888744247,744.1515274047852,353.0000009536743
1763888744335,745.1515274047852,355.0000009536743
1763888744347,745.1515274047852,354.0000009536743
1763888744363,745.1515274047852,348.0000009536743
1763888744380,745.1515274047852,341.0000009536743
1763888744397,744.1515274047852,335.0000009536743
1763888744413,741.1515274047852,318.0000009536743
1763888744430,741.1515274047852,310.0000009536743
1763888744447,739.1515274047852,296.0000009536743
1763888744464,738.1515274047852,290.0000009536743
1763888744480,738.1515274047852,285.0000009536743
1763888744497,738.1515274047852,282.0000009536743
1763888744514,738.1515274047852,281.0000009536743
1763888744530,738.1515274047852,281.0000009536743
1763888744547,738.1515274047852,281.0000009536743
1763888744564,738.1515274047852,282.0000009536743
1763888744580,741.1515274047852,293.0000009536743
1763888744597,742.1515274047852,305.0000009536743
1763888744613,744.1515274047852,318.0000009536743
1763888744630,744.1515274047852,322.0000009536743
1763888744647,744.1515274047852,324.0000009536743
1763888744664,744.1515274047852,326.0000009536743
1763888744713,744.1515274047852,324.0000009536743
1763888744730,744.1515274047852,312.0000009536743
1763888744747,744.1515274047852,272.0000009536743
1763888744764,744.1515274047852,239.00000095367432
1763888744780,744.1515274047852,213.00000095367432
1763888744797,744.1515274047852,200.00000095367432
1763888744813,744.1515274047852,186.00000095367432
1763888744830,744.1515274047852,181.00000095367432
1763888744847,745.1515274047852,179.00000095367432
1763888744863,745.1515274047852,176.00000095367432
1763888744880,745.1515274047852,175.00000095367432
1763888744897,745.1515274047852,175.00000095367432
1763888744918,745.1515274047852,174.00000095367432
1763888744966,745.1515274047852,175.00000095367432
1763888744987,745.1515274047852,175.00000095367432
1763888744997,745.1515274047852,176.00000095367432
1763888745014,745.1515274047852,179.00000095367432
1763888745030,745.1515274047852,186.00000095367432
1763888745047,745.1515274047852,195.00000095367432
1763888745063,746.1515274047852,212.00000095367432
1763888745080,746.1515274047852,229.00000095367432
1763888745097,747.1515274047852,238.00000095367432
1763888745114,747.1515274047852,245.00000095367432
1763888745130,747.1515274047852,247.00000095367432
1763888745147,747.1515274047852,248.00000095367432
1763888745163,747.1515274047852,248.00000095367432
1763888745180,748.1515274047852,247.00000095367432
1763888745197,748.1515274047852,244.00000095367432
1763888745213,749.1515274047852,238.00000095367432
1763888745230,752.1515274047852,211.00000095367432
1763888745247,754.1515274047852,183.00000095367432
1763888745263,758.1515274047852,163.00000095367432
1763888745280,760.1515274047852,139.00000095367432
1763888745297,761.1515274047852,131.00000095367432
1763888745313,762.1515274047852,124.00000095367432
1763888745330,762.1515274047852,123.00000095367432
1763888745389,762.1515274047852,124.00000095367432
1763888745397,762.1515274047852,124.00000095367432
1763888745413,762.1515274047852,126.00000095367432
1763888745430,762.1515274047852,134.00000095367432
1763888745447,762.1515274047852,152.00000095367432
1763888745463,762.1515274047852,178.00000095367432
1763888745480,761.1515274047852,204.00000095367432
1763888745497,761.1515274047852,212.00000095367432
1763888745513,760.1515274047852,217.00000095367432
1763888745530,760.1515274047852,219.00000095367432
1763888745547,759.1515274047852,219.00000095367432
1763888745563,759.1515274047852,219.00000095367432
1763888745580,759.1515274047852,219.00000095367432
1763888745597,759.1515274047852,215.00000095367432
1763888745613,759.1515274047852,210.00000095367432
1763888745630,759.1515274047852,203.00000095367432
1763888745647,760.1515274047852,179.00000095367432
1763888745663,763.1515274047852,159.00000095367432
1763888745680,768.1515274047852,143.00000095367432
1763888745697,769.1515274047852,138.00000095367432
1763888745713,770.1515274047852,136.00000095367432
1763888745730,771.1515274047852,133.00000095367432
1763888745747,771.1515274047852,132.00000095367432
1763888745763,772.1515274047852,131.00000095367432
1763888745780,772.1515274047852,129.00000095367432
1763888745797,772.1515274047852,128.00000095367432
1763888745813,772.1515274047852,127.00000095367432
1763888745830,772.1515274047852,126.00000095367432
1763888745847,772.1515274047852,125.00000095367432
1763888745863,771.1515274047852,125.00000095367432
1763888745880,770.1515274047852,126.00000095367432
1763888745896,768.1515274047852,129.00000095367432
1763888745913,767.1515274047852,132.00000095367432
1763888745930,764.1515274047852,136.00000095367432
1763888745947,764.1515274047852,137.00000095367432
1763888745963,762.1515274047852,139.00000095367432
1763888745980,761.1515274047852,141.00000095367432
1763888745997,761.1515274047852,141.00000095367432
1763888746013,761.1515274047852,142.00000095367432
1763888746030,760.1515274047852,142.00000095367432
1763888746047,760.1515274047852,141.00000095367432
1763888746063,760.1515274047852,139.00000095367432
1763888746080,761.1515274047852,136.00000095367432
1763888746096,763.1515274047852,129.00000095367432
1763888746113,764.1515274047852,124.00000095367432
1763888746130,767.1515274047852,113.00000095367432
1763888746146,770.1515274047852,107.00000095367432
1763888746163,772.1515274047852,100.00000095367432
1763888746180,774.1515274047852,93.00000095367432
1763888746196,774.1515274047852,89.00000095367432
1763888746213,774.1515274047852,84.00000095367432
1763888746230,774.1515274047852,80.00000095367432
1763888746247,774.1515274047852,78.00000095367432
1763888746263,774.1515274047852,76.00000095367432
1763888746280,773.1515274047852,75.00000095367432
1763888746297,770.1515274047852,75.00000095367432
1763888746313,768.1515274047852,77.00000095367432
1763888746680,763.1515274047852,91.00000095367432
1763888746697,763.1515274047852,92.00000095367432
1763888746713,761.1515274047852,96.00000095367432
1763888746730,759.1515274047852,100.00000095367432
1763888746746,750.1515274047852,110.00000095367432
1763888746763,746.1515274047852,115.00000095367432
1763888746780,744.1515274047852,118.00000095367432
1763888746797,742.1515274047852,120.00000095367432
1763888746813,741.1515274047852,121.00000095367432
1763888746830,741.1515274047852,122.00000095367432
1763888746858,742.1515274047852,122.00000095367432
1763888746864,742.1515274047852,121.00000095367432
1763888746880,743.1515274047852,120.00000095367432
1763888746897,746.1515274047852,118.00000095367432
1763888746913,750.1515274047852,115.00000095367432
1763888746930,753.1515274047852,113.00000095367432
1763888746947,757.1515274047852,110.00000095367432
1763888746963,760.1515274047852,107.00000095367432
1763888746980,761.1515274047852,106.00000095367432
1763888746997,763.1515274047852,104.00000095367432
1763888747013,764.1515274047852,104.00000095367432
1763888747030,764.1515274047852,103.00000095367432
1763888747046,764.1515274047852,103.00000095367432
1763888747063,764.1515274047852,103.00000095367432
1763888747080,758.1515274047852,106.00000095367432
1763888747097,752.1515274047852,110.00000095367432
1763888747113,747.1515274047852,114.00000095367432
1763888747130,742.1515274047852,118.00000095367432
1763888747147,741.1515274047852,119.00000095367432
1763888747163,740.1515274047852,121.00000095367432
1763888747180,739.1515274047852,121.00000095367432
1763888747210,740.1515274047852,121.00000095367432
1763888747217,741.1515274047852,120.00000095367432
1763888747230,742.1515274047852,120.00000095367432
1763888747246,746.1515274047852,117.00000095367432
1763888747263,748.1515274047852,115.00000095367432
1763888747280,753.1515274047852,112.00000095367432
1763888747296,758.1515274047852,110.00000095367432
1763888747313,760.1515274047852,108.00000095367432
1763888747330,761.1515274047852,107.00000095367432
1763888747346,762.1515274047852,106.00000095367432
1763888747363,763.1515274047852,106.00000095367432
1763888747380,763.1515274047852,107.00000095367432
1763888747396,763.1515274047852,110.00000095367432
1763888747413,760.1515274047852,116.00000095367432
1763888747430,754.1515274047852,127.00000095367432
1763888747446,747.1515274047852,148.00000095367432
1763888747463,742.1515274047852,169.00000095367432
1763888747480,739.1515274047852,186.00000095367432
1763888747530,738.1515274047852,219.00000095367432
1763888747546,738.1515274047852,220.00000095367432
1763888747563,738.1515274047852,221.00000095367432
1763888747585,739.1515274047852,221.00000095367432
1763888747599,739.1515274047852,220.00000095367432
1763888747613,739.1515274047852,219.00000095367432
1763888747630,740.1515274047852,216.00000095367432
1763888747646,741.1515274047852,215.00000095367432
1763888747663,741.1515274047852,210.00000095367432
1763888747680,741.1515274047852,204.00000095367432
1763888747696,740.1515274047852,195.00000095367432
1763888747713,739.1515274047852,189.00000095367432
1763888747730,738.1515274047852,185.00000095367432
1763888747746,738.1515274047852,182.00000095367432
1763888747763,738.1515274047852,181.00000095367432
1763888747780,738.1515274047852,179.00000095367432
1763888747796,738.1515274047852,179.00000095367432
1763888747827,738.1515274047852,179.00000095367432
1763888747834,738.1515274047852,181.00000095367432
1763888747996,747.1515274047852,187.00000095367432
1763888748013,753.1515274047852,156.00000095367432
1763888748030,759.1515274047852,129.00000095367432
1763888748046,762.1515274047852,118.00000095367432
1763888748063,762.1515274047852,113.00000095367432
1763888748125,762.1515274047852,114.00000095367432
1763888748133,762.1515274047852,115.00000095367432
1763888748146,762.1515274047852,118.00000095367432
1763888748163,762.1515274047852,120.00000095367432
1763888748180,762.1515274047852,124.00000095367432
1763888748196,763.1515274047852,150.00000095367432
1763888748213,768.1515274047852,206.00000095367432
1763888748230,781.1515274047852,294.0000009536743
1763888748246,787.1515274047852,328.0000009536743
1763888748263,790.1515274047852,351.0000009536743
1763888748280,794.1515274047852,367.0000009536743
1763888748296,794.1515274047852,369.0000009536743
1763888748313,794.1515274047852,370.0000009536743
1763888748363,795.1515274047852,366.0000009536743
1763888748380,794.1515274047852,359.0000009536743
1763888748396,791.1515274047852,334.0000009536743
1763888748413,787.1515274047852,313.0000009536743
1763888748430,784.1515274047852,288.0000009536743
1763888748446,782.1515274047852,269.0000009536743
1763888748463,781.1515274047852,265.0000009536743
1763888748480,780.1515274047852,259.0000009536743
1763888748496,779.1515274047852,258.0000009536743
1763888748513,779.1515274047852,257.0000009536743
1763888748530,778.1515274047852,257.0000009536743
1763888748548,778.1515274047852,257.0000009536743
1763888748563,777.1515274047852,259.0000009536743
1763888748580,776.1515274047852,261.0000009536743
1763888748596,775.1515274047852,268.0000009536743
1763888748613,774.1515274047852,276.0000009536743
1763888748630,773.1515274047852,289.0000009536743
1763888748646,771.1515274047852,313.0000009536743
1763888748663,769.1515274047852,330.0000009536743
1763888748680,767.1515274047852,340.0000009536743
1763888748696,767.1515274047852,341.0000009536743
1763888748713,767.1515274047852,342.0000009536743
1763888748729,767.1515274047852,341.0000009536743
1763888748747,767.1515274047852,339.0000009536743
1763888748763,767.1515274047852,330.0000009536743
1763888748780,767.1515274047852,318.0000009536743
1763888748796,767.1515274047852,306.0000009536743
1763888748813,767.1515274047852,276.0000009536743
1763888748830,767.1515274047852,264.0000009536743
1763888748846,767.1515274047852,259.0000009536743
1763888748863,767.1515274047852,258.0000009536743
1763888748880,767.1515274047852,258.0000009536743
1763888748901,767.1515274047852,258.0000009536743
1763888748913,767.1515274047852,259.0000009536743
1763888748930,767.1515274047852,264.0000009536743
1763888748946,767.1515274047852,273.0000009536743
1763888748963,767.1515274047852,289.0000009536743
1763888748979,768.1515274047852,326.0000009536743
1763888748996,768.1515274047852,345.0000009536743
1763888749013,768.1515274047852,368.0000009536743
1763888749029,768.1515274047852,373.0000009536743
1763888749046,768.1515274047852,375.0000009536743
1763888749063,768.1515274047852,377.0000009536743
1763888749088,768.1515274047852,376.0000009536743
1763888749096,767.1515274047852,375.0000009536743
1763888749113,767.1515274047852,372.0000009536743
1763888749130,767.1515274047852,361.0000009536743
1763888749146,765.1515274047852,344.0000009536743
1763888749163,762.1515274047852,316.0000009536743
1763888749179,762.1515274047852,283.0000009536743
1763888749196,763.1515274047852,263.0000009536743
1763888749213,764.1515274047852,250.00000095367432
1763888749229,765.1515274047852,247.00000095367432
1763888749246,765.1515274047852,246.00000095367432
1763888749263,765.1515274047852,246.00000095367432
1763888749289,765.1515274047852,246.00000095367432
1763888749296,765.1515274047852,247.00000095367432
1763888749313,765.1515274047852,251.00000095367432
1763888749330,765.1515274047852,260.0000009536743
1763888749346,765.1515274047852,297.0000009536743
1763888749363,763.1515274047852,323.0000009536743
1763888749380,759.1515274047852,345.0000009536743
1763888749396,758.1515274047852,357.0000009536743
1763888749413,756.1515274047852,365.0000009536743
1763888749429,756.1515274047852,372.0000009536743
1763888749446,755.1515274047852,373.0000009536743
1763888749463,754.1515274047852,373.0000009536743
1763888749479,754.1515274047852,370.0000009536743
1763888749496,754.1515274047852,363.0000009536743
1763888749513,753.1515274047852,333.0000009536743
1763888749529,751.1515274047852,313.0000009536743
1763888749546,754.1515274047852,282.0000009536743
1763888749563,757.1515274047852,264.0000009536743
1763888749579,759.1515274047852,250.00000095367432
1763888749596,761.1515274047852,239.00000095367432
1763888749613,762.1515274047852,236.00000095367432
1763888749629,762.1515274047852,234.00000095367432
1763888749646,762.1515274047852,233.00000095367432
1763888749677,762.1515274047852,234.00000095367432
1763888749684,762.1515274047852,235.00000095367432
1763888749696,762.1515274047852,236.00000095367432
1763888749713,762.1515274047852,247.00000095367432
1763888749729,762.1515274047852,266.0000009536743
1763888749746,763.1515274047852,297.0000009536743
1763888749763,762.1515274047852,347.0000009536743
1763888749779,761.1515274047852,367.0000009536743
1763888749796,758.1515274047852,389.0000009536743
1763888749813,757.1515274047852,396.0000009536743
1763888749829,756.1515274047852,398.0000009536743
1763888749846,755.1515274047852,398.0000009536743
1763888749863,754.1515274047852,396.0000009536743
1763888749879,754.1515274047852,391.0000009536743
1763888749896,754.1515274047852,383.0000009536743
1763888749913,751.1515274047852,349.0000009536743
1763888749930,751.1515274047852,304.0000009536743
1763888749946,754.1515274047852,258.0000009536743
1763888749963,758.1515274047852,207.00000095367432
1763888749980,758.1515274047852,185.00000095367432
1763888749996,761.1515274047852,165.00000095367432
1763888750013,761.1515274047852,160.00000095367432
1763888750030,761.1515274047852,158.00000095367432
1763888750046,761.1515274047852,155.00000095367432
1763888750065,761.1515274047852,155.00000095367432
1763888750113,761.1515274047852,157.00000095367432
1763888750129,759.1515274047852,172.00000095367432
1763888750146,759.1515274047852,190.00000095367432
1763888750163,754.1515274047852,220.00000095367432
1763888750179,751.1515274047852,233.00000095367432
1763888750196,750.1515274047852,240.00000095367432
1763888750213,749.1515274047852,244.00000095367432
1763888750229,748.1515274047852,246.00000095367432
1763888750246,748.1515274047852,247.00000095367432
1763888750273,748.1515274047852,246.00000095367432
1763888750279,748.1515274047852,244.00000095367432
1763888750296,748.1515274047852,239.00000095367432
1763888750313,748.1515274047852,230.00000095367432
1763888750329,746.1515274047852,207.00000095367432
1763888750346,745.1515274047852,185.00000095367432
1763888750363,745.1515274047852,158.00000095367432
1763888750379,745.1515274047852,144.00000095367432
1763888750396,745.1515274047852,138.00000095367432
1763888750413,745.1515274047852,135.00000095367432
1763888750432,745.1515274047852,135.00000095367432
1763888750479,745.1515274047852,136.00000095367432
1763888750496,745.1515274047852,143.00000095367432
1763888750513,745.1515274047852,158.00000095367432
1763888750529,750.1515274047852,198.00000095367432
1763888750546,753.1515274047852,218.00000095367432
1763888750562,753.1515274047852,227.00000095367432
1763888750579,754.1515274047852,237.00000095367432
1763888750596,756.1515274047852,240.00000095367432
1763888750613,757.1515274047852,244.00000095367432
1763888750629,758.1515274047852,244.00000095367432
1763888750646,759.1515274047852,245.00000095367432
1763888750662,761.1515274047852,245.00000095367432
1763888750679,763.1515274047852,244.00000095367432
1763888750696,767.1515274047852,237.00000095367432
1763888750713,772.1515274047852,227.00000095367432
1763888750729,778.1515274047852,209.00000095367432
1763888750746,782.1515274047852,182.00000095367432
1763888750763,784.1515274047852,170.00000095367432
1763888750779,784.1515274047852,166.00000095367432
1763888750796,784.1515274047852,165.00000095367432
1763888750813,784.1515274047852,164.00000095367432
1763888750834,784.1515274047852,165.00000095367432
1763888750846,784.1515274047852,166.00000095367432
1763888750862,784.1515274047852,176.00000095367432
1763888750879,786.1515274047852,204.00000095367432
1763888750896,796.1515274047852,252.00000095367432
1763888750913,802.1515274047852,288.0000009536743
1763888750929,803.1515274047852,299.0000009536743
1763888750946,807.1515274047852,320.0000009536743
1763888750963,808.1515274047852,333.0000009536743
1763888750979,809.1515274047852,339.0000009536743
1763888750996,810.1515274047852,339.0000009536743
1763888751021,810.1515274047852,339.0000009536743
1763888751029,810.1515274047852,338.0000009536743
1763888751046,810.1515274047852,330.0000009536743
1763888751063,808.1515274047852,301.0000009536743
1763888751079,805.1515274047852,264.0000009536743
1763888751096,803.1515274047852,228.00000095367432
1763888751113,801.1515274047852,183.00000095367432
1763888751129,802.1515274047852,167.00000095367432
1763888751146,802.1515274047852,155.00000095367432
1763888751163,802.1515274047852,152.00000095367432
1763888751179,802.1515274047852,152.00000095367432
1763888751229,802.1515274047852,153.00000095367432
1763888751246,802.1515274047852,157.00000095367432
1763888751263,802.1515274047852,164.00000095367432
1763888751279,805.1515274047852,187.00000095367432
1763888751296,810.1515274047852,210.00000095367432
1763888751312,814.1515274047852,236.00000095367432
1763888751329,816.1515274047852,252.00000095367432
1763888751346,816.1515274047852,268.0000009536743
1763888751362,819.1515274047852,284.0000009536743
1763888751379,819.1515274047852,289.0000009536743
1763888751396,819.1515274047852,290.0000009536743
1763888751412,819.1515274047852,291.0000009536743
1763888751436,819.1515274047852,290.0000009536743
1763888751446,819.1515274047852,288.0000009536743
1763888751463,819.1515274047852,278.0000009536743
1763888751479,815.1515274047852,236.00000095367432
1763888751496,812.1515274047852,193.00000095367432
1763888751512,811.1515274047852,159.00000095367432
1763888751529,810.1515274047852,144.00000095367432
1763888751546,810.1515274047852,136.00000095367432
1763888751562,811.1515274047852,133.00000095367432
1763888751582,811.1515274047852,133.00000095367432
1763888751596,812.1515274047852,133.00000095367432
1763888751613,812.1515274047852,134.00000095367432
1763888751629,813.1515274047852,135.00000095367432
1763888751646,813.1515274047852,141.00000095367432
1763888751662,815.1515274047852,149.00000095367432
1763888751679,823.1515274047852,219.00000095367432
1763888751696,828.1515274047852,267.0000009536743
1763888751712,828.1515274047852,281.0000009536743
1763888751729,827.1515274047852,296.0000009536743
1763888751746,826.1515274047852,299.0000009536743
1763888751763,825.1515274047852,302.0000009536743
1763888751779,825.1515274047852,302.0000009536743
1763888751797,825.1515274047852,303.0000009536743
1763888751812,824.1515274047852,303.0000009536743
1763888751829,824.1515274047852,302.0000009536743
1763888751846,824.1515274047852,298.0000009536743
1763888751862,823.1515274047852,293.0000009536743
1763888751879,823.1515274047852,281.0000009536743
1763888751896,824.1515274047852,248.00000095367432
1763888751912,825.1515274047852,222.00000095367432
1763888751929,825.1515274047852,203.00000095367432
1763888751962,827.1515274047852,186.00000095367432
1763888751979,827.1515274047852,184.00000095367432
1763888752011,826.1515274047852,184.00000095367432
1763888752029,826.1515274047852,186.00000095367432
1763888752046,825.1515274047852,188.00000095367432
1763888752062,825.1515274047852,195.00000095367432
1763888752079,824.1515274047852,200.00000095367432
1763888752096,822.1515274047852,210.00000095367432
1763888752112,821.1515274047852,215.00000095367432
1763888752129,819.1515274047852,221.00000095367432
1763888752146,818.1515274047852,225.00000095367432
1763888752162,817.1515274047852,226.00000095367432
1763888752179,816.1515274047852,228.00000095367432
1763888752196,816.1515274047852,228.00000095367432
1763888752212,814.1515274047852,226.00000095367432
1763888752229,814.1515274047852,221.00000095367432
1763888752246,813.1515274047852,207.00000095367432
1763888752262,812.1515274047852,175.00000095367432
1763888752279,811.1515274047852,152.00000095367432
1763888752296,809.1515274047852,136.00000095367432
1763888752312,808.1515274047852,129.00000095367432
1763888752329,808.1515274047852,127.00000095367432
1763888752346,807.1515274047852,126.00000095367432
1763888752365,807.1515274047852,126.00000095367432
1763888752379,807.1515274047852,127.00000095367432
1763888752396,807.1515274047852,132.00000095367432
1763888752412,807.1515274047852,136.00000095367432
1763888752429,808.1515274047852,144.00000095367432
1763888752446,809.1515274047852,148.00000095367432
1763888752462,810.1515274047852,155.00000095367432
1763888752479,810.1515274047852,159.00000095367432
1763888752496,811.1515274047852,167.00000095367432
1763888752512,811.1515274047852,179.00000095367432
1763888752529,811.1515274047852,194.00000095367432
1763888752546,808.1515274047852,213.00000095367432
1763888752562,807.1515274047852,219.00000095367432
1763888752579,804.1515274047852,225.00000095367432
1763888752596,803.1515274047852,228.00000095367432
1763888752612,802.1515274047852,230.00000095367432
1763888752629,802.1515274047852,230.00000095367432
1763888752648,801.1515274047852,230.00000095367432
1763888752662,801.1515274047852,229.00000095367432
1763888752679,799.1515274047852,218.00000095367432
1763888752696,797.1515274047852,199.00000095367432
1763888752712,793.1515274047852,166.00000095367432
1763888752729,792.1515274047852,152.00000095367432
1763888752746,791.1515274047852,136.00000095367432
1763888752762,791.1515274047852,131.00000095367432
1763888752779,791.1515274047852,130.00000095367432
1763888752796,790.1515274047852,130.00000095367432
1763888752815,790.1515274047852,130.00000095367432
1763888752829,790.1515274047852,132.00000095367432
1763888752846,789.1515274047852,133.00000095367432
1763888752862,788.1515274047852,140.00000095367432
1763888752879,787.1515274047852,161.00000095367432
1763888752896,785.1515274047852,191.00000095367432
1763888752912,782.1515274047852,223.00000095367432
1763888752929,779.1515274047852,263.0000009536743
1763888752946,777.1515274047852,284.0000009536743
1763888752962,775.1515274047852,313.0000009536743
1763888752979,775.1515274047852,324.0000009536743
1763888752996,774.1515274047852,330.0000009536743
1763888753012,774.1515274047852,332.0000009536743
1763888753037,774.1515274047852,331.0000009536743
1763888753046,774.1515274047852,330.0000009536743
1763888753062,774.1515274047852,327.0000009536743
1763888753079,774.1515274047852,316.0000009536743
1763888753096,773.1515274047852,303.0000009536743
1763888753112,773.1515274047852,276.0000009536743
1763888753129,782.1515274047852,215.00000095367432
1763888753146,784.1515274047852,187.00000095367432
1763888753162,788.1515274047852,156.00000095367432
1763888753179,789.1515274047852,144.00000095367432
1763888753196,790.1515274047852,135.00000095367432
1763888753212,790.1515274047852,130.00000095367432
1763888753229,790.1515274047852,129.00000095367432
1763888753246,790.1515274047852,128.00000095367432
1763888753296,790.1515274047852,128.00000095367432
1763888753314,790.1515274047852,129.00000095367432
1763888753329,790.1515274047852,129.00000095367432
1763888753346,790.1515274047852,136.00000095367432
1763888753362,790.1515274047852,148.00000095367432
1763888753379,790.1515274047852,189.00000095367432
1763888753396,790.1515274047852,216.00000095367432
1763888753412,788.1515274047852,232.00000095367432
1763888753429,786.1515274047852,243.00000095367432
1763888753446,785.1515274047852,252.00000095367432
1763888753462,784.1515274047852,265.0000009536743
1763888753479,784.1515274047852,270.0000009536743
1763888753496,783.1515274047852,273.0000009536743
1763888753512,782.1515274047852,275.0000009536743
1763888753535,782.1515274047852,275.0000009536743
1763888753546,782.1515274047852,274.0000009536743
1763888753562,781.1515274047852,271.0000009536743
1763888753579,780.1515274047852,260.0000009536743
1763888753595,778.1515274047852,245.00000095367432
1763888753612,772.1515274047852,204.00000095367432
1763888753629,771.1515274047852,174.00000095367432
1763888753645,770.1515274047852,156.00000095367432
1763888753662,769.1515274047852,138.00000095367432
1763888753679,769.1515274047852,132.00000095367432
1763888753695,768.1515274047852,129.00000095367432
1763888753712,768.1515274047852,127.00000095367432
1763888753729,768.1515274047852,127.00000095367432
1763888753750,767.1515274047852,127.00000095367432
1763888753770,767.1515274047852,128.00000095367432
1763888753779,767.1515274047852,130.00000095367432
1763888753795,767.1515274047852,136.00000095367432
1763888753812,768.1515274047852,155.00000095367432
1763888753829,770.1515274047852,178.00000095367432
1763888753846,770.1515274047852,187.00000095367432
1763888753862,770.1515274047852,190.00000095367432
1763888753879,769.1515274047852,192.00000095367432
1763888753896,769.1515274047852,192.00000095367432
1763888753912,769.1515274047852,193.00000095367432
1763888753962,769.1515274047852,192.00000095367432
1763888753979,770.1515274047852,188.00000095367432
1763888753995,771.1515274047852,181.00000095367432
1763888754012,773.1515274047852,164.00000095367432
1763888754029,776.1515274047852,139.00000095367432
1763888754045,779.1515274047852,128.00000095367432
1763888754062,779.1515274047852,121.00000095367432
1763888754079,779.1515274047852,119.00000095367432
1763888754095,780.1515274047852,118.00000095367432
1763888754112,781.1515274047852,117.00000095367432
1763888754129,781.1515274047852,116.00000095367432
1763888754145,782.1515274047852,116.00000095367432
1763888754162,782.1515274047852,118.00000095367432
1763888754179,782.1515274047852,119.00000095367432
1763888754195,784.1515274047852,126.00000095367432
1763888754212,788.1515274047852,137.00000095367432
1763888754229,794.1515274047852,158.00000095367432
1763888754245,797.1515274047852,164.00000095367432
1763888754262,799.1515274047852,169.00000095367432
1763888754279,800.1515274047852,172.00000095367432
1763888754296,800.1515274047852,172.00000095367432
1763888754312,800.1515274047852,173.00000095367432
1763888754329,801.1515274047852,173.00000095367432
1763888754345,801.1515274047852,173.00000095367432
1763888754362,803.1515274047852,168.00000095367432
1763888754379,803.1515274047852,162.00000095367432
1763888754395,803.1515274047852,140.00000095367432
1763888754412,800.1515274047852,123.00000095367432
1763888754429,800.1515274047852,109.00000095367432
1763888754445,800.1515274047852,105.00000095367432
1763888754462,800.1515274047852,104.00000095367432
1763888754479,800.1515274047852,103.00000095367432
1763888754529,800.1515274047852,104.00000095367432
1763888754545,801.1515274047852,104.00000095367432
1763888754562,802.1515274047852,108.00000095367432
1763888754579,803.1515274047852,111.00000095367432
1763888754595,805.1515274047852,115.00000095367432
1763888754612,808.1515274047852,119.00000095367432
1763888754629,810.1515274047852,123.00000095367432
1763888754645,811.1515274047852,126.00000095367432
1763888754662,813.1515274047852,128.00000095367432
1763888754679,814.1515274047852,129.00000095367432
1763888754695,814.1515274047852,130.00000095367432
1763888754712,815.1515274047852,131.00000095367432
1763888754729,816.1515274047852,131.00000095367432
1763888754745,817.1515274047852,130.00000095367432
1763888754762,817.1515274047852,128.00000095367432
1763888754779,817.1515274047852,127.00000095367432
1763888754796,817.1515274047852,126.00000095367432
1763888754813,817.1515274047852,124.00000095367432
1763888754829,816.1515274047852,124.00000095367432
1763888754859,816.1515274047852,124.00000095367432
1763888754865,816.1515274047852,126.00000095367432
1763888754879,817.1515274047852,127.00000095367432
1763888754895,822.1515274047852,144.00000095367432
1763888754929,836.1515274047852,180.00000095367432
1763888754945,838.1515274047852,183.00000095367432
1763888754962,838.1515274047852,184.00000095367432
1763888754979,838.1515274047852,184.00000095367432
1763888755003,838.1515274047852,183.00000095367432
1763888755012,838.1515274047852,182.00000095367432
1763888755029,836.1515274047852,179.00000095367432
1763888755179,819.1515274047852,281.0000009536743
1763888755195,815.1515274047852,309.0000009536743
1763888755212,812.1515274047852,329.0000009536743
1763888755228,810.1515274047852,344.0000009536743
1763888755245,809.1515274047852,346.0000009536743
1763888755262,808.1515274047852,347.0000009536743
1763888755288,808.1515274047852,346.0000009536743
1763888755295,808.1515274047852,344.0000009536743
1763888755312,806.1515274047852,338.0000009536743
1763888755329,804.1515274047852,324.0000009536743
1763888755345,798.1515274047852,292.0000009536743
1763888755362,795.1515274047852,268.0000009536743
1763888755379,791.1515274047852,241.00000095367432
1763888755395,790.1515274047852,224.00000095367432
1763888755412,788.1515274047852,212.00000095367432
1763888755428,785.1515274047852,200.00000095367432
1763888755445,784.1515274047852,198.00000095367432
1763888755462,784.1515274047852,197.00000095367432
1763888755483,784.1515274047852,198.00000095367432
1763888755496,784.1515274047852,199.00000095367432
1763888755512,784.1515274047852,203.00000095367432
1763888755529,785.1515274047852,209.00000095367432
1763888755545,790.1515274047852,226.00000095367432
1763888755562,795.1515274047852,246.00000095367432
1763888755579,800.1515274047852,266.0000009536743
1763888755595,806.1515274047852,298.0000009536743
1763888755612,808.1515274047852,309.0000009536743
1763888755628,808.1515274047852,315.0000009536743
1763888755645,808.1515274047852,316.0000009536743
1763888755695,808.1515274047852,315.0000009536743
1763888755712,807.1515274047852,310.0000009536743
1763888755729,806.1515274047852,303.0000009536743
1763888755745,804.1515274047852,295.0000009536743
1763888755762,798.1515274047852,273.0000009536743
1763888755779,795.1515274047852,259.0000009536743
1763888755795,791.1515274047852,243.00000095367432
1763888755812,791.1515274047852,235.00000095367432
1763888755829,791.1515274047852,231.00000095367432
1763888755845,791.1515274047852,229.00000095367432
1763888755862,791.1515274047852,228.00000095367432
1763888755878,792.1515274047852,228.00000095367432
1763888755895,792.1515274047852,229.00000095367432
1763888755912,793.1515274047852,232.00000095367432
1763888755929,796.1515274047852,243.00000095367432
1763888755945,801.1515274047852,256.0000009536743
1763888755962,805.1515274047852,274.0000009536743
1763888755979,807.1515274047852,280.0000009536743
1763888755995,807.1515274047852,284.0000009536743
1763888756012,807.1515274047852,285.0000009536743
1763888756029,807.1515274047852,286.0000009536743
1763888756051,807.1515274047852,286.0000009536743
1763888756062,807.1515274047852,284.0000009536743
1763888756079,807.1515274047852,278.0000009536743
1763888756095,805.1515274047852,261.0000009536743
1763888756112,804.1515274047852,237.00000095367432
1763888756128,804.1515274047852,210.00000095367432
1763888756145,804.1515274047852,196.00000095367432
1763888756162,804.1515274047852,189.00000095367432
1763888756178,804.1515274047852,186.00000095367432
1763888756195,804.1515274047852,185.00000095367432
1763888756212,804.1515274047852,184.00000095367432
1763888756244,804.1515274047852,184.00000095367432
1763888756262,804.1515274047852,186.00000095367432
1763888756279,804.1515274047852,189.00000095367432
1763888756295,804.1515274047852,198.00000095367432
1763888756312,805.1515274047852,215.00000095367432
1763888756328,808.1515274047852,245.00000095367432
1763888756345,808.1515274047852,259.0000009536743
1763888756362,807.1515274047852,266.0000009536743
1763888756378,807.1515274047852,272.0000009536743
1763888756395,806.1515274047852,272.0000009536743
1763888756412,806.1515274047852,273.0000009536743
1763888756438,806.1515274047852,273.0000009536743
1763888756446,806.1515274047852,272.0000009536743
1763888756462,806.1515274047852,270.0000009536743
1763888756479,805.1515274047852,266.0000009536743
1763888756496,804.1515274047852,252.00000095367432
1763888756512,802.1515274047852,238.00000095367432
1763888756528,802.1515274047852,213.00000095367432
1763888756545,802.1515274047852,206.00000095367432
1763888756562,802.1515274047852,202.00000095367432
1763888756578,802.1515274047852,199.00000095367432
1763888756612,802.1515274047852,199.00000095367432
1763888756628,802.1515274047852,199.00000095367432
1763888756645,804.1515274047852,202.00000095367432
1763888756662,807.1515274047852,218.00000095367432
1763888756678,813.1515274047852,245.00000095367432
1763888756695,817.1515274047852,272.0000009536743
1763888756712,818.1515274047852,283.0000009536743
1763888756728,819.1515274047852,288.0000009536743
1763888756745,819.1515274047852,292.0000009536743
1763888756762,820.1515274047852,294.0000009536743
1763888756778,820.1515274047852,295.0000009536743
1763888756795,821.1515274047852,296.0000009536743
1763888756813,822.1515274047852,296.0000009536743
1763888756828,822.1515274047852,296.0000009536743
1763888756845,823.1515274047852,293.0000009536743
1763888756862,823.1515274047852,285.0000009536743
1763888756878,822.1515274047852,276.0000009536743
1763888756895,820.1515274047852,264.0000009536743
1763888756912,816.1515274047852,235.00000095367432
1763888756928,814.1515274047852,223.00000095367432
1763888756945,813.1515274047852,215.00000095367432
1763888756962,812.1515274047852,213.00000095367432
1763888756979,812.1515274047852,213.00000095367432
1763888757007,812.1515274047852,213.00000095367432
1763888757014,812.1515274047852,215.00000095367432
1763888757028,812.1515274047852,217.00000095367432
1763888757045,813.1515274047852,224.00000095367432
1763888757062,813.1515274047852,235.00000095367432
1763888757078,813.1515274047852,272.0000009536743
1763888757095,811.1515274047852,332.0000009536743
1763888757112,808.1515274047852,379.0000009536743
1763888757128,804.1515274047852,398.0000009536743
1763888757145,804.1515274047852,407.0000009536743
1763888757162,802.1515274047852,416.0000009536743
1763888757179,801.1515274047852,418.0000009536743
1763888757195,801.1515274047852,418.0000009536743
1763888757245,801.1515274047852,415.0000009536743
1763888757262,801.1515274047852,410.0000009536743
1763888757278,800.1515274047852,402.0000009536743
1763888757295,799.1515274047852,395.0000009536743
1763888757312,799.1515274047852,386.0000009536743
1763888757328,799.1515274047852,381.0000009536743
1763888757345,799.1515274047852,376.0000009536743
1763888757362,798.1515274047852,370.0000009536743
1763888757378,798.1515274047852,369.0000009536743
1763888757395,798.1515274047852,366.0000009536743
1763888757412,798.1515274047852,365.0000009536743
1763888757443,798.1515274047852,366.0000009536743
1763888757451,798.1515274047852,367.0000009536743
1763888757462,798.1515274047852,369.0000009536743
1763888757478,798.1515274047852,383.0000009536743
1763888757495,798.1515274047852,398.0000009536743
1763888757512,798.1515274047852,410.0000009536743
1763888757528,798.1515274047852,418.0000009536743
1763888757545,798.1515274047852,420.0000009536743
1763888757562,798.1515274047852,422.0000009536743
1763888757578,798.1515274047852,423.0000009536743
1763888757602,798.1515274047852,422.0000009536743
1763888757612,798.1515274047852,421.0000009536743
1763888757628,798.1515274047852,416.0000009536743
1763888757645,798.1515274047852,392.0000009536743
1763888757662,799.1515274047852,361.0000009536743
1763888757678,799.1515274047852,336.0000009536743
1763888757695,802.1515274047852,308.0000009536743
1763888757712,802.1515274047852,298.0000009536743
1763888757728,802.1515274047852,295.0000009536743
1763888757745,802.1515274047852,294.0000009536743
1763888757762,802.1515274047852,293.0000009536743
1763888757790,802.1515274047852,294.0000009536743
1763888757797,802.1515274047852,295.0000009536743
1763888757812,803.1515274047852,297.0000009536743
1763888757828,803.1515274047852,302.0000009536743
1763888757845,804.1515274047852,317.0000009536743
1763888757862,808.1515274047852,379.0000009536743
1763888757879,808.1515274047852,412.0000009536743
1763888757895,811.1515274047852,450.0000009536743
1763888758111,827.1515274047852,323.0000009536743
1763888758128,827.1515274047852,307.0000009536743
1763888758145,827.1515274047852,300.0000009536743
1763888758161,827.1515274047852,299.0000009536743
1763888758178,827.1515274047852,298.0000009536743
1763888758228,827.1515274047852,300.0000009536743
1763888758245,827.1515274047852,303.0000009536743
1763888758261,827.1515274047852,316.0000009536743
1763888758361,818.1515274047852,385.0000009536743
1763888758378,817.1515274047852,386.0000009536743
1763888758401,816.1515274047852,385.0000009536743
1763888758411,816.1515274047852,384.0000009536743
1763888758428,816.1515274047852,379.0000009536743
1763888758445,816.1515274047852,375.0000009536743
1763888758461,816.1515274047852,367.0000009536743
1763888758478,818.1515274047852,361.0000009536743
1763888758495,819.1515274047852,353.0000009536743
1763888758511,821.1515274047852,343.0000009536743
1763888758528,822.1515274047852,338.0000009536743
1763888758545,822.1515274047852,335.0000009536743
1763888758561,822.1515274047852,335.0000009536743
1763888758578,822.1515274047852,334.0000009536743
1763888758595,822.1515274047852,333.0000009536743
1763888758614,822.1515274047852,335.0000009536743
1763888758628,820.1515274047852,339.0000009536743
1763888758645,818.1515274047852,345.0000009536743
1763888758661,815.1515274047852,355.0000009536743
1763888758678,807.1515274047852,385.0000009536743
1763888758695,803.1515274047852,404.0000009536743
1763888758711,800.1515274047852,417.0000009536743
1763888758728,799.1515274047852,419.0000009536743
1763888758745,799.1515274047852,420.0000009536743
1763888758767,799.1515274047852,419.0000009536743
1763888758778,800.1515274047852,418.0000009536743
1763888758795,802.1515274047852,412.0000009536743
1763888758811,804.1515274047852,403.0000009536743
1763888758828,807.1515274047852,387.0000009536743
1763888758845,812.1515274047852,359.0000009536743
1763888758864,813.1515274047852,346.0000009536743
1763888758878,814.1515274047852,331.0000009536743
1763888758895,814.1515274047852,327.0000009536743
1763888758911,814.1515274047852,324.0000009536743
1763888758928,814.1515274047852,323.0000009536743
1763888758945,814.1515274047852,323.0000009536743
1763888758961,814.1515274047852,322.0000009536743
1763888758978,815.1515274047852,323.0000009536743
1763888758995,815.1515274047852,326.0000009536743
1763888759011,816.1515274047852,338.0000009536743
1763888759028,817.1515274047852,349.0000009536743
1763888759045,819.1515274047852,372.0000009536743
1763888759178,818.1515274047852,379.0000009536743
1763888759195,816.1515274047852,372.0000009536743
1763888759211,814.1515274047852,364.0000009536743
1763888759228,813.1515274047852,358.0000009536743
1763888759245,810.1515274047852,350.0000009536743
1763888759261,807.1515274047852,344.0000009536743
1763888759278,804.1515274047852,339.0000009536743
1763888759295,802.1515274047852,335.0000009536743
1763888759311,801.1515274047852,333.0000009536743
1763888759328,801.1515274047852,332.0000009536743
1763888759345,800.1515274047852,332.0000009536743
1763888759363,800.1515274047852,332.0000009536743
1763888759378,800.1515274047852,334.0000009536743
1763888759395,800.1515274047852,336.0000009536743
1763888759411,800.1515274047852,339.0000009536743
1763888759428,800.1515274047852,343.0000009536743
1763888759445,800.1515274047852,346.0000009536743
1763888759461,800.1515274047852,350.0000009536743
1763888759478,800.1515274047852,352.0000009536743
1763888759495,800.1515274047852,354.0000009536743
1763888759512,800.1515274047852,355.0000009536743
1763888759542,800.1515274047852,353.0000009536743
1763888759549,800.1515274047852,351.0000009536743
1763888759561,799.1515274047852,348.0000009536743
1763888759578,798.1515274047852,330.0000009536743
1763888759595,796.1515274047852,318.0000009536743
1763888759611,794.1515274047852,306.0000009536743
1763888759628,793.1515274047852,290.0000009536743
1763888759645,792.1515274047852,285.0000009536743
1763888759661,791.1515274047852,281.0000009536743
1763888759678,791.1515274047852,279.0000009536743
1763888759695,791.1515274047852,279.0000009536743
1763888759711,791.1515274047852,278.0000009536743
1763888759728,791.1515274047852,279.0000009536743
1763888759744,791.1515274047852,284.0000009536743
1763888759761,793.1515274047852,289.0000009536743
1763888759778,794.1515274047852,294.0000009536743
1763888759795,794.1515274047852,300.0000009536743
1763888759811,795.1515274047852,301.0000009536743
1763888759828,795.1515274047852,303.0000009536743
1763888759845,796.1515274047852,304.0000009536743
1763888759868,796.1515274047852,303.0000009536743
1763888759878,796.1515274047852,303.0000009536743
1763888759895,796.1515274047852,299.0000009536743
1763888759911,794.1515274047852,292.0000009536743
1763888759928,793.1515274047852,288.0000009536743
1763888759944,792.1515274047852,284.0000009536743
1763888759961,792.1515274047852,282.0000009536743
1763888759978,792.1515274047852,281.0000009536743
1763888759994,791.1515274047852,280.0000009536743
1763888760021,791.1515274047852,281.0000009536743
1763888760034,791.1515274047852,283.0000009536743
1763888760045,791.1515274047852,284.0000009536743
1763888760061,792.1515274047852,292.0000009536743
1763888760078,792.1515274047852,309.0000009536743
1763888760095,792.1515274047852,316.0000009536743
1763888760111,792.1515274047852,323.0000009536743
1763888760128,792.1515274047852,324.0000009536743
1763888760145,792.1515274047852,326.0000009536743
1763888760161,792.1515274047852,327.0000009536743
1763888760178,793.1515274047852,327.0000009536743
1763888760194,793.1515274047852,326.0000009536743
1763888760211,794.1515274047852,324.0000009536743
1763888760228,794.1515274047852,322.0000009536743
1763888760245,795.1515274047852,319.0000009536743
1763888760261,796.1515274047852,318.0000009536743
1763888760278,796.1515274047852,316.0000009536743
1763888760333,797.1515274047852,316.0000009536743
1763888760344,797.1515274047852,317.0000009536743
1763888760361,799.1515274047852,327.0000009536743
1763888760378,802.1515274047852,344.0000009536743
1763888760394,804.1515274047852,364.0000009536743
1763888760411,808.1515274047852,384.0000009536743
1763888760428,810.1515274047852,392.0000009536743
1763888760444,811.1515274047852,402.0000009536743
1763888760461,812.1515274047852,411.0000009536743
1763888760478,813.1515274047852,426.0000009536743
1763888760495,813.1515274047852,441.0000009536743
1763888760511,811.1515274047852,447.0000009536743
1763888760528,810.1515274047852,453.0000009536743
1763888760545,810.1515274047852,456.0000009536743
1763888760561,809.1515274047852,458.0000009536743
1763888760578,809.1515274047852,459.0000009536743
1763888760595,808.1515274047852,460.0000009536743
1763888760611,808.1515274047852,461.0000009536743
1763888760631,807.1515274047852,462.0000009536743
1763888760651,807.1515274047852,462.0000009536743
1763888760665,806.1515274047852,462.0000009536743
1763888760680,805.1515274047852,462.0000009536743
1763888760699,805.1515274047852,461.0000009536743
1763888760711,805.1515274047852,461.0000009536743
1763888760728,805.1515274047852,456.0000009536743
1763888760744,805.1515274047852,454.0000009536743
1763888760761,805.1515274047852,450.0000009536743
1763888760778,805.1515274047852,446.0000009536743
1763888760794,805.1515274047852,444.0000009536743
1763888760811,805.1515274047852,441.0000009536743
1763888760828,805.1515274047852,439.0000009536743
1763888760844,805.1515274047852,438.0000009536743
1763888760861,805.1515274047852,435.0000009536743
1763888760878,805.1515274047852,433.0000009536743
1763888760894,805.1515274047852,432.0000009536743
1763888760911,805.1515274047852,430.0000009536743
1763888760928,805.1515274047852,429.0000009536743
1763888760945,805.1515274047852,428.0000009536743
1763888760994,805.1515274047852,430.0000009536743
1763888761011,805.1515274047852,432.0000009536743
1763888761028,805.1515274047852,436.0000009536743
1763888761044,805.1515274047852,439.0000009536743
1763888761061,805.1515274047852,444.0000009536743
1763888761078,805.1515274047852,445.0000009536743
1763888761094,805.1515274047852,446.0000009536743
1763888761111,805.1515274047852,448.0000009536743
1763888761128,805.1515274047852,449.0000009536743
1763888761178,807.1515274047852,446.0000009536743
1763888761195,808.1515274047852,436.0000009536743
1763888761211,810.1515274047852,421.0000009536743
1763888761228,811.1515274047852,394.0000009536743
1763888761244,812.1515274047852,378.0000009536743
1763888761261,812.1515274047852,369.0000009536743
1763888761278,812.1515274047852,367.0000009536743
1763888761328,812.1515274047852,368.0000009536743
1763888761344,811.1515274047852,372.0000009536743
1763888761361,811.1515274047852,376.0000009536743
1763888761378,809.1515274047852,388.0000009536743
1763888761394,806.1515274047852,404.0000009536743
1763888761411,805.1515274047852,418.0000009536743
1763888761428,804.1515274047852,428.0000009536743
1763888761444,802.1515274047852,439.0000009536743
1763888761461,801.1515274047852,443.0000009536743
1763888761478,801.1515274047852,445.0000009536743
1763888761494,801.1515274047852,446.0000009536743
1763888761511,801.1515274047852,447.0000009536743
1763888761561,802.1515274047852,444.0000009536743
1763888761578,802.1515274047852,440.0000009536743
1763888761594,803.1515274047852,436.0000009536743
1763888761611,804.1515274047852,433.0000009536743
1763888761628,804.1515274047852,429.0000009536743
1763888761644,804.1515274047852,427.0000009536743
1763888761661,804.1515274047852,425.0000009536743
1763888761678,804.1515274047852,424.0000009536743
1763888761704,804.1515274047852,425.0000009536743
1763888761712,804.1515274047852,427.0000009536743
1763888761728,802.1515274047852,436.0000009536743
1763888761745,799.1515274047852,445.0000009536743
1763888761761,797.1515274047852,458.0000009536743
1763888761778,796.1515274047852,463.0000009536743
1763888761794,796.1515274047852,466.0000009536743
1763888761811,795.1515274047852,468.0000009536743
1763888761828,795.1515274047852,469.0000009536743
1763888761844,795.1515274047852,470.0000009536743
1763888761877,795.1515274047852,469.0000009536743
1763888761894,795.1515274047852,467.0000009536743
1763888761911,795.1515274047852,462.0000009536743
1763888761928,795.1515274047852,447.0000009536743
1763888761944,795.1515274047852,434.0000009536743
1763888761961,795.1515274047852,417.0000009536743
1763888761978,795.1515274047852,410.0000009536743
1763888761994,794.1515274047852,407.0000009536743
1763888762011,794.1515274047852,404.0000009536743
1763888762028,794.1515274047852,403.0000009536743
1763888762044,794.1515274047852,402.0000009536743
1763888762094,794.1515274047852,405.0000009536743
1763888762111,794.1515274047852,410.0000009536743
1763888762128,795.1515274047852,417.0000009536743
1763888762144,795.1515274047852,422.0000009536743
1763888762161,796.1515274047852,426.0000009536743
1763888762178,796.1515274047852,430.0000009536743
1763888762194,796.1515274047852,432.0000009536743
1763888762211,796.1515274047852,433.0000009536743
1763888762228,797.1515274047852,434.0000009536743
1763888762245,798.1515274047852,434.0000009536743
1763888762266,799.1515274047852,433.0000009536743
1763888762278,799.1515274047852,432.0000009536743
1763888762294,802.1515274047852,426.0000009536743
1763888762311,803.1515274047852,420.0000009536743
1763888762328,804.1515274047852,415.0000009536743
1763888762344,805.1515274047852,412.0000009536743
1763888762361,805.1515274047852,411.0000009536743
1763888762378,805.1515274047852,410.0000009536743
1763888762394,805.1515274047852,410.0000009536743
1763888762411,806.1515274047852,411.0000009536743
1763888762428,806.1515274047852,421.0000009536743
1763888762444,807.1515274047852,439.0000009536743
1763888762494,807.1515274047852,519.0000009536743
1763888762511,807.1515274047852,523.0000009536743
1763888762528,807.1515274047852,525.0000009536743
1763888762544,807.1515274047852,526.0000009536743
1763888762594,807.1515274047852,525.0000009536743
1763888762611,807.1515274047852,523.0000009536743
1763888762628,807.1515274047852,521.0000009536743
1763888762644,807.1515274047852,519.0000009536743
1763888762661,807.1515274047852,516.0000009536743
1763888762728,804.1515274047852,490.0000009536743
1763888762744,803.1515274047852,485.0000009536743
1763888762761,803.1515274047852,483.0000009536743
1763888762778,802.1515274047852,481.0000009536743
1763888762794,802.1515274047852,481.0000009536743
1763888762820,801.1515274047852,481.0000009536743
1763888762834,801.1515274047852,483.0000009536743
1763888762844,801.1515274047852,484.0000009536743
1763888762862,800.1515274047852,489.0000009536743
1763888762878,799.1515274047852,493.0000009536743
1763888762894,799.1515274047852,495.0000009536743
1763888762911,799.1515274047852,498.0000009536743
1763888762927,799.1515274047852,499.0000009536743
1763888762944,799.1515274047852,501.0000009536743
1763888762961,799.1515274047852,501.0000009536743
1763888762980,799.1515274047852,501.0000009536743
1763888762994,799.1515274047852,498.0000009536743
1763888763011,799.1515274047852,495.0000009536743
1763888763027,801.1515274047852,486.0000009536743
1763888763044,801.1515274047852,479.0000009536743
1763888763061,802.1515274047852,476.0000009536743
1763888763077,802.1515274047852,472.0000009536743
1763888763094,802.1515274047852,471.0000009536743
1763888763111,802.1515274047852,470.0000009536743
1763888763127,802.1515274047852,469.0000009536743
1763888763144,802.1515274047852,471.0000009536743
1763888763161,802.1515274047852,477.0000009536743
1763888763177,802.1515274047852,483.0000009536743
1763888763194,802.1515274047852,488.0000009536743
1763888763211,801.1515274047852,492.0000009536743
1763888763228,801.1515274047852,495.0000009536743
1763888763244,801.1515274047852,497.0000009536743
1763888763261,801.1515274047852,499.0000009536743
1763888763277,801.1515274047852,501.0000009536743
1763888763294,801.1515274047852,501.0000009536743
1763888763319,802.1515274047852,501.0000009536743
1763888763327,802.1515274047852,501.0000009536743
1763888763344,802.1515274047852,500.0000009536743
1763888763361,803.1515274047852,496.0000009536743
1763888763378,803.1515274047852,492.0000009536743
1763888763394,802.1515274047852,486.0000009536743
1763888763411,800.1515274047852,478.0000009536743
1763888763428,799.1515274047852,475.0000009536743
1763888763444,798.1515274047852,472.0000009536743
1763888763461,796.1515274047852,471.0000009536743
1763888763478,796.1515274047852,472.0000009536743
1763888763494,796.1515274047852,475.0000009536743
1763888763511,795.1515274047852,480.0000009536743
1763888763527,794.1515274047852,489.0000009536743
1763888763544,794.1515274047852,499.0000009536743
1763888763561,793.1515274047852,505.0000009536743
1763888763578,793.1515274047852,511.0000009536743
1763888763594,793.1515274047852,512.0000009536743
1763888763611,793.1515274047852,513.0000009536743
1763888763627,793.1515274047852,515.0000009536743
1763888763658,793.1515274047852,514.0000009536743
1763888763665,793.1515274047852,513.0000009536743
1763888763677,793.1515274047852,513.0000009536743
1763888763694,793.1515274047852,512.0000009536743
1763888763711,793.1515274047852,510.0000009536743
1763888763727,794.1515274047852,507.0000009536743
1763888763744,794.1515274047852,506.0000009536743
1763888763761,794.1515274047852,504.0000009536743
1763888763777,794.1515274047852,501.0000009536743
1763888763794,794.1515274047852,500.0000009536743
1763888763811,794.1515274047852,499.0000009536743
1763888763827,794.1515274047852,497.0000009536743
1763888763859,794.1515274047852,498.0000009536743
1763888763866,794.1515274047852,498.0000009536743
1763888763877,794.1515274047852,499.0000009536743
1763888763894,794.1515274047852,502.0000009536743
1763888763911,794.1515274047852,504.0000009536743
1763888763927,794.1515274047852,506.0000009536743
1763888763944,794.1515274047852,507.0000009536743
1763888763961,795.1515274047852,509.0000009536743
1763888763977,795.1515274047852,510.0000009536743
1763888763994,796.1515274047852,511.0000009536743
1763888764011,796.1515274047852,512.0000009536743
1763888764027,796.1515274047852,512.0000009536743
1763888764044,797.1515274047852,512.0000009536743
1763888764061,798.1515274047852,511.0000009536743
1763888764077,798.1515274047852,510.0000009536743
1763888764094,798.1515274047852,508.0000009536743
1763888764111,798.1515274047852,505.0000009536743
1763888764127,798.1515274047852,504.0000009536743
1763888764144,796.1515274047852,501.0000009536743
1763888764161,796.1515274047852,500.0000009536743
1763888764177,796.1515274047852,499.0000009536743
1763888764205,796.1515274047852,500.0000009536743
1763888764212,796.1515274047852,501.0000009536743
1763888764227,797.1515274047852,503.0000009536743
1763888764244,798.1515274047852,506.0000009536743
1763888764261,798.1515274047852,510.0000009536743
1763888764277,799.1515274047852,515.0000009536743
1763888764294,799.1515274047852,516.0000009536743
1763888764311,799.1515274047852,518.0000009536743
1763888764327,799.1515274047852,519.0000009536743
1763888764344,799.1515274047852,519.0000009536743
1763888764365,799.1515274047852,520.0000009536743
1763888764427,799.1515274047852,519.0000009536743
1763888764455,799.1515274047852,519.0000009536743
1763888764463,799.1515274047852,519.0000009536743
1763888764477,798.1515274047852,519.0000009536743
1763888764494,798.1515274047852,519.0000009536743
1763888764511,796.1515274047852,519.0000009536743
1763888764527,795.1515274047852,519.0000009536743
1763888764544,794.1515274047852,519.0000009536743
1763888764561,792.1515274047852,521.0000009536743
1763888764577,791.1515274047852,523.0000009536743
1763888764594,790.1515274047852,524.0000009536743
1763888764614,790.1515274047852,524.0000009536743
1763888764660,790.1515274047852,524.0000009536743
1763888764677,791.1515274047852,524.0000009536743
1763888764694,792.1515274047852,523.0000009536743
1763888764711,793.1515274047852,523.0000009536743
1763888764727,795.1515274047852,523.0000009536743
1763888764744,796.1515274047852,522.0000009536743
1763888764761,796.1515274047852,522.0000009536743
1763888764777,797.1515274047852,521.0000009536743
1763888764794,798.1515274047852,521.0000009536743
1763888764811,798.1515274047852,519.0000009536743
1763888764827,798.1515274047852,516.0000009536743
1763888764844,801.1515274047852,501.0000009536743
1763888764861,802.1515274047852,475.0000009536743
1763888764877,805.1515274047852,440.0000009536743
1763888764894,807.1515274047852,429.0000009536743
1763888764911,809.1515274047852,416.0000009536743
1763888764927,810.1515274047852,408.0000009536743
1763888764944,811.1515274047852,406.0000009536743
1763888764960,811.1515274047852,403.0000009536743
1763888764977,811.1515274047852,401.0000009536743
1763888764994,811.1515274047852,400.0000009536743
1763888765010,813.1515274047852,395.0000009536743
1763888765027,813.1515274047852,390.0000009536743
1763888765044,814.1515274047852,379.0000009536743
1763888765061,814.1515274047852,369.0000009536743
1763888765077,814.1515274047852,364.0000009536743
1763888765094,814.1515274047852,356.0000009536743
1763888765111,813.1515274047852,353.0000009536743
1763888765127,811.1515274047852,349.0000009536743
1763888765144,810.1515274047852,346.0000009536743
1763888765161,809.1515274047852,342.0000009536743
1763888765177,806.1515274047852,336.0000009536743
1763888765194,804.1515274047852,332.0000009536743
1763888765211,801.1515274047852,329.0000009536743
1763888765227,798.1515274047852,323.0000009536743
1763888765244,795.1515274047852,320.0000009536743
1763888765261,790.1515274047852,315.0000009536743
1763888765277,787.1515274047852,312.0000009536743
1763888765294,784.1515274047852,310.0000009536743
1763888765344,777.1515274047852,312.0000009536743
1763888765361,776.1515274047852,314.0000009536743
1763888765377,773.1515274047852,319.0000009536743
1763888765394,772.1515274047852,324.0000009536743
1763888765411,769.1515274047852,344.0000009536743
1763888765427,764.1515274047852,385.0000009536743
1763888765444,761.1515274047852,399.0000009536743
1763888765460,760.1515274047852,409.0000009536743
1763888765477,760.1515274047852,410.0000009536743
1763888765494,759.1515274047852,412.0000009536743
1763888765544,760.1515274047852,409.0000009536743
1763888765560,760.1515274047852,407.0000009536743
1763888765577,761.1515274047852,403.0000009536743
1763888765594,761.1515274047852,398.0000009536743
1763888765611,762.1515274047852,390.0000009536743
1763888765627,762.1515274047852,381.0000009536743
1763888765644,762.1515274047852,376.0000009536743
1763888765660,762.1515274047852,372.0000009536743
1763888765677,762.1515274047852,372.0000009536743
1763888765694,762.1515274047852,370.0000009536743
1763888765710,762.1515274047852,370.0000009536743
1763888765727,763.1515274047852,370.0000009536743
1763888765744,765.1515274047852,381.0000009536743
1763888765760,767.1515274047852,398.0000009536743
1763888765777,768.1515274047852,410.0000009536743
1763888765794,768.1515274047852,414.0000009536743
1763888765811,768.1515274047852,415.0000009536743
1763888765827,769.1515274047852,415.0000009536743
1763888765844,770.1515274047852,415.0000009536743
1763888765861,770.1515274047852,413.0000009536743
1763888765877,771.1515274047852,408.0000009536743
1763888765894,772.1515274047852,395.0000009536743
1763888765910,775.1515274047852,359.0000009536743
1763888765927,776.1515274047852,353.0000009536743
1763888765944,777.1515274047852,350.0000009536743
1763888766194,774.1515274047852,394.0000009536743
1763888766210,774.1515274047852,387.0000009536743
1763888766227,774.1515274047852,375.0000009536743
1763888766244,773.1515274047852,354.0000009536743
1763888766261,772.1515274047852,341.0000009536743
1763888766277,771.1515274047852,330.0000009536743
1763888766294,770.1515274047852,322.0000009536743
1763888766310,770.1515274047852,319.0000009536743
1763888766327,770.1515274047852,318.0000009536743
1763888766353,770.1515274047852,318.0000009536743
1763888766360,770.1515274047852,319.0000009536743
1763888766377,768.1515274047852,323.0000009536743
1763888766394,768.1515274047852,331.0000009536743
1763888766410,767.1515274047852,351.0000009536743
1763888766427,764.1515274047852,364.0000009536743
1763888766444,762.1515274047852,373.0000009536743
1763888766460,761.1515274047852,376.0000009536743
1763888766477,761.1515274047852,378.0000009536743
1763888766494,760.1515274047852,378.0000009536743
1763888766527,760.1515274047852,378.0000009536743
1763888766544,761.1515274047852,375.0000009536743
1763888766560,761.1515274047852,373.0000009536743
1763888766577,762.1515274047852,371.0000009536743
1763888766594,762.1515274047852,370.0000009536743
1763888766611,763.1515274047852,369.0000009536743
1763888766627,763.1515274047852,367.0000009536743
1763888766658,763.1515274047852,369.0000009536743
1763888766665,763.1515274047852,370.0000009536743
1763888766677,763.1515274047852,372.0000009536743
1763888766694,762.1515274047852,398.0000009536743
1763888766710,761.1515274047852,444.0000009536743
1763888766727,761.1515274047852,468.0000009536743
1763888766744,763.1515274047852,513.0000009536743
1763888766760,764.1515274047852,531.0000009536743
1763888766927,776.1515274047852,516.0000009536743
1763888766977,788.1515274047852,443.0000009536743
1763888766993,788.1515274047852,434.0000009536743
1763888767010,788.1515274047852,431.0000009536743
1763888767027,788.1515274047852,427.0000009536743
1763888767044,788.1515274047852,426.0000009536743
1763888767060,787.1515274047852,426.0000009536743
1763888767077,787.1515274047852,426.0000009536743
1763888767277,775.1515274047852,469.0000009536743
1763888767296,774.1515274047852,469.0000009536743
1763888767310,774.1515274047852,468.0000009536743
1763888767327,774.1515274047852,466.0000009536743
1763888767344,773.1515274047852,461.0000009536743
1763888767360,773.1515274047852,455.0000009536743
1763888767377,773.1515274047852,453.0000009536743
1763888767393,772.1515274047852,451.0000009536743
1763888767410,772.1515274047852,450.0000009536743
1763888767434,772.1515274047852,451.0000009536743
1763888767444,772.1515274047852,453.0000009536743
1763888767460,772.1515274047852,456.0000009536743
1763888767477,773.1515274047852,468.0000009536743
1763888767493,773.1515274047852,474.0000009536743
1763888767510,773.1515274047852,479.0000009536743
1763888767527,773.1515274047852,484.0000009536743
1763888767544,773.1515274047852,485.0000009536743
1763888767560,773.1515274047852,487.0000009536743
1763888767577,773.1515274047852,487.0000009536743
1763888767607,773.1515274047852,487.0000009536743
1763888767614,773.1515274047852,486.0000009536743
1763888767627,773.1515274047852,484.0000009536743
1763888767643,773.1515274047852,475.0000009536743
1763888767660,770.1515274047852,465.0000009536743
1763888767677,767.1515274047852,445.0000009536743
1763888767693,766.1515274047852,438.0000009536743
1763888767710,765.1515274047852,435.0000009536743
1763888767727,765.1515274047852,434.0000009536743
1763888767753,765.1515274047852,435.0000009536743
1763888767760,765.1515274047852,435.0000009536743
1763888767777,766.1515274047852,439.0000009536743
1763888767793,767.1515274047852,448.0000009536743
1763888767810,767.1515274047852,463.0000009536743
1763888767827,767.1515274047852,471.0000009536743
1763888767843,767.1515274047852,483.0000009536743
1763888767860,767.1515274047852,492.0000009536743
1763888767877,767.1515274047852,495.0000009536743
1763888767893,767.1515274047852,501.0000009536743
1763888767910,767.1515274047852,502.0000009536743
1763888767927,767.1515274047852,504.0000009536743
1763888767946,768.1515274047852,504.0000009536743
1763888767960,768.1515274047852,503.0000009536743
1763888767977,768.1515274047852,500.0000009536743
1763888767993,769.1515274047852,497.0000009536743
1763888768010,769.1515274047852,490.0000009536743
1763888768027,768.1515274047852,487.0000009536743
1763888768043,768.1515274047852,484.0000009536743
1763888768060,768.1515274047852,483.0000009536743
1763888768077,768.1515274047852,483.0000009536743
1763888768093,768.1515274047852,483.0000009536743
1763888768110,768.1515274047852,486.0000009536743
1763888768127,769.1515274047852,496.0000009536743
1763888768143,770.1515274047852,504.0000009536743
1763888768160,770.1515274047852,510.0000009536743
1763888768177,770.1515274047852,518.0000009536743
1763888768193,770.1515274047852,520.0000009536743
1763888768210,770.1515274047852,522.0000009536743
1763888768227,770.1515274047852,523.0000009536743
1763888768243,770.1515274047852,523.0000009536743
1763888768293,771.1515274047852,523.0000009536743
1763888768310,771.1515274047852,522.0000009536743
1763888768327,771.1515274047852,521.0000009536743
1763888768343,772.1515274047852,519.0000009536743
1763888768360,772.1515274047852,519.0000009536743
1763888768377,772.1515274047852,518.0000009536743
1763888768393,771.1515274047852,516.0000009536743
1763888768410,770.1515274047852,516.0000009536743
1763888768427,768.1515274047852,516.0000009536743
1763888768443,767.1515274047852,517.0000009536743
1763888768460,765.1515274047852,519.0000009536743
1763888768477,764.1515274047852,520.0000009536743
1763888768493,762.1515274047852,521.0000009536743
1763888768510,761.1515274047852,523.0000009536743
1763888768527,761.1515274047852,524.0000009536743
1763888768543,760.1515274047852,524.0000009536743
1763888768570,761.1515274047852,524.0000009536743
1763888768577,761.1515274047852,523.0000009536743
1763888768593,761.1515274047852,521.0000009536743
1763888768610,762.1515274047852,519.0000009536743
1763888768627,764.1515274047852,515.0000009536743
1763888768643,764.1515274047852,512.0000009536743
1763888768660,765.1515274047852,507.0000009536743
1763888768677,766.1515274047852,506.0000009536743
1763888768693,766.1515274047852,504.0000009536743
1763888768710,766.1515274047852,503.0000009536743
1763888768760,766.1515274047852,504.0000009536743
1763888768777,766.1515274047852,506.0000009536743
1763888768793,765.1515274047852,507.0000009536743
1763888768810,765.1515274047852,508.0000009536743
1763888768827,765.1515274047852,509.0000009536743
1763888768843,765.1515274047852,510.0000009536743
1763888768860,765.1515274047852,512.0000009536743
1763888768876,767.1515274047852,513.0000009536743
1763888768893,768.1515274047852,513.0000009536743
1763888768910,769.1515274047852,513.0000009536743
1763888768927,771.1515274047852,513.0000009536743
1763888768943,771.1515274047852,513.0000009536743
1763888768960,774.1515274047852,512.0000009536743
1763888768977,774.1515274047852,510.0000009536743
1763888768993,775.1515274047852,508.0000009536743
1763888769010,775.1515274047852,506.0000009536743
1763888769027,774.1515274047852,503.0000009536743
1763888769043,772.1515274047852,499.0000009536743
1763888769060,771.1515274047852,495.0000009536743
1763888769077,771.1515274047852,472.0000009536743
1763888769093,770.1515274047852,447.0000009536743
1763888769110,768.1515274047852,428.0000009536743
1763888769127,766.1515274047852,413.0000009536743
1763888769143,766.1515274047852,411.0000009536743
1763888769160,765.1515274047852,409.0000009536743
1763888769177,764.1515274047852,408.0000009536743
1763888769227,764.1515274047852,411.0000009536743
1763888769243,764.1515274047852,416.0000009536743
1763888769260,764.1515274047852,423.0000009536743
1763888769277,763.1515274047852,427.0000009536743
1763888769293,762.1515274047852,432.0000009536743
1763888769310,762.1515274047852,433.0000009536743
1763888769326,761.1515274047852,435.0000009536743
1763888769343,761.1515274047852,433.0000009536743
1763888769360,760.1515274047852,428.0000009536743
1763888769377,758.1515274047852,406.0000009536743
1763888769393,760.1515274047852,368.0000009536743
1763888769410,764.1515274047852,320.0000009536743
1763888769427,764.1515274047852,303.0000009536743
1763888769443,764.1515274047852,286.0000009536743
1763888769460,764.1515274047852,277.0000009536743
1763888769477,764.1515274047852,273.0000009536743
1763888769493,763.1515274047852,272.0000009536743
1763888769543,763.1515274047852,277.0000009536743
1763888769560,764.1515274047852,284.0000009536743
1763888769576,765.1515274047852,294.0000009536743
1763888769593,765.1515274047852,298.0000009536743
1763888769610,766.1515274047852,301.0000009536743
1763888769626,766.1515274047852,302.0000009536743
1763888769643,767.1515274047852,302.0000009536743
1763888769660,768.1515274047852,301.0000009536743
1763888769677,770.1515274047852,295.0000009536743
1763888769693,774.1515274047852,278.0000009536743
1763888769710,776.1515274047852,261.0000009536743
1763888769727,779.1515274047852,241.00000095367432
1763888769743,784.1515274047852,221.00000095367432
1763888769760,785.1515274047852,214.00000095367432
1763888769777,786.1515274047852,212.00000095367432
1763888769793,787.1515274047852,212.00000095367432
1763888769843,787.1515274047852,213.00000095367432
1763888769860,787.1515274047852,217.00000095367432
1763888769876,787.1515274047852,224.00000095367432
1763888769893,786.1515274047852,229.00000095367432
1763888769910,785.1515274047852,236.00000095367432
1763888769927,785.1515274047852,238.00000095367432
1763888769943,784.1515274047852,240.00000095367432
1763888769960,784.1515274047852,241.00000095367432
1763888769978,784.1515274047852,240.00000095367432
1763888769993,784.1515274047852,237.00000095367432
1763888770010,784.1515274047852,230.00000095367432
1763888770026,784.1515274047852,207.00000095367432
1763888770043,785.1515274047852,186.00000095367432
1763888770060,787.1515274047852,167.00000095367432
1763888770077,793.1515274047852,135.00000095367432
1763888770093,794.1515274047852,124.00000095367432
1763888770110,794.1515274047852,118.00000095367432
1763888770126,794.1515274047852,115.00000095367432
1763888770143,794.1515274047852,111.00000095367432
1763888770160,794.1515274047852,110.00000095367432
1763888770176,794.1515274047852,109.00000095367432
1763888770193,794.1515274047852,108.00000095367432
1763888770210,793.1515274047852,108.00000095367432
1763888770227,793.1515274047852,108.00000095367432
1763888770243,792.1515274047852,108.00000095367432
1763888770260,792.1515274047852,107.00000095367432
1763888770268,792.1515274047852,106.00000095367432
1763888771245,815.1515274047852,139.00000095367432
1763888771260,816.1515274047852,145.00000095367432
1763888771276,820.1515274047852,156.00000095367432
1763888771293,826.1515274047852,179.00000095367432
1763888771310,827.1515274047852,187.00000095367432
1763888771510,825.1515274047852,184.00000095367432
1763888771526,824.1515274047852,176.00000095367432
1763888771543,822.1515274047852,166.00000095367432
1763888771560,822.1515274047852,152.00000095367432
1763888771576,822.1515274047852,147.00000095367432
1763888771593,822.1515274047852,143.00000095367432
1763888771612,822.1515274047852,142.00000095367432
1763888771626,822.1515274047852,141.00000095367432
1763888771643,822.1515274047852,141.00000095367432
1763888771668,822.1515274047852,141.00000095367432
1763888771676,822.1515274047852,141.00000095367432
1763888771693,822.1515274047852,142.00000095367432
1763888771710,823.1515274047852,147.00000095367432
1763888771726,823.1515274047852,152.00000095367432
1763888771743,823.1515274047852,156.00000095367432
1763888771760,822.1515274047852,161.00000095367432
1763888771776,822.1515274047852,162.00000095367432
1763888771793,821.1515274047852,164.00000095367432
1763888771810,821.1515274047852,164.00000095367432
1763888771859,821.1515274047852,163.00000095367432
1763888771876,822.1515274047852,159.00000095367432
1763888771893,824.1515274047852,155.00000095367432
1763888771910,825.1515274047852,152.00000095367432
1763888771926,825.1515274047852,146.00000095367432
1763888771943,826.1515274047852,143.00000095367432
1763888771960,826.1515274047852,142.00000095367432
1763888771977,826.1515274047852,140.00000095367432
1763888771993,826.1515274047852,138.00000095367432
1763888772043,827.1515274047852,138.00000095367432
1763888772059,827.1515274047852,141.00000095367432
1763888772076,827.1515274047852,147.00000095367432
1763888772093,826.1515274047852,155.00000095367432
1763888772110,825.1515274047852,161.00000095367432
1763888772126,823.1515274047852,167.00000095367432
1763888772143,822.1515274047852,169.00000095367432
1763888772159,822.1515274047852,170.00000095367432
1763888772176,822.1515274047852,171.00000095367432
1763888772194,822.1515274047852,170.00000095367432
1763888772209,822.1515274047852,167.00000095367432
1763888772226,822.1515274047852,163.00000095367432
1763888772243,823.1515274047852,153.00000095367432
1763888772260,824.1515274047852,149.00000095367432
1763888772276,824.1515274047852,147.00000095367432
1763888772293,824.1515274047852,146.00000095367432
1763888772310,824.1515274047852,144.00000095367432
1763888772333,824.1515274047852,146.00000095367432
1763888772343,824.1515274047852,147.00000095367432
1763888772359,824.1515274047852,155.00000095367432
1763888772376,824.1515274047852,184.00000095367432
1763888772393,823.1515274047852,200.00000095367432
1763888772409,821.1515274047852,216.00000095367432
1763888772426,821.1515274047852,222.00000095367432
1763888772443,821.1515274047852,226.00000095367432
1763888772459,821.1515274047852,231.00000095367432
1763888772476,821.1515274047852,232.00000095367432
1763888772493,821.1515274047852,234.00000095367432
1763888772543,822.1515274047852,232.00000095367432
1763888772560,824.1515274047852,228.00000095367432
1763888772576,825.1515274047852,219.00000095367432
1763888772593,826.1515274047852,213.00000095367432
1763888772610,826.1515274047852,210.00000095367432
1763888772626,826.1515274047852,209.00000095367432
1763888772709,828.1515274047852,235.00000095367432
1763888772726,828.1515274047852,255.00000095367432
1763888772743,827.1515274047852,279.0000009536743
1763888772760,827.1515274047852,284.0000009536743
1763888772776,827.1515274047852,286.0000009536743
1763888772793,827.1515274047852,288.0000009536743
1763888772843,827.1515274047852,287.0000009536743
1763888772859,827.1515274047852,285.0000009536743
1763888772876,827.1515274047852,283.0000009536743
1763888772893,826.1515274047852,280.0000009536743
1763888772909,825.1515274047852,273.0000009536743
1763888772926,824.1515274047852,263.0000009536743
1763888772943,822.1515274047852,252.00000095367432
1763888772959,821.1515274047852,243.00000095367432
1763888772976,820.1515274047852,239.00000095367432
1763888772993,819.1515274047852,238.00000095367432
1763888773009,819.1515274047852,237.00000095367432
1763888773033,819.1515274047852,238.00000095367432
1763888773043,819.1515274047852,239.00000095367432
1763888773060,819.1515274047852,244.00000095367432
1763888773076,819.1515274047852,256.0000009536743
1763888773093,817.1515274047852,267.0000009536743
1763888773109,815.1515274047852,289.0000009536743
1763888773126,814.1515274047852,298.0000009536743
1763888773143,814.1515274047852,303.0000009536743
1763888773159,814.1515274047852,306.0000009536743
1763888773176,814.1515274047852,306.0000009536743
1763888773198,814.1515274047852,305.0000009536743
1763888773209,814.1515274047852,303.0000009536743
1763888773226,815.1515274047852,298.0000009536743
1763888773243,817.1515274047852,278.0000009536743
1763888773259,819.1515274047852,256.0000009536743
1763888773276,820.1515274047852,229.00000095367432
1763888773293,820.1515274047852,213.00000095367432
1763888773309,819.1515274047852,199.00000095367432
1763888773326,818.1515274047852,190.00000095367432
1763888773343,818.1515274047852,189.00000095367432
1763888773359,818.1515274047852,188.00000095367432
1763888773376,818.1515274047852,189.00000095367432
1763888773393,818.1515274047852,192.00000095367432
1763888773409,818.1515274047852,198.00000095367432
1763888773426,817.1515274047852,206.00000095367432
1763888773443,815.1515274047852,230.00000095367432
1763888773459,813.1515274047852,244.00000095367432
1763888773476,810.1515274047852,262.0000009536743
1763888773493,808.1515274047852,276.0000009536743
1763888773509,808.1515274047852,280.0000009536743
1763888773526,807.1515274047852,281.0000009536743
1763888773543,807.1515274047852,282.0000009536743
1763888773559,806.1515274047852,280.0000009536743
1763888773576,804.1515274047852,273.0000009536743
1763888773593,802.1515274047852,259.0000009536743
1763888773609,794.1515274047852,219.00000095367432
1763888773626,791.1515274047852,195.00000095367432
1763888773643,791.1515274047852,173.00000095367432
1763888773659,790.1515274047852,164.00000095367432
1763888773676,790.1515274047852,161.00000095367432
1763888773693,790.1515274047852,159.00000095367432
1763888773709,790.1515274047852,158.00000095367432
1763888773732,790.1515274047852,159.00000095367432
1763888773742,790.1515274047852,160.00000095367432
1763888773759,790.1515274047852,162.00000095367432
1763888773776,790.1515274047852,172.00000095367432
1763888773793,790.1515274047852,186.00000095367432
1763888773809,787.1515274047852,218.00000095367432
1763888773826,785.1515274047852,239.00000095367432
1763888773843,784.1515274047852,253.00000095367432
1763888773859,781.1515274047852,266.0000009536743
1763888773876,781.1515274047852,268.0000009536743
1763888773893,781.1515274047852,270.0000009536743
1763888773919,781.1515274047852,269.0000009536743
1763888773926,781.1515274047852,267.0000009536743
1763888773943,781.1515274047852,256.0000009536743
1763888773959,781.1515274047852,241.00000095367432
1763888773976,782.1515274047852,206.00000095367432
1763888773993,784.1515274047852,189.00000095367432
1763888774009,785.1515274047852,173.00000095367432
1763888774026,787.1515274047852,157.00000095367432
1763888774043,787.1515274047852,150.00000095367432
1763888774059,787.1515274047852,145.00000095367432
1763888774076,787.1515274047852,144.00000095367432
1763888774093,786.1515274047852,143.00000095367432
1763888774109,785.1515274047852,143.00000095367432
1763888774126,785.1515274047852,144.00000095367432
1763888774143,782.1515274047852,149.00000095367432
1763888774159,780.1515274047852,158.00000095367432
1763888774176,778.1515274047852,179.00000095367432
1763888774193,773.1515274047852,203.00000095367432
1763888774209,770.1515274047852,223.00000095367432
1763888774226,767.1515274047852,252.00000095367432
1763888774242,765.1515274047852,263.0000009536743
1763888774259,765.1515274047852,267.0000009536743
1763888774276,765.1515274047852,268.0000009536743
1763888774326,765.1515274047852,266.0000009536743
1763888774343,766.1515274047852,261.0000009536743
1763888774359,767.1515274047852,255.00000095367432
1763888774376,769.1515274047852,244.00000095367432
1763888774393,774.1515274047852,222.00000095367432
1763888774409,778.1515274047852,201.00000095367432
1763888774426,781.1515274047852,178.00000095367432
1763888774442,782.1515274047852,170.00000095367432
1763888774459,782.1515274047852,166.00000095367432
1763888774476,782.1515274047852,163.00000095367432
1763888774493,782.1515274047852,162.00000095367432
1763888774509,781.1515274047852,161.00000095367432
1763888774526,781.1515274047852,161.00000095367432
1763888774542,780.1515274047852,161.00000095367432
1763888774559,778.1515274047852,165.00000095367432
1763888774576,773.1515274047852,174.00000095367432
1763888774592,765.1515274047852,196.00000095367432
1763888774609,759.1515274047852,222.00000095367432
1763888774626,748.1515274047852,254.00000095367432
1763888774643,743.1515274047852,279.0000009536743
1763888774659,741.1515274047852,286.0000009536743
1763888774676,741.1515274047852,289.0000009536743
1763888774692,741.1515274047852,289.0000009536743
1763888774742,741.1515274047852,287.0000009536743
1763888774759,742.1515274047852,284.0000009536743
1763888774776,742.1515274047852,281.0000009536743
1763888774792,744.1515274047852,275.0000009536743
1763888774809,744.1515274047852,269.0000009536743
1763888774826,745.1515274047852,259.0000009536743
1763888774842,745.1515274047852,250.00000095367432
1763888774859,744.1515274047852,246.00000095367432
1763888774876,744.1515274047852,242.00000095367432
1763888774892,744.1515274047852,240.00000095367432
1763888774909,744.1515274047852,239.00000095367432
1763888774959,744.1515274047852,244.00000095367432
1763888774976,745.1515274047852,250.00000095367432
1763888774992,745.1515274047852,260.0000009536743
1763888775009,745.1515274047852,281.0000009536743
1763888775026,743.1515274047852,289.0000009536743
1763888775042,742.1515274047852,293.0000009536743
1763888775059,742.1515274047852,293.0000009536743
1763888775076,742.1515274047852,294.0000009536743
1763888775097,742.1515274047852,293.0000009536743
1763888775109,742.1515274047852,292.0000009536743
1763888775126,744.1515274047852,285.0000009536743
1763888775142,747.1515274047852,278.0000009536743
1763888775159,750.1515274047852,270.0000009536743
1763888775176,757.1515274047852,263.0000009536743
1763888775192,760.1515274047852,261.0000009536743
1763888775209,765.1515274047852,258.0000009536743
1763888775226,767.1515274047852,258.0000009536743
1763888775243,769.1515274047852,258.0000009536743
1763888775259,772.1515274047852,262.0000009536743
1763888775276,774.1515274047852,270.0000009536743
1763888775292,777.1515274047852,299.0000009536743
1763888775309,777.1515274047852,321.0000009536743
1763888775326,777.1515274047852,338.0000009536743
1763888775342,776.1515274047852,350.0000009536743
1763888775359,776.1515274047852,352.0000009536743
1763888775376,775.1515274047852,353.0000009536743
1763888775396,775.1515274047852,353.0000009536743
1763888775409,775.1515274047852,350.0000009536743
1763888775426,775.1515274047852,343.0000009536743
1763888775442,774.1515274047852,320.0000009536743
1763888775459,773.1515274047852,282.0000009536743
1763888775476,773.1515274047852,259.0000009536743
1763888775492,773.1515274047852,223.00000095367432
1763888775509,774.1515274047852,201.00000095367432
1763888775526,776.1515274047852,180.00000095367432
1763888775543,776.1515274047852,165.00000095367432
1763888775559,776.1515274047852,162.00000095367432
1763888775576,776.1515274047852,161.00000095367432
1763888775626,776.1515274047852,164.00000095367432
1763888775642,776.1515274047852,173.00000095367432
1763888775659,778.1515274047852,203.00000095367432
1763888775676,780.1515274047852,232.00000095367432
1763888775692,781.1515274047852,253.00000095367432
1763888775709,780.1515274047852,280.0000009536743
1763888775726,780.1515274047852,293.0000009536743
1763888775742,779.1515274047852,304.0000009536743
1763888775759,779.1515274047852,305.0000009536743
1763888775776,779.1515274047852,306.0000009536743
1763888775792,779.1515274047852,304.0000009536743
1763888775809,781.1515274047852,299.0000009536743
1763888775826,781.1515274047852,288.0000009536743
1763888775842,781.1515274047852,276.0000009536743
1763888775859,780.1515274047852,260.0000009536743
1763888775876,779.1515274047852,256.0000009536743
1763888775892,779.1515274047852,254.00000095367432
1763888775907,779.1515274047852,253.00000095367432
-1,-1,-1
-1,-1,-1
-1,-1,-1
