1763888270448,114.15152740478516,26.18182373046875
1763888270466,114.15152740478516,27.18182373046875
1763888270482,114.15152740478516,29.18182373046875
1763888270512,114.15152740478516,33.18182373046875
1763888270524,114.15152740478516,36.18182373046875
1763888270531,114.15152740478516,37.18182373046875
1763888270548,114.15152740478516,42.18182373046875
1763888270565,115.15152740478516,49.18182373046875
1763888270581,116.15152740478516,54.18182373046875
1763888270598,116.15152740478516,57.18182373046875
1763888270615,116.15152740478516,63.18182373046875
1763888270631,116.15152740478516,64.18182373046875
1763888270648,116.15152740478516,67.18182373046875
1763888270665,117.15152740478516,70.18182373046875
1763888270682,117.15152740478516,71.18182373046875
1763888270698,117.15152740478516,73.18182373046875
1763888270715,117.15152740478516,74.18182373046875
1763888270731,118.15152740478516,77.18182373046875
1763888270748,118.15152740478516,79.18182373046875
1763888270765,118.15152740478516,82.18182373046875
1763888270781,118.15152740478516,88.18182373046875
1763888270798,119.15152740478516,94.18182373046875
1763888270815,120.15152740478516,105.18182373046875
1763888270831,121.15152740478516,114.18182373046875
1763888270848,121.15152740478516,121.18182373046875
1763888270865,121.15152740478516,130.18182373046875
1763888270882,121.15152740478516,135.18182373046875
1763888270898,121.15152740478516,145.18182373046875
1763888270915,121.15152740478516,151.18182373046875
1763888270931,122.15152740478516,157.18182373046875
1763888270948,122.15152740478516,162.18182373046875
1763888270965,122.15152740478516,165.18182373046875
1763888270981,122.15152740478516,169.18182373046875
1763888270998,122.15152740478516,171.18182373046875
1763888271015,122.15152740478516,173.18182373046875
1763888271031,122.15152740478516,174.18182373046875
1763888271048,122.15152740478516,176.18182373046875
1763888271065,122.15152740478516,177.18182373046875
1763888271081,122.15152740478516,178.18182373046875
1763888271098,122.15152740478516,179.18182373046875
1763888271131,122.15152740478516,181.18182373046875
1763888271148,122.15152740478516,182.18182373046875
1763888271165,122.15152740478516,182.18182373046875
1763888271181,122.15152740478516,183.18182373046875
1763888271198,122.15152740478516,184.18182373046875
1763888271215,122.15152740478516,185.18182373046875
1763888271231,122.15152740478516,185.18182373046875
1763888271251,122.15152740478516,186.18182373046875
1763888271314,122.15152740478516,185.18182373046875
1763888271331,122.15152740478516,185.18182373046875
1763888271348,122.15152740478516,184.18182373046875
1763888271364,123.15152740478516,184.18182373046875
1763888271381,124.15152740478516,184.18182373046875
1763888271398,124.15152740478516,182.18182373046875
1763888271415,124.15152740478516,181.18182373046875
1763888271431,125.15152740478516,180.18182373046875
1763888271448,125.15152740478516,180.18182373046875
1763888271465,125.15152740478516,179.18182373046875
1763888271481,127.15152740478516,176.18182373046875
1763888271498,127.15152740478516,176.18182373046875
1763888271514,129.15152740478516,174.18182373046875
1763888271531,130.15152740478516,173.18182373046875
1763888271548,133.15152740478516,171.18182373046875
1763888271564,135.15152740478516,169.18182373046875
1763888271581,136.15152740478516,168.18182373046875
1763888271598,139.15152740478516,166.18182373046875
1763888271614,140.15152740478516,165.18182373046875
1763888271631,142.15152740478516,162.18182373046875
1763888271648,143.15152740478516,158.18182373046875
1763888271665,143.15152740478516,154.18182373046875
1763888271681,143.15152740478516,147.18182373046875
1763888271698,143.15152740478516,141.18182373046875
1763888271715,141.15152740478516,136.18182373046875
1763888271731,139.15152740478516,126.18182373046875
1763888271748,138.15152740478516,121.18182373046875
1763888271764,136.15152740478516,113.18182373046875
1763888271781,134.15152740478516,111.18182373046875
1763888271798,134.15152740478516,110.18182373046875
1763888271814,134.15152740478516,108.18182373046875
1763888271831,134.15152740478516,107.18182373046875
1763888271848,134.15152740478516,107.18182373046875
1763888271898,135.15152740478516,107.18182373046875
1763888271915,136.15152740478516,108.18182373046875
1763888271931,143.15152740478516,112.18182373046875
1763888271948,150.15152740478516,117.18182373046875
1763888271964,169.15152740478516,129.18182373046875
1763888271981,179.15152740478516,138.18182373046875
1763888271998,183.15152740478516,142.18182373046875
1763888272014,187.15152740478516,147.18182373046875
1763888272281,179.15152740478516,154.18182373046875
1763888272298,161.15152740478516,142.18182373046875
1763888272314,150.15152740478516,133.18182373046875
1763888272331,139.15152740478516,126.18182373046875
1763888272348,126.15152740478516,119.18182373046875
1763888272364,119.15152740478516,117.18182373046875
1763888272381,111.15152740478516,114.18182373046875
1763888272398,108.15152740478516,114.18182373046875
1763888272414,102.15152740478516,114.18182373046875
1763888272431,101.15152740478516,114.18182373046875
1763888272448,99.15152740478516,113.18182373046875
1763888272464,97.15152740478516,113.18182373046875
1763888272481,96.15152740478516,113.18182373046875
1763888272498,94.15152740478516,113.18182373046875
1763888272514,93.15152740478516,112.18182373046875
1763888272531,92.15152740478516,111.18182373046875
1763888272548,91.15152740478516,109.18182373046875
1763888272565,90.15152740478516,108.18182373046875
1763888272581,88.15152740478516,106.18182373046875
1763888272598,88.15152740478516,105.18182373046875
1763888272614,87.15152740478516,104.18182373046875
1763888272631,86.15152740478516,104.18182373046875
1763888272648,85.15152740478516,104.18182373046875
1763888272664,84.15152740478516,104.18182373046875
1763888272681,84.15152740478516,105.18182373046875
1763888272698,82.15152740478516,108.18182373046875
1763888272714,80.15152740478516,116.18182373046875
1763888272731,78.15152740478516,121.18182373046875
1763888272748,74.15152740478516,129.18182373046875
1763888272764,74.15152740478516,134.18182373046875
1763888272781,71.15152740478516,145.18182373046875
1763888272798,70.15152740478516,154.18182373046875
1763888272814,68.15152740478516,159.18182373046875
1763888272831,67.15152740478516,167.18182373046875
1763888272848,66.15152740478516,171.18182373046875
1763888272864,65.15152740478516,176.18182373046875
1763888273048,58.151527404785156,202.18182373046875
1763888273064,57.151527404785156,204.18182373046875
1763888273081,56.151527404785156,207.18182373046875
1763888273098,55.151527404785156,209.18182373046875
1763888273114,54.151527404785156,212.18182373046875
1763888273131,53.151527404785156,214.18182373046875
1763888273148,53.151527404785156,216.18182373046875
1763888273164,51.151527404785156,218.18182373046875
1763888273181,50.151527404785156,220.18182373046875
1763888273198,49.151527404785156,225.18182373046875
1763888273214,49.151527404785156,230.18182373046875
1763888273231,48.151527404785156,233.18182373046875
1763888273248,48.151527404785156,239.18182373046875
1763888273265,47.151527404785156,244.18182373046875
1763888273281,47.151527404785156,248.18182373046875
1763888273297,47.151527404785156,251.18182373046875
1763888273314,47.151527404785156,253.18182373046875
1763888273331,47.151527404785156,255.18182373046875
1763888273348,47.151527404785156,256.18182373046875
1763888273364,47.151527404785156,258.18182373046875
1763888273381,47.151527404785156,259.18182373046875
1763888273398,47.151527404785156,260.18182373046875
1763888273414,47.151527404785156,261.18182373046875
1763888273431,48.151527404785156,262.18182373046875
1763888273448,48.151527404785156,262.18182373046875
1763888273464,49.151527404785156,261.18182373046875
1763888273481,49.151527404785156,260.18182373046875
1763888273498,50.151527404785156,257.18182373046875
1763888273514,50.151527404785156,257.18182373046875
1763888273531,51.151527404785156,255.18182373046875
1763888273548,51.151527404785156,253.18182373046875
1763888273564,53.151527404785156,247.18182373046875
1763888273581,55.151527404785156,236.18182373046875
1763888273598,58.151527404785156,218.18182373046875
1763888273664,63.151527404785156,186.18182373046875
1763888273681,63.151527404785156,182.18182373046875
1763888273697,63.151527404785156,180.18182373046875
1763888273714,63.151527404785156,178.18182373046875
1763888273731,63.151527404785156,176.18182373046875
1763888273747,63.151527404785156,176.18182373046875
1763888273764,62.151527404785156,174.18182373046875
1763888273781,62.151527404785156,172.18182373046875
1763888273797,62.151527404785156,170.18182373046875
1763888273814,62.151527404785156,168.18182373046875
1763888273831,61.151527404785156,166.18182373046875
1763888273848,61.151527404785156,165.18182373046875
1763888273864,61.151527404785156,162.18182373046875
1763888273881,61.151527404785156,161.18182373046875
1763888273897,61.151527404785156,160.18182373046875
1763888273914,61.151527404785156,159.18182373046875
1763888273931,61.151527404785156,159.18182373046875
1763888273947,60.151527404785156,159.18182373046875
1763888273964,59.151527404785156,159.18182373046875
1763888273981,59.151527404785156,159.18182373046875
1763888274007,58.151527404785156,159.18182373046875
1763888274021,58.151527404785156,159.18182373046875
1763888274031,58.151527404785156,159.18182373046875
1763888274048,58.151527404785156,160.18182373046875
1763888274064,56.151527404785156,161.18182373046875
1763888274081,56.151527404785156,163.18182373046875
1763888274097,56.151527404785156,165.18182373046875
1763888274114,55.151527404785156,168.18182373046875
1763888274131,54.151527404785156,173.18182373046875
1763888274147,54.151527404785156,182.18182373046875
1763888274164,53.151527404785156,187.18182373046875
1763888274181,52.151527404785156,197.18182373046875
1763888274197,51.151527404785156,202.18182373046875
1763888274214,51.151527404785156,207.18182373046875
1763888274231,50.151527404785156,211.18182373046875
1763888274248,50.151527404785156,213.18182373046875
1763888274264,50.151527404785156,216.18182373046875
1763888274281,49.151527404785156,217.18182373046875
1763888274297,48.151527404785156,219.18182373046875
1763888274314,48.151527404785156,221.18182373046875
1763888274331,48.151527404785156,222.18182373046875
1763888274347,48.151527404785156,223.18182373046875
1763888274364,48.151527404785156,224.18182373046875
1763888274381,48.151527404785156,225.18182373046875
1763888274397,48.151527404785156,225.18182373046875
1763888274457,47.151527404785156,225.18182373046875
1763888274478,47.151527404785156,224.18182373046875
1763888274485,47.151527404785156,224.18182373046875
1763888274497,47.151527404785156,223.18182373046875
1763888274514,47.151527404785156,218.18182373046875
1763888274531,47.151527404785156,212.18182373046875
1763888274547,47.151527404785156,204.18182373046875
1763888274564,48.151527404785156,191.18182373046875
1763888274581,49.151527404785156,181.18182373046875
1763888274597,50.151527404785156,173.18182373046875
1763888274614,50.151527404785156,168.18182373046875
1763888274631,50.151527404785156,167.18182373046875
1763888274647,50.151527404785156,166.18182373046875
1763888274664,50.151527404785156,165.18182373046875
1763888274693,50.151527404785156,166.18182373046875
1763888274700,50.151527404785156,167.18182373046875
1763888274714,50.151527404785156,168.18182373046875
1763888274731,50.151527404785156,172.18182373046875
1763888274747,49.151527404785156,176.18182373046875
1763888274764,48.151527404785156,186.18182373046875
1763888274781,47.151527404785156,201.18182373046875
1763888274797,45.151527404785156,218.18182373046875
1763888274814,45.151527404785156,227.18182373046875
1763888274831,45.151527404785156,233.18182373046875
1763888274847,45.151527404785156,239.18182373046875
1763888274864,45.151527404785156,243.18182373046875
1763888274881,45.151527404785156,247.18182373046875
1763888274897,45.151527404785156,248.18182373046875
1763888274914,45.151527404785156,248.18182373046875
1763888274931,45.151527404785156,250.18182373046875
1763888274947,45.151527404785156,250.18182373046875
1763888274997,45.151527404785156,248.18182373046875
1763888275014,46.151527404785156,244.18182373046875
1763888275031,47.151527404785156,241.18182373046875
1763888275047,48.151527404785156,216.18182373046875
1763888275064,50.151527404785156,191.18182373046875
1763888275081,54.151527404785156,162.18182373046875
1763888275097,56.151527404785156,149.18182373046875
1763888275114,58.151527404785156,136.18182373046875
1763888275131,62.151527404785156,119.18182373046875
1763888275147,64.15152740478516,112.18182373046875
1763888275164,65.15152740478516,109.18182373046875
1763888275181,65.15152740478516,108.18182373046875
1763888275197,66.15152740478516,108.18182373046875
1763888275247,66.15152740478516,108.18182373046875
1763888275264,66.15152740478516,110.18182373046875
1763888275281,66.15152740478516,110.18182373046875
1763888275297,66.15152740478516,111.18182373046875
1763888275314,66.15152740478516,113.18182373046875
1763888275330,66.15152740478516,116.18182373046875
1763888275347,67.15152740478516,119.18182373046875
1763888275364,67.15152740478516,122.18182373046875
1763888275381,68.15152740478516,127.18182373046875
1763888275397,68.15152740478516,129.18182373046875
1763888275414,69.15152740478516,132.18182373046875
1763888275431,69.15152740478516,133.18182373046875
1763888275447,70.15152740478516,133.18182373046875
1763888275464,71.15152740478516,134.18182373046875
1763888275481,72.15152740478516,134.18182373046875
1763888275497,75.15152740478516,130.18182373046875
1763888275514,81.15152740478516,119.18182373046875
1763888275547,101.15152740478516,62.18182373046875
1763888275564,105.15152740478516,53.18182373046875
1763888275581,108.15152740478516,47.18182373046875
1763888275597,108.15152740478516,45.18182373046875
1763888275614,109.15152740478516,44.18182373046875
1763888275630,109.15152740478516,44.18182373046875
1763888275647,109.15152740478516,43.18182373046875
1763888275697,109.15152740478516,44.18182373046875
1763888275714,110.15152740478516,44.18182373046875
1763888275732,111.15152740478516,45.18182373046875
1763888275747,113.15152740478516,47.18182373046875
1763888275764,115.15152740478516,48.18182373046875
1763888275781,119.15152740478516,51.18182373046875
1763888275797,121.15152740478516,51.18182373046875
1763888275814,122.15152740478516,53.18182373046875
1763888275830,122.15152740478516,53.18182373046875
1763888275847,123.15152740478516,53.18182373046875
1763888275864,124.15152740478516,53.18182373046875
1763888275881,125.15152740478516,53.18182373046875
1763888275897,125.15152740478516,53.18182373046875
1763888275914,125.15152740478516,52.18182373046875
1763888275931,125.15152740478516,51.18182373046875
1763888275947,124.15152740478516,51.18182373046875
1763888275968,124.15152740478516,51.18182373046875
1763888275981,124.15152740478516,52.18182373046875
1763888275997,124.15152740478516,54.18182373046875
1763888276014,124.15152740478516,58.18182373046875
1763888276030,124.15152740478516,64.18182373046875
1763888276047,124.15152740478516,68.18182373046875
1763888276064,124.15152740478516,71.18182373046875
1763888276080,124.15152740478516,75.18182373046875
1763888276097,124.15152740478516,77.18182373046875
1763888276114,124.15152740478516,78.18182373046875
1763888276130,124.15152740478516,79.18182373046875
1763888276147,125.15152740478516,79.18182373046875
1763888276164,125.15152740478516,77.18182373046875
1763888276181,126.15152740478516,74.18182373046875
1763888276197,126.15152740478516,67.18182373046875
1763888276214,126.15152740478516,62.18182373046875
1763888276231,126.15152740478516,53.18182373046875
1763888276247,127.15152740478516,47.18182373046875
1763888276264,127.15152740478516,42.18182373046875
1763888276280,127.15152740478516,36.18182373046875
1763888276297,127.15152740478516,33.18182373046875
1763888276314,127.15152740478516,32.18182373046875
1763888276331,127.15152740478516,31.18182373046875
1763888276347,127.15152740478516,31.18182373046875
1763888276369,127.15152740478516,31.18182373046875
1763888276380,127.15152740478516,32.18182373046875
1763888276397,128.15152740478516,34.18182373046875
1763888276414,128.15152740478516,37.18182373046875
1763888276431,129.15152740478516,41.18182373046875
1763888276447,130.15152740478516,46.18182373046875
1763888276464,131.15152740478516,50.18182373046875
1763888276480,131.15152740478516,54.18182373046875
1763888276497,132.15152740478516,57.18182373046875
1763888276514,133.15152740478516,59.18182373046875
1763888276530,133.15152740478516,61.18182373046875
1763888276547,133.15152740478516,62.18182373046875
1763888276564,134.15152740478516,63.18182373046875
1763888276580,134.15152740478516,64.18182373046875
1763888276604,134.15152740478516,63.18182373046875
1763888276614,134.15152740478516,62.18182373046875
1763888276630,134.15152740478516,59.18182373046875
1763888276647,133.15152740478516,47.18182373046875
1763888276664,132.15152740478516,38.18182373046875
1763888276680,131.15152740478516,30.18182373046875
1763888276697,131.15152740478516,28.18182373046875
1763888276714,131.15152740478516,26.18182373046875
1763888276730,131.15152740478516,25.18182373046875
1763888276763,131.15152740478516,25.18182373046875
1763888276780,131.15152740478516,27.18182373046875
1763888276797,131.15152740478516,30.18182373046875
1763888276814,132.15152740478516,32.18182373046875
1763888276830,133.15152740478516,36.18182373046875
1763888276847,136.15152740478516,41.18182373046875
1763888276864,137.15152740478516,43.18182373046875
1763888276880,137.15152740478516,45.18182373046875
1763888276897,138.15152740478516,47.18182373046875
1763888276914,138.15152740478516,48.18182373046875
1763888276964,138.15152740478516,47.18182373046875
1763888276980,136.15152740478516,45.18182373046875
1763888276997,134.15152740478516,42.18182373046875
1763888277014,130.15152740478516,37.18182373046875
1763888277030,128.15152740478516,34.18182373046875
1763888277047,127.15152740478516,33.18182373046875
1763888277064,125.15152740478516,31.18182373046875
1763888277080,122.15152740478516,30.18182373046875
1763888277097,121.15152740478516,30.18182373046875
1763888277114,119.15152740478516,30.18182373046875
1763888277130,118.15152740478516,30.18182373046875
1763888277148,116.15152740478516,31.18182373046875
1763888277164,115.15152740478516,32.18182373046875
1763888277180,114.15152740478516,36.18182373046875
1763888277197,113.15152740478516,41.18182373046875
1763888277214,113.15152740478516,51.18182373046875
1763888277230,113.15152740478516,68.18182373046875
1763888277247,114.15152740478516,74.18182373046875
1763888277264,114.15152740478516,78.18182373046875
1763888277280,114.15152740478516,80.18182373046875
1763888277297,114.15152740478516,81.18182373046875
1763888277314,115.15152740478516,81.18182373046875
1763888277330,116.15152740478516,81.18182373046875
1763888277347,116.15152740478516,81.18182373046875
1763888277364,116.15152740478516,79.18182373046875
1763888277380,116.15152740478516,76.18182373046875
1763888277397,116.15152740478516,71.18182373046875
1763888277414,114.15152740478516,67.18182373046875
1763888277430,111.15152740478516,57.18182373046875
1763888277447,108.15152740478516,51.18182373046875
1763888277464,106.15152740478516,45.18182373046875
1763888277480,104.15152740478516,43.18182373046875
1763888277497,102.15152740478516,41.18182373046875
1763888277514,101.15152740478516,40.18182373046875
1763888277531,99.15152740478516,40.18182373046875
1763888277547,98.15152740478516,40.18182373046875
1763888277564,97.15152740478516,40.18182373046875
1763888277581,96.15152740478516,40.18182373046875
1763888277597,96.15152740478516,41.18182373046875
1763888277614,96.15152740478516,42.18182373046875
1763888277630,96.15152740478516,46.18182373046875
1763888277647,97.15152740478516,49.18182373046875
1763888277664,99.15152740478516,55.18182373046875
1763888277680,101.15152740478516,57.18182373046875
1763888277697,102.15152740478516,60.18182373046875
1763888277714,104.15152740478516,61.18182373046875
1763888277730,105.15152740478516,62.18182373046875
1763888277747,106.15152740478516,62.18182373046875
1763888277764,108.15152740478516,62.18182373046875
1763888277780,108.15152740478516,61.18182373046875
1763888277797,110.15152740478516,57.18182373046875
1763888277814,111.15152740478516,52.18182373046875
1763888277830,111.15152740478516,44.18182373046875
1763888277847,110.15152740478516,21.18182373046875
1763888277864,108.15152740478516,14.18182373046875
1763888278013,102.15152740478516,15.18182373046875
1763888278030,102.15152740478516,17.18182373046875
1763888278047,102.15152740478516,24.18182373046875
1763888278064,104.15152740478516,30.18182373046875
1763888278080,108.15152740478516,39.18182373046875
1763888278097,110.15152740478516,44.18182373046875
1763888278114,113.15152740478516,48.18182373046875
1763888278130,114.15152740478516,51.18182373046875
1763888278147,117.15152740478516,53.18182373046875
1763888278163,118.15152740478516,54.18182373046875
1763888278180,121.15152740478516,54.18182373046875
1763888278197,121.15152740478516,54.18182373046875
1763888278213,122.15152740478516,54.18182373046875
1763888278230,124.15152740478516,53.18182373046875
1763888278247,125.15152740478516,52.18182373046875
1763888278264,125.15152740478516,50.18182373046875
1763888278280,125.15152740478516,48.18182373046875
1763888278297,124.15152740478516,45.18182373046875
1763888278314,123.15152740478516,44.18182373046875
1763888278330,120.15152740478516,41.18182373046875
1763888278347,116.15152740478516,39.18182373046875
1763888278364,111.15152740478516,39.18182373046875
1763888278380,108.15152740478516,40.18182373046875
1763888278397,107.15152740478516,41.18182373046875
1763888278413,105.15152740478516,43.18182373046875
1763888278430,105.15152740478516,44.18182373046875
1763888278447,104.15152740478516,45.18182373046875
1763888278464,104.15152740478516,48.18182373046875
1763888278480,105.15152740478516,51.18182373046875
1763888278497,107.15152740478516,56.18182373046875
1763888278514,111.15152740478516,59.18182373046875
1763888278530,117.15152740478516,64.18182373046875
1763888278547,122.15152740478516,66.18182373046875
1763888278564,125.15152740478516,66.18182373046875
1763888278580,130.15152740478516,67.18182373046875
1763888278597,132.15152740478516,66.18182373046875
1763888278613,134.15152740478516,64.18182373046875
1763888278630,136.15152740478516,62.18182373046875
1763888278647,138.15152740478516,60.18182373046875
1763888278663,138.15152740478516,56.18182373046875
1763888278680,138.15152740478516,53.18182373046875
1763888278697,136.15152740478516,47.18182373046875
1763888278713,133.15152740478516,44.18182373046875
1763888278730,130.15152740478516,41.18182373046875
1763888278747,127.15152740478516,37.18182373046875
1763888278764,124.15152740478516,36.18182373046875
1763888278780,122.15152740478516,35.18182373046875
1763888278797,121.15152740478516,35.18182373046875
1763888278813,119.15152740478516,35.18182373046875
1763888278830,118.15152740478516,36.18182373046875
1763888278847,118.15152740478516,37.18182373046875
1763888278863,117.15152740478516,42.18182373046875
1763888278880,117.15152740478516,47.18182373046875
1763888278897,118.15152740478516,65.18182373046875
1763888278913,128.15152740478516,101.18182373046875
1763888278930,131.15152740478516,111.18182373046875
1763888278947,134.15152740478516,116.18182373046875
1763888278964,134.15152740478516,118.18182373046875
1763888278980,135.15152740478516,119.18182373046875
1763888278997,136.15152740478516,119.18182373046875
1763888279013,137.15152740478516,119.18182373046875
1763888279030,138.15152740478516,119.18182373046875
1763888279056,138.15152740478516,119.18182373046875
1763888279063,138.15152740478516,118.18182373046875
1763888279080,138.15152740478516,117.18182373046875
1763888279130,138.15152740478516,119.18182373046875
1763888279147,132.15152740478516,133.18182373046875
1763888279163,117.15152740478516,182.18182373046875
1763888279180,107.15152740478516,217.18182373046875
1763888279197,102.15152740478516,233.18182373046875
1763888279214,100.15152740478516,240.18182373046875
1763888279230,99.15152740478516,246.18182373046875
1763888279247,98.15152740478516,248.18182373046875
1763888279263,98.15152740478516,249.18182373046875
1763888279280,98.15152740478516,250.18182373046875
1763888279297,98.15152740478516,250.18182373046875
1763888279313,98.15152740478516,251.18182373046875
1763888279368,98.15152740478516,250.18182373046875
1763888279382,98.15152740478516,250.18182373046875
1763888279397,98.15152740478516,247.18182373046875
1763888279413,99.15152740478516,231.18182373046875
1763888279430,106.15152740478516,105.18182373046875
1763888279447,109.15152740478516,42.18182373046875
1763888279463,111.15152740478516,24.18182373046875
1763888279480,113.15152740478516,13.18182373046875
1763888279497,113.15152740478516,13.18182373046875
1763888279547,113.15152740478516,14.18182373046875
1763888279563,113.15152740478516,17.18182373046875
1763888279580,114.15152740478516,21.18182373046875
1763888279597,115.15152740478516,37.18182373046875
1763888279613,116.15152740478516,54.18182373046875
1763888279630,117.15152740478516,88.18182373046875
1763888279647,118.15152740478516,128.18182373046875
1763888279663,118.15152740478516,145.18182373046875
1763888279680,117.15152740478516,164.18182373046875
1763888279697,116.15152740478516,170.18182373046875
1763888279713,116.15152740478516,173.18182373046875
1763888279730,116.15152740478516,176.18182373046875
1763888279747,116.15152740478516,177.18182373046875
1763888279763,116.15152740478516,180.18182373046875
1763888279780,116.15152740478516,184.18182373046875
1763888279797,116.15152740478516,187.18182373046875
1763888279813,116.15152740478516,191.18182373046875
1763888279830,116.15152740478516,193.18182373046875
1763888279847,116.15152740478516,197.18182373046875
1763888279863,116.15152740478516,199.18182373046875
1763888279880,115.15152740478516,202.18182373046875
1763888279897,115.15152740478516,205.18182373046875
1763888279913,114.15152740478516,206.18182373046875
1763888279930,113.15152740478516,209.18182373046875
1763888279947,113.15152740478516,210.18182373046875
1763888279963,113.15152740478516,211.18182373046875
1763888279980,112.15152740478516,206.18182373046875
1763888279997,111.15152740478516,199.18182373046875
1763888280013,110.15152740478516,191.18182373046875
1763888280030,110.15152740478516,187.18182373046875
1763888280046,110.15152740478516,185.18182373046875
1763888280063,110.15152740478516,184.18182373046875
1763888280080,110.15152740478516,183.18182373046875
1763888280102,110.15152740478516,182.18182373046875
1763888280178,110.15152740478516,183.18182373046875
1763888280213,110.15152740478516,184.18182373046875
1763888280230,110.15152740478516,184.18182373046875
1763888280246,110.15152740478516,185.18182373046875
1763888280263,110.15152740478516,185.18182373046875
1763888280280,110.15152740478516,186.18182373046875
1763888280330,110.15152740478516,187.18182373046875
1763888280347,110.15152740478516,187.18182373046875
1763888280363,110.15152740478516,188.18182373046875
1763888280387,110.15152740478516,188.18182373046875
1763888280407,110.15152740478516,189.18182373046875
1763888280532,110.15152740478516,189.18182373046875
1763888280646,110.15152740478516,188.18182373046875
1763888282630,99.15152740478516,363.9393844604492
1763888282646,99.15152740478516,369.9393844604492
1763888282663,99.15152740478516,377.9393844604492
1763888282679,102.15152740478516,396.9393844604492
1763888282696,103.15152740478516,406.9393844604492
1763888282713,104.15152740478516,416.9393844604492
1763888282730,107.15152740478516,434.9393844604492
1763888282746,109.15152740478516,445.9393844604492
1763888282763,110.15152740478516,454.9393844604492
1763888282780,110.15152740478516,458.9393844604492
1763888282796,110.15152740478516,463.9393844604492
1763888282813,110.15152740478516,465.9393844604492
1763888282830,110.15152740478516,467.9393844604492
1763888282846,110.15152740478516,469.9393844604492
1763888282863,110.15152740478516,471.9393844604492
1763888282879,110.15152740478516,472.9393844604492
1763888282896,110.15152740478516,473.9393844604492
1763888282913,110.15152740478516,474.9393844604492
1763888282963,109.15152740478516,471.9393844604492
1763888282980,108.15152740478516,468.9393844604492
1763888282996,104.15152740478516,457.9393844604492
1763888283013,99.15152740478516,433.9393844604492
1763888283030,99.15152740478516,420.9393844604492
1763888283046,98.15152740478516,414.9393844604492
1763888283063,98.15152740478516,411.9393844604492
1763888283079,97.15152740478516,408.9393844604492
1763888283096,96.15152740478516,406.9393844604492
1763888283113,96.15152740478516,405.9393844604492
1763888283129,96.15152740478516,404.9393844604492
1763888283146,95.15152740478516,404.9393844604492
1763888283163,95.15152740478516,405.9393844604492
1763888283179,95.15152740478516,406.9393844604492
1763888283196,95.15152740478516,407.9393844604492
1763888283213,95.15152740478516,410.9393844604492
1763888283229,95.15152740478516,414.9393844604492
1763888283246,97.15152740478516,431.9393844604492
1763888283263,99.15152740478516,453.9393844604492
1763888283280,99.15152740478516,470.9393844604492
1763888283296,99.15152740478516,480.9393844604492
1763888283313,99.15152740478516,483.9393844604492
1763888283329,99.15152740478516,487.9393844604492
1763888283346,99.15152740478516,488.9393844604492
1763888283363,99.15152740478516,490.9393844604492
1763888283379,99.15152740478516,492.9393844604492
1763888283396,99.15152740478516,492.9393844604492
1763888283413,99.15152740478516,493.9393844604492
1763888283463,98.15152740478516,492.9393844604492
1763888283480,98.15152740478516,490.9393844604492
1763888283496,96.15152740478516,486.9393844604492
1763888283513,96.15152740478516,483.9393844604492
1763888283529,96.15152740478516,481.9393844604492
1763888283546,95.15152740478516,479.9393844604492
1763888283563,95.15152740478516,477.9393844604492
1763888283627,95.15152740478516,478.9393844604492
1763888283634,96.15152740478516,479.9393844604492
1763888283646,96.15152740478516,480.9393844604492
1763888283663,97.15152740478516,486.9393844604492
1763888283679,98.15152740478516,495.9393844604492
1763888283696,100.15152740478516,505.9393844604492
1763888283713,101.15152740478516,517.9393844604492
1763888283729,101.15152740478516,522.9393844604492
1763888283746,101.15152740478516,527.9393844604492
1763888283763,101.15152740478516,529.9393844604492
1763888283779,101.15152740478516,530.9393844604492
1763888283863,101.15152740478516,530.9393844604492
1763888283879,101.15152740478516,528.9393844604492
1763888283896,101.15152740478516,526.9393844604492
1763888283913,101.15152740478516,522.9393844604492
1763888283929,102.15152740478516,517.9393844604492
1763888283946,102.15152740478516,510.9393844604492
1763888283963,102.15152740478516,506.9393844604492
1763888283979,103.15152740478516,503.9393844604492
1763888283996,104.15152740478516,501.9393844604492
1763888284013,104.15152740478516,500.9393844604492
1763888284029,104.15152740478516,499.9393844604492
1763888284046,104.15152740478516,499.9393844604492
1763888284070,105.15152740478516,499.9393844604492
1763888284091,105.15152740478516,499.9393844604492
1763888284099,105.15152740478516,500.9393844604492
1763888284113,106.15152740478516,500.9393844604492
1763888284130,106.15152740478516,502.9393844604492
1763888284146,107.15152740478516,503.9393844604492
1763888284163,107.15152740478516,504.9393844604492
1763888284179,107.15152740478516,505.9393844604492
1763888284196,107.15152740478516,506.9393844604492
1763888284258,107.15152740478516,505.9393844604492
1763888284265,107.15152740478516,505.9393844604492
1763888284279,107.15152740478516,502.9393844604492
1763888284296,107.15152740478516,497.9393844604492
1763888284313,108.15152740478516,475.9393844604492
1763888284329,108.15152740478516,459.9393844604492
1763888284346,108.15152740478516,449.9393844604492
1763888284363,107.15152740478516,446.9393844604492
1763888284379,107.15152740478516,445.9393844604492
1763888284396,107.15152740478516,445.9393844604492
1763888284423,107.15152740478516,446.9393844604492
1763888284431,107.15152740478516,447.9393844604492
1763888284446,106.15152740478516,449.9393844604492
1763888284463,106.15152740478516,453.9393844604492
1763888284479,105.15152740478516,468.9393844604492
1763888284496,104.15152740478516,485.9393844604492
1763888284513,102.15152740478516,503.9393844604492
1763888284529,101.15152740478516,518.9393844604492
1763888284546,100.15152740478516,522.9393844604492
1763888284563,100.15152740478516,524.9393844604492
1763888284612,99.15152740478516,524.9393844604492
1763888284629,98.15152740478516,522.9393844604492
1763888284646,96.15152740478516,514.9393844604492
1763888284679,91.15152740478516,457.9393844604492
1763888284696,89.15152740478516,431.9393844604492
1763888284713,88.15152740478516,419.9393844604492
1763888284729,87.15152740478516,408.9393844604492
1763888284746,87.15152740478516,403.9393844604492
1763888284763,87.15152740478516,400.9393844604492
1763888284779,86.15152740478516,399.9393844604492
1763888284796,86.15152740478516,398.9393844604492
1763888284846,86.15152740478516,399.9393844604492
1763888284862,87.15152740478516,400.9393844604492
1763888284879,88.15152740478516,406.9393844604492
1763888284896,94.15152740478516,432.9393844604492
1763888284913,97.15152740478516,446.9393844604492
1763888284929,98.15152740478516,454.9393844604492
1763888284946,98.15152740478516,456.9393844604492
1763888284963,98.15152740478516,457.9393844604492
1763888284979,98.15152740478516,458.9393844604492
1763888284996,98.15152740478516,459.9393844604492
1763888285012,98.15152740478516,458.9393844604492
1763888285029,98.15152740478516,457.9393844604492
1763888285046,96.15152740478516,450.9393844604492
1763888285062,94.15152740478516,413.9393844604492
1763888285079,93.15152740478516,384.9393844604492
1763888285096,94.15152740478516,359.9393844604492
1763888285113,94.15152740478516,352.9393844604492
1763888285129,94.15152740478516,349.9393844604492
1763888285146,94.15152740478516,348.9393844604492
1763888285163,95.15152740478516,348.9393844604492
1763888285179,96.15152740478516,348.9393844604492
1763888285196,96.15152740478516,349.9393844604492
1763888285213,97.15152740478516,351.9393844604492
1763888285229,98.15152740478516,363.9393844604492
1763888285246,104.15152740478516,394.9393844604492
1763888285262,108.15152740478516,445.9393844604492
1763888285279,108.15152740478516,453.9393844604492
1763888285296,108.15152740478516,457.9393844604492
1763888285312,108.15152740478516,459.9393844604492
1763888285329,108.15152740478516,460.9393844604492
1763888285379,108.15152740478516,459.9393844604492
1763888285396,108.15152740478516,456.9393844604492
1763888285413,107.15152740478516,447.9393844604492
1763888285429,105.15152740478516,409.9393844604492
1763888285446,105.15152740478516,386.9393844604492
1763888285462,108.15152740478516,357.9393844604492
1763888285479,110.15152740478516,342.9393844604492
1763888285496,110.15152740478516,336.9393844604492
1763888285512,110.15152740478516,333.9393844604492
1763888285529,110.15152740478516,332.9393844604492
1763888285580,110.15152740478516,332.9393844604492
1763888285596,110.15152740478516,334.9393844604492
1763888285613,111.15152740478516,337.9393844604492
1763888285629,111.15152740478516,346.9393844604492
1763888285646,111.15152740478516,359.9393844604492
1763888285662,110.15152740478516,374.9393844604492
1763888285679,110.15152740478516,383.9393844604492
1763888285696,109.15152740478516,387.9393844604492
1763888285712,108.15152740478516,390.9393844604492
1763888285729,108.15152740478516,391.9393844604492
1763888285746,107.15152740478516,392.9393844604492
1763888285762,107.15152740478516,392.9393844604492
1763888285779,106.15152740478516,391.9393844604492
1763888285796,103.15152740478516,377.9393844604492
1763888285812,99.15152740478516,352.9393844604492
1763888285829,96.15152740478516,297.9393844604492
1763888285846,99.15152740478516,246.93938446044922
1763888285863,101.15152740478516,228.93938446044922
1763888285879,101.15152740478516,219.93938446044922
1763888285896,101.15152740478516,217.93938446044922
1763888285912,101.15152740478516,216.93938446044922
1763888285976,101.15152740478516,217.93938446044922
1763888285982,101.15152740478516,218.93938446044922
1763888285996,101.15152740478516,221.93938446044922
1763888286012,101.15152740478516,232.93938446044922
1763888286029,101.15152740478516,252.93938446044922
1763888286046,99.15152740478516,283.9393844604492
1763888286062,98.15152740478516,296.9393844604492
1763888286079,98.15152740478516,306.9393844604492
1763888286096,97.15152740478516,309.9393844604492
1763888286112,97.15152740478516,309.9393844604492
1763888286129,96.15152740478516,311.9393844604492
1763888286149,96.15152740478516,310.9393844604492
1763888286162,95.15152740478516,308.9393844604492
1763888286179,93.15152740478516,298.9393844604492
1763888286196,91.15152740478516,274.9393844604492
1763888286212,90.15152740478516,231.93938446044922
1763888286229,91.15152740478516,209.93938446044922
1763888286246,93.15152740478516,187.93938446044922
1763888286262,93.15152740478516,171.93938446044922
1763888286279,93.15152740478516,165.93938446044922
1763888286296,93.15152740478516,163.93938446044922
1763888286313,93.15152740478516,162.93938446044922
1763888286377,93.15152740478516,162.93938446044922
1763888286384,93.15152740478516,163.93938446044922
1763888286396,93.15152740478516,164.93938446044922
1763888286412,93.15152740478516,168.93938446044922
1763888286429,92.15152740478516,172.93938446044922
1763888286446,91.15152740478516,177.93938446044922
1763888286462,90.15152740478516,188.93938446044922
1763888286479,88.15152740478516,193.93938446044922
1763888286496,88.15152740478516,197.93938446044922
1763888286512,88.15152740478516,199.93938446044922
1763888286529,87.15152740478516,200.93938446044922
1763888286579,87.15152740478516,198.93938446044922
1763888286596,88.15152740478516,195.93938446044922
1763888286612,90.15152740478516,179.93938446044922
1763888286629,93.15152740478516,168.93938446044922
1763888286646,96.15152740478516,158.93938446044922
1763888286662,98.15152740478516,152.93938446044922
1763888286679,99.15152740478516,149.93938446044922
1763888286696,99.15152740478516,148.93938446044922
1763888286712,100.15152740478516,147.93938446044922
1763888286729,100.15152740478516,146.93938446044922
1763888286779,100.15152740478516,147.93938446044922
1763888286796,100.15152740478516,148.93938446044922
1763888286812,100.15152740478516,150.93938446044922
1763888286829,100.15152740478516,156.93938446044922
1763888286846,100.15152740478516,166.93938446044922
1763888286862,98.15152740478516,186.93938446044922
1763888286879,96.15152740478516,198.93938446044922
1763888286896,95.15152740478516,204.93938446044922
1763888286912,94.15152740478516,208.93938446044922
1763888286929,94.15152740478516,209.93938446044922
1763888286946,94.15152740478516,209.93938446044922
1763888286962,93.15152740478516,208.93938446044922
1763888286979,93.15152740478516,205.93938446044922
1763888286996,91.15152740478516,194.93938446044922
1763888287013,89.15152740478516,177.93938446044922
1763888287029,87.15152740478516,155.93938446044922
1763888287046,87.15152740478516,143.93938446044922
1763888287062,87.15152740478516,140.93938446044922
1763888287079,87.15152740478516,139.93938446044922
1763888287096,87.15152740478516,139.93938446044922
1763888287125,86.15152740478516,139.93938446044922
1763888287139,86.15152740478516,140.93938446044922
1763888287146,86.15152740478516,142.93938446044922
1763888287162,85.15152740478516,145.93938446044922
1763888287179,85.15152740478516,157.93938446044922
1763888287195,81.15152740478516,195.93938446044922
1763888287212,79.15152740478516,221.93938446044922
1763888287229,79.15152740478516,256.9393844604492
1763888287246,81.15152740478516,277.9393844604492
1763888287262,82.15152740478516,290.9393844604492
1763888287279,84.15152740478516,303.9393844604492
1763888287296,85.15152740478516,306.9393844604492
1763888287312,85.15152740478516,307.9393844604492
1763888287329,85.15152740478516,308.9393844604492
1763888287346,85.15152740478516,308.9393844604492
1763888287374,85.15152740478516,308.9393844604492
1763888287381,85.15152740478516,307.9393844604492
1763888287395,85.15152740478516,306.9393844604492
1763888287412,85.15152740478516,303.9393844604492
1763888287429,84.15152740478516,294.9393844604492
1763888287446,82.15152740478516,274.9393844604492
1763888287462,82.15152740478516,265.9393844604492
1763888287479,81.15152740478516,259.9393844604492
1763888287495,81.15152740478516,256.9393844604492
1763888287512,81.15152740478516,255.93938446044922
1763888287529,80.15152740478516,255.93938446044922
1763888287561,80.15152740478516,256.9393844604492
1763888287569,80.15152740478516,257.9393844604492
1763888287579,80.15152740478516,258.9393844604492
1763888287595,80.15152740478516,277.9393844604492
1763888287612,84.15152740478516,309.9393844604492
1763888287629,86.15152740478516,346.9393844604492
1763888287645,86.15152740478516,360.9393844604492
1763888287662,86.15152740478516,364.9393844604492
1763888287679,87.15152740478516,365.9393844604492
1763888287695,87.15152740478516,366.9393844604492
1763888287712,87.15152740478516,367.9393844604492
1763888287729,87.15152740478516,368.9393844604492
1763888287779,87.15152740478516,366.9393844604492
1763888287795,87.15152740478516,364.9393844604492
1763888287812,84.15152740478516,348.9393844604492
1763888287829,81.15152740478516,329.9393844604492
1763888287845,79.15152740478516,311.9393844604492
1763888287862,79.15152740478516,308.9393844604492
1763888287879,79.15152740478516,305.9393844604492
1763888287895,79.15152740478516,304.9393844604492
1763888287945,80.15152740478516,306.9393844604492
1763888287962,81.15152740478516,309.9393844604492
1763888287979,84.15152740478516,326.9393844604492
1763888287996,85.15152740478516,339.9393844604492
1763888288012,85.15152740478516,348.9393844604492
1763888288029,85.15152740478516,351.9393844604492
1763888288045,85.15152740478516,352.9393844604492
1763888288062,85.15152740478516,353.9393844604492
1763888288079,85.15152740478516,354.9393844604492
1763888288095,86.15152740478516,354.9393844604492
1763888288112,87.15152740478516,353.9393844604492
1763888288129,88.15152740478516,346.9393844604492
1763888288147,96.15152740478516,315.9393844604492
1763888288162,105.15152740478516,283.9393844604492
1763888288179,112.15152740478516,262.9393844604492
1763888288195,114.15152740478516,256.9393844604492
1763888288212,116.15152740478516,252.93938446044922
1763888288229,118.15152740478516,250.93938446044922
1763888288246,118.15152740478516,249.93938446044922
1763888288262,119.15152740478516,248.93938446044922
1763888288289,120.15152740478516,248.93938446044922
1763888288329,121.15152740478516,249.93938446044922
1763888288345,122.15152740478516,254.93938446044922
1763888288362,125.15152740478516,266.9393844604492
1763888288379,130.15152740478516,285.9393844604492
1763888288395,134.15152740478516,314.9393844604492
1763888288412,136.15152740478516,332.9393844604492
1763888288429,137.15152740478516,355.9393844604492
1763888288445,137.15152740478516,371.9393844604492
1763888288462,137.15152740478516,382.9393844604492
1763888288479,137.15152740478516,387.9393844604492
1763888288495,137.15152740478516,389.9393844604492
1763888288512,137.15152740478516,392.9393844604492
1763888288529,137.15152740478516,392.9393844604492
1763888288545,138.15152740478516,392.9393844604492
1763888288573,138.15152740478516,391.9393844604492
1763888288580,138.15152740478516,390.9393844604492
1763888288595,138.15152740478516,386.9393844604492
1763888288612,139.15152740478516,380.9393844604492
1763888288629,142.15152740478516,355.9393844604492
1763888288645,143.15152740478516,342.9393844604492
1763888288662,145.15152740478516,334.9393844604492
1763888288679,145.15152740478516,327.9393844604492
1763888288695,146.15152740478516,325.9393844604492
1763888288712,147.15152740478516,324.9393844604492
1763888288729,147.15152740478516,323.9393844604492
1763888288745,148.15152740478516,323.9393844604492
1763888288774,148.15152740478516,323.9393844604492
1763888288787,148.15152740478516,324.9393844604492
1763888288795,148.15152740478516,325.9393844604492
1763888288812,149.15152740478516,330.9393844604492
1763888288829,148.15152740478516,351.9393844604492
1763888288845,147.15152740478516,377.9393844604492
1763888288862,145.15152740478516,394.9393844604492
1763888288879,143.15152740478516,408.9393844604492
1763888288895,142.15152740478516,417.9393844604492
1763888288912,142.15152740478516,423.9393844604492
1763888288929,142.15152740478516,427.9393844604492
1763888288945,141.15152740478516,428.9393844604492
1763888288962,141.15152740478516,429.9393844604492
1763888288979,140.15152740478516,430.9393844604492
1763888289002,140.15152740478516,429.9393844604492
1763888289012,140.15152740478516,429.9393844604492
1763888289029,139.15152740478516,426.9393844604492
1763888289045,139.15152740478516,419.9393844604492
1763888289062,138.15152740478516,401.9393844604492
1763888289079,138.15152740478516,376.9393844604492
1763888289095,139.15152740478516,369.9393844604492
1763888289112,139.15152740478516,364.9393844604492
1763888289129,139.15152740478516,362.9393844604492
1763888289145,139.15152740478516,362.9393844604492
1763888289195,140.15152740478516,362.9393844604492
1763888289212,141.15152740478516,365.9393844604492
1763888289229,141.15152740478516,369.9393844604492
1763888289245,141.15152740478516,387.9393844604492
1763888289262,141.15152740478516,405.9393844604492
1763888289279,138.15152740478516,430.9393844604492
1763888289295,136.15152740478516,458.9393844604492
1763888289312,135.15152740478516,474.9393844604492
1763888289329,134.15152740478516,490.9393844604492
1763888289345,134.15152740478516,494.9393844604492
1763888289362,134.15152740478516,496.9393844604492
1763888289383,134.15152740478516,497.9393844604492
1763888289429,134.15152740478516,496.9393844604492
1763888289445,133.15152740478516,494.9393844604492
1763888289462,133.15152740478516,483.9393844604492
1763888289479,133.15152740478516,475.9393844604492
1763888289495,134.15152740478516,459.9393844604492
1763888289512,135.15152740478516,451.9393844604492
1763888289529,136.15152740478516,445.9393844604492
1763888289545,136.15152740478516,444.9393844604492
1763888289562,136.15152740478516,443.9393844604492
1763888289612,137.15152740478516,443.9393844604492
1763888289628,137.15152740478516,446.9393844604492
1763888289645,137.15152740478516,449.9393844604492
1763888289662,137.15152740478516,459.9393844604492
1763888289679,136.15152740478516,470.9393844604492
1763888289695,134.15152740478516,486.9393844604492
1763888289712,134.15152740478516,493.9393844604492
1763888289729,133.15152740478516,497.9393844604492
1763888289745,133.15152740478516,500.9393844604492
1763888289762,132.15152740478516,502.9393844604492
1763888289778,132.15152740478516,503.9393844604492
1763888289795,132.15152740478516,503.9393844604492
1763888289847,132.15152740478516,503.9393844604492
1763888289862,131.15152740478516,501.9393844604492
1763888289879,131.15152740478516,500.9393844604492
1763888289895,131.15152740478516,497.9393844604492
1763888289912,131.15152740478516,494.9393844604492
1763888289929,131.15152740478516,492.9393844604492
1763888289945,131.15152740478516,490.9393844604492
1763888289962,131.15152740478516,489.9393844604492
1763888289978,131.15152740478516,488.9393844604492
1763888290006,131.15152740478516,488.9393844604492
1763888290013,131.15152740478516,489.9393844604492
1763888290028,130.15152740478516,491.9393844604492
1763888290045,130.15152740478516,492.9393844604492
1763888290062,130.15152740478516,494.9393844604492
1763888290078,129.15152740478516,497.9393844604492
1763888290095,129.15152740478516,501.9393844604492
1763888290112,128.15152740478516,506.9393844604492
1763888290129,128.15152740478516,509.9393844604492
1763888290145,127.15152740478516,511.9393844604492
1763888290162,127.15152740478516,514.9393844604492
1763888290178,127.15152740478516,514.9393844604492
1763888290195,127.15152740478516,515.9393844604492
1763888290212,127.15152740478516,516.9393844604492
1763888290235,127.15152740478516,515.9393844604492
1763888290248,127.15152740478516,514.9393844604492
1763888290263,127.15152740478516,514.9393844604492
1763888290278,127.15152740478516,513.9393844604492
1763888290295,127.15152740478516,512.9393844604492
1763888290312,127.15152740478516,511.9393844604492
1763888290395,127.15152740478516,511.9393844604492
1763888290412,127.15152740478516,512.9393844604492
1763888290429,127.15152740478516,514.9393844604492
1763888290445,127.15152740478516,516.9393844604492
1763888290462,127.15152740478516,518.9393844604492
1763888290478,128.15152740478516,522.9393844604492
1763888290495,129.15152740478516,524.9393844604492
1763888290512,131.15152740478516,528.9393844604492
1763888290528,131.15152740478516,529.9393844604492
1763888290728,137.15152740478516,530.9393844604492
1763888290745,137.15152740478516,529.9393844604492
1763888290762,138.15152740478516,529.9393844604492
1763888290778,138.15152740478516,529.9393844604492
1763888290795,138.15152740478516,528.9393844604492
1763888290812,138.15152740478516,528.9393844604492
1763888290828,138.15152740478516,526.9393844604492
1763888290845,138.15152740478516,526.9393844604492
1763888290862,138.15152740478516,525.9393844604492
1763888290878,138.15152740478516,523.9393844604492
1763888290895,138.15152740478516,522.9393844604492
1763888290912,136.15152740478516,521.9393844604492
1763888290928,135.15152740478516,519.9393844604492
1763888290945,135.15152740478516,519.9393844604492
1763888290962,135.15152740478516,517.9393844604492
1763888290978,135.15152740478516,517.9393844604492
1763888291010,136.15152740478516,517.9393844604492
1763888291028,137.15152740478516,517.9393844604492
1763888291045,138.15152740478516,517.9393844604492
1763888291062,139.15152740478516,517.9393844604492
1763888291078,140.15152740478516,517.9393844604492
1763888291095,141.15152740478516,517.9393844604492
1763888291121,141.15152740478516,516.9393844604492
1763888291128,141.15152740478516,516.9393844604492
1763888291145,139.15152740478516,515.9393844604492
1763888291162,137.15152740478516,513.9393844604492
1763888291178,132.15152740478516,508.9393844604492
1763888291195,129.15152740478516,506.9393844604492
1763888291212,127.15152740478516,503.9393844604492
1763888291228,124.15152740478516,500.9393844604492
1763888291245,123.15152740478516,498.9393844604492
1763888291312,122.15152740478516,431.9393844604492
1763888291328,124.15152740478516,422.9393844604492
1763888291345,125.15152740478516,416.9393844604492
1763888291362,125.15152740478516,414.9393844604492
1763888291378,126.15152740478516,412.9393844604492
1763888291395,126.15152740478516,411.9393844604492
1763888291412,126.15152740478516,409.9393844604492
1763888291428,127.15152740478516,409.9393844604492
1763888291445,127.15152740478516,409.9393844604492
1763888291462,128.15152740478516,409.9393844604492
1763888291478,128.15152740478516,411.9393844604492
1763888291495,128.15152740478516,412.9393844604492
1763888291512,128.15152740478516,417.9393844604492
1763888291528,130.15152740478516,420.9393844604492
1763888291545,131.15152740478516,425.9393844604492
1763888291562,131.15152740478516,426.9393844604492
1763888291578,131.15152740478516,429.9393844604492
1763888291599,131.15152740478516,429.9393844604492
1763888291645,131.15152740478516,429.9393844604492
1763888291662,131.15152740478516,426.9393844604492
1763888291678,131.15152740478516,422.9393844604492
1763888291695,131.15152740478516,417.9393844604492
1763888291712,131.15152740478516,414.9393844604492
1763888291728,131.15152740478516,413.9393844604492
1763888291745,131.15152740478516,412.9393844604492
1763888291795,131.15152740478516,415.9393844604492
1763888291812,132.15152740478516,418.9393844604492
1763888291828,132.15152740478516,425.9393844604492
1763888291845,134.15152740478516,449.9393844604492
1763888291862,134.15152740478516,459.9393844604492
1763888291878,134.15152740478516,468.9393844604492
1763888291895,134.15152740478516,471.9393844604492
1763888291911,134.15152740478516,472.9393844604492
1763888291928,134.15152740478516,473.9393844604492
1763888291945,134.15152740478516,474.9393844604492
1763888291966,134.15152740478516,474.9393844604492
1763888291981,134.15152740478516,472.9393844604492
1763888291995,135.15152740478516,471.9393844604492
1763888292012,136.15152740478516,469.9393844604492
1763888292028,136.15152740478516,464.9393844604492
1763888292045,138.15152740478516,451.9393844604492
1763888292062,138.15152740478516,442.9393844604492
1763888292078,139.15152740478516,432.9393844604492
1763888292095,139.15152740478516,428.9393844604492
1763888292112,139.15152740478516,426.9393844604492
1763888292128,139.15152740478516,425.9393844604492
1763888292147,139.15152740478516,424.9393844604492
1763888292167,140.15152740478516,424.9393844604492
1763888292178,140.15152740478516,425.9393844604492
1763888292195,141.15152740478516,427.9393844604492
1763888292212,141.15152740478516,429.9393844604492
1763888292228,142.15152740478516,432.9393844604492
1763888292245,142.15152740478516,434.9393844604492
1763888292262,142.15152740478516,435.9393844604492
1763888292278,143.15152740478516,436.9393844604492
1763888292295,144.15152740478516,437.9393844604492
1763888292320,144.15152740478516,437.9393844604492
1763888292328,144.15152740478516,436.9393844604492
1763888292345,144.15152740478516,432.9393844604492
1763888292362,143.15152740478516,420.9393844604492
1763888292378,141.15152740478516,395.9393844604492
1763888292395,139.15152740478516,379.9393844604492
1763888292411,138.15152740478516,363.9393844604492
1763888292428,138.15152740478516,357.9393844604492
1763888292445,138.15152740478516,354.9393844604492
1763888292462,138.15152740478516,353.9393844604492
1763888292478,138.15152740478516,352.9393844604492
1763888292506,138.15152740478516,352.9393844604492
1763888292513,138.15152740478516,353.9393844604492
1763888292528,138.15152740478516,354.9393844604492
1763888292545,138.15152740478516,356.9393844604492
1763888292562,138.15152740478516,359.9393844604492
1763888292578,138.15152740478516,362.9393844604492
1763888292595,139.15152740478516,368.9393844604492
1763888292611,139.15152740478516,372.9393844604492
1763888292628,139.15152740478516,374.9393844604492
1763888292645,139.15152740478516,375.9393844604492
1763888292662,139.15152740478516,376.9393844604492
1763888292679,139.15152740478516,375.9393844604492
1763888292695,139.15152740478516,371.9393844604492
1763888292712,138.15152740478516,359.9393844604492
1763888292728,137.15152740478516,339.9393844604492
1763888292745,138.15152740478516,312.9393844604492
1763888292761,138.15152740478516,297.9393844604492
1763888292778,140.15152740478516,288.9393844604492
1763888292795,140.15152740478516,286.9393844604492
1763888292811,140.15152740478516,286.9393844604492
1763888292828,140.15152740478516,285.9393844604492
1763888292845,141.15152740478516,285.9393844604492
1763888292861,141.15152740478516,288.9393844604492
1763888292878,141.15152740478516,290.9393844604492
1763888292895,144.15152740478516,302.9393844604492
1763888292911,145.15152740478516,318.9393844604492
1763888292928,145.15152740478516,330.9393844604492
1763888292945,145.15152740478516,337.9393844604492
1763888292962,145.15152740478516,340.9393844604492
1763888292978,145.15152740478516,344.9393844604492
1763888292995,145.15152740478516,346.9393844604492
1763888293011,145.15152740478516,347.9393844604492
1763888293028,145.15152740478516,349.9393844604492
1763888293078,145.15152740478516,348.9393844604492
1763888293095,145.15152740478516,345.9393844604492
1763888293111,145.15152740478516,340.9393844604492
1763888293128,146.15152740478516,332.9393844604492
1763888293145,149.15152740478516,309.9393844604492
1763888293161,151.15152740478516,296.9393844604492
1763888293178,153.15152740478516,288.9393844604492
1763888293195,153.15152740478516,284.9393844604492
1763888293211,153.15152740478516,282.9393844604492
1763888293228,153.15152740478516,280.9393844604492
1763888293245,153.15152740478516,279.9393844604492
1763888293295,153.15152740478516,280.9393844604492
1763888293311,153.15152740478516,283.9393844604492
1763888293328,153.15152740478516,285.9393844604492
1763888293345,154.15152740478516,290.9393844604492
1763888293361,154.15152740478516,297.9393844604492
1763888293378,154.15152740478516,300.9393844604492
1763888293395,154.15152740478516,304.9393844604492
1763888293411,154.15152740478516,306.9393844604492
1763888293428,154.15152740478516,307.9393844604492
1763888293456,154.15152740478516,306.9393844604492
1763888293463,153.15152740478516,305.9393844604492
1763888293478,151.15152740478516,297.9393844604492
1763888293495,148.15152740478516,275.9393844604492
1763888293511,146.15152740478516,236.93938446044922
1763888293528,146.15152740478516,221.93938446044922
1763888293545,146.15152740478516,208.93938446044922
1763888293561,146.15152740478516,196.93938446044922
1763888293578,146.15152740478516,194.93938446044922
1763888293595,145.15152740478516,192.93938446044922
1763888293614,145.15152740478516,192.93938446044922
1763888293628,145.15152740478516,191.93938446044922
1763888293678,145.15152740478516,192.93938446044922
1763888293695,145.15152740478516,193.93938446044922
1763888293711,145.15152740478516,198.93938446044922
1763888293728,145.15152740478516,203.93938446044922
1763888293745,145.15152740478516,214.93938446044922
1763888293761,144.15152740478516,237.93938446044922
1763888293778,144.15152740478516,248.93938446044922
1763888293795,144.15152740478516,256.9393844604492
1763888293811,144.15152740478516,259.9393844604492
1763888293828,144.15152740478516,259.9393844604492
1763888293845,144.15152740478516,260.9393844604492
1763888293861,143.15152740478516,259.9393844604492
1763888293878,142.15152740478516,257.9393844604492
1763888293895,142.15152740478516,252.93938446044922
1763888293911,141.15152740478516,240.93938446044922
1763888293928,141.15152740478516,209.93938446044922
1763888293945,145.15152740478516,171.93938446044922
1763888293961,149.15152740478516,149.93938446044922
1763888293978,150.15152740478516,142.93938446044922
1763888293995,151.15152740478516,141.93938446044922
1763888294011,151.15152740478516,140.93938446044922
1763888294061,151.15152740478516,141.93938446044922
1763888294078,151.15152740478516,143.93938446044922
1763888294095,151.15152740478516,147.93938446044922
1763888294111,151.15152740478516,152.93938446044922
1763888294128,152.15152740478516,183.93938446044922
1763888294145,154.15152740478516,229.93938446044922
1763888294161,156.15152740478516,265.9393844604492
1763888294178,156.15152740478516,289.9393844604492
1763888294195,156.15152740478516,296.9393844604492
1763888294211,156.15152740478516,299.9393844604492
1763888294228,156.15152740478516,299.9393844604492
1763888294245,156.15152740478516,300.9393844604492
1763888294295,155.15152740478516,297.9393844604492
1763888294311,154.15152740478516,292.9393844604492
1763888294328,151.15152740478516,278.9393844604492
1763888294345,150.15152740478516,259.9393844604492
1763888294361,148.15152740478516,243.93938446044922
1763888294378,148.15152740478516,231.93938446044922
1763888294395,148.15152740478516,228.93938446044922
1763888294411,148.15152740478516,225.93938446044922
1763888294428,148.15152740478516,225.93938446044922
1763888294478,149.15152740478516,225.93938446044922
1763888294494,150.15152740478516,229.93938446044922
1763888294511,150.15152740478516,232.93938446044922
1763888294528,150.15152740478516,247.93938446044922
1763888294544,151.15152740478516,271.9393844604492
1763888294561,151.15152740478516,279.9393844604492
1763888294578,151.15152740478516,285.9393844604492
1763888294594,151.15152740478516,287.9393844604492
1763888294611,151.15152740478516,289.9393844604492
1763888294628,151.15152740478516,289.9393844604492
1763888294645,152.15152740478516,289.9393844604492
1763888294661,153.15152740478516,286.9393844604492
1763888294678,153.15152740478516,279.9393844604492
1763888294695,153.15152740478516,259.9393844604492
1763888294711,153.15152740478516,225.93938446044922
1763888294728,152.15152740478516,207.93938446044922
1763888294744,150.15152740478516,196.93938446044922
1763888294761,150.15152740478516,194.93938446044922
1763888294811,149.15152740478516,194.93938446044922
1763888294828,148.15152740478516,196.93938446044922
1763888294845,147.15152740478516,199.93938446044922
1763888294861,144.15152740478516,213.93938446044922
1763888294878,138.15152740478516,237.93938446044922
1763888294895,129.15152740478516,271.9393844604492
1763888294911,124.15152740478516,297.9393844604492
1763888294928,123.15152740478516,302.9393844604492
1763888294944,122.15152740478516,305.9393844604492
1763888294961,122.15152740478516,306.9393844604492
1763888294978,121.15152740478516,306.9393844604492
1763888294999,121.15152740478516,305.9393844604492
1763888295013,121.15152740478516,303.9393844604492
1763888295028,121.15152740478516,299.9393844604492
1763888295044,121.15152740478516,293.9393844604492
1763888295061,121.15152740478516,280.9393844604492
1763888295078,121.15152740478516,257.9393844604492
1763888295095,121.15152740478516,245.93938446044922
1763888295111,121.15152740478516,237.93938446044922
1763888295128,121.15152740478516,234.93938446044922
1763888295144,122.15152740478516,232.93938446044922
1763888295161,122.15152740478516,231.93938446044922
1763888295178,122.15152740478516,230.93938446044922
1763888295194,122.15152740478516,229.93938446044922
1763888295221,122.15152740478516,230.93938446044922
1763888295235,122.15152740478516,232.93938446044922
1763888295244,122.15152740478516,232.93938446044922
1763888295261,122.15152740478516,236.93938446044922
1763888295278,119.15152740478516,243.93938446044922
1763888295294,116.15152740478516,255.93938446044922
1763888295311,113.15152740478516,269.9393844604492
1763888295328,111.15152740478516,275.9393844604492
1763888295344,110.15152740478516,281.9393844604492
1763888295361,108.15152740478516,285.9393844604492
1763888295378,108.15152740478516,286.9393844604492
1763888295394,107.15152740478516,287.9393844604492
1763888295444,107.15152740478516,283.9393844604492
1763888295461,107.15152740478516,274.9393844604492
1763888295478,110.15152740478516,252.93938446044922
1763888295494,122.15152740478516,197.93938446044922
1763888295511,128.15152740478516,168.93938446044922
1763888295528,134.15152740478516,149.93938446044922
1763888295544,134.15152740478516,147.93938446044922
1763888295595,134.15152740478516,148.93938446044922
1763888295611,133.15152740478516,149.93938446044922
1763888295628,131.15152740478516,151.93938446044922
1763888295644,126.15152740478516,160.93938446044922
1763888295661,120.15152740478516,172.93938446044922
1763888295678,111.15152740478516,189.93938446044922
1763888295694,98.15152740478516,223.93938446044922
1763888295711,91.15152740478516,240.93938446044922
1763888295728,85.15152740478516,257.9393844604492
1763888295744,82.15152740478516,263.9393844604492
1763888295761,80.15152740478516,267.9393844604492
1763888295778,79.15152740478516,268.9393844604492
1763888295794,79.15152740478516,268.9393844604492
1763888295817,79.15152740478516,267.9393844604492
1763888295828,79.15152740478516,266.9393844604492
1763888295844,78.15152740478516,263.9393844604492
1763888295861,78.15152740478516,257.9393844604492
1763888295878,78.15152740478516,247.93938446044922
1763888295894,78.15152740478516,225.93938446044922
1763888295911,79.15152740478516,214.93938446044922
1763888295928,82.15152740478516,194.93938446044922
1763888295944,83.15152740478516,188.93938446044922
1763888295961,84.15152740478516,186.93938446044922
1763888295978,84.15152740478516,184.93938446044922
1763888296032,84.15152740478516,185.93938446044922
1763888296044,84.15152740478516,186.93938446044922
1763888296061,84.15152740478516,192.93938446044922
1763888296078,84.15152740478516,207.93938446044922
1763888296094,84.15152740478516,251.93938446044922
1763888296111,84.15152740478516,265.9393844604492
1763888296128,85.15152740478516,276.9393844604492
1763888296144,87.15152740478516,282.9393844604492
1763888296161,87.15152740478516,283.9393844604492
1763888296178,87.15152740478516,284.9393844604492
1763888296194,88.15152740478516,284.9393844604492
1763888296211,89.15152740478516,284.9393844604492
1763888296228,91.15152740478516,279.9393844604492
1763888296244,95.15152740478516,268.9393844604492
1763888296261,108.15152740478516,220.93938446044922
1763888296278,116.15152740478516,197.93938446044922
1763888296294,124.15152740478516,176.93938446044922
1763888296311,126.15152740478516,171.93938446044922
1763888296328,128.15152740478516,168.93938446044922
1763888296344,128.15152740478516,168.93938446044922
1763888296361,129.15152740478516,168.93938446044922
1763888296378,130.15152740478516,168.93938446044922
1763888296394,130.15152740478516,169.93938446044922
1763888296411,130.15152740478516,172.93938446044922
1763888296428,128.15152740478516,182.93938446044922
1763888296444,127.15152740478516,195.93938446044922
1763888296461,121.15152740478516,219.93938446044922
1763888296478,119.15152740478516,226.93938446044922
1763888296494,118.15152740478516,231.93938446044922
1763888296511,118.15152740478516,234.93938446044922
1763888296561,118.15152740478516,234.93938446044922
1763888296578,119.15152740478516,232.93938446044922
1763888296594,121.15152740478516,227.93938446044922
1763888296611,123.15152740478516,222.93938446044922
1763888296628,125.15152740478516,214.93938446044922
1763888296644,128.15152740478516,208.93938446044922
1763888296661,130.15152740478516,203.93938446044922
1763888296677,131.15152740478516,200.93938446044922
1763888296695,131.15152740478516,199.93938446044922
1763888296711,131.15152740478516,198.93938446044922
1763888296727,131.15152740478516,197.93938446044922
1763888296744,131.15152740478516,198.93938446044922
1763888296761,130.15152740478516,203.93938446044922
1763888296778,124.15152740478516,214.93938446044922
1763888296794,117.15152740478516,231.93938446044922
1763888296811,114.15152740478516,239.93938446044922
1763888296828,111.15152740478516,244.93938446044922
1763888296844,110.15152740478516,248.93938446044922
1763888296861,110.15152740478516,249.93938446044922
1763888296878,109.15152740478516,249.93938446044922
1763888296894,109.15152740478516,249.93938446044922
1763888296911,110.15152740478516,246.93938446044922
1763888296927,110.15152740478516,243.93938446044922
1763888296944,111.15152740478516,239.93938446044922
1763888296961,113.15152740478516,233.93938446044922
1763888296978,115.15152740478516,228.93938446044922
1763888296994,117.15152740478516,223.93938446044922
1763888297011,118.15152740478516,221.93938446044922
1763888297028,118.15152740478516,220.93938446044922
1763888297044,119.15152740478516,219.93938446044922
1763888297064,119.15152740478516,219.93938446044922
1763888297077,118.15152740478516,222.93938446044922
1763888297094,113.15152740478516,238.93938446044922
1763888297111,99.15152740478516,282.9393844604492
1763888297127,91.15152740478516,317.9393844604492
1763888297144,87.15152740478516,332.9393844604492
1763888297161,84.15152740478516,349.9393844604492
1763888297178,82.15152740478516,354.9393844604492
1763888297194,82.15152740478516,355.9393844604492
1763888297211,82.15152740478516,356.9393844604492
1763888297227,82.15152740478516,357.9393844604492
1763888297257,82.15152740478516,356.9393844604492
1763888297264,82.15152740478516,356.9393844604492
1763888297278,82.15152740478516,354.9393844604492
1763888297294,83.15152740478516,352.9393844604492
1763888297311,83.15152740478516,349.9393844604492
1763888297327,84.15152740478516,343.9393844604492
1763888297344,84.15152740478516,338.9393844604492
1763888297361,85.15152740478516,334.9393844604492
1763888297377,85.15152740478516,332.9393844604492
1763888297394,86.15152740478516,331.9393844604492
1763888297411,87.15152740478516,331.9393844604492
1763888297427,88.15152740478516,331.9393844604492
1763888297444,91.15152740478516,342.9393844604492
1763888297461,96.15152740478516,362.9393844604492
1763888297478,99.15152740478516,374.9393844604492
1763888297494,101.15152740478516,383.9393844604492
1763888297511,102.15152740478516,385.9393844604492
1763888297527,102.15152740478516,386.9393844604492
1763888297544,103.15152740478516,386.9393844604492
1763888297561,103.15152740478516,386.9393844604492
1763888297577,103.15152740478516,382.9393844604492
1763888297594,101.15152740478516,372.9393844604492
1763888297611,92.15152740478516,328.9393844604492
1763888297627,90.15152740478516,308.9393844604492
1763888297644,88.15152740478516,300.9393844604492
1763888297661,88.15152740478516,298.9393844604492
1763888297677,88.15152740478516,297.9393844604492
1763888297700,88.15152740478516,298.9393844604492
1763888297711,88.15152740478516,299.9393844604492
1763888297727,88.15152740478516,301.9393844604492
1763888297744,89.15152740478516,309.9393844604492
1763888297761,89.15152740478516,322.9393844604492
1763888297777,91.15152740478516,343.9393844604492
1763888297794,92.15152740478516,349.9393844604492
1763888297811,92.15152740478516,351.9393844604492
1763888297827,92.15152740478516,352.9393844604492
1763888297859,92.15152740478516,351.9393844604492
1763888297866,91.15152740478516,348.9393844604492
1763888297878,90.15152740478516,343.9393844604492
1763888297894,89.15152740478516,305.9393844604492
1763888297911,90.15152740478516,279.9393844604492
1763888297928,91.15152740478516,250.93938446044922
1763888297944,99.15152740478516,216.93938446044922
1763888297961,103.15152740478516,203.93938446044922
1763888297977,108.15152740478516,193.93938446044922
1763888297994,111.15152740478516,188.93938446044922
1763888298011,113.15152740478516,185.93938446044922
1763888298027,115.15152740478516,184.93938446044922
1763888298044,116.15152740478516,183.93938446044922
1763888298061,117.15152740478516,182.93938446044922
1763888298078,118.15152740478516,182.93938446044922
1763888298094,119.15152740478516,181.93938446044922
1763888298111,120.15152740478516,180.93938446044922
1763888298128,122.15152740478516,180.93938446044922
1763888298144,123.15152740478516,179.93938446044922
1763888298161,125.15152740478516,177.93938446044922
1763888298178,125.15152740478516,177.93938446044922
1763888298194,127.15152740478516,176.93938446044922
1763888298211,128.15152740478516,174.93938446044922
1763888298227,131.15152740478516,172.93938446044922
1763888298244,134.15152740478516,169.93938446044922
1763888298261,136.15152740478516,166.93938446044922
1763888298277,141.15152740478516,162.93938446044922
1763888298294,143.15152740478516,157.93938446044922
1763888298311,147.15152740478516,152.93938446044922
1763888298327,149.15152740478516,148.93938446044922
1763888298344,150.15152740478516,145.93938446044922
1763888298361,153.15152740478516,139.93938446044922
1763888298378,154.15152740478516,136.93938446044922
1763888298394,156.15152740478516,130.93938446044922
1763888298411,159.15152740478516,128.93938446044922
1763888298427,159.15152740478516,126.93938446044922
1763888298444,160.15152740478516,124.93938446044922
1763888298461,161.15152740478516,124.93938446044922
1763888298477,162.15152740478516,123.93938446044922
1763888298494,162.15152740478516,123.93938446044922
1763888298511,162.15152740478516,122.93938446044922
1763888298527,163.15152740478516,122.93938446044922
1763888298544,164.15152740478516,122.93938446044922
1763888298562,164.15152740478516,122.93938446044922
1763888298577,165.15152740478516,122.93938446044922
1763888298600,166.15152740478516,122.93938446044922
1763888298611,167.15152740478516,123.93938446044922
1763888298628,168.15152740478516,124.93938446044922
1763888298644,171.15152740478516,129.93938446044922
1763888298661,174.15152740478516,136.93938446044922
1763888298677,182.15152740478516,149.93938446044922
1763888298694,188.15152740478516,162.93938446044922
1763888298894,195.15152740478516,192.93938446044922
1763888298911,191.15152740478516,179.93938446044922
1763888298927,185.15152740478516,160.93938446044922
1763888298944,184.15152740478516,156.93938446044922
1763888298961,182.15152740478516,152.93938446044922
1763888298977,181.15152740478516,150.93938446044922
1763888298994,181.15152740478516,149.93938446044922
1763888299011,180.15152740478516,148.93938446044922
1763888299027,180.15152740478516,148.93938446044922
1763888299044,179.15152740478516,148.93938446044922
1763888299061,179.15152740478516,149.93938446044922
1763888299077,179.15152740478516,150.93938446044922
1763888299094,179.15152740478516,154.93938446044922
1763888299111,178.15152740478516,158.93938446044922
1763888299127,178.15152740478516,181.93938446044922
1763888299144,178.15152740478516,202.93938446044922
1763888299161,179.15152740478516,222.93938446044922
1763888299177,180.15152740478516,229.93938446044922
1763888299194,180.15152740478516,231.93938446044922
1763888299210,180.15152740478516,232.93938446044922
1763888299227,180.15152740478516,233.93938446044922
1763888299277,180.15152740478516,232.93938446044922
1763888299294,179.15152740478516,229.93938446044922
1763888299310,178.15152740478516,222.93938446044922
1763888299361,170.15152740478516,180.93938446044922
1763888299377,170.15152740478516,174.93938446044922
1763888299394,170.15152740478516,172.93938446044922
1763888299410,170.15152740478516,171.93938446044922
1763888299427,170.15152740478516,169.93938446044922
1763888299444,170.15152740478516,169.93938446044922
1763888299495,170.15152740478516,169.93938446044922
1763888299510,170.15152740478516,171.93938446044922
1763888299527,170.15152740478516,174.93938446044922
1763888299544,174.15152740478516,186.93938446044922
1763888299560,176.15152740478516,193.93938446044922
1763888299577,178.15152740478516,197.93938446044922
1763888299594,178.15152740478516,199.93938446044922
1763888299610,178.15152740478516,200.93938446044922
1763888299627,178.15152740478516,201.93938446044922
1763888299647,179.15152740478516,201.93938446044922
1763888299660,179.15152740478516,200.93938446044922
1763888299677,179.15152740478516,197.93938446044922
1763888299694,179.15152740478516,193.93938446044922
1763888299711,176.15152740478516,173.93938446044922
1763888299727,176.15152740478516,165.93938446044922
1763888299744,175.15152740478516,161.93938446044922
1763888299760,174.15152740478516,160.93938446044922
1763888299777,174.15152740478516,159.93938446044922
1763888299827,174.15152740478516,159.93938446044922
1763888299844,175.15152740478516,160.93938446044922
1763888299860,177.15152740478516,163.93938446044922
1763888299877,188.15152740478516,189.93938446044922
1763888299894,196.15152740478516,208.93938446044922
1763888300145,194.15152740478516,191.93938446044922
1763888300160,194.15152740478516,189.93938446044922
1763888300177,194.15152740478516,188.93938446044922
1763888300194,193.15152740478516,187.93938446044922
1763888300244,193.15152740478516,189.93938446044922
1763888300260,193.15152740478516,192.93938446044922
1763888300277,193.15152740478516,209.93938446044922
1763888300294,193.15152740478516,227.93938446044922
1763888300310,192.15152740478516,243.93938446044922
1763888300327,192.15152740478516,254.93938446044922
1763888300344,192.15152740478516,257.9393844604492
1763888300360,191.15152740478516,259.9393844604492
1763888300377,191.15152740478516,260.9393844604492
1763888300394,191.15152740478516,260.9393844604492
1763888300410,190.15152740478516,260.9393844604492
1763888300427,190.15152740478516,259.9393844604492
1763888300444,188.15152740478516,256.9393844604492
1763888300460,187.15152740478516,254.93938446044922
1763888300477,187.15152740478516,249.93938446044922
1763888300494,185.15152740478516,244.93938446044922
1763888300510,185.15152740478516,243.93938446044922
1763888300527,184.15152740478516,241.93938446044922
1763888300544,184.15152740478516,240.93938446044922
1763888300560,184.15152740478516,239.93938446044922
1763888300577,184.15152740478516,239.93938446044922
1763888300631,184.15152740478516,240.93938446044922
1763888300644,184.15152740478516,240.93938446044922
1763888300660,184.15152740478516,246.93938446044922
1763888300677,184.15152740478516,263.9393844604492
1763888300694,182.15152740478516,288.9393844604492
1763888300710,182.15152740478516,294.9393844604492
1763888300727,181.15152740478516,297.9393844604492
1763888300744,181.15152740478516,298.9393844604492
1763888300760,181.15152740478516,299.9393844604492
1763888300810,180.15152740478516,296.9393844604492
1763888300827,179.15152740478516,292.9393844604492
1763888300844,178.15152740478516,282.9393844604492
1763888300910,177.15152740478516,220.93938446044922
1763888300927,178.15152740478516,217.93938446044922
1763888300944,178.15152740478516,213.93938446044922
1763888300960,178.15152740478516,212.93938446044922
1763888300977,178.15152740478516,211.93938446044922
1763888300997,178.15152740478516,211.93938446044922
1763888301025,179.15152740478516,212.93938446044922
1763888301032,179.15152740478516,213.93938446044922
1763888301044,179.15152740478516,214.93938446044922
1763888301060,180.15152740478516,222.93938446044922
1763888301077,183.15152740478516,239.93938446044922
1763888301094,187.15152740478516,260.9393844604492
1763888301110,188.15152740478516,277.9393844604492
1763888301127,188.15152740478516,281.9393844604492
1763888301144,188.15152740478516,283.9393844604492
1763888301160,188.15152740478516,285.9393844604492
1763888301177,188.15152740478516,286.9393844604492
1763888301233,188.15152740478516,285.9393844604492
1763888301244,188.15152740478516,285.9393844604492
1763888301260,188.15152740478516,283.9393844604492
1763888301277,187.15152740478516,283.9393844604492
1763888301294,187.15152740478516,281.9393844604492
1763888301310,187.15152740478516,279.9393844604492
1763888301327,187.15152740478516,279.9393844604492
1763888301343,187.15152740478516,278.9393844604492
1763888301360,187.15152740478516,277.9393844604492
1763888301410,187.15152740478516,278.9393844604492
1763888301427,187.15152740478516,280.9393844604492
1763888301443,187.15152740478516,282.9393844604492
1763888301460,187.15152740478516,285.9393844604492
1763888301477,186.15152740478516,289.9393844604492
1763888301494,186.15152740478516,293.9393844604492
1763888301510,185.15152740478516,297.9393844604492
1763888301527,185.15152740478516,299.9393844604492
1763888301544,185.15152740478516,300.9393844604492
1763888301560,185.15152740478516,301.9393844604492
1763888301577,185.15152740478516,302.9393844604492
1763888301635,185.15152740478516,301.9393844604492
1763888301643,185.15152740478516,300.9393844604492
1763888301660,185.15152740478516,299.9393844604492
1763888301677,185.15152740478516,298.9393844604492
1763888301693,185.15152740478516,297.9393844604492
1763888301710,185.15152740478516,296.9393844604492
1763888301727,185.15152740478516,295.9393844604492
1763888301744,185.15152740478516,294.9393844604492
1763888301760,185.15152740478516,294.9393844604492
1763888301787,185.15152740478516,294.9393844604492
1763888301827,185.15152740478516,296.9393844604492
1763888301843,185.15152740478516,297.9393844604492
1763888301860,185.15152740478516,297.9393844604492
1763888301877,185.15152740478516,299.9393844604492
1763888301893,185.15152740478516,299.9393844604492
1763888301910,185.15152740478516,300.9393844604492
1763888301927,185.15152740478516,301.9393844604492
1763888301943,185.15152740478516,302.9393844604492
1763888302009,185.15152740478516,302.9393844604492
1763888302022,186.15152740478516,302.9393844604492
1763888302029,186.15152740478516,301.9393844604492
1763888302043,186.15152740478516,300.9393844604492
1763888302060,187.15152740478516,299.9393844604492
1763888302077,187.15152740478516,298.9393844604492
1763888302093,188.15152740478516,296.9393844604492
1763888302110,188.15152740478516,294.9393844604492
1763888302127,188.15152740478516,292.9393844604492
1763888302144,188.15152740478516,290.9393844604492
1763888302160,189.15152740478516,289.9393844604492
1763888302177,190.15152740478516,288.9393844604492
1763888302243,190.15152740478516,289.9393844604492
1763888302260,190.15152740478516,291.9393844604492
1763888302277,190.15152740478516,291.9393844604492
1763888302300,190.15152740478516,292.9393844604492
1763888302310,189.15152740478516,292.9393844604492
1763888302360,189.15152740478516,291.9393844604492
1763888302377,188.15152740478516,288.9393844604492
1763888302393,188.15152740478516,284.9393844604492
1763888302410,188.15152740478516,269.9393844604492
1763888302427,188.15152740478516,255.93938446044922
1763888302444,188.15152740478516,239.93938446044922
1763888302460,188.15152740478516,227.93938446044922
1763888302477,188.15152740478516,223.93938446044922
1763888302493,188.15152740478516,222.93938446044922
1763888302510,188.15152740478516,221.93938446044922
1763888302527,188.15152740478516,220.93938446044922
1763888302543,188.15152740478516,220.93938446044922
1763888302560,188.15152740478516,219.93938446044922
1763888302618,188.15152740478516,220.93938446044922
1763888302660,188.15152740478516,220.93938446044922
1763888302743,188.15152740478516,220.93938446044922
1763888302761,188.15152740478516,218.93938446044922
1763888302777,188.15152740478516,215.93938446044922
1763888302793,186.15152740478516,204.93938446044922
1763888302810,186.15152740478516,192.93938446044922
1763888302827,185.15152740478516,181.93938446044922
1763888302843,185.15152740478516,178.93938446044922
1763888302860,185.15152740478516,177.93938446044922
1763888302877,185.15152740478516,176.93938446044922
1763888302893,185.15152740478516,176.93938446044922
1763888302930,185.15152740478516,176.93938446044922
1763888302944,185.15152740478516,177.93938446044922
1763888302960,185.15152740478516,178.93938446044922
1763888302977,186.15152740478516,181.93938446044922
1763888302993,188.15152740478516,186.93938446044922
1763888303010,189.15152740478516,192.93938446044922
1763888303027,191.15152740478516,200.93938446044922
1763888303043,192.15152740478516,204.93938446044922
1763888303060,193.15152740478516,208.93938446044922
1763888303077,193.15152740478516,212.93938446044922
1763888303093,193.15152740478516,215.93938446044922
1763888303110,193.15152740478516,217.93938446044922
1763888303127,193.15152740478516,219.93938446044922
1763888303143,193.15152740478516,220.93938446044922
1763888303160,193.15152740478516,221.93938446044922
1763888303177,193.15152740478516,222.93938446044922
1763888303227,193.15152740478516,220.93938446044922
1763888303243,191.15152740478516,214.93938446044922
1763888303260,187.15152740478516,199.93938446044922
1763888303277,177.15152740478516,148.93938446044922
1763888303293,176.15152740478516,137.93938446044922
1763888303310,174.15152740478516,128.93938446044922
1763888303327,174.15152740478516,122.93938446044922
1763888303343,173.15152740478516,121.93938446044922
1763888303360,173.15152740478516,119.93938446044922
1763888303435,173.15152740478516,120.93938446044922
1763888303443,173.15152740478516,120.93938446044922
1763888303460,173.15152740478516,121.93938446044922
1763888303477,173.15152740478516,122.93938446044922
1763888303493,173.15152740478516,123.93938446044922
1763888303510,173.15152740478516,123.93938446044922
1763888303526,173.15152740478516,125.93938446044922
1763888303609,173.15152740478516,124.93938446044922
1763888303628,173.15152740478516,123.93938446044922
1763888303643,171.15152740478516,123.93938446044922
1763888303660,169.15152740478516,122.93938446044922
1763888303677,168.15152740478516,122.93938446044922
1763888303693,167.15152740478516,121.93938446044922
1763888303710,167.15152740478516,121.93938446044922
1763888303726,166.15152740478516,121.93938446044922
1763888303809,167.15152740478516,121.93938446044922
1763888303877,166.15152740478516,120.93938446044922
1763888303893,163.15152740478516,118.93938446044922
1763888303910,158.15152740478516,115.93938446044922
1763888303927,152.15152740478516,112.93938446044922
1763888303943,144.15152740478516,108.93938446044922
1763888303960,140.15152740478516,107.93938446044922
1763888303976,135.15152740478516,107.93938446044922
1763888303993,133.15152740478516,107.93938446044922
1763888304010,130.15152740478516,108.93938446044922
1763888304026,127.15152740478516,110.93938446044922
1763888304043,125.15152740478516,111.93938446044922
1763888304060,122.15152740478516,115.93938446044922
1763888304077,121.15152740478516,117.93938446044922
1763888304093,117.15152740478516,120.93938446044922
1763888304110,114.15152740478516,122.93938446044922
1763888304126,113.15152740478516,124.93938446044922
1763888304143,110.15152740478516,126.93938446044922
1763888304160,109.15152740478516,127.93938446044922
1763888304177,108.15152740478516,129.93938446044922
1763888304193,107.15152740478516,130.93938446044922
1763888304210,107.15152740478516,131.93938446044922
1763888304226,107.15152740478516,133.93938446044922
1763888304243,107.15152740478516,134.93938446044922
1763888304260,108.15152740478516,136.93938446044922
1763888304276,110.15152740478516,138.93938446044922
1763888304293,113.15152740478516,139.93938446044922
1763888304310,115.15152740478516,140.93938446044922
1763888304326,116.15152740478516,140.93938446044922
1763888304343,118.15152740478516,140.93938446044922
1763888304360,118.15152740478516,140.93938446044922
1763888304377,119.15152740478516,140.93938446044922
1763888304393,116.15152740478516,136.93938446044922
1763888304410,112.15152740478516,134.93938446044922
1763888304426,99.15152740478516,126.93938446044922
1763888304443,93.15152740478516,123.93938446044922
1763888304460,90.15152740478516,121.93938446044922
1763888304476,85.15152740478516,120.93938446044922
1763888304493,84.15152740478516,120.93938446044922
1763888304510,82.15152740478516,120.93938446044922
1763888304526,82.15152740478516,120.93938446044922
1763888304544,81.15152740478516,120.93938446044922
1763888304565,81.15152740478516,120.93938446044922
1763888304576,81.15152740478516,122.93938446044922
1763888304593,85.15152740478516,126.93938446044922
1763888304610,90.15152740478516,132.93938446044922
1763888304626,94.15152740478516,136.93938446044922
1763888304643,98.15152740478516,140.93938446044922
1763888304660,101.15152740478516,143.93938446044922
1763888304676,104.15152740478516,145.93938446044922
1763888304693,105.15152740478516,146.93938446044922
1763888304710,106.15152740478516,147.93938446044922
1763888304726,107.15152740478516,147.93938446044922
1763888304743,108.15152740478516,147.93938446044922
1763888304760,108.15152740478516,146.93938446044922
1763888304776,108.15152740478516,146.93938446044922
1763888304793,105.15152740478516,143.93938446044922
1763888304810,103.15152740478516,142.93938446044922
1763888304827,102.15152740478516,140.93938446044922
1763888304843,101.15152740478516,140.93938446044922
1763888304860,99.15152740478516,140.93938446044922
1763888304876,99.15152740478516,141.93938446044922
1763888304893,99.15152740478516,143.93938446044922
1763888304910,99.15152740478516,146.93938446044922
1763888304926,104.15152740478516,163.93938446044922
1763888304943,108.15152740478516,178.93938446044922
1763888304960,112.15152740478516,197.93938446044922
1763888304976,113.15152740478516,200.93938446044922
1763888304993,113.15152740478516,202.93938446044922
1763888305010,113.15152740478516,203.93938446044922
1763888305028,113.15152740478516,202.93938446044922
1763888305043,112.15152740478516,200.93938446044922
1763888305060,110.15152740478516,196.93938446044922
1763888305076,106.15152740478516,191.93938446044922
1763888305093,103.15152740478516,186.93938446044922
1763888305110,102.15152740478516,184.93938446044922
1763888305126,101.15152740478516,183.93938446044922
1763888305143,101.15152740478516,183.93938446044922
1763888305193,101.15152740478516,184.93938446044922
1763888305210,101.15152740478516,185.93938446044922
1763888305226,101.15152740478516,186.93938446044922
1763888305243,100.15152740478516,186.93938446044922
1763888305263,99.15152740478516,185.93938446044922
1763888305276,99.15152740478516,184.93938446044922
1763888305293,99.15152740478516,182.93938446044922
1763888305310,98.15152740478516,177.93938446044922
1763888305326,96.15152740478516,166.93938446044922
1763888305343,96.15152740478516,158.93938446044922
1763888305360,95.15152740478516,154.93938446044922
1763888305376,94.15152740478516,151.93938446044922
1763888305393,94.15152740478516,149.93938446044922
1763888305410,93.15152740478516,147.93938446044922
1763888305426,92.15152740478516,146.93938446044922
1763888305443,91.15152740478516,146.93938446044922
1763888305460,89.15152740478516,146.93938446044922
1763888305476,87.15152740478516,146.93938446044922
1763888305493,85.15152740478516,146.93938446044922
1763888305510,82.15152740478516,149.93938446044922
1763888305526,79.15152740478516,151.93938446044922
1763888305543,75.15152740478516,154.93938446044922
1763888305576,65.15152740478516,163.93938446044922
1763888305593,62.151527404785156,168.93938446044922
1763888305610,57.151527404785156,178.93938446044922
1763888305626,53.151527404785156,188.93938446044922
1763888305643,51.151527404785156,202.93938446044922
1763888305660,48.151527404785156,223.93938446044922
1763888305676,47.151527404785156,236.93938446044922
1763888305693,47.151527404785156,250.93938446044922
1763888305710,47.151527404785156,266.9393844604492
1763888305726,47.151527404785156,271.9393844604492
1763888305743,47.151527404785156,275.9393844604492
1763888305760,47.151527404785156,276.9393844604492
1763888305776,47.151527404785156,277.9393844604492
1763888305793,47.151527404785156,279.9393844604492
1763888305811,47.151527404785156,279.9393844604492
1763888305908,47.151527404785156,279.9393844604492
1763888305943,47.151527404785156,278.9393844604492
1763888305960,47.151527404785156,277.9393844604492
1763888305976,47.151527404785156,277.9393844604492
1763888305998,47.151527404785156,276.9393844604492
1763888306043,47.151527404785156,277.9393844604492
1763888306059,47.151527404785156,279.9393844604492
1763888306076,48.151527404785156,283.9393844604492
1763888306093,50.151527404785156,287.9393844604492
1763888306109,51.151527404785156,292.9393844604492
1763888306126,51.151527404785156,293.9393844604492
1763888306143,51.151527404785156,294.9393844604492
1763888306160,51.151527404785156,296.9393844604492
1763888306176,51.151527404785156,297.9393844604492
1763888306193,51.151527404785156,298.9393844604492
1763888306219,51.151527404785156,297.9393844604492
1763888306226,51.151527404785156,297.9393844604492
1763888306243,51.151527404785156,295.9393844604492
1763888306260,51.151527404785156,292.9393844604492
1763888306276,51.151527404785156,288.9393844604492
1763888306293,50.151527404785156,285.9393844604492
1763888306310,50.151527404785156,283.9393844604492
1763888306326,49.151527404785156,282.9393844604492
1763888306343,49.151527404785156,280.9393844604492
1763888306359,49.151527404785156,279.9393844604492
1763888306409,48.151527404785156,279.9393844604492
1763888306426,48.151527404785156,280.9393844604492
1763888306443,48.151527404785156,282.9393844604492
1763888306460,47.151527404785156,282.9393844604492
1763888306476,47.151527404785156,283.9393844604492
1763888306493,47.151527404785156,285.9393844604492
1763888306509,46.151527404785156,286.9393844604492
1763888306526,46.151527404785156,287.9393844604492
1763888306543,45.151527404785156,288.9393844604492
1763888306559,45.151527404785156,289.9393844604492
1763888306576,45.151527404785156,290.9393844604492
1763888306593,45.151527404785156,291.9393844604492
1763888306609,45.151527404785156,292.9393844604492
1763888306626,45.151527404785156,293.9393844604492
1763888306649,45.151527404785156,294.9393844604492
1763888306663,45.151527404785156,294.9393844604492
1763888306709,46.151527404785156,294.9393844604492
1763888306738,46.151527404785156,294.9393844604492
1763888306752,46.151527404785156,293.9393844604492
1763888306766,46.151527404785156,292.9393844604492
1763888306776,46.151527404785156,292.9393844604492
1763888306793,46.151527404785156,291.9393844604492
1763888306809,46.151527404785156,291.9393844604492
1763888306826,46.151527404785156,289.9393844604492
1763888306843,46.151527404785156,289.9393844604492
1763888306859,45.151527404785156,288.9393844604492
1763888306876,45.151527404785156,288.9393844604492
1763888306926,45.151527404785156,289.9393844604492
1763888306943,45.151527404785156,289.9393844604492
1763888306959,45.151527404785156,291.9393844604492
1763888306976,45.151527404785156,291.9393844604492
1763888306993,45.151527404785156,292.9393844604492
1763888307010,45.151527404785156,294.9393844604492
1763888307026,45.151527404785156,294.9393844604492
1763888307043,46.151527404785156,296.9393844604492
1763888307059,47.151527404785156,298.9393844604492
1763888307076,47.151527404785156,299.9393844604492
1763888307093,48.151527404785156,300.9393844604492
1763888307109,50.151527404785156,301.9393844604492
1763888307126,50.151527404785156,302.9393844604492
1763888307143,50.151527404785156,302.9393844604492
1763888307159,51.151527404785156,302.9393844604492
1763888307176,51.151527404785156,302.9393844604492
1763888307226,51.151527404785156,302.9393844604492
1763888307243,51.151527404785156,301.9393844604492
1763888307259,51.151527404785156,300.9393844604492
1763888307321,51.151527404785156,301.9393844604492
1763888307328,51.151527404785156,302.9393844604492
1763888307343,52.151527404785156,302.9393844604492
1763888307359,53.151527404785156,303.9393844604492
1763888307376,53.151527404785156,304.9393844604492
1763888307393,53.151527404785156,305.9393844604492
1763888307409,54.151527404785156,305.9393844604492
1763888307426,55.151527404785156,306.9393844604492
1763888307443,56.151527404785156,306.9393844604492
1763888307459,56.151527404785156,307.9393844604492
1763888307476,56.151527404785156,307.9393844604492
1763888307493,57.151527404785156,308.9393844604492
1763888307509,57.151527404785156,308.9393844604492
1763888307557,56.151527404785156,309.9393844604492
1763888307593,56.151527404785156,309.9393844604492
1763888307609,55.151527404785156,309.9393844604492
1763888307660,55.151527404785156,308.9393844604492
1763888307676,55.151527404785156,307.9393844604492
1763888307693,55.151527404785156,306.9393844604492
1763888307709,55.151527404785156,303.9393844604492
1763888307726,55.151527404785156,300.9393844604492
1763888307743,55.151527404785156,288.9393844604492
1763888307776,56.151527404785156,236.93938446044922
1763888307793,56.151527404785156,219.93938446044922
1763888307809,56.151527404785156,211.93938446044922
1763888307843,58.151527404785156,196.93938446044922
1763888307859,59.151527404785156,191.93938446044922
1763888307876,60.151527404785156,185.93938446044922
1763888307893,61.151527404785156,179.93938446044922
1763888307909,62.151527404785156,176.93938446044922
1763888307926,63.151527404785156,171.93938446044922
1763888307943,64.15152740478516,170.93938446044922
1763888307959,64.15152740478516,168.93938446044922
1763888307976,64.15152740478516,166.93938446044922
1763888307993,65.15152740478516,164.93938446044922
1763888308009,65.15152740478516,163.93938446044922
1763888308026,66.15152740478516,162.93938446044922
1763888308043,67.15152740478516,159.93938446044922
1763888308059,67.15152740478516,156.93938446044922
1763888308076,67.15152740478516,151.93938446044922
1763888308093,67.15152740478516,148.93938446044922
1763888308109,67.15152740478516,143.93938446044922
1763888308126,67.15152740478516,136.93938446044922
1763888308143,67.15152740478516,131.93938446044922
1763888308159,67.15152740478516,126.93938446044922
1763888308176,67.15152740478516,124.93938446044922
1763888308193,67.15152740478516,123.93938446044922
1763888308209,66.15152740478516,121.93938446044922
1763888308226,65.15152740478516,120.93938446044922
1763888308243,65.15152740478516,119.93938446044922
1763888308259,64.15152740478516,119.93938446044922
1763888308276,64.15152740478516,118.93938446044922
1763888308292,62.151527404785156,118.93938446044922
1763888308309,62.151527404785156,119.93938446044922
1763888308326,61.151527404785156,120.93938446044922
1763888308343,60.151527404785156,120.93938446044922
1763888308359,59.151527404785156,121.93938446044922
1763888308376,59.151527404785156,123.93938446044922
1763888308393,58.151527404785156,124.93938446044922
1763888308409,58.151527404785156,125.93938446044922
1763888308426,58.151527404785156,126.93938446044922
1763888308442,58.151527404785156,128.93938446044922
1763888308459,57.151527404785156,129.93938446044922
1763888308476,56.151527404785156,130.93938446044922
1763888308492,56.151527404785156,132.93938446044922
1763888308509,55.151527404785156,132.93938446044922
1763888308526,55.151527404785156,132.93938446044922
1763888308543,55.151527404785156,134.93938446044922
1763888308559,55.151527404785156,135.93938446044922
1763888308576,55.151527404785156,137.93938446044922
1763888308593,54.151527404785156,141.93938446044922
1763888308609,54.151527404785156,146.93938446044922
1763888308626,53.151527404785156,150.93938446044922
1763888308643,53.151527404785156,155.93938446044922
1763888308659,53.151527404785156,159.93938446044922
1763888308676,52.151527404785156,160.93938446044922
1763888308692,51.151527404785156,162.93938446044922
1763888308709,51.151527404785156,163.93938446044922
1763888308726,51.151527404785156,164.93938446044922
1763888308743,51.151527404785156,165.93938446044922
1763888308759,51.151527404785156,165.93938446044922
1763888308831,51.151527404785156,165.93938446044922
1763888308842,51.151527404785156,165.93938446044922
1763888308859,52.151527404785156,164.93938446044922
1763888308876,53.151527404785156,162.93938446044922
1763888308893,53.151527404785156,161.93938446044922
1763888308909,54.151527404785156,157.93938446044922
1763888308926,54.151527404785156,156.93938446044922
1763888308942,54.151527404785156,153.93938446044922
1763888308959,55.151527404785156,151.93938446044922
1763888308976,55.151527404785156,149.93938446044922
1763888308992,55.151527404785156,146.93938446044922
1763888309009,56.151527404785156,145.93938446044922
1763888309026,56.151527404785156,142.93938446044922
1763888309042,57.151527404785156,142.93938446044922
1763888309059,58.151527404785156,139.93938446044922
1763888309076,58.151527404785156,139.93938446044922
1763888309093,59.151527404785156,138.93938446044922
1763888309109,59.151527404785156,137.93938446044922
1763888309126,61.151527404785156,136.93938446044922
1763888309142,62.151527404785156,134.93938446044922
1763888309159,62.151527404785156,134.93938446044922
1763888309176,63.151527404785156,133.93938446044922
1763888309192,64.15152740478516,132.93938446044922
1763888309209,65.15152740478516,131.93938446044922
1763888309226,68.15152740478516,129.93938446044922
1763888309242,70.15152740478516,128.93938446044922
1763888309259,71.15152740478516,126.93938446044922
1763888309276,74.15152740478516,125.93938446044922
1763888309293,76.15152740478516,123.93938446044922
1763888309309,79.15152740478516,122.93938446044922
1763888309326,81.15152740478516,120.93938446044922
1763888309342,83.15152740478516,119.93938446044922
1763888309359,85.15152740478516,119.93938446044922
1763888309376,86.15152740478516,118.93938446044922
1763888309392,87.15152740478516,117.93938446044922
1763888309409,88.15152740478516,116.93938446044922
1763888309426,91.15152740478516,116.93938446044922
1763888309447,91.15152740478516,116.93938446044922
1763888309459,92.15152740478516,116.93938446044922
1763888309476,94.15152740478516,116.93938446044922
1763888309492,94.15152740478516,116.93938446044922
1763888309509,96.15152740478516,116.93938446044922
1763888309526,98.15152740478516,115.93938446044922
1763888309543,99.15152740478516,114.93938446044922
1763888309559,101.15152740478516,114.93938446044922
1763888309576,102.15152740478516,114.93938446044922
1763888309592,104.15152740478516,113.93938446044922
1763888309609,107.15152740478516,112.93938446044922
1763888309626,110.15152740478516,112.93938446044922
1763888309642,115.15152740478516,111.93938446044922
1763888309659,118.15152740478516,111.93938446044922
1763888309676,122.15152740478516,111.93938446044922
1763888309692,128.15152740478516,111.93938446044922
1763888309709,132.15152740478516,111.93938446044922
1763888309726,138.15152740478516,111.93938446044922
1763888309743,141.15152740478516,111.93938446044922
1763888309759,145.15152740478516,112.93938446044922
1763888309776,147.15152740478516,112.93938446044922
1763888309792,149.15152740478516,113.93938446044922
1763888309809,152.15152740478516,114.93938446044922
1763888309826,153.15152740478516,114.93938446044922
1763888309842,156.15152740478516,115.93938446044922
1763888309859,157.15152740478516,116.93938446044922
1763888309876,159.15152740478516,117.93938446044922
1763888309892,163.15152740478516,118.93938446044922
1763888309909,165.15152740478516,119.93938446044922
1763888309926,169.15152740478516,121.93938446044922
1763888309942,171.15152740478516,123.93938446044922
1763888309959,173.15152740478516,124.93938446044922
1763888309976,176.15152740478516,126.93938446044922
1763888309992,179.15152740478516,128.93938446044922
1763888310009,182.15152740478516,131.93938446044922
1763888310026,184.15152740478516,133.93938446044922
1763888310326,185.15152740478516,135.93938446044922
1763888310342,180.15152740478516,131.93938446044922
1763888310359,178.15152740478516,129.93938446044922
1763888310376,174.15152740478516,125.93938446044922
1763888310392,171.15152740478516,124.93938446044922
1763888310409,170.15152740478516,123.93938446044922
1763888310426,168.15152740478516,121.93938446044922
1763888310442,167.15152740478516,120.93938446044922
1763888310459,165.15152740478516,119.93938446044922
1763888310476,164.15152740478516,118.93938446044922
1763888310492,162.15152740478516,117.93938446044922
1763888310509,161.15152740478516,116.93938446044922
1763888310526,159.15152740478516,116.93938446044922
1763888310542,158.15152740478516,114.93938446044922
1763888310559,158.15152740478516,114.93938446044922
1763888310576,157.15152740478516,113.93938446044922
1763888310592,156.15152740478516,112.93938446044922
1763888310609,154.15152740478516,111.93938446044922
1763888310625,153.15152740478516,110.93938446044922
1763888310642,153.15152740478516,109.93938446044922
1763888310659,151.15152740478516,108.93938446044922
1763888310675,150.15152740478516,106.93938446044922
1763888310692,150.15152740478516,105.93938446044922
1763888310709,148.15152740478516,104.93938446044922
1763888310726,148.15152740478516,103.93938446044922
1763888310742,147.15152740478516,102.93938446044922
1763888310759,147.15152740478516,102.93938446044922
1763888310776,146.15152740478516,102.93938446044922
1763888310792,146.15152740478516,100.93938446044922
1763888310854,147.15152740478516,100.93938446044922
1763888310860,147.15152740478516,100.93938446044922
1763888310875,148.15152740478516,100.93938446044922
1763888310892,150.15152740478516,100.93938446044922
1763888310909,152.15152740478516,100.93938446044922
1763888310925,154.15152740478516,101.93938446044922
1763888310942,157.15152740478516,102.93938446044922
1763888310959,160.15152740478516,103.93938446044922
1763888310976,161.15152740478516,103.93938446044922
1763888310992,164.15152740478516,104.93938446044922
1763888311009,165.15152740478516,105.93938446044922
1763888311026,166.15152740478516,106.93938446044922
1763888311042,168.15152740478516,107.93938446044922
1763888311059,169.15152740478516,108.93938446044922
1763888311075,170.15152740478516,109.93938446044922
1763888311092,171.15152740478516,109.93938446044922
1763888311109,171.15152740478516,110.93938446044922
1763888311130,172.15152740478516,111.93938446044922
1763888311144,173.15152740478516,111.93938446044922
1763888311165,173.15152740478516,111.93938446044922
1763888311185,174.15152740478516,111.93938446044922
1763888311192,174.15152740478516,112.93938446044922
1763888311209,174.15152740478516,112.93938446044922
1763888311225,174.15152740478516,113.93938446044922
1763888311242,174.15152740478516,114.93938446044922
1763888311259,174.15152740478516,114.93938446044922
1763888311275,174.15152740478516,115.93938446044922
1763888311292,175.15152740478516,116.93938446044922
1763888311309,175.15152740478516,117.93938446044922
1763888311325,175.15152740478516,118.93938446044922
1763888311342,175.15152740478516,119.93938446044922
1763888311359,175.15152740478516,120.93938446044922
1763888311375,175.15152740478516,120.93938446044922
1763888311394,175.15152740478516,121.93938446044922
1763888311421,174.15152740478516,121.93938446044922
1763888311435,174.15152740478516,121.93938446044922
1763888311442,173.15152740478516,121.93938446044922
1763888311459,171.15152740478516,120.93938446044922
1763888311476,168.15152740478516,119.93938446044922
1763888311492,162.15152740478516,117.93938446044922
1763888311509,158.15152740478516,116.93938446044922
1763888311525,151.15152740478516,113.93938446044922
1763888311542,149.15152740478516,112.93938446044922
1763888311559,146.15152740478516,112.93938446044922
1763888311575,143.15152740478516,110.93938446044922
1763888311592,142.15152740478516,110.93938446044922
1763888311609,139.15152740478516,109.93938446044922
1763888311625,138.15152740478516,108.93938446044922
1763888311642,137.15152740478516,108.93938446044922
1763888311659,135.15152740478516,107.93938446044922
1763888311675,134.15152740478516,106.93938446044922
1763888311692,132.15152740478516,105.93938446044922
1763888311709,131.15152740478516,105.93938446044922
1763888311725,129.15152740478516,103.93938446044922
1763888311742,128.15152740478516,101.93938446044922
1763888311759,127.15152740478516,100.93938446044922
1763888311775,125.15152740478516,99.93938446044922
1763888311792,124.15152740478516,97.93938446044922
1763888311809,122.15152740478516,96.93938446044922
1763888311825,122.15152740478516,96.93938446044922
1763888311842,121.15152740478516,96.93938446044922
1763888311859,119.15152740478516,96.93938446044922
1763888311875,118.15152740478516,96.93938446044922
1763888311892,118.15152740478516,96.93938446044922
1763888311909,117.15152740478516,96.93938446044922
1763888311925,116.15152740478516,95.93938446044922
1763888311942,116.15152740478516,94.93938446044922
1763888311959,115.15152740478516,94.93938446044922
1763888311975,114.15152740478516,93.93938446044922
1763888311992,112.15152740478516,92.93938446044922
1763888312009,111.15152740478516,91.93938446044922
1763888312025,108.15152740478516,89.93938446044922
1763888312042,108.15152740478516,89.93938446044922
1763888312059,106.15152740478516,88.93938446044922
1763888312076,105.15152740478516,88.93938446044922
1763888312092,104.15152740478516,88.93938446044922
1763888312109,104.15152740478516,88.93938446044922
1763888312125,103.15152740478516,89.93938446044922
1763888312142,102.15152740478516,90.93938446044922
1763888312159,101.15152740478516,91.93938446044922
1763888312175,100.15152740478516,93.93938446044922
1763888312192,98.15152740478516,99.93938446044922
1763888312209,97.15152740478516,105.93938446044922
1763888312225,94.15152740478516,116.93938446044922
1763888312242,93.15152740478516,126.93938446044922
1763888312259,90.15152740478516,144.93938446044922
1763888312275,90.15152740478516,157.93938446044922
1763888312292,90.15152740478516,162.93938446044922
1763888312309,90.15152740478516,174.93938446044922
1763888312325,90.15152740478516,179.93938446044922
1763888312342,91.15152740478516,186.93938446044922
1763888312359,91.15152740478516,190.93938446044922
1763888312375,93.15152740478516,197.93938446044922
1763888312392,93.15152740478516,205.93938446044922
1763888312409,94.15152740478516,209.93938446044922
1763888312425,94.15152740478516,215.93938446044922
1763888312442,95.15152740478516,222.93938446044922
1763888312459,96.15152740478516,226.93938446044922
1763888312475,96.15152740478516,233.93938446044922
1763888312492,96.15152740478516,237.93938446044922
1763888312509,96.15152740478516,243.93938446044922
1763888312525,96.15152740478516,246.93938446044922
1763888312542,95.15152740478516,251.93938446044922
1763888312559,95.15152740478516,259.9393844604492
1763888312575,93.15152740478516,265.9393844604492
1763888312592,93.15152740478516,272.9393844604492
1763888312609,93.15152740478516,277.9393844604492
1763888312625,92.15152740478516,280.9393844604492
1763888312642,92.15152740478516,284.9393844604492
1763888312659,91.15152740478516,286.9393844604492
1763888312675,91.15152740478516,291.9393844604492
1763888312692,90.15152740478516,294.9393844604492
1763888312709,90.15152740478516,297.9393844604492
1763888312725,88.15152740478516,302.9393844604492
1763888312742,88.15152740478516,303.9393844604492
1763888312759,87.15152740478516,308.9393844604492
1763888312775,87.15152740478516,313.9393844604492
1763888312792,85.15152740478516,320.9393844604492
1763888312809,85.15152740478516,322.9393844604492
1763888312825,85.15152740478516,324.9393844604492
1763888312842,85.15152740478516,326.9393844604492
1763888312859,85.15152740478516,328.9393844604492
1763888312875,85.15152740478516,328.9393844604492
1763888312892,85.15152740478516,329.9393844604492
1763888312917,85.15152740478516,328.9393844604492
1763888312931,85.15152740478516,328.9393844604492
1763888312942,84.15152740478516,326.9393844604492
1763888312959,84.15152740478516,323.9393844604492
1763888312975,82.15152740478516,314.9393844604492
1763888312992,81.15152740478516,306.9393844604492
1763888313009,79.15152740478516,297.9393844604492
1763888313025,79.15152740478516,292.9393844604492
1763888313042,78.15152740478516,282.9393844604492
1763888313058,78.15152740478516,276.9393844604492
1763888313075,78.15152740478516,270.9393844604492
1763888313092,78.15152740478516,261.9393844604492
1763888313109,79.15152740478516,249.93938446044922
1763888313125,82.15152740478516,236.93938446044922
1763888313142,84.15152740478516,229.93938446044922
1763888313159,86.15152740478516,222.93938446044922
1763888313175,89.15152740478516,214.93938446044922
1763888313192,91.15152740478516,211.93938446044922
1763888313208,94.15152740478516,206.93938446044922
1763888313225,95.15152740478516,204.93938446044922
1763888313242,98.15152740478516,201.93938446044922
1763888313258,101.15152740478516,196.93938446044922
1763888313275,104.15152740478516,193.93938446044922
1763888313292,111.15152740478516,186.93938446044922
1763888313308,114.15152740478516,180.93938446044922
1763888313325,118.15152740478516,177.93938446044922
1763888313342,122.15152740478516,171.93938446044922
1763888313358,125.15152740478516,166.93938446044922
1763888313375,128.15152740478516,162.93938446044922
1763888313392,128.15152740478516,161.93938446044922
1763888313409,130.15152740478516,159.93938446044922
1763888313425,131.15152740478516,159.93938446044922
1763888313442,132.15152740478516,158.93938446044922
1763888313458,133.15152740478516,157.93938446044922
1763888313475,133.15152740478516,157.93938446044922
1763888313492,134.15152740478516,157.93938446044922
1763888313520,134.15152740478516,158.93938446044922
1763888313526,134.15152740478516,159.93938446044922
1763888313547,134.15152740478516,160.93938446044922
1763888313559,134.15152740478516,160.93938446044922
1763888313575,134.15152740478516,163.93938446044922
1763888313592,136.15152740478516,166.93938446044922
1763888313609,136.15152740478516,170.93938446044922
1763888313625,136.15152740478516,176.93938446044922
1763888313642,137.15152740478516,179.93938446044922
1763888313658,138.15152740478516,188.93938446044922
1763888313675,139.15152740478516,195.93938446044922
1763888313692,141.15152740478516,201.93938446044922
1763888313708,142.15152740478516,209.93938446044922
1763888313725,142.15152740478516,214.93938446044922
1763888313742,144.15152740478516,219.93938446044922
1763888313758,144.15152740478516,222.93938446044922
1763888313775,145.15152740478516,225.93938446044922
1763888313792,145.15152740478516,229.93938446044922
1763888313809,146.15152740478516,231.93938446044922
1763888313825,146.15152740478516,233.93938446044922
1763888313842,146.15152740478516,234.93938446044922
1763888313858,146.15152740478516,236.93938446044922
1763888313875,146.15152740478516,236.93938446044922
1763888313908,146.15152740478516,236.93938446044922
1763888313925,146.15152740478516,233.93938446044922
1763888313942,146.15152740478516,231.93938446044922
1763888313958,145.15152740478516,223.93938446044922
1763888313975,144.15152740478516,216.93938446044922
1763888313992,144.15152740478516,202.93938446044922
1763888314008,145.15152740478516,194.93938446044922
1763888314025,146.15152740478516,183.93938446044922
1763888314042,148.15152740478516,175.93938446044922
1763888314058,148.15152740478516,171.93938446044922
1763888314075,150.15152740478516,163.93938446044922
1763888314092,151.15152740478516,160.93938446044922
1763888314108,153.15152740478516,155.93938446044922
1763888314125,154.15152740478516,152.93938446044922
1763888314142,154.15152740478516,150.93938446044922
1763888314158,155.15152740478516,146.93938446044922
1763888314175,156.15152740478516,145.93938446044922
1763888314192,156.15152740478516,143.93938446044922
1763888314208,156.15152740478516,142.93938446044922
1763888314225,156.15152740478516,141.93938446044922
1763888314242,156.15152740478516,140.93938446044922
1763888314259,156.15152740478516,139.93938446044922
1763888314310,156.15152740478516,140.93938446044922
1763888314325,156.15152740478516,141.93938446044922
1763888314342,156.15152740478516,142.93938446044922
1763888314358,156.15152740478516,145.93938446044922
1763888314375,156.15152740478516,148.93938446044922
1763888314392,155.15152740478516,154.93938446044922
1763888314408,154.15152740478516,168.93938446044922
1763888314425,154.15152740478516,183.93938446044922
1763888314442,153.15152740478516,202.93938446044922
1763888314458,153.15152740478516,208.93938446044922
1763888314475,153.15152740478516,214.93938446044922
1763888314492,153.15152740478516,220.93938446044922
1763888314508,153.15152740478516,225.93938446044922
1763888314525,153.15152740478516,233.93938446044922
1763888314542,153.15152740478516,238.93938446044922
1763888314558,153.15152740478516,243.93938446044922
1763888314575,153.15152740478516,251.93938446044922
1763888314592,153.15152740478516,256.9393844604492
1763888314608,153.15152740478516,265.9393844604492
1763888314625,153.15152740478516,270.9393844604492
1763888314642,153.15152740478516,277.9393844604492
1763888314658,153.15152740478516,281.9393844604492
1763888314675,153.15152740478516,284.9393844604492
1763888314692,153.15152740478516,288.9393844604492
1763888314708,153.15152740478516,291.9393844604492
1763888314725,153.15152740478516,294.9393844604492
1763888314742,153.15152740478516,296.9393844604492
1763888314759,153.15152740478516,297.9393844604492
1763888314775,153.15152740478516,299.9393844604492
1763888314792,153.15152740478516,300.9393844604492
1763888314808,153.15152740478516,301.9393844604492
1763888314829,153.15152740478516,302.9393844604492
1763888314856,153.15152740478516,301.9393844604492
1763888314870,153.15152740478516,300.9393844604492
1763888314878,152.15152740478516,299.9393844604492
1763888314892,151.15152740478516,296.9393844604492
1763888314908,150.15152740478516,292.9393844604492
1763888314925,147.15152740478516,281.9393844604492
1763888314942,131.15152740478516,236.93938446044922
1763888314958,128.15152740478516,218.93938446044922
1763888314975,125.15152740478516,207.93938446044922
1763888314992,125.15152740478516,203.93938446044922
1763888315008,125.15152740478516,201.93938446044922
1763888315025,124.15152740478516,197.93938446044922
1763888315042,124.15152740478516,195.93938446044922
1763888315058,124.15152740478516,194.93938446044922
1763888315075,124.15152740478516,193.93938446044922
1763888315092,124.15152740478516,192.93938446044922
1763888315108,124.15152740478516,192.93938446044922
1763888315142,124.15152740478516,192.93938446044922
1763888315162,124.15152740478516,193.93938446044922
1763888315175,124.15152740478516,194.93938446044922
1763888315191,124.15152740478516,197.93938446044922
1763888315208,124.15152740478516,199.93938446044922
1763888315225,124.15152740478516,205.93938446044922
1763888315242,125.15152740478516,217.93938446044922
1763888315258,125.15152740478516,246.93938446044922
1763888315275,125.15152740478516,259.9393844604492
1763888315292,125.15152740478516,268.9393844604492
1763888315308,125.15152740478516,280.9393844604492
1763888315325,125.15152740478516,288.9393844604492
1763888315342,125.15152740478516,300.9393844604492
1763888315358,125.15152740478516,306.9393844604492
1763888315375,125.15152740478516,311.9393844604492
1763888315391,125.15152740478516,316.9393844604492
1763888315408,125.15152740478516,321.9393844604492
1763888315425,125.15152740478516,326.9393844604492
1763888315442,125.15152740478516,328.9393844604492
1763888315458,125.15152740478516,331.9393844604492
1763888315475,125.15152740478516,332.9393844604492
1763888315492,125.15152740478516,334.9393844604492
1763888315508,125.15152740478516,335.9393844604492
1763888315525,125.15152740478516,336.9393844604492
1763888315542,125.15152740478516,337.9393844604492
1763888315558,125.15152740478516,337.9393844604492
1763888315618,125.15152740478516,337.9393844604492
1763888315632,126.15152740478516,336.9393844604492
1763888315641,126.15152740478516,335.9393844604492
1763888315658,126.15152740478516,332.9393844604492
1763888315675,126.15152740478516,327.9393844604492
1763888315692,127.15152740478516,322.9393844604492
1763888315708,130.15152740478516,302.9393844604492
1763888315725,131.15152740478516,289.9393844604492
1763888315742,135.15152740478516,279.9393844604492
1763888315758,136.15152740478516,274.9393844604492
1763888315775,138.15152740478516,272.9393844604492
1763888315791,138.15152740478516,269.9393844604492
1763888315808,138.15152740478516,268.9393844604492
1763888315826,139.15152740478516,267.9393844604492
1763888315841,139.15152740478516,266.9393844604492
1763888315858,140.15152740478516,265.9393844604492
1763888315875,141.15152740478516,264.9393844604492
1763888315891,141.15152740478516,263.9393844604492
1763888315908,141.15152740478516,263.9393844604492
1763888315925,142.15152740478516,263.9393844604492
1763888315951,142.15152740478516,263.9393844604492
1763888315964,143.15152740478516,264.9393844604492
1763888315975,143.15152740478516,265.9393844604492
1763888315992,143.15152740478516,266.9393844604492
1763888316008,143.15152740478516,271.9393844604492
1763888316025,143.15152740478516,277.9393844604492
1763888316041,143.15152740478516,301.9393844604492
1763888316058,143.15152740478516,317.9393844604492
1763888316075,142.15152740478516,327.9393844604492
1763888316091,141.15152740478516,337.9393844604492
1763888316108,141.15152740478516,342.9393844604492
1763888316125,141.15152740478516,347.9393844604492
1763888316142,141.15152740478516,352.9393844604492
1763888316158,141.15152740478516,359.9393844604492
1763888316175,141.15152740478516,362.9393844604492
1763888316192,141.15152740478516,365.9393844604492
1763888316208,141.15152740478516,368.9393844604492
1763888316225,141.15152740478516,370.9393844604492
1763888316241,141.15152740478516,372.9393844604492
1763888316258,141.15152740478516,373.9393844604492
1763888316275,141.15152740478516,374.9393844604492
1763888316297,141.15152740478516,375.9393844604492
1763888316352,141.15152740478516,374.9393844604492
1763888316359,141.15152740478516,374.9393844604492
1763888316375,141.15152740478516,371.9393844604492
1763888316392,141.15152740478516,369.9393844604492
1763888316408,141.15152740478516,363.9393844604492
1763888316425,143.15152740478516,357.9393844604492
1763888316441,145.15152740478516,348.9393844604492
1763888316458,148.15152740478516,334.9393844604492
1763888316475,150.15152740478516,328.9393844604492
1763888316491,153.15152740478516,319.9393844604492
1763888316508,155.15152740478516,313.9393844604492
1763888316525,157.15152740478516,309.9393844604492
1763888316541,159.15152740478516,303.9393844604492
1763888316558,159.15152740478516,302.9393844604492
1763888316575,160.15152740478516,300.9393844604492
1763888316591,160.15152740478516,299.9393844604492
1763888316608,161.15152740478516,299.9393844604492
1763888316625,161.15152740478516,297.9393844604492
1763888316650,161.15152740478516,297.9393844604492
1763888316665,161.15152740478516,296.9393844604492
1763888316712,161.15152740478516,297.9393844604492
1763888316725,161.15152740478516,297.9393844604492
1763888316741,161.15152740478516,299.9393844604492
1763888316758,161.15152740478516,301.9393844604492
1763888316775,160.15152740478516,306.9393844604492
1763888316791,160.15152740478516,311.9393844604492
1763888316808,158.15152740478516,325.9393844604492
1763888316825,153.15152740478516,357.9393844604492
1763888316841,150.15152740478516,376.9393844604492
1763888316858,145.15152740478516,397.9393844604492
1763888316875,144.15152740478516,405.9393844604492
1763888316891,142.15152740478516,409.9393844604492
1763888316908,141.15152740478516,412.9393844604492
1763888316925,141.15152740478516,414.9393844604492
1763888316941,140.15152740478516,416.9393844604492
1763888316958,140.15152740478516,417.9393844604492
1763888316975,139.15152740478516,417.9393844604492
1763888316991,139.15152740478516,418.9393844604492
1763888317008,138.15152740478516,418.9393844604492
1763888317025,136.15152740478516,416.9393844604492
1763888317041,134.15152740478516,412.9393844604492
1763888317058,132.15152740478516,405.9393844604492
1763888317075,127.15152740478516,383.9393844604492
1763888317125,113.15152740478516,314.9393844604492
1763888317141,111.15152740478516,303.9393844604492
1763888317158,110.15152740478516,296.9393844604492
1763888317175,110.15152740478516,295.9393844604492
1763888317191,109.15152740478516,294.9393844604492
1763888317208,109.15152740478516,292.9393844604492
1763888317225,109.15152740478516,292.9393844604492
1763888317241,108.15152740478516,291.9393844604492
1763888317267,107.15152740478516,291.9393844604492
1763888317280,107.15152740478516,292.9393844604492
1763888317291,107.15152740478516,292.9393844604492
1763888317308,107.15152740478516,294.9393844604492
1763888317325,107.15152740478516,298.9393844604492
1763888317341,107.15152740478516,302.9393844604492
1763888317358,106.15152740478516,318.9393844604492
1763888317375,106.15152740478516,332.9393844604492
1763888317391,104.15152740478516,356.9393844604492
1763888317408,102.15152740478516,371.9393844604492
1763888317425,101.15152740478516,383.9393844604492
1763888317441,101.15152740478516,397.9393844604492
1763888317458,101.15152740478516,405.9393844604492
1763888317475,101.15152740478516,419.9393844604492
1763888317491,102.15152740478516,424.9393844604492
1763888317508,102.15152740478516,426.9393844604492
1763888317525,102.15152740478516,428.9393844604492
1763888317541,102.15152740478516,429.9393844604492
1763888317558,102.15152740478516,431.9393844604492
1763888317574,102.15152740478516,431.9393844604492
1763888317627,102.15152740478516,431.9393844604492
1763888317641,102.15152740478516,429.9393844604492
1763888317658,102.15152740478516,428.9393844604492
1763888317675,102.15152740478516,423.9393844604492
1763888317691,98.15152740478516,402.9393844604492
1763888317708,94.15152740478516,365.9393844604492
1763888317724,93.15152740478516,332.9393844604492
1763888317741,93.15152740478516,320.9393844604492
1763888317758,92.15152740478516,308.9393844604492
1763888317774,92.15152740478516,305.9393844604492
1763888317791,92.15152740478516,303.9393844604492
1763888317808,92.15152740478516,301.9393844604492
1763888317825,92.15152740478516,299.9393844604492
1763888317841,92.15152740478516,298.9393844604492
1763888317858,92.15152740478516,297.9393844604492
1763888317883,92.15152740478516,296.9393844604492
1763888317938,92.15152740478516,297.9393844604492
1763888317945,92.15152740478516,299.9393844604492
1763888317958,92.15152740478516,299.9393844604492
1763888317974,92.15152740478516,305.9393844604492
1763888317991,92.15152740478516,316.9393844604492
1763888318008,91.15152740478516,346.9393844604492
1763888318024,88.15152740478516,367.9393844604492
1763888318041,87.15152740478516,389.9393844604492
1763888318058,84.15152740478516,412.9393844604492
1763888318074,84.15152740478516,425.9393844604492
1763888318341,92.15152740478516,441.9393844604492
1763888318358,98.15152740478516,419.9393844604492
1763888318375,108.15152740478516,390.9393844604492
1763888318625,125.15152740478516,394.9393844604492
1763888318641,128.15152740478516,411.9393844604492
1763888318658,130.15152740478516,427.9393844604492
1763888318674,132.15152740478516,451.9393844604492
1763888318691,133.15152740478516,459.9393844604492
1763888318708,134.15152740478516,469.9393844604492
1763888318724,135.15152740478516,473.9393844604492
1763888318741,136.15152740478516,476.9393844604492
1763888318758,136.15152740478516,479.9393844604492
1763888318775,136.15152740478516,480.9393844604492
1763888318791,136.15152740478516,482.9393844604492
1763888318808,136.15152740478516,483.9393844604492
1763888318860,136.15152740478516,482.9393844604492
1763888318874,136.15152740478516,480.9393844604492
1763888318891,135.15152740478516,478.9393844604492
1763888318908,134.15152740478516,473.9393844604492
1763888318924,134.15152740478516,467.9393844604492
1763888318941,131.15152740478516,451.9393844604492
1763888318958,129.15152740478516,417.9393844604492
1763888318974,129.15152740478516,400.9393844604492
1763888318991,128.15152740478516,382.9393844604492
1763888319008,128.15152740478516,373.9393844604492
1763888319024,128.15152740478516,369.9393844604492
1763888319041,128.15152740478516,363.9393844604492
1763888319058,128.15152740478516,360.9393844604492
1763888319074,128.15152740478516,356.9393844604492
1763888319091,127.15152740478516,354.9393844604492
1763888319108,127.15152740478516,353.9393844604492
1763888319124,127.15152740478516,352.9393844604492
1763888319141,127.15152740478516,351.9393844604492
1763888319158,125.15152740478516,350.9393844604492
1763888319174,124.15152740478516,349.9393844604492
1763888319192,124.15152740478516,349.9393844604492
1763888319208,123.15152740478516,349.9393844604492
1763888324484,125.15152740478516,85.18182373046875
1763888324490,126.15152740478516,86.18182373046875
1763888324507,128.15152740478516,87.18182373046875
1763888324524,129.15152740478516,88.18182373046875
1763888324540,131.15152740478516,90.18182373046875
1763888324557,133.15152740478516,91.18182373046875
1763888324574,134.15152740478516,93.18182373046875
1763888324590,134.15152740478516,93.18182373046875
1763888324607,135.15152740478516,93.18182373046875
1763888324623,137.15152740478516,94.18182373046875
1763888324640,138.15152740478516,95.18182373046875
1763888324657,138.15152740478516,95.18182373046875
1763888324674,138.15152740478516,96.18182373046875
1763888324690,138.15152740478516,96.18182373046875
1763888324707,139.15152740478516,97.18182373046875
1763888324724,139.15152740478516,97.18182373046875
1763888324740,140.15152740478516,97.18182373046875
1763888324757,141.15152740478516,97.18182373046875
1763888324858,140.15152740478516,97.18182373046875
1763888324873,139.15152740478516,96.18182373046875
1763888324890,138.15152740478516,94.18182373046875
1763888324907,135.15152740478516,92.18182373046875
1763888324923,133.15152740478516,90.18182373046875
1763888324940,131.15152740478516,88.18182373046875
1763888324957,128.15152740478516,85.18182373046875
1763888324974,127.15152740478516,85.18182373046875
1763888324990,125.15152740478516,84.18182373046875
1763888325007,125.15152740478516,84.18182373046875
1763888325024,124.15152740478516,84.18182373046875
1763888325040,124.15152740478516,84.18182373046875
1763888325093,124.15152740478516,84.18182373046875
1763888325121,124.15152740478516,85.18182373046875
1763888325128,125.15152740478516,87.18182373046875
1763888325140,126.15152740478516,88.18182373046875
1763888325157,129.15152740478516,92.18182373046875
1763888325174,130.15152740478516,94.18182373046875
1763888325190,132.15152740478516,96.18182373046875
1763888325207,133.15152740478516,97.18182373046875
1763888325224,133.15152740478516,98.18182373046875
1763888325240,134.15152740478516,99.18182373046875
1763888325266,134.15152740478516,98.18182373046875
1763888325273,134.15152740478516,97.18182373046875
1763888325290,134.15152740478516,96.18182373046875
1763888325307,132.15152740478516,93.18182373046875
1763888325323,128.15152740478516,87.18182373046875
1763888325340,125.15152740478516,83.18182373046875
1763888325357,122.15152740478516,75.18182373046875
1763888325373,119.15152740478516,71.18182373046875
1763888325390,116.15152740478516,67.18182373046875
1763888325407,114.15152740478516,63.18182373046875
1763888325424,113.15152740478516,62.18182373046875
1763888325440,111.15152740478516,59.18182373046875
1763888325457,110.15152740478516,58.18182373046875
1763888325473,108.15152740478516,57.18182373046875
1763888325490,107.15152740478516,57.18182373046875
1763888325507,107.15152740478516,57.18182373046875
1763888325523,106.15152740478516,57.18182373046875
1763888325540,105.15152740478516,57.18182373046875
1763888325564,105.15152740478516,57.18182373046875
1763888325578,105.15152740478516,58.18182373046875
1763888325591,105.15152740478516,59.18182373046875
1763888325607,105.15152740478516,60.18182373046875
1763888325623,105.15152740478516,61.18182373046875
1763888325640,106.15152740478516,64.18182373046875
1763888325657,107.15152740478516,67.18182373046875
1763888325673,108.15152740478516,69.18182373046875
1763888325690,108.15152740478516,71.18182373046875
1763888325707,109.15152740478516,72.18182373046875
1763888325723,109.15152740478516,73.18182373046875
1763888325740,110.15152740478516,74.18182373046875
1763888325757,110.15152740478516,75.18182373046875
1763888325773,110.15152740478516,76.18182373046875
1763888325827,109.15152740478516,76.18182373046875
1763888325848,108.15152740478516,76.18182373046875
1763888325857,108.15152740478516,76.18182373046875
1763888325874,107.15152740478516,74.18182373046875
1763888325890,104.15152740478516,71.18182373046875
1763888325907,102.15152740478516,68.18182373046875
1763888325924,101.15152740478516,65.18182373046875
1763888325940,99.15152740478516,63.18182373046875
1763888325957,99.15152740478516,62.18182373046875
1763888325973,98.15152740478516,61.18182373046875
1763888325990,98.15152740478516,59.18182373046875
1763888326007,97.15152740478516,59.18182373046875
1763888326023,97.15152740478516,58.18182373046875
1763888326073,98.15152740478516,58.18182373046875
1763888326090,98.15152740478516,59.18182373046875
1763888326107,99.15152740478516,61.18182373046875
1763888326123,100.15152740478516,62.18182373046875
1763888326140,102.15152740478516,65.18182373046875
1763888326157,104.15152740478516,67.18182373046875
1763888326173,107.15152740478516,70.18182373046875
1763888326190,107.15152740478516,70.18182373046875
1763888326207,108.15152740478516,72.18182373046875
1763888326223,109.15152740478516,73.18182373046875
1763888326240,110.15152740478516,74.18182373046875
1763888326257,110.15152740478516,75.18182373046875
1763888326273,110.15152740478516,76.18182373046875
1763888326323,109.15152740478516,75.18182373046875
1763888326340,107.15152740478516,73.18182373046875
1763888326357,106.15152740478516,70.18182373046875
1763888326373,104.15152740478516,65.18182373046875
1763888326390,101.15152740478516,61.18182373046875
1763888326407,99.15152740478516,57.18182373046875
1763888326423,97.15152740478516,53.18182373046875
1763888326440,96.15152740478516,52.18182373046875
1763888326457,96.15152740478516,51.18182373046875
1763888326473,95.15152740478516,49.18182373046875
1763888326490,95.15152740478516,48.18182373046875
1763888326507,95.15152740478516,48.18182373046875
1763888326523,95.15152740478516,47.18182373046875
1763888326573,95.15152740478516,47.18182373046875
1763888326590,96.15152740478516,46.18182373046875
1763888326607,96.15152740478516,45.18182373046875
1763888326623,96.15152740478516,44.18182373046875
1763888326640,97.15152740478516,43.18182373046875
1763888326657,98.15152740478516,41.18182373046875
1763888326673,98.15152740478516,36.18182373046875
1763888326690,98.15152740478516,33.18182373046875
1763888326707,99.15152740478516,32.18182373046875
1763888326723,99.15152740478516,30.18182373046875
1763888326740,100.15152740478516,28.18182373046875
1763888326757,101.15152740478516,27.18182373046875
1763888326773,101.15152740478516,25.18182373046875
1763888326790,101.15152740478516,24.18182373046875
1763888326807,102.15152740478516,22.18182373046875
1763888326823,102.15152740478516,22.18182373046875
1763888326840,104.15152740478516,20.18182373046875
1763888326857,105.15152740478516,19.18182373046875
1763888326873,105.15152740478516,19.18182373046875
1763888326890,106.15152740478516,18.18182373046875
1763888326907,108.15152740478516,17.18182373046875
1763888326923,110.15152740478516,16.18182373046875
1763888326940,110.15152740478516,16.18182373046875
1763888326957,112.15152740478516,15.18182373046875
1763888326973,114.15152740478516,14.18182373046875
1763888326990,116.15152740478516,14.18182373046875
1763888327006,119.15152740478516,14.18182373046875
1763888327023,121.15152740478516,14.18182373046875
1763888327040,123.15152740478516,14.18182373046875
1763888327056,125.15152740478516,14.18182373046875
1763888327073,126.15152740478516,14.18182373046875
1763888327090,128.15152740478516,14.18182373046875
1763888327107,130.15152740478516,14.18182373046875
1763888327123,131.15152740478516,14.18182373046875
1763888327290,141.15152740478516,25.18182373046875
1763888327323,142.15152740478516,28.18182373046875
1763888327340,142.15152740478516,30.18182373046875
1763888327357,142.15152740478516,31.18182373046875
1763888327373,143.15152740478516,33.18182373046875
1763888327390,144.15152740478516,35.18182373046875
1763888327407,144.15152740478516,36.18182373046875
1763888327423,144.15152740478516,37.18182373046875
1763888327440,144.15152740478516,38.18182373046875
1763888327456,144.15152740478516,39.18182373046875
1763888327483,144.15152740478516,40.18182373046875
1763888327523,143.15152740478516,40.18182373046875
1763888327540,142.15152740478516,40.18182373046875
1763888327556,141.15152740478516,40.18182373046875
1763888327573,138.15152740478516,38.18182373046875
1763888327590,136.15152740478516,37.18182373046875
1763888327606,135.15152740478516,35.18182373046875
1763888327623,133.15152740478516,33.18182373046875
1763888327640,131.15152740478516,32.18182373046875
1763888327656,130.15152740478516,30.18182373046875
1763888327673,129.15152740478516,29.18182373046875
1763888327690,128.15152740478516,28.18182373046875
1763888327706,127.15152740478516,27.18182373046875
1763888327723,126.15152740478516,27.18182373046875
1763888327740,126.15152740478516,26.18182373046875
1763888327756,125.15152740478516,26.18182373046875
1763888327773,125.15152740478516,25.18182373046875
1763888327836,125.15152740478516,26.18182373046875
1763888327843,125.15152740478516,27.18182373046875
1763888327856,127.15152740478516,27.18182373046875
1763888327873,128.15152740478516,28.18182373046875
1763888327890,129.15152740478516,29.18182373046875
1763888327906,131.15152740478516,32.18182373046875
1763888327923,132.15152740478516,34.18182373046875
1763888327940,134.15152740478516,35.18182373046875
1763888327956,135.15152740478516,36.18182373046875
1763888327973,136.15152740478516,37.18182373046875
1763888327990,137.15152740478516,39.18182373046875
1763888328006,138.15152740478516,39.18182373046875
1763888328023,138.15152740478516,39.18182373046875
1763888328073,138.15152740478516,38.18182373046875
1763888328090,138.15152740478516,36.18182373046875
1763888328106,136.15152740478516,31.18182373046875
1763888328123,135.15152740478516,28.18182373046875
1763888328140,133.15152740478516,25.18182373046875
1763888328156,132.15152740478516,23.18182373046875
1763888328173,132.15152740478516,22.18182373046875
1763888328190,132.15152740478516,21.18182373046875
1763888328206,132.15152740478516,20.18182373046875
1763888328266,132.15152740478516,21.18182373046875
1763888328273,132.15152740478516,21.18182373046875
1763888328290,133.15152740478516,23.18182373046875
1763888328306,133.15152740478516,24.18182373046875
1763888328323,134.15152740478516,30.18182373046875
1763888328340,135.15152740478516,33.18182373046875
1763888328356,136.15152740478516,41.18182373046875
1763888328373,136.15152740478516,47.18182373046875
1763888328390,136.15152740478516,52.18182373046875
1763888328406,136.15152740478516,61.18182373046875
1763888328423,136.15152740478516,64.18182373046875
1763888328440,136.15152740478516,67.18182373046875
1763888328456,136.15152740478516,69.18182373046875
1763888328473,136.15152740478516,70.18182373046875
1763888328490,136.15152740478516,72.18182373046875
1763888328506,136.15152740478516,73.18182373046875
1763888328523,135.15152740478516,74.18182373046875
1763888328540,134.15152740478516,74.18182373046875
1763888328556,134.15152740478516,74.18182373046875
1763888328573,134.15152740478516,75.18182373046875
1763888328633,134.15152740478516,74.18182373046875
1763888328653,134.15152740478516,74.18182373046875
1763888328668,134.15152740478516,73.18182373046875
1763888328674,134.15152740478516,73.18182373046875
1763888328690,134.15152740478516,72.18182373046875
1763888328706,134.15152740478516,70.18182373046875
1763888328723,135.15152740478516,69.18182373046875
1763888328740,135.15152740478516,67.18182373046875
1763888328756,136.15152740478516,66.18182373046875
1763888328773,136.15152740478516,64.18182373046875
1763888328790,138.15152740478516,62.18182373046875
1763888328806,139.15152740478516,60.18182373046875
1763888328823,139.15152740478516,59.18182373046875
1763888328840,140.15152740478516,57.18182373046875
1763888328856,141.15152740478516,56.18182373046875
1763888328873,141.15152740478516,55.18182373046875
1763888328890,141.15152740478516,53.18182373046875
1763888328906,141.15152740478516,51.18182373046875
1763888328923,141.15152740478516,50.18182373046875
1763888328940,141.15152740478516,47.18182373046875
1763888328956,141.15152740478516,45.18182373046875
1763888328973,141.15152740478516,42.18182373046875
1763888328990,140.15152740478516,40.18182373046875
1763888329006,138.15152740478516,37.18182373046875
1763888329023,136.15152740478516,34.18182373046875
1763888329040,134.15152740478516,33.18182373046875
1763888329056,132.15152740478516,30.18182373046875
1763888329073,130.15152740478516,28.18182373046875
1763888329090,126.15152740478516,25.18182373046875
1763888329106,123.15152740478516,24.18182373046875
1763888329123,121.15152740478516,22.18182373046875
1763888329140,118.15152740478516,21.18182373046875
1763888329156,117.15152740478516,21.18182373046875
1763888329173,116.15152740478516,21.18182373046875
1763888329190,114.15152740478516,21.18182373046875
1763888329206,113.15152740478516,21.18182373046875
1763888329223,111.15152740478516,21.18182373046875
1763888329240,111.15152740478516,22.18182373046875
1763888329256,109.15152740478516,25.18182373046875
1763888329273,108.15152740478516,28.18182373046875
1763888329290,107.15152740478516,31.18182373046875
1763888329306,106.15152740478516,39.18182373046875
1763888329323,105.15152740478516,47.18182373046875
1763888329340,104.15152740478516,61.18182373046875
1763888329356,104.15152740478516,72.18182373046875
1763888329373,104.15152740478516,80.18182373046875
1763888329389,105.15152740478516,88.18182373046875
1763888329406,105.15152740478516,94.18182373046875
1763888329423,108.15152740478516,105.18182373046875
1763888329439,112.15152740478516,115.18182373046875
1763888329456,114.15152740478516,122.18182373046875
1763888329473,116.15152740478516,134.18182373046875
1763888329490,117.15152740478516,139.18182373046875
1763888329506,117.15152740478516,147.18182373046875
1763888329523,117.15152740478516,151.18182373046875
1763888329540,116.15152740478516,156.18182373046875
1763888329556,114.15152740478516,162.18182373046875
1763888329573,113.15152740478516,165.18182373046875
1763888329589,110.15152740478516,168.18182373046875
1763888329606,108.15152740478516,170.18182373046875
1763888329623,107.15152740478516,171.18182373046875
1763888329640,106.15152740478516,172.18182373046875
1763888329656,104.15152740478516,172.18182373046875
1763888329673,102.15152740478516,171.18182373046875
1763888329689,102.15152740478516,168.18182373046875
1763888329706,100.15152740478516,160.18182373046875
1763888329723,98.15152740478516,153.18182373046875
1763888329739,98.15152740478516,150.18182373046875
1763888329756,98.15152740478516,146.18182373046875
1763888329773,97.15152740478516,145.18182373046875
1763888329789,96.15152740478516,144.18182373046875
1763888329806,96.15152740478516,143.18182373046875
1763888329824,96.15152740478516,143.18182373046875
1763888329845,95.15152740478516,144.18182373046875
1763888329856,95.15152740478516,145.18182373046875
1763888329873,94.15152740478516,147.18182373046875
1763888329890,94.15152740478516,150.18182373046875
1763888329906,94.15152740478516,153.18182373046875
1763888329923,91.15152740478516,163.18182373046875
1763888329939,91.15152740478516,176.18182373046875
1763888329956,89.15152740478516,192.18182373046875
1763888329973,88.15152740478516,196.18182373046875
1763888329989,88.15152740478516,198.18182373046875
1763888330006,88.15152740478516,200.18182373046875
1763888330225,82.15152740478516,140.18182373046875
1763888330239,82.15152740478516,139.18182373046875
1763888330256,82.15152740478516,137.18182373046875
1763888330273,82.15152740478516,137.18182373046875
1763888330303,82.15152740478516,137.18182373046875
1763888330309,82.15152740478516,138.18182373046875
1763888330323,82.15152740478516,139.18182373046875
1763888330339,82.15152740478516,140.18182373046875
1763888330356,82.15152740478516,143.18182373046875
1763888330373,82.15152740478516,150.18182373046875
1763888330390,84.15152740478516,166.18182373046875
1763888330406,84.15152740478516,202.18182373046875
1763888330423,84.15152740478516,217.18182373046875
1763888330440,83.15152740478516,225.18182373046875
1763888330456,82.15152740478516,230.18182373046875
1763888330473,82.15152740478516,232.18182373046875
1763888330489,82.15152740478516,233.18182373046875
1763888330506,81.15152740478516,234.18182373046875
1763888330558,81.15152740478516,233.18182373046875
1763888330573,81.15152740478516,233.18182373046875
1763888330589,81.15152740478516,229.18182373046875
1763888330606,80.15152740478516,225.18182373046875
1763888330623,79.15152740478516,211.18182373046875
1763888330639,79.15152740478516,199.18182373046875
1763888330656,79.15152740478516,182.18182373046875
1763888330673,79.15152740478516,177.18182373046875
1763888330690,79.15152740478516,174.18182373046875
1763888330706,79.15152740478516,173.18182373046875
1763888330731,80.15152740478516,173.18182373046875
1763888330752,80.15152740478516,173.18182373046875
1763888330760,81.15152740478516,174.18182373046875
1763888330773,81.15152740478516,176.18182373046875
1763888330789,84.15152740478516,190.18182373046875
1763888330806,88.15152740478516,213.18182373046875
1763888330823,97.15152740478516,277.18182373046875
1763888330839,99.15152740478516,301.18182373046875
1763888330856,99.15152740478516,320.18182373046875
1763888330873,99.15152740478516,328.18182373046875
1763888330889,99.15152740478516,331.18182373046875
1763888330906,99.15152740478516,333.18182373046875
1763888330923,99.15152740478516,334.18182373046875
1763888330939,99.15152740478516,335.18182373046875
1763888330956,99.15152740478516,337.18182373046875
1763888330973,99.15152740478516,341.18182373046875
1763888330990,99.15152740478516,345.18182373046875
1763888331006,99.15152740478516,347.18182373046875
1763888331023,99.15152740478516,350.18182373046875
1763888331039,99.15152740478516,353.18182373046875
1763888331056,99.15152740478516,355.18182373046875
1763888331072,99.15152740478516,358.18182373046875
1763888331089,99.15152740478516,361.18182373046875
1763888331098,99.15152740478516,362.18182373046875
-1,-1,-1
-1,-1,-1
-1,-1,-1
