1763887734424,113.60000610351562,31.400001525878906
1763887734439,113.60000610351562,32.400001525878906
1763887734455,113.60000610351562,35.400001525878906
1763887734470,112.60000610351562,36.400001525878906
1763887734487,110.60000610351562,36.400001525878906
1763887734495,110.60000610351562,37.400001525878906
1763887734568,110.60000610351562,38.400001525878906
1763887734583,110.60000610351562,39.400001525878906
1763887734599,110.60000610351562,41.400001525878906
1763887734623,110.60000610351562,41.400001525878906
1763887734631,110.60000610351562,42.400001525878906
1763887734646,111.60000610351562,44.400001525878906
1763887734784,111.60000610351562,42.400001525878906
1763887734796,112.60000610351562,41.400001525878906
1763887734813,113.60000610351562,38.400001525878906
1763887734829,114.60000610351562,36.400001525878906
1763887734846,115.60000610351562,35.400001525878906
1763887734863,115.60000610351562,34.400001525878906
1763887735032,115.60000610351562,35.400001525878906
1763887735046,115.60000610351562,36.400001525878906
1763887735062,115.60000610351562,39.400001525878906
1763887735112,115.60000610351562,40.400001525878906
1763887735264,116.60000610351562,42.400001525878906
1763887735344,117.60000610351562,42.400001525878906
1763887735576,117.60000610351562,42.400001525878906
1763887735583,117.60000610351562,41.400001525878906
1763887735599,116.60000610351562,40.400001525878906
1763887735615,115.60000610351562,38.400001525878906
1763887735629,114.60000610351562,37.400001525878906
1763887735648,114.60000610351562,35.400001525878906
1763887735816,115.60000610351562,35.400001525878906
1763887735831,116.60000610351562,36.400001525878906
1763887735848,116.60000610351562,36.400001525878906
1763887735865,117.60000610351562,38.400001525878906
1763887735881,117.60000610351562,40.400001525878906
1763887735898,117.60000610351562,40.400001525878906
1763887735915,117.60000610351562,42.400001525878906
1763887735935,117.60000610351562,43.400001525878906
1763887736168,117.60000610351562,42.400001525878906
1763887736181,117.60000610351562,41.400001525878906
1763887736198,117.60000610351562,39.400001525878906
1763887736214,117.60000610351562,37.400001525878906
1763887736231,116.60000610351562,34.400001525878906
1763887736240,115.60000610351562,32.400001525878906
1763887736376,115.60000610351562,33.400001525878906
1763887736390,115.60000610351562,34.400001525878906
1763887736407,115.60000610351562,36.400001525878906
1763887736423,115.60000610351562,38.400001525878906
1763887736440,116.60000610351562,40.400001525878906
1763887736457,117.60000610351562,41.400001525878906
1763887736688,118.60000610351562,42.400001525878906
1763887736695,118.60000610351562,42.400001525878906
1763887736706,119.60000610351562,42.400001525878906
1763887736723,120.60000610351562,43.400001525878906
1763887736952,119.60000610351562,43.400001525878906
1763887736995,119.60000610351562,43.400001525878906
1763887737012,118.60000610351562,42.400001525878906
1763887737062,118.60000610351562,42.400001525878906
1763887737408,118.60000610351562,42.400001525878906
1763887737445,118.60000610351562,44.400001525878906
1763887737461,118.60000610351562,46.400001525878906
1763887737736,118.60000610351562,45.400001525878906
1763887737751,118.60000610351562,45.400001525878906
1763887737763,118.60000610351562,43.400001525878906
1763887737783,118.60000610351562,43.400001525878906
1763887737799,118.60000610351562,41.400001525878906
1763887738384,106.60000610351562,66.4000015258789
1763887738399,106.60000610351562,66.4000015258789
1763887738408,106.60000610351562,68.4000015258789
1763887738424,106.60000610351562,70.4000015258789
1763887738441,106.60000610351562,71.4000015258789
1763887738458,106.60000610351562,73.4000015258789
1763887738574,104.60000610351562,71.4000015258789
1763887738591,101.60000610351562,67.4000015258789
1763887738608,100.60000610351562,67.4000015258789
1763887738688,101.60000610351562,66.4000015258789
1763887738704,103.60000610351562,66.4000015258789
1763887738711,103.60000610351562,67.4000015258789
1763887738724,104.60000610351562,68.4000015258789
1763887738744,105.60000610351562,68.4000015258789
1763887738760,106.60000610351562,68.4000015258789
1763887738774,106.60000610351562,68.4000015258789
1763887738791,108.60000610351562,71.4000015258789
1763887738807,108.60000610351562,72.4000015258789
1763887738832,109.60000610351562,72.4000015258789
1763887738856,109.60000610351562,73.4000015258789
1763887738891,109.60000610351562,73.4000015258789
1763887738992,108.60000610351562,74.4000015258789
1763887739024,108.60000610351562,73.4000015258789
1763887739056,107.60000610351562,73.4000015258789
1763887739184,108.60000610351562,74.4000015258789
1763887739200,108.60000610351562,74.4000015258789
1763887739207,110.60000610351562,75.4000015258789
1763887739257,112.60000610351562,75.4000015258789
1763887739280,113.60000610351562,75.4000015258789
1763887739290,114.60000610351562,75.4000015258789
1763887739307,117.60000610351562,75.4000015258789
1763887739324,121.60000610351562,74.4000015258789
1763887739340,123.60000610351562,73.4000015258789
1763887739357,124.60000610351562,73.4000015258789
1763887739440,124.60000610351562,73.4000015258789
1763887739457,127.60000610351562,73.4000015258789
1763887739473,129.60000610351562,73.4000015258789
1763887739680,130.60000610351562,72.4000015258789
1763887739690,130.60000610351562,71.4000015258789
1763887739707,130.60000610351562,69.4000015258789
1763887739723,130.60000610351562,67.4000015258789
1763887739740,130.60000610351562,66.4000015258789
1763887739757,130.60000610351562,64.4000015258789
1763887739856,130.60000610351562,65.4000015258789
1763887739895,129.60000610351562,67.4000015258789
1763887739912,129.60000610351562,68.4000015258789
1763887739929,129.60000610351562,69.4000015258789
1763887739979,129.60000610351562,70.4000015258789
1763887740280,129.60000610351562,71.4000015258789
1763887740295,130.60000610351562,72.4000015258789
1763887740320,131.60000610351562,72.4000015258789
1763887740336,131.60000610351562,73.4000015258789
1763887740345,131.60000610351562,74.4000015258789
1763887740440,132.60000610351562,75.4000015258789
1763887740856,131.60000610351562,62.400001525878906
1763887740869,131.60000610351562,63.400001525878906
1763887740885,128.60000610351562,63.400001525878906
1763887740902,127.60000610351562,63.400001525878906
1763887740919,123.60000610351562,63.400001525878906
1763887740935,120.60000610351562,63.400001525878906
1763887740952,117.60000610351562,63.400001525878906
1763887740969,115.60000610351562,62.400001525878906
1763887741035,115.60000610351562,62.400001525878906
1763887741052,115.60000610351562,65.4000015258789
1763887741069,115.60000610351562,67.4000015258789
1763887741096,115.60000610351562,69.4000015258789
1763887741135,115.60000610351562,69.4000015258789
1763887741192,116.60000610351562,70.4000015258789
1763887741208,117.60000610351562,69.4000015258789
1763887741232,118.60000610351562,69.4000015258789
1763887741240,119.60000610351562,69.4000015258789
1763887741285,121.60000610351562,69.4000015258789
1763887741302,121.60000610351562,69.4000015258789
1763887741318,124.60000610351562,69.4000015258789
1763887741335,126.60000610351562,69.4000015258789
1763887741352,130.60000610351562,69.4000015258789
1763887741368,131.60000610351562,69.4000015258789
1763887741470,130.60000610351562,68.4000015258789
1763887741485,129.60000610351562,67.4000015258789
1763887741502,126.60000610351562,67.4000015258789
1763887741518,125.60000610351562,67.4000015258789
1763887741536,124.60000610351562,67.4000015258789
1763887741568,123.60000610351562,67.4000015258789
1763887741592,120.60000610351562,67.4000015258789
1763887741601,119.60000610351562,67.4000015258789
1763887741618,114.60000610351562,67.4000015258789
1763887741635,113.60000610351562,67.4000015258789
1763887741651,112.60000610351562,67.4000015258789
1763887741668,110.60000610351562,67.4000015258789
1763887741685,107.60000610351562,67.4000015258789
1763887741736,107.60000610351562,67.4000015258789
1763887741751,105.60000610351562,67.4000015258789
1763887741768,101.60000610351562,65.4000015258789
1763887741785,98.60000610351562,64.4000015258789
1763887741880,99.60000610351562,65.4000015258789
1763887741918,100.60000610351562,66.4000015258789
1763887741984,101.60000610351562,67.4000015258789
1763887742001,102.60000610351562,67.4000015258789
1763887742018,106.60000610351562,67.4000015258789
1763887742034,108.60000610351562,69.4000015258789
1763887742051,109.60000610351562,69.4000015258789
1763887742068,110.60000610351562,70.4000015258789
1763887742084,111.60000610351562,70.4000015258789
1763887742104,112.60000610351562,70.4000015258789
1763887742120,113.60000610351562,70.4000015258789
1763887742184,115.60000610351562,70.4000015258789
1763887742201,118.60000610351562,70.4000015258789
1763887742218,121.60000610351562,68.4000015258789
1763887742280,122.60000610351562,68.4000015258789
1763887742296,123.60000610351562,68.4000015258789
1763887742304,124.60000610351562,68.4000015258789
1763887742318,125.60000610351562,68.4000015258789
1763887742334,128.60000610351562,68.4000015258789
1763887742352,129.60000610351562,68.4000015258789
1763887742367,130.60000610351562,68.4000015258789
1763887742384,133.60000610351562,68.4000015258789
1763887742401,134.60000610351562,68.4000015258789
1763887742417,135.60000610351562,67.4000015258789
1763887742434,136.60000610351562,66.4000015258789
1763887742484,136.60000610351562,66.4000015258789
1763887742560,137.60000610351562,66.4000015258789
1763887742704,136.60000610351562,66.4000015258789
1763887742720,135.60000610351562,67.4000015258789
1763887742736,134.60000610351562,67.4000015258789
1763887742784,133.60000610351562,67.4000015258789
1763887742800,132.60000610351562,67.4000015258789
1763887742817,131.60000610351562,67.4000015258789
1763887742834,129.60000610351562,67.4000015258789
1763887742856,129.60000610351562,67.4000015258789
1763887742880,129.60000610351562,65.4000015258789
1763887742896,129.60000610351562,64.4000015258789
1763887742904,131.60000610351562,64.4000015258789
1763887742917,133.60000610351562,62.400001525878906
1763887742934,137.60000610351562,61.400001525878906
1763887742950,138.60000610351562,61.400001525878906
1763887743096,137.60000610351562,61.400001525878906
1763887743104,135.60000610351562,61.400001525878906
1763887743117,132.60000610351562,61.400001525878906
1763887743133,130.60000610351562,62.400001525878906
1763887743150,126.60000610351562,62.400001525878906
1763887743167,122.60000610351562,62.400001525878906
1763887743183,120.60000610351562,62.400001525878906
1763887743200,118.60000610351562,63.400001525878906
1763887743224,117.60000610351562,63.400001525878906
1763887743344,116.60000610351562,63.400001525878906
1763887743352,114.60000610351562,63.400001525878906
1763887743367,112.60000610351562,64.4000015258789
1763887743383,112.60000610351562,64.4000015258789
1763887743400,110.60000610351562,67.4000015258789
1763887743416,109.60000610351562,67.4000015258789
1763887743466,108.60000610351562,66.4000015258789
1763887743483,106.60000610351562,65.4000015258789
1763887743500,106.60000610351562,64.4000015258789
1763887743560,105.60000610351562,64.4000015258789
1763887743600,105.60000610351562,64.4000015258789
1763887743656,104.60000610351562,63.400001525878906
1763887743666,103.60000610351562,63.400001525878906
1763887743696,103.60000610351562,63.400001525878906
1763887743704,101.60000610351562,63.400001525878906
1763887743728,100.60000610351562,63.400001525878906
1763887743744,99.60000610351562,63.400001525878906
1763887743808,98.60000610351562,63.400001525878906
1763887743912,98.60000610351562,63.400001525878906
1763887743928,98.60000610351562,63.400001525878906
1763887743992,98.60000610351562,64.4000015258789
1763887744000,99.60000610351562,65.4000015258789
1763887744024,100.60000610351562,65.4000015258789
1763887744040,102.60000610351562,66.4000015258789
1763887744064,103.60000610351562,66.4000015258789
1763887744099,103.60000610351562,66.4000015258789
1763887744116,105.60000610351562,67.4000015258789
1763887744136,105.60000610351562,67.4000015258789
1763887745024,115.60000610351562,40.400001525878906
1763887745080,115.60000610351562,40.400001525878906
1763887745088,117.60000610351562,39.400001525878906
1763887745098,118.60000610351562,38.400001525878906
1763887745113,118.60000610351562,38.400001525878906
1763887745130,119.60000610351562,37.400001525878906
1763887745160,119.60000610351562,36.400001525878906
1763887745197,120.60000610351562,35.400001525878906
1763887745213,120.60000610351562,32.400001525878906
1763887745380,120.60000610351562,33.400001525878906
1763887745400,120.60000610351562,33.400001525878906
1763887745416,119.60000610351562,34.400001525878906
1763887745440,117.60000610351562,36.400001525878906
1763887745448,116.60000610351562,37.400001525878906
1763887751128,129.60000610351562,128.4000015258789
1763887751144,129.60000610351562,128.4000015258789
1763887751158,129.60000610351562,130.4000015258789
1763887751175,129.60000610351562,134.4000015258789
1763887751191,129.60000610351562,137.4000015258789
1763887751201,129.60000610351562,140.4000015258789
1763887751216,129.60000610351562,142.4000015258789
1763887751233,129.60000610351562,144.4000015258789
1763887751264,130.60000610351562,144.4000015258789
1763887751301,132.60000610351562,146.4000015258789
1763887751318,132.60000610351562,148.4000015258789
1763887751334,132.60000610351562,149.4000015258789
1763887751351,132.60000610351562,151.4000015258789
1763887751368,132.60000610351562,153.4000015258789
1763887751384,132.60000610351562,154.4000015258789
1763887751401,132.60000610351562,156.4000015258789
1763887751417,132.60000610351562,158.4000015258789
1763887751434,132.60000610351562,158.4000015258789
1763887751451,132.60000610351562,159.4000015258789
1763887751480,134.60000610351562,161.4000015258789
1763887751634,135.60000610351562,160.4000015258789
1763887751651,135.60000610351562,157.4000015258789
1763887751667,135.60000610351562,155.4000015258789
1763887751684,135.60000610351562,152.4000015258789
1763887751701,134.60000610351562,149.4000015258789
1763887751717,134.60000610351562,147.4000015258789
1763887751734,134.60000610351562,145.4000015258789
1763887751751,134.60000610351562,142.4000015258789
1763887751768,134.60000610351562,141.4000015258789
1763887751792,132.60000610351562,139.4000015258789
1763887751834,131.60000610351562,137.4000015258789
1763887751850,131.60000610351562,135.4000015258789
1763887751867,129.60000610351562,134.4000015258789
1763887751888,128.60000610351562,133.4000015258789
1763887751944,128.60000610351562,132.4000015258789
1763887752072,127.60000610351562,133.4000015258789
1763887752084,128.60000610351562,134.4000015258789
1763887752100,130.60000610351562,136.4000015258789
1763887752117,130.60000610351562,138.4000015258789
1763887752134,130.60000610351562,140.4000015258789
1763887752183,132.60000610351562,142.4000015258789
1763887752200,134.60000610351562,142.4000015258789
1763887752217,137.60000610351562,144.4000015258789
1763887752240,138.60000610351562,144.4000015258789
1763887752256,139.60000610351562,145.4000015258789
1763887752272,140.60000610351562,147.4000015258789
1763887752288,140.60000610351562,148.4000015258789
1763887752300,140.60000610351562,150.4000015258789
1763887752317,140.60000610351562,153.4000015258789
1763887752333,140.60000610351562,155.4000015258789
1763887752350,142.60000610351562,156.4000015258789
1763887752400,142.60000610351562,156.4000015258789
1763887752417,143.60000610351562,157.4000015258789
1763887752433,144.60000610351562,159.4000015258789
1763887752450,144.60000610351562,161.4000015258789
1763887752512,143.60000610351562,162.4000015258789
1763887752520,142.60000610351562,162.4000015258789
1763887752533,140.60000610351562,162.4000015258789
1763887752550,138.60000610351562,162.4000015258789
1763887752566,135.60000610351562,162.4000015258789
1763887752583,134.60000610351562,160.4000015258789
1763887752600,132.60000610351562,159.4000015258789
1763887752624,131.60000610351562,159.4000015258789
1763887752640,130.60000610351562,157.4000015258789
1763887752650,130.60000610351562,156.4000015258789
1763887752666,130.60000610351562,155.4000015258789
1763887752683,132.60000610351562,152.4000015258789
1763887752700,133.60000610351562,152.4000015258789
1763887752716,133.60000610351562,150.4000015258789
1763887752733,135.60000610351562,148.4000015258789
1763887752752,136.60000610351562,148.4000015258789
1763887752768,138.60000610351562,148.4000015258789
1763887752784,139.60000610351562,147.4000015258789
1763887752800,140.60000610351562,146.4000015258789
1763887752816,140.60000610351562,145.4000015258789
1763887752833,140.60000610351562,145.4000015258789
1763887752850,140.60000610351562,143.4000015258789
1763887752866,140.60000610351562,142.4000015258789
1763887752883,140.60000610351562,140.4000015258789
1763887752900,140.60000610351562,137.4000015258789
1763887752916,140.60000610351562,136.4000015258789
1763887752933,140.60000610351562,135.4000015258789
1763887752949,140.60000610351562,133.4000015258789
1763887752966,140.60000610351562,131.4000015258789
1763887752983,139.60000610351562,128.4000015258789
1763887753000,138.60000610351562,127.4000015258789
1763887753016,137.60000610351562,126.4000015258789
1763887753048,136.60000610351562,125.4000015258789
1763887753065,135.60000610351562,125.4000015258789
1763887753080,135.60000610351562,124.4000015258789
1763887753088,134.60000610351562,123.4000015258789
1763887753144,134.60000610351562,125.4000015258789
1763887753152,132.60000610351562,128.4000015258789
1763887753166,131.60000610351562,129.4000015258789
1763887753183,131.60000610351562,133.4000015258789
1763887753199,129.60000610351562,136.4000015258789
1763887753216,129.60000610351562,140.4000015258789
1763887753233,129.60000610351562,144.4000015258789
1763887753249,131.60000610351562,145.4000015258789
1763887753266,131.60000610351562,146.4000015258789
1763887753283,132.60000610351562,149.4000015258789
1763887753299,132.60000610351562,149.4000015258789
1763887753316,132.60000610351562,152.4000015258789
1763887753336,132.60000610351562,153.4000015258789
1763887753352,132.60000610351562,154.4000015258789
1763887753368,132.60000610351562,156.4000015258789
1763887753382,132.60000610351562,157.4000015258789
1763887753471,131.60000610351562,157.4000015258789
1763887753482,131.60000610351562,157.4000015258789
1763887753609,131.60000610351562,157.4000015258789
1763887753616,134.60000610351562,157.4000015258789
1763887753632,138.60000610351562,156.4000015258789
1763887753649,139.60000610351562,156.4000015258789
1763887753666,139.60000610351562,155.4000015258789
1763887753682,140.60000610351562,153.4000015258789
1763887753699,140.60000610351562,152.4000015258789
1763887753715,140.60000610351562,148.4000015258789
1763887753732,140.60000610351562,145.4000015258789
1763887753749,140.60000610351562,144.4000015258789
1763887753765,140.60000610351562,142.4000015258789
1763887753782,139.60000610351562,140.4000015258789
1763887753799,139.60000610351562,138.4000015258789
1763887753815,139.60000610351562,137.4000015258789
1763887753832,138.60000610351562,136.4000015258789
1763887753856,138.60000610351562,135.4000015258789
1763887753865,137.60000610351562,134.4000015258789
1763887753882,136.60000610351562,133.4000015258789
1763887753899,134.60000610351562,132.4000015258789
1763887754041,132.60000610351562,135.4000015258789
1763887754049,132.60000610351562,137.4000015258789
1763887754065,132.60000610351562,140.4000015258789
1763887754082,132.60000610351562,146.4000015258789
1763887754099,132.60000610351562,150.4000015258789
1763887754115,132.60000610351562,152.4000015258789
1763887754132,133.60000610351562,154.4000015258789
1763887754241,132.60000610351562,155.4000015258789
1763887754248,131.60000610351562,155.4000015258789
1763887754265,129.60000610351562,157.4000015258789
1763887754282,127.60000610351562,159.4000015258789
1763887754298,126.60000610351562,159.4000015258789
1763887754315,125.60000610351562,159.4000015258789
1763887754332,124.60000610351562,159.4000015258789
1763887754348,123.60000610351562,159.4000015258789
1763887754365,121.60000610351562,158.4000015258789
1763887754382,121.60000610351562,155.4000015258789
1763887754398,121.60000610351562,153.4000015258789
1763887754415,121.60000610351562,150.4000015258789
1763887754432,123.60000610351562,147.4000015258789
1763887754448,124.60000610351562,146.4000015258789
1763887754465,125.60000610351562,144.4000015258789
1763887754481,125.60000610351562,143.4000015258789
1763887754498,125.60000610351562,141.4000015258789
1763887754515,127.60000610351562,140.4000015258789
1763887754536,129.60000610351562,138.4000015258789
1763887754552,129.60000610351562,137.4000015258789
1763887754565,129.60000610351562,136.4000015258789
1763887754584,130.60000610351562,136.4000015258789
1763887754598,132.60000610351562,135.4000015258789
1763887754615,132.60000610351562,134.4000015258789
1763887754631,132.60000610351562,132.4000015258789
1763887754825,132.60000610351562,130.4000015258789
1763887754832,132.60000610351562,128.4000015258789
1763887754848,132.60000610351562,127.4000015258789
1763887754864,132.60000610351562,123.4000015258789
1763887754881,132.60000610351562,122.4000015258789
1763887754998,132.60000610351562,124.4000015258789
1763887755014,132.60000610351562,129.4000015258789
1763887755031,132.60000610351562,134.4000015258789
1763887755048,132.60000610351562,138.4000015258789
1763887755064,132.60000610351562,140.4000015258789
1763887755114,132.60000610351562,142.4000015258789
1763887755131,136.60000610351562,145.4000015258789
1763887755148,139.60000610351562,148.4000015258789
1763887755164,141.60000610351562,151.4000015258789
1763887755181,143.60000610351562,152.4000015258789
1763887755289,143.60000610351562,153.4000015258789
1763887755297,143.60000610351562,154.4000015258789
1763887755314,141.60000610351562,157.4000015258789
1763887755364,139.60000610351562,157.4000015258789
1763887755381,137.60000610351562,157.4000015258789
1763887755400,136.60000610351562,155.4000015258789
1763887755414,134.60000610351562,153.4000015258789
1763887755431,133.60000610351562,153.4000015258789
1763887755481,133.60000610351562,153.4000015258789
1763887755497,132.60000610351562,153.4000015258789
1763887755514,130.60000610351562,152.4000015258789
1763887755531,129.60000610351562,151.4000015258789
1763887755547,128.60000610351562,150.4000015258789
1763887755564,126.60000610351562,149.4000015258789
1763887755584,125.60000610351562,149.4000015258789
1763887755597,124.60000610351562,148.4000015258789
1763887755647,124.60000610351562,146.4000015258789
1763887755664,123.60000610351562,146.4000015258789
1763887755680,122.60000610351562,145.4000015258789
1763887755697,122.60000610351562,144.4000015258789
1763887755714,122.60000610351562,141.4000015258789
1763887755730,122.60000610351562,137.4000015258789
1763887755747,122.60000610351562,135.4000015258789
1763887755764,122.60000610351562,134.4000015258789
1763887755780,123.60000610351562,131.4000015258789
1763887755797,124.60000610351562,131.4000015258789
1763887755865,124.60000610351562,130.4000015258789
1763887755881,124.60000610351562,130.4000015258789
1763887755897,124.60000610351562,127.4000015258789
1763887755914,124.60000610351562,126.4000015258789
1763887755930,124.60000610351562,125.4000015258789
1763887755947,124.60000610351562,123.4000015258789
1763887756001,125.60000610351562,122.4000015258789
1763887756017,127.60000610351562,122.4000015258789
1763887756030,128.60000610351562,122.4000015258789
1763887756047,132.60000610351562,122.4000015258789
1763887756063,135.60000610351562,122.4000015258789
1763887756081,136.60000610351562,122.4000015258789
1763887756105,137.60000610351562,122.4000015258789
1763887756113,139.60000610351562,123.4000015258789
1763887756136,140.60000610351562,125.4000015258789
1763887756180,142.60000610351562,126.4000015258789
1763887756230,142.60000610351562,126.4000015258789
1763887756247,144.60000610351562,128.4000015258789
1763887756264,144.60000610351562,129.4000015258789
1763887756280,144.60000610351562,130.4000015258789
1763887756297,144.60000610351562,134.4000015258789
1763887756313,144.60000610351562,136.4000015258789
1763887756330,144.60000610351562,138.4000015258789
1763887756347,144.60000610351562,139.4000015258789
1763887756368,143.60000610351562,140.4000015258789
1763887756380,142.60000610351562,140.4000015258789
1763887756397,139.60000610351562,142.4000015258789
1763887756417,138.60000610351562,144.4000015258789
1763887756433,137.60000610351562,144.4000015258789
1763887756447,136.60000610351562,144.4000015258789
1763887756463,135.60000610351562,144.4000015258789
1763887756480,134.60000610351562,145.4000015258789
1763887756496,134.60000610351562,146.4000015258789
1763887756513,134.60000610351562,148.4000015258789
1763887756530,134.60000610351562,151.4000015258789
1763887756546,134.60000610351562,152.4000015258789
1763887756569,134.60000610351562,153.4000015258789
1763887756584,134.60000610351562,155.4000015258789
1763887756608,133.60000610351562,155.4000015258789
1763887756616,132.60000610351562,156.4000015258789
1763887756673,132.60000610351562,157.4000015258789
1763887756713,132.60000610351562,157.4000015258789
1763887756730,131.60000610351562,158.4000015258789
1763887756746,130.60000610351562,158.4000015258789
1763887756763,127.60000610351562,157.4000015258789
1763887756779,127.60000610351562,156.4000015258789
1763887756829,127.60000610351562,155.4000015258789
1763887756846,128.60000610351562,153.4000015258789
1763887756863,128.60000610351562,150.4000015258789
1763887756879,128.60000610351562,148.4000015258789
1763887757033,128.60000610351562,146.4000015258789
1763887757046,130.60000610351562,145.4000015258789
1763887757063,130.60000610351562,143.4000015258789
1763887757079,132.60000610351562,142.4000015258789
1763887757137,133.60000610351562,141.4000015258789
1763887757146,133.60000610351562,141.4000015258789
1763887757163,136.60000610351562,141.4000015258789
1763887757179,138.60000610351562,141.4000015258789
1763887757208,139.60000610351562,141.4000015258789
1763887757217,141.60000610351562,141.4000015258789
1763887757233,141.60000610351562,141.4000015258789
1763887757246,142.60000610351562,142.4000015258789
1763887757262,143.60000610351562,143.4000015258789
1763887757279,144.60000610351562,143.4000015258789
1763887757296,145.60000610351562,145.4000015258789
1763887757321,145.60000610351562,146.4000015258789
1763887757329,145.60000610351562,147.4000015258789
1763887757346,146.60000610351562,147.4000015258789
1763887757362,146.60000610351562,150.4000015258789
1763887757379,146.60000610351562,152.4000015258789
1763887757396,146.60000610351562,153.4000015258789
1763887757412,146.60000610351562,154.4000015258789
1763887757429,144.60000610351562,156.4000015258789
1763887757446,143.60000610351562,158.4000015258789
1763887757462,141.60000610351562,158.4000015258789
1763887757479,140.60000610351562,158.4000015258789
1763887757496,137.60000610351562,158.4000015258789
1763887757513,137.60000610351562,158.4000015258789
1763887757625,136.60000610351562,158.4000015258789
1763887757662,135.60000610351562,158.4000015258789
1763887757679,134.60000610351562,158.4000015258789
1763887757737,133.60000610351562,158.4000015258789
1763887757745,132.60000610351562,158.4000015258789
1763887757762,131.60000610351562,157.4000015258789
1763887757779,129.60000610351562,155.4000015258789
1763887757795,128.60000610351562,155.4000015258789
1763887757812,126.60000610351562,154.4000015258789
1763887757829,125.60000610351562,153.4000015258789
1763887757849,124.60000610351562,152.4000015258789
1763887757873,124.60000610351562,152.4000015258789
1763887757881,123.60000610351562,151.4000015258789
1763887757928,123.60000610351562,147.4000015258789
1763887757945,123.60000610351562,145.4000015258789
1763887757962,123.60000610351562,142.4000015258789
1763887759011,48.600006103515625,293.4000015258789
1763887759065,49.600006103515625,294.4000015258789
1763887759105,49.600006103515625,294.4000015258789
1763887759121,49.600006103515625,296.4000015258789
1763887759134,49.600006103515625,298.4000015258789
1763887759265,48.600006103515625,298.4000015258789
1763887759273,48.600006103515625,298.4000015258789
1763887759433,47.600006103515625,298.4000015258789
1763887759450,45.600006103515625,298.4000015258789
1763887759469,44.600006103515625,296.4000015258789
1763887759483,42.600006103515625,294.4000015258789
1763887759500,41.600006103515625,293.4000015258789
1763887759609,41.600006103515625,294.4000015258789
1763887759625,43.600006103515625,296.4000015258789
1763887759649,43.600006103515625,297.4000015258789
1763887759657,44.600006103515625,298.4000015258789
1763887759666,45.600006103515625,299.4000015258789
1763887759716,45.600006103515625,299.4000015258789
1763887759733,47.600006103515625,300.4000015258789
1763887759750,48.600006103515625,301.4000015258789
1763887759766,48.600006103515625,302.4000015258789
1763887759783,49.600006103515625,303.4000015258789
1763887759800,50.600006103515625,304.4000015258789
1763887759817,51.600006103515625,304.4000015258789
1763887759833,52.600006103515625,304.4000015258789
1763887759850,53.600006103515625,304.4000015258789
1763887759900,54.600006103515625,305.4000015258789
1763887759950,54.600006103515625,305.4000015258789
1763887759966,56.600006103515625,302.4000015258789
1763887759983,57.600006103515625,299.4000015258789
1763887760000,57.600006103515625,297.4000015258789
1763887760016,57.600006103515625,294.4000015258789
1763887760033,57.600006103515625,291.4000015258789
1763887760050,57.600006103515625,289.4000015258789
1763887760067,57.600006103515625,287.4000015258789
1763887760083,56.600006103515625,286.4000015258789
1763887760100,54.600006103515625,284.4000015258789
1763887760116,54.600006103515625,282.4000015258789
1763887760133,53.600006103515625,279.4000015258789
1763887760149,52.600006103515625,277.4000015258789
1763887760199,52.600006103515625,275.4000015258789
1763887760257,52.600006103515625,276.4000015258789
1763887760266,51.600006103515625,278.4000015258789
1763887760283,49.600006103515625,284.4000015258789
1763887760299,47.600006103515625,288.4000015258789
1763887760316,47.600006103515625,291.4000015258789
1763887760333,46.600006103515625,293.4000015258789
1763887760349,46.600006103515625,293.4000015258789
1763887760399,46.600006103515625,295.4000015258789
1763887760417,45.600006103515625,296.4000015258789
1763887760433,45.600006103515625,297.4000015258789
1763887760449,45.600006103515625,298.4000015258789
1763887760499,44.600006103515625,298.4000015258789
1763887760516,42.600006103515625,298.4000015258789
1763887760532,40.600006103515625,293.4000015258789
1763887760549,40.600006103515625,288.4000015258789
1763887760566,40.600006103515625,285.4000015258789
1763887760582,40.600006103515625,280.4000015258789
1763887760599,40.600006103515625,278.4000015258789
1763887760616,40.600006103515625,276.4000015258789
1763887760632,40.600006103515625,272.4000015258789
1763887760649,40.600006103515625,268.4000015258789
1763887760666,41.600006103515625,268.4000015258789
1763887760716,42.600006103515625,268.4000015258789
1763887760732,45.600006103515625,268.4000015258789
1763887760749,45.600006103515625,268.4000015258789
1763887760766,45.600006103515625,271.4000015258789
1763887760782,45.600006103515625,276.4000015258789
1763887760799,45.600006103515625,278.4000015258789
1763887760816,45.600006103515625,280.4000015258789
1763887760832,45.600006103515625,283.4000015258789
1763887760849,45.600006103515625,284.4000015258789
1763887760937,45.600006103515625,281.4000015258789
1763887760949,45.600006103515625,279.4000015258789
1763887760965,45.600006103515625,273.4000015258789
1763887760982,45.600006103515625,269.4000015258789
1763887760999,45.600006103515625,265.4000015258789
1763887761015,45.600006103515625,264.4000015258789
1763887761032,45.600006103515625,262.4000015258789
1763887761049,45.600006103515625,261.4000015258789
1763887761065,45.600006103515625,259.4000015258789
1763887761082,45.600006103515625,257.4000015258789
1763887761099,45.600006103515625,255.4000015258789
1763887761165,46.600006103515625,254.4000015258789
1763887761185,47.600006103515625,254.4000015258789
1763887761199,48.600006103515625,254.4000015258789
1763887761215,50.600006103515625,257.4000015258789
1763887761232,50.600006103515625,261.4000015258789
1763887761248,50.600006103515625,263.4000015258789
1763887761321,50.600006103515625,264.4000015258789
1763887761345,49.600006103515625,264.4000015258789
1763887761433,49.600006103515625,262.4000015258789
1763887761448,49.600006103515625,262.4000015258789
1763887761465,47.600006103515625,255.4000015258789
1763887761482,46.600006103515625,252.4000015258789
1763887761498,46.600006103515625,248.4000015258789
1763887761515,46.600006103515625,246.4000015258789
1763887761532,45.600006103515625,244.4000015258789
1763887761548,45.600006103515625,242.4000015258789
1763887761565,45.600006103515625,240.4000015258789
1763887761582,44.600006103515625,238.4000015258789
1763887761598,44.600006103515625,235.4000015258789
1763887761615,42.600006103515625,234.4000015258789
1763887761631,42.600006103515625,233.4000015258789
1763887761648,41.600006103515625,230.4000015258789
1763887761665,40.600006103515625,226.4000015258789
1763887761681,40.600006103515625,226.4000015258789
1763887761785,40.600006103515625,228.4000015258789
1763887761798,40.600006103515625,229.4000015258789
1763887761815,40.600006103515625,235.4000015258789
1763887761831,40.600006103515625,239.4000015258789
1763887761848,39.600006103515625,242.4000015258789
1763887761865,39.600006103515625,245.4000015258789
1763887761969,39.600006103515625,244.4000015258789
1763887761981,39.600006103515625,243.4000015258789
1763887761998,39.600006103515625,235.4000015258789
1763887762014,39.600006103515625,230.4000015258789
1763887762031,39.600006103515625,227.4000015258789
1763887762048,37.600006103515625,224.4000015258789
1763887762064,37.600006103515625,220.4000015258789
1763887762081,41.600006103515625,216.4000015258789
1763887762098,41.600006103515625,214.4000015258789
1763887762114,42.600006103515625,211.4000015258789
1763887762131,42.600006103515625,211.4000015258789
1763887762198,45.600006103515625,213.4000015258789
1763887762214,47.600006103515625,219.4000015258789
1763887762231,48.600006103515625,226.4000015258789
1763887762248,51.600006103515625,232.4000015258789
1763887762264,51.600006103515625,237.4000015258789
1763887762281,52.600006103515625,243.4000015258789
1763887762298,53.600006103515625,245.4000015258789
1763887762401,53.600006103515625,242.4000015258789
1763887762414,53.600006103515625,239.4000015258789
1763887762431,53.600006103515625,230.4000015258789
1763887762447,53.600006103515625,224.4000015258789
1763887762464,55.600006103515625,220.4000015258789
1763887762481,55.600006103515625,217.4000015258789
1763887762497,55.600006103515625,215.4000015258789
1763887762514,55.600006103515625,214.4000015258789
1763887762531,55.600006103515625,213.4000015258789
1763887762601,55.600006103515625,216.4000015258789
1763887762614,55.600006103515625,217.4000015258789
1763887762631,55.600006103515625,224.4000015258789
1763887762647,52.600006103515625,231.4000015258789
1763887762664,51.600006103515625,234.4000015258789
1763887762714,50.600006103515625,235.4000015258789
1763887762737,50.600006103515625,235.4000015258789
1763887762747,49.600006103515625,235.4000015258789
1763887762764,46.600006103515625,233.4000015258789
1763887762780,46.600006103515625,225.4000015258789
1763887762797,46.600006103515625,217.4000015258789
1763887762814,46.600006103515625,213.4000015258789
1763887762830,47.600006103515625,210.4000015258789
1763887762847,48.600006103515625,208.4000015258789
1763887762913,50.600006103515625,208.4000015258789
1763887762930,52.600006103515625,208.4000015258789
1763887762947,54.600006103515625,209.4000015258789
1763887762964,54.600006103515625,213.4000015258789
1763887762980,54.600006103515625,216.4000015258789
1763887762997,54.600006103515625,218.4000015258789
1763887763073,54.600006103515625,215.4000015258789
1763887763081,55.600006103515625,211.4000015258789
1763887763163,63.600006103515625,185.4000015258789
1763887763180,63.600006103515625,182.4000015258789
1763887763197,63.600006103515625,179.4000015258789
1763887763213,63.600006103515625,176.4000015258789
1763887763230,63.600006103515625,173.4000015258789
1763887763247,65.60000610351562,170.4000015258789
1763887763263,65.60000610351562,167.4000015258789
1763887763280,65.60000610351562,166.4000015258789
1763887763297,66.60000610351562,163.4000015258789
1763887763313,67.60000610351562,162.4000015258789
1763887763330,67.60000610351562,161.4000015258789
1763887763409,67.60000610351562,162.4000015258789
1763887763417,65.60000610351562,168.4000015258789
1763887763430,64.60000610351562,171.4000015258789
1763887763447,61.600006103515625,183.4000015258789
1763887763463,58.600006103515625,190.4000015258789
1763887763480,58.600006103515625,193.4000015258789
1763887763497,58.600006103515625,195.4000015258789
1763887763513,56.600006103515625,201.4000015258789
1763887763530,55.600006103515625,205.4000015258789
1763887763546,54.600006103515625,209.4000015258789
1763887763563,53.600006103515625,210.4000015258789
1763887763657,53.600006103515625,210.4000015258789
1763887763665,54.600006103515625,205.4000015258789
1763887763680,54.600006103515625,198.4000015258789
1763887763696,57.600006103515625,188.4000015258789
1763887763713,57.600006103515625,177.4000015258789
1763887763730,57.600006103515625,176.4000015258789
1763887763830,57.600006103515625,180.4000015258789
1763887763846,57.600006103515625,186.4000015258789
1763887763863,56.600006103515625,195.4000015258789
1763887763880,54.600006103515625,201.4000015258789
1763887763896,53.600006103515625,207.4000015258789
1763887763913,51.600006103515625,212.4000015258789
1763887763929,50.600006103515625,216.4000015258789
1763887764013,50.600006103515625,214.4000015258789
1763887764029,50.600006103515625,204.4000015258789
1763887764046,50.600006103515625,189.4000015258789
1763887764063,50.600006103515625,174.4000015258789
1763887764079,50.600006103515625,165.4000015258789
1763887764096,50.600006103515625,162.4000015258789
1763887764177,50.600006103515625,165.4000015258789
1763887764185,48.600006103515625,170.4000015258789
1763887764196,46.600006103515625,177.4000015258789
1763887764213,41.600006103515625,192.4000015258789
1763887764229,38.600006103515625,202.4000015258789
1763887764246,36.600006103515625,208.4000015258789
1763887764263,36.600006103515625,210.4000015258789
1763887764279,36.600006103515625,211.4000015258789
1763887764362,36.600006103515625,210.4000015258789
1763887764412,42.600006103515625,181.4000015258789
1763887764429,43.600006103515625,175.4000015258789
1763887764446,45.600006103515625,173.4000015258789
1763887764496,45.600006103515625,172.4000015258789
1763887764546,45.600006103515625,179.4000015258789
1763887764562,45.600006103515625,186.4000015258789
1763887764579,41.600006103515625,194.4000015258789
1763887764596,41.600006103515625,202.4000015258789
1763887764612,39.600006103515625,208.4000015258789
1763887764629,38.600006103515625,211.4000015258789
1763887764705,39.600006103515625,211.4000015258789
1763887764713,40.600006103515625,206.4000015258789
1763887764729,47.600006103515625,195.4000015258789
1763887764745,54.600006103515625,180.4000015258789
1763887764762,57.600006103515625,170.4000015258789
1763887764779,59.600006103515625,166.4000015258789
1763887764795,59.600006103515625,163.4000015258789
1763887764873,59.600006103515625,165.4000015258789
1763887764881,59.600006103515625,169.4000015258789
1763887764895,57.600006103515625,181.4000015258789
1763887764912,55.600006103515625,188.4000015258789
1763887764929,54.600006103515625,192.4000015258789
1763887764945,52.600006103515625,194.4000015258789
1763887764962,52.600006103515625,195.4000015258789
1763887765017,52.600006103515625,191.4000015258789
1763887765029,52.600006103515625,188.4000015258789
1763887765045,54.600006103515625,175.4000015258789
1763887765062,55.600006103515625,165.4000015258789
1763887765078,58.600006103515625,159.4000015258789
1763887765095,59.600006103515625,154.4000015258789
1763887765112,59.600006103515625,151.4000015258789
1763887765209,58.600006103515625,154.4000015258789
1763887765217,56.600006103515625,157.4000015258789
1763887765228,56.600006103515625,160.4000015258789
1763887765245,55.600006103515625,166.4000015258789
1763887765262,53.600006103515625,170.4000015258789
1763887765329,53.600006103515625,171.4000015258789
1763887765345,52.600006103515625,169.4000015258789
1763887765362,51.600006103515625,163.4000015258789
1763887765378,53.600006103515625,152.4000015258789
1763887765395,56.600006103515625,146.4000015258789
1763887765412,56.600006103515625,141.4000015258789
1763887765428,56.600006103515625,139.4000015258789
1763887765505,56.600006103515625,140.4000015258789
1763887765513,56.600006103515625,143.4000015258789
1763887765528,56.600006103515625,146.4000015258789
1763887765545,56.600006103515625,154.4000015258789
1763887765561,55.600006103515625,156.4000015258789
1763887765689,55.600006103515625,155.4000015258789
1763887765697,55.600006103515625,152.4000015258789
1763887765711,55.600006103515625,147.4000015258789
1763887765728,55.600006103515625,139.4000015258789
1763887765745,55.600006103515625,133.4000015258789
1763887765761,56.600006103515625,132.4000015258789
1763887765825,56.600006103515625,132.4000015258789
1763887765833,55.600006103515625,136.4000015258789
1763887765844,56.600006103515625,140.4000015258789
1763887765861,54.600006103515625,146.4000015258789
1763887765878,53.600006103515625,152.4000015258789
1763887765894,52.600006103515625,157.4000015258789
1763887765911,51.600006103515625,160.4000015258789
1763887765937,50.600006103515625,161.4000015258789
1763887765993,50.600006103515625,160.4000015258789
1763887766001,49.600006103515625,159.4000015258789
1763887766011,49.600006103515625,158.4000015258789
1763887766028,49.600006103515625,150.4000015258789
1763887766044,51.600006103515625,142.4000015258789
1763887766061,54.600006103515625,136.4000015258789
1763887766078,55.600006103515625,133.4000015258789
1763887766094,56.600006103515625,131.4000015258789
1763887766153,56.600006103515625,132.4000015258789
1763887766161,56.600006103515625,133.4000015258789
1763887766178,56.600006103515625,141.4000015258789
1763887766194,56.600006103515625,148.4000015258789
1763887766211,55.600006103515625,154.4000015258789
1763887766227,54.600006103515625,157.4000015258789
1763887766297,53.600006103515625,157.4000015258789
1763887766313,53.600006103515625,155.4000015258789
1763887766327,53.600006103515625,152.4000015258789
1763887766344,53.600006103515625,143.4000015258789
1763887766361,57.600006103515625,138.4000015258789
1763887766377,59.600006103515625,134.4000015258789
1763887766394,61.600006103515625,130.4000015258789
1763887766545,61.600006103515625,131.4000015258789
1763887766561,61.600006103515625,135.4000015258789
1763887766577,61.600006103515625,153.4000015258789
1763887766595,60.600006103515625,159.4000015258789
1763887766611,58.600006103515625,162.4000015258789
1763887766705,58.600006103515625,162.4000015258789
1763887766713,60.600006103515625,158.4000015258789
1763887766728,61.600006103515625,155.4000015258789
1763887766744,64.60000610351562,147.4000015258789
1763887766761,67.60000610351562,141.4000015258789
1763887766833,67.60000610351562,141.4000015258789
1763887766844,67.60000610351562,142.4000015258789
1763887766861,65.60000610351562,146.4000015258789
1763887766878,64.60000610351562,148.4000015258789
1763887766894,63.600006103515625,149.4000015258789
1763887766911,62.600006103515625,150.4000015258789
1763887766928,60.600006103515625,152.4000015258789
1763887766953,60.600006103515625,153.4000015258789
1763887767044,59.600006103515625,157.4000015258789
1763887767061,56.600006103515625,162.4000015258789
1763887767078,54.600006103515625,165.4000015258789
1763887767094,53.600006103515625,168.4000015258789
1763887767144,53.600006103515625,169.4000015258789
1763887767161,53.600006103515625,174.4000015258789
1763887767177,53.600006103515625,175.4000015258789
1763887767194,53.600006103515625,177.4000015258789
1763887767211,53.600006103515625,179.4000015258789
1763887767227,53.600006103515625,183.4000015258789
1763887767244,53.600006103515625,187.4000015258789
1763887767261,53.600006103515625,191.4000015258789
1763887767277,53.600006103515625,196.4000015258789
1763887767294,52.600006103515625,199.4000015258789
1763887767311,52.600006103515625,202.4000015258789
1763887767327,52.600006103515625,207.4000015258789
1763887767344,51.600006103515625,211.4000015258789
1763887767361,51.600006103515625,215.4000015258789
1763887767377,49.600006103515625,219.4000015258789
1763887767449,49.600006103515625,219.4000015258789
1763887767460,48.600006103515625,221.4000015258789
1763887767477,49.600006103515625,222.4000015258789
1763887767494,49.600006103515625,223.4000015258789
1763887767513,49.600006103515625,225.4000015258789
1763887767527,49.600006103515625,225.4000015258789
1763887767544,49.600006103515625,227.4000015258789
1763887767560,49.600006103515625,229.4000015258789
1763887767577,49.600006103515625,233.4000015258789
1763887767594,49.600006103515625,234.4000015258789
1763887767610,49.600006103515625,236.4000015258789
1763887767627,49.600006103515625,240.4000015258789
1763887767644,49.600006103515625,244.4000015258789
1763887767660,48.600006103515625,245.4000015258789
1763887767727,48.600006103515625,245.4000015258789
1763887767744,45.600006103515625,245.4000015258789
1763887767760,42.600006103515625,235.4000015258789
1763887767777,41.600006103515625,214.4000015258789
1763887767794,41.600006103515625,204.4000015258789
1763887767810,41.600006103515625,199.4000015258789
1763887767827,41.600006103515625,196.4000015258789
1763887767844,41.600006103515625,192.4000015258789
1763887767860,41.600006103515625,189.4000015258789
1763887767943,44.600006103515625,173.4000015258789
1763887767960,46.600006103515625,170.4000015258789
1763887767977,48.600006103515625,166.4000015258789
1763887767993,51.600006103515625,163.4000015258789
1763887768010,54.600006103515625,162.4000015258789
1763887768027,54.600006103515625,160.4000015258789
1763887768043,56.600006103515625,158.4000015258789
1763887768060,57.600006103515625,156.4000015258789
1763887768077,58.600006103515625,154.4000015258789
1763887768093,61.600006103515625,152.4000015258789
1763887768110,62.600006103515625,151.4000015258789
1763887768127,63.600006103515625,150.4000015258789
1763887768143,64.60000610351562,149.4000015258789
1763887768160,65.60000610351562,147.4000015258789
1763887768177,66.60000610351562,146.4000015258789
1763887768193,66.60000610351562,145.4000015258789
1763887768257,66.60000610351562,144.4000015258789
1763887768293,66.60000610351562,142.4000015258789
1763887768310,66.60000610351562,139.4000015258789
1763887768326,66.60000610351562,137.4000015258789
1763887768343,66.60000610351562,136.4000015258789
1763887768360,66.60000610351562,135.4000015258789
1763887768376,65.60000610351562,134.4000015258789
1763887768401,63.600006103515625,133.4000015258789
1763887768443,62.600006103515625,132.4000015258789
1763887768460,61.600006103515625,131.4000015258789
1763887768476,61.600006103515625,130.4000015258789
1763887768545,61.600006103515625,130.4000015258789
1763887768561,61.600006103515625,128.4000015258789
1763887768576,61.600006103515625,127.4000015258789
1763887768593,60.600006103515625,125.4000015258789
1763887768769,59.600006103515625,125.4000015258789
1763887768777,57.600006103515625,125.4000015258789
1763887768793,56.600006103515625,127.4000015258789
1763887768809,52.600006103515625,131.4000015258789
1763887768826,51.600006103515625,134.4000015258789
1763887768843,50.600006103515625,135.4000015258789
1763887768859,49.600006103515625,135.4000015258789
1763887768929,49.600006103515625,136.4000015258789
1763887768943,49.600006103515625,137.4000015258789
1763887768959,49.600006103515625,138.4000015258789
1763887768976,49.600006103515625,139.4000015258789
1763887768993,49.600006103515625,142.4000015258789
1763887769009,49.600006103515625,146.4000015258789
1763887769026,49.600006103515625,150.4000015258789
1763887769042,49.600006103515625,154.4000015258789
1763887769059,49.600006103515625,158.4000015258789
1763887769076,49.600006103515625,161.4000015258789
1763887769092,49.600006103515625,165.4000015258789
1763887769109,49.600006103515625,170.4000015258789
1763887769126,49.600006103515625,174.4000015258789
1763887769142,48.600006103515625,179.4000015258789
1763887769159,46.600006103515625,184.4000015258789
1763887769176,46.600006103515625,187.4000015258789
1763887769192,46.600006103515625,191.4000015258789
1763887769209,46.600006103515625,196.4000015258789
1763887769226,46.600006103515625,199.4000015258789
1763887769242,45.600006103515625,202.4000015258789
1763887769259,44.600006103515625,203.4000015258789
1763887769276,44.600006103515625,203.4000015258789
1763887769345,44.600006103515625,204.4000015258789
1763887769359,44.600006103515625,205.4000015258789
1763887769376,44.600006103515625,207.4000015258789
1763887769392,44.600006103515625,209.4000015258789
1763887769409,42.600006103515625,210.4000015258789
1763887769425,42.600006103515625,213.4000015258789
1763887769442,41.600006103515625,216.4000015258789
1763887769459,40.600006103515625,219.4000015258789
1763887769475,40.600006103515625,221.4000015258789
1763887769492,40.600006103515625,222.4000015258789
1763887769509,40.600006103515625,223.4000015258789
1763887769525,40.600006103515625,224.4000015258789
1763887769542,40.600006103515625,225.4000015258789
1763887769559,40.600006103515625,228.4000015258789
1763887769575,40.600006103515625,229.4000015258789
1763887769592,40.600006103515625,230.4000015258789
1763887769617,40.600006103515625,232.4000015258789
1763887769625,40.600006103515625,232.4000015258789
1763887769642,40.600006103515625,234.4000015258789
1763887769673,40.600006103515625,235.4000015258789
1763887769725,40.600006103515625,237.4000015258789
1763887769742,40.600006103515625,239.4000015258789
1763887769759,40.600006103515625,241.4000015258789
1763887769775,40.600006103515625,243.4000015258789
1763887769792,40.600006103515625,245.4000015258789
1763887769808,40.600006103515625,248.4000015258789
1763887769825,40.600006103515625,253.4000015258789
1763887769842,40.600006103515625,256.4000015258789
1763887769858,40.600006103515625,258.4000015258789
1763887769875,40.600006103515625,261.4000015258789
1763887769892,40.600006103515625,263.4000015258789
1763887769908,40.600006103515625,265.4000015258789
1763887769925,40.600006103515625,268.4000015258789
1763887769942,40.600006103515625,269.4000015258789
1763887769958,40.600006103515625,270.4000015258789
1763887769977,40.600006103515625,272.4000015258789
1763887770001,40.600006103515625,272.4000015258789
1763887770009,40.600006103515625,274.4000015258789
1763887770025,42.600006103515625,275.4000015258789
1763887770042,42.600006103515625,276.4000015258789
1763887770105,43.600006103515625,277.4000015258789
1763887770161,44.600006103515625,276.4000015258789
1763887770175,44.600006103515625,273.4000015258789
1763887770191,46.600006103515625,267.4000015258789
1763887770208,47.600006103515625,263.4000015258789
1763887770225,47.600006103515625,262.4000015258789
1763887770241,47.600006103515625,260.4000015258789
1763887770258,47.600006103515625,259.4000015258789
1763887770275,47.600006103515625,256.4000015258789
1763887770377,47.600006103515625,257.4000015258789
1763887770391,47.600006103515625,258.4000015258789
1763887770408,47.600006103515625,262.4000015258789
1763887770425,47.600006103515625,266.4000015258789
1763887770441,47.600006103515625,269.4000015258789
1763887770458,49.600006103515625,271.4000015258789
1763887770474,49.600006103515625,272.4000015258789
1763887770491,49.600006103515625,274.4000015258789
1763887770508,49.600006103515625,276.4000015258789
1763887770524,49.600006103515625,277.4000015258789
1763887772689,168.60000610351562,156.4000015258789
1763887772706,169.60000610351562,156.4000015258789
1763887772723,171.60000610351562,158.4000015258789
1763887772738,171.60000610351562,160.4000015258789
1763887772755,171.60000610351562,162.4000015258789
1763887772771,171.60000610351562,163.4000015258789
1763887772788,171.60000610351562,166.4000015258789
1763887772805,171.60000610351562,167.4000015258789
1763887772821,171.60000610351562,168.4000015258789
1763887772838,171.60000610351562,170.4000015258789
1763887772855,171.60000610351562,172.4000015258789
1763887772871,171.60000610351562,174.4000015258789
1763887772921,171.60000610351562,176.4000015258789
1763887772938,171.60000610351562,177.4000015258789
1763887773042,171.60000610351562,175.4000015258789
1763887773054,170.60000610351562,174.4000015258789
1763887773071,170.60000610351562,169.4000015258789
1763887773088,170.60000610351562,165.4000015258789
1763887773104,170.60000610351562,162.4000015258789
1763887773121,168.60000610351562,159.4000015258789
1763887773138,168.60000610351562,156.4000015258789
1763887773154,168.60000610351562,155.4000015258789
1763887773258,168.60000610351562,156.4000015258789
1763887773271,169.60000610351562,159.4000015258789
1763887773288,169.60000610351562,163.4000015258789
1763887773304,171.60000610351562,166.4000015258789
1763887773321,171.60000610351562,170.4000015258789
1763887773338,173.60000610351562,174.4000015258789
1763887773410,173.60000610351562,173.4000015258789
1763887773421,173.60000610351562,169.4000015258789
1763887773437,173.60000610351562,162.4000015258789
1763887773454,172.60000610351562,156.4000015258789
1763887773471,170.60000610351562,150.4000015258789
1763887773487,170.60000610351562,148.4000015258789
1763887773578,170.60000610351562,149.4000015258789
1763887773587,171.60000610351562,150.4000015258789
1763887773604,173.60000610351562,154.4000015258789
1763887773621,175.60000610351562,159.4000015258789
1763887773637,176.60000610351562,161.4000015258789
1763887773654,176.60000610351562,162.4000015258789
1763887773671,178.60000610351562,165.4000015258789
1763887773769,178.60000610351562,161.4000015258789
1763887773777,178.60000610351562,159.4000015258789
1763887773787,178.60000610351562,154.4000015258789
1763887773804,178.60000610351562,147.4000015258789
1763887773820,178.60000610351562,144.4000015258789
1763887773837,178.60000610351562,144.4000015258789
1763887773913,178.60000610351562,145.4000015258789
1763887773921,178.60000610351562,147.4000015258789
1763887773937,178.60000610351562,150.4000015258789
1763887773954,178.60000610351562,157.4000015258789
1763887773970,178.60000610351562,159.4000015258789
1763887774025,177.60000610351562,160.4000015258789
1763887774070,175.60000610351562,155.4000015258789
1763887774087,175.60000610351562,147.4000015258789
1763887774103,172.60000610351562,137.4000015258789
1763887774120,172.60000610351562,134.4000015258789
1763887774137,172.60000610351562,132.4000015258789
1763887774153,172.60000610351562,132.4000015258789
1763887774226,172.60000610351562,133.4000015258789
1763887774237,172.60000610351562,135.4000015258789
1763887774253,173.60000610351562,143.4000015258789
1763887774270,173.60000610351562,147.4000015258789
1763887774297,173.60000610351562,147.4000015258789
1763887774402,173.60000610351562,145.4000015258789
1763887774409,173.60000610351562,142.4000015258789
1763887774420,173.60000610351562,137.4000015258789
1763887774437,173.60000610351562,126.4000015258789
1763887774453,173.60000610351562,122.4000015258789
1763887774470,173.60000610351562,120.4000015258789
1763887774538,173.60000610351562,121.4000015258789
1763887774553,175.60000610351562,126.4000015258789
1763887774570,175.60000610351562,133.4000015258789
1763887774586,179.60000610351562,141.4000015258789
1763887774603,180.60000610351562,144.4000015258789
1763887774714,179.60000610351562,142.4000015258789
1763887774721,179.60000610351562,139.4000015258789
1763887774736,179.60000610351562,135.4000015258789
1763887774753,178.60000610351562,129.4000015258789
1763887774770,178.60000610351562,126.4000015258789
1763887774850,178.60000610351562,127.4000015258789
1763887774857,178.60000610351562,129.4000015258789
1763887774870,178.60000610351562,131.4000015258789
1763887774886,178.60000610351562,137.4000015258789
1763887774903,177.60000610351562,139.4000015258789
1763887774919,178.60000610351562,141.4000015258789
1763887775002,176.60000610351562,141.4000015258789
1763887775009,175.60000610351562,141.4000015258789
1763887775019,174.60000610351562,141.4000015258789
1763887775036,173.60000610351562,136.4000015258789
1763887775053,172.60000610351562,131.4000015258789
1763887775069,172.60000610351562,127.4000015258789
1763887775086,172.60000610351562,124.4000015258789
1763887775103,172.60000610351562,123.4000015258789
1763887775162,173.60000610351562,122.4000015258789
1763887775169,174.60000610351562,122.4000015258789
1763887775186,175.60000610351562,122.4000015258789
1763887775203,178.60000610351562,123.4000015258789
1763887775219,179.60000610351562,126.4000015258789
1763887775236,181.60000610351562,128.4000015258789
1763887775253,182.60000610351562,132.4000015258789
1763887775269,182.60000610351562,133.4000015258789
1763887775286,183.60000610351562,136.4000015258789
1763887775302,184.60000610351562,136.4000015258789
1763887775319,185.60000610351562,137.4000015258789
1763887775386,185.60000610351562,138.4000015258789
1763887775506,184.60000610351562,137.4000015258789
1763887775552,181.60000610351562,136.4000015258789
1763887775569,181.60000610351562,136.4000015258789
1763887775642,181.60000610351562,137.4000015258789
1763887775652,181.60000610351562,139.4000015258789
1763887775669,181.60000610351562,146.4000015258789
1763887775685,181.60000610351562,152.4000015258789
1763887775702,181.60000610351562,157.4000015258789
1763887775719,181.60000610351562,161.4000015258789
1763887775735,181.60000610351562,163.4000015258789
1763887775752,181.60000610351562,164.4000015258789
1763887775826,181.60000610351562,162.4000015258789
1763887775835,181.60000610351562,159.4000015258789
1763887775852,181.60000610351562,155.4000015258789
1763887775869,181.60000610351562,150.4000015258789
1763887775885,181.60000610351562,148.4000015258789
1763887775902,181.60000610351562,147.4000015258789
1763887775970,181.60000610351562,151.4000015258789
1763887775985,182.60000610351562,159.4000015258789
1763887776002,184.60000610351562,167.4000015258789
1763887776019,185.60000610351562,173.4000015258789
1763887776035,185.60000610351562,174.4000015258789
1763887776052,187.60000610351562,175.4000015258789
1763887776154,187.60000610351562,174.4000015258789
1763887776168,186.60000610351562,170.4000015258789
1763887776185,184.60000610351562,164.4000015258789
1763887776202,184.60000610351562,154.4000015258789
1763887776218,184.60000610351562,150.4000015258789
1763887776235,184.60000610351562,148.4000015258789
1763887776252,184.60000610351562,146.4000015258789
1763887776268,184.60000610351562,144.4000015258789
1763887776285,184.60000610351562,144.4000015258789
1763887776346,184.60000610351562,146.4000015258789
1763887776353,184.60000610351562,148.4000015258789
1763887776368,184.60000610351562,150.4000015258789
1763887776385,184.60000610351562,157.4000015258789
1763887776402,184.60000610351562,168.4000015258789
1763887776418,184.60000610351562,174.4000015258789
1763887776435,184.60000610351562,177.4000015258789
1763887776451,184.60000610351562,178.4000015258789
1763887776468,184.60000610351562,179.4000015258789
1763887776562,184.60000610351562,179.4000015258789
1763887776569,184.60000610351562,177.4000015258789
1763887776585,184.60000610351562,173.4000015258789
1763887776601,183.60000610351562,162.4000015258789
1763887776618,182.60000610351562,160.4000015258789
1763887776690,182.60000610351562,160.4000015258789
1763887776701,182.60000610351562,164.4000015258789
1763887776718,182.60000610351562,169.4000015258789
1763887776735,182.60000610351562,173.4000015258789
1763887776751,182.60000610351562,178.4000015258789
1763887776768,183.60000610351562,182.4000015258789
1763887776784,184.60000610351562,184.4000015258789
1763887776901,181.60000610351562,183.4000015258789
1763887776918,179.60000610351562,179.4000015258789
1763887776934,176.60000610351562,175.4000015258789
1763887776951,176.60000610351562,175.4000015258789
1763887777010,176.60000610351562,175.4000015258789
1763887777018,175.60000610351562,177.4000015258789
1763887777034,175.60000610351562,181.4000015258789
1763887777051,175.60000610351562,189.4000015258789
1763887777068,175.60000610351562,194.4000015258789
1763887777084,176.60000610351562,197.4000015258789
1763887777101,176.60000610351562,198.4000015258789
1763887777194,176.60000610351562,195.4000015258789
1763887777201,176.60000610351562,193.4000015258789
1763887777217,175.60000610351562,187.4000015258789
1763887777234,175.60000610351562,182.4000015258789
1763887777251,175.60000610351562,180.4000015258789
1763887777354,177.60000610351562,182.4000015258789
1763887777367,177.60000610351562,184.4000015258789
1763887777384,178.60000610351562,191.4000015258789
1763887777401,178.60000610351562,197.4000015258789
1763887777417,178.60000610351562,200.4000015258789
1763887777434,180.60000610351562,205.4000015258789
1763887777530,180.60000610351562,200.4000015258789
1763887777537,180.60000610351562,196.4000015258789
1763887777550,180.60000610351562,189.4000015258789
1763887777567,180.60000610351562,179.4000015258789
1763887777584,180.60000610351562,170.4000015258789
1763887777600,180.60000610351562,169.4000015258789
1763887777666,180.60000610351562,168.4000015258789
1763887777673,181.60000610351562,170.4000015258789
1763887777684,183.60000610351562,175.4000015258789
1763887777700,185.60000610351562,182.4000015258789
1763887777717,188.60000610351562,190.4000015258789
1763887777734,189.60000610351562,197.4000015258789
1763887777750,189.60000610351562,202.4000015258789
1763887777767,191.60000610351562,205.4000015258789
1763887777784,191.60000610351562,206.4000015258789
1763887777866,191.60000610351562,203.4000015258789
1763887777873,191.60000610351562,200.4000015258789
1763887777883,191.60000610351562,195.4000015258789
1763887777900,190.60000610351562,188.4000015258789
1763887777917,188.60000610351562,180.4000015258789
1763887777934,188.60000610351562,174.4000015258789
1763887777950,188.60000610351562,170.4000015258789
1763887777967,188.60000610351562,169.4000015258789
1763887778050,188.60000610351562,171.4000015258789
1763887778067,188.60000610351562,177.4000015258789
1763887778083,189.60000610351562,184.4000015258789
1763887778100,191.60000610351562,189.4000015258789
1763887778117,191.60000610351562,192.4000015258789
1763887778133,191.60000610351562,194.4000015258789
1763887778150,191.60000610351562,197.4000015258789
1763887778167,191.60000610351562,198.4000015258789
1763887778250,191.60000610351562,198.4000015258789
1763887778267,191.60000610351562,195.4000015258789
1763887778283,191.60000610351562,191.4000015258789
1763887778300,191.60000610351562,185.4000015258789
1763887778317,191.60000610351562,182.4000015258789
1763887778338,191.60000610351562,182.4000015258789
1763887778383,191.60000610351562,185.4000015258789
1763887778400,192.60000610351562,193.4000015258789
1763887778416,192.60000610351562,200.4000015258789
1763887778433,194.60000610351562,209.4000015258789
1763887778450,195.60000610351562,217.4000015258789
1763887778466,195.60000610351562,218.4000015258789
1763887778546,194.60000610351562,218.4000015258789
1763887778554,193.60000610351562,217.4000015258789
1763887778566,193.60000610351562,215.4000015258789
1763887778583,191.60000610351562,210.4000015258789
1763887778600,190.60000610351562,204.4000015258789
1763887778616,189.60000610351562,202.4000015258789
1763887778633,188.60000610351562,200.4000015258789
1763887778650,187.60000610351562,199.4000015258789
1763887778714,187.60000610351562,199.4000015258789
1763887778721,186.60000610351562,200.4000015258789
1763887778733,186.60000610351562,202.4000015258789
1763887778749,186.60000610351562,206.4000015258789
1763887778766,186.60000610351562,211.4000015258789
1763887778783,186.60000610351562,215.4000015258789
1763887778799,186.60000610351562,217.4000015258789
1763887778816,186.60000610351562,219.4000015258789
1763887778866,185.60000610351562,219.4000015258789
1763887778883,184.60000610351562,219.4000015258789
1763887778899,182.60000610351562,214.4000015258789
1763887778916,181.60000610351562,202.4000015258789
1763887778933,180.60000610351562,196.4000015258789
1763887778949,179.60000610351562,192.4000015258789
1763887778966,179.60000610351562,190.4000015258789
1763887779042,179.60000610351562,193.4000015258789
1763887779050,180.60000610351562,196.4000015258789
1763887779066,181.60000610351562,209.4000015258789
1763887779083,182.60000610351562,218.4000015258789
1763887779099,183.60000610351562,226.4000015258789
1763887779116,184.60000610351562,229.4000015258789
1763887779132,186.60000610351562,230.4000015258789
1763887779250,185.60000610351562,231.4000015258789
1763887779266,181.60000610351562,224.4000015258789
1763887779282,178.60000610351562,219.4000015258789
1763887779299,177.60000610351562,216.4000015258789
1763887779415,177.60000610351562,223.4000015258789
1763887779432,178.60000610351562,228.4000015258789
1763887779449,179.60000610351562,231.4000015258789
1763887779466,179.60000610351562,232.4000015258789
1763887779482,181.60000610351562,234.4000015258789
1763887779538,179.60000610351562,232.4000015258789
1763887779549,178.60000610351562,231.4000015258789
1763887779565,178.60000610351562,226.4000015258789
1763887779582,178.60000610351562,219.4000015258789
1763887779599,178.60000610351562,213.4000015258789
1763887779615,178.60000610351562,206.4000015258789
1763887779632,178.60000610351562,203.4000015258789
1763887779649,179.60000610351562,199.4000015258789
1763887779665,181.60000610351562,197.4000015258789
1763887779722,182.60000610351562,200.4000015258789
1763887779732,182.60000610351562,204.4000015258789
1763887779749,184.60000610351562,213.4000015258789
1763887779765,184.60000610351562,223.4000015258789
1763887779782,186.60000610351562,231.4000015258789
1763887779799,187.60000610351562,236.4000015258789
1763887779815,187.60000610351562,238.4000015258789
1763887779832,187.60000610351562,241.4000015258789
1763887779849,187.60000610351562,241.4000015258789
1763887779962,187.60000610351562,238.4000015258789
1763887779969,187.60000610351562,235.4000015258789
1763887779982,187.60000610351562,232.4000015258789
1763887779998,187.60000610351562,224.4000015258789
1763887780015,187.60000610351562,218.4000015258789
1763887780032,187.60000610351562,214.4000015258789
1763887780048,187.60000610351562,210.4000015258789
1763887780065,187.60000610351562,206.4000015258789
1763887780082,187.60000610351562,202.4000015258789
1763887780098,187.60000610351562,200.4000015258789
1763887780115,187.60000610351562,198.4000015258789
1763887780132,188.60000610351562,197.4000015258789
1763887780181,190.60000610351562,197.4000015258789
1763887780198,194.60000610351562,198.4000015258789
1763887780215,195.60000610351562,203.4000015258789
1763887780232,196.60000610351562,207.4000015258789
1763887780248,198.60000610351562,213.4000015258789
1763887780265,199.60000610351562,216.4000015258789
1763887780581,198.60000610351562,239.4000015258789
1763887780598,197.60000610351562,242.4000015258789
1763887780618,197.60000610351562,243.4000015258789
1763887780722,197.60000610351562,241.4000015258789
1763887780732,197.60000610351562,237.4000015258789
1763887780748,197.60000610351562,229.4000015258789
1763887780765,197.60000610351562,222.4000015258789
1763887780782,197.60000610351562,217.4000015258789
1763887780798,197.60000610351562,213.4000015258789
1763887780815,197.60000610351562,213.4000015258789
1763887780832,197.60000610351562,211.4000015258789
1763887780890,197.60000610351562,212.4000015258789
1763887780898,197.60000610351562,215.4000015258789
1763887780915,197.60000610351562,223.4000015258789
1763887780932,196.60000610351562,231.4000015258789
1763887780948,195.60000610351562,236.4000015258789
1763887780965,195.60000610351562,240.4000015258789
1763887780982,195.60000610351562,243.4000015258789
1763887780998,195.60000610351562,245.4000015258789
1763887781015,195.60000610351562,249.4000015258789
1763887781032,194.60000610351562,251.4000015258789
1763887781048,193.60000610351562,252.4000015258789
1763887781115,193.60000610351562,248.4000015258789
1763887781132,192.60000610351562,241.4000015258789
1763887781148,189.60000610351562,228.4000015258789
1763887781165,189.60000610351562,217.4000015258789
1763887781181,187.60000610351562,213.4000015258789
1763887781198,187.60000610351562,212.4000015258789
1763887781215,186.60000610351562,211.4000015258789
1763887781282,186.60000610351562,213.4000015258789
1763887781298,188.60000610351562,219.4000015258789
1763887781315,190.60000610351562,226.4000015258789
1763887781331,190.60000610351562,232.4000015258789
1763887781348,190.60000610351562,237.4000015258789
1763887781365,190.60000610351562,239.4000015258789
1763887781381,191.60000610351562,240.4000015258789
1763887781450,191.60000610351562,240.4000015258789
1763887781465,191.60000610351562,238.4000015258789
1763887781481,190.60000610351562,235.4000015258789
1763887781498,190.60000610351562,224.4000015258789
1763887781514,190.60000610351562,219.4000015258789
1763887781531,190.60000610351562,218.4000015258789
1763887781586,190.60000610351562,219.4000015258789
1763887781598,190.60000610351562,222.4000015258789
1763887781614,190.60000610351562,230.4000015258789
1763887781631,190.60000610351562,237.4000015258789
1763887781648,190.60000610351562,240.4000015258789
1763887781664,190.60000610351562,242.4000015258789
1763887781722,189.60000610351562,243.4000015258789
1763887781764,189.60000610351562,243.4000015258789
1763887781781,188.60000610351562,243.4000015258789
1763887781798,186.60000610351562,240.4000015258789
1763887781814,186.60000610351562,239.4000015258789
1763887781831,187.60000610351562,235.4000015258789
1763887781848,189.60000610351562,229.4000015258789
1763887781864,191.60000610351562,224.4000015258789
1763887781881,194.60000610351562,220.4000015258789
1763887781897,194.60000610351562,219.4000015258789
1763887782130,194.60000610351562,218.4000015258789
1763887782147,194.60000610351562,212.4000015258789
1763887782164,193.60000610351562,206.4000015258789
1763887782181,191.60000610351562,201.4000015258789
1763887782197,191.60000610351562,198.4000015258789
1763887782219,191.60000610351562,192.4000015258789
1763887782236,191.60000610351562,189.4000015258789
1763887782253,191.60000610351562,187.4000015258789
1763887782269,189.60000610351562,184.4000015258789
1763887782290,189.60000610351562,182.4000015258789
1763887782303,188.60000610351562,181.4000015258789
1763887782330,187.60000610351562,180.4000015258789
1763887782338,187.60000610351562,179.4000015258789
1763887782352,187.60000610351562,177.4000015258789
1763887782369,186.60000610351562,174.4000015258789
1763887782450,186.60000610351562,176.4000015258789
1763887782458,186.60000610351562,178.4000015258789
1763887782469,184.60000610351562,181.4000015258789
1763887782486,184.60000610351562,188.4000015258789
1763887782502,184.60000610351562,195.4000015258789
1763887782519,184.60000610351562,199.4000015258789
1763887782536,184.60000610351562,202.4000015258789
1763887782698,184.60000610351562,200.4000015258789
1763887782706,184.60000610351562,197.4000015258789
1763887782719,184.60000610351562,195.4000015258789
1763887782735,184.60000610351562,189.4000015258789
1763887782752,184.60000610351562,183.4000015258789
1763887782769,184.60000610351562,177.4000015258789
1763887782785,184.60000610351562,173.4000015258789
1763887782802,184.60000610351562,170.4000015258789
1763887782819,184.60000610351562,168.4000015258789
1763887782835,184.60000610351562,166.4000015258789
1763887782852,184.60000610351562,164.4000015258789
1763887782869,184.60000610351562,163.4000015258789
1763887782885,184.60000610351562,160.4000015258789
1763887782902,184.60000610351562,158.4000015258789
1763887782919,184.60000610351562,154.4000015258789
1763887782935,184.60000610351562,153.4000015258789
1763887783042,185.60000610351562,157.4000015258789
1763887783052,185.60000610351562,161.4000015258789
1763887783068,185.60000610351562,169.4000015258789
1763887783085,185.60000610351562,176.4000015258789
1763887783102,185.60000610351562,180.4000015258789
1763887783119,185.60000610351562,185.4000015258789
1763887783135,185.60000610351562,188.4000015258789
1763887783152,185.60000610351562,193.4000015258789
1763887783168,185.60000610351562,197.4000015258789
1763887783185,185.60000610351562,202.4000015258789
1763887783202,185.60000610351562,207.4000015258789
1763887783218,185.60000610351562,210.4000015258789
1763887783235,186.60000610351562,213.4000015258789
1763887783252,187.60000610351562,217.4000015258789
1763887783268,187.60000610351562,219.4000015258789
1763887783285,187.60000610351562,221.4000015258789
1763887783302,187.60000610351562,224.4000015258789
1763887783318,187.60000610351562,225.4000015258789
1763887783335,187.60000610351562,226.4000015258789
1763887783354,187.60000610351562,227.4000015258789
1763887783378,187.60000610351562,228.4000015258789
1763887783386,186.60000610351562,229.4000015258789
1763887783401,186.60000610351562,230.4000015258789
1763887783418,186.60000610351562,233.4000015258789
1763887783435,186.60000610351562,235.4000015258789
1763887783452,186.60000610351562,239.4000015258789
1763887783470,185.60000610351562,239.4000015258789
1763887783485,184.60000610351562,241.4000015258789
1763887783506,183.60000610351562,242.4000015258789
1763887783650,183.60000610351562,242.4000015258789
1763887783666,182.60000610351562,242.4000015258789
1763887783674,181.60000610351562,242.4000015258789
1763887783690,180.60000610351562,242.4000015258789
1763887783701,179.60000610351562,241.4000015258789
1763887783718,179.60000610351562,239.4000015258789
1763887783735,179.60000610351562,236.4000015258789
1763887783751,179.60000610351562,234.4000015258789
1763887783768,179.60000610351562,232.4000015258789
1763887783834,179.60000610351562,234.4000015258789
1763887783851,179.60000610351562,238.4000015258789
1763887783868,179.60000610351562,241.4000015258789
1763887783885,180.60000610351562,243.4000015258789
1763887783901,180.60000610351562,245.4000015258789
1763887783918,180.60000610351562,246.4000015258789
1763887783935,181.60000610351562,247.4000015258789
1763887783951,181.60000610351562,248.4000015258789
1763887783968,181.60000610351562,249.4000015258789
1763887783984,182.60000610351562,250.4000015258789
1763887784001,182.60000610351562,252.4000015258789
1763887784018,182.60000610351562,253.4000015258789
1763887784034,182.60000610351562,254.4000015258789
1763887784051,182.60000610351562,255.4000015258789
1763887784068,182.60000610351562,257.4000015258789
1763887784084,183.60000610351562,258.4000015258789
1763887784101,183.60000610351562,259.4000015258789
1763887784118,183.60000610351562,260.4000015258789
1763887784134,183.60000610351562,261.4000015258789
1763887784151,183.60000610351562,262.4000015258789
1763887784202,183.60000610351562,263.4000015258789
1763887784226,183.60000610351562,264.4000015258789
1763887784242,183.60000610351562,265.4000015258789
1763887784266,183.60000610351562,266.4000015258789
1763887784283,183.60000610351562,267.4000015258789
1763887784290,183.60000610351562,268.4000015258789
1763887784306,184.60000610351562,269.4000015258789
1763887784322,185.60000610351562,270.4000015258789
1763887784334,185.60000610351562,271.4000015258789
1763887784354,185.60000610351562,272.4000015258789
1763887784402,185.60000610351562,273.4000015258789
1763887784426,185.60000610351562,274.4000015258789
1763887784434,185.60000610351562,274.4000015258789
1763887784466,185.60000610351562,277.4000015258789
1763887784522,185.60000610351562,279.4000015258789
1763887784538,185.60000610351562,280.4000015258789
1763887784562,185.60000610351562,281.4000015258789
1763887784578,185.60000610351562,282.4000015258789
1763887784754,185.60000610351562,283.4000015258789
1763887784767,185.60000610351562,284.4000015258789
1763887784784,183.60000610351562,287.4000015258789
1763887784834,181.60000610351562,289.4000015258789
1763887784858,181.60000610351562,289.4000015258789
1763887784882,180.60000610351562,290.4000015258789
1763887784917,179.60000610351562,292.4000015258789
1763887784934,178.60000610351562,292.4000015258789
1763887784950,177.60000610351562,293.4000015258789
1763887785000,177.60000610351562,295.4000015258789
1763887785018,177.60000610351562,295.4000015258789
1763887785034,177.60000610351562,297.4000015258789
1763887785050,177.60000610351562,297.4000015258789
1763887785122,177.60000610351562,299.4000015258789
1763887785146,177.60000610351562,299.4000015258789
1763887785183,177.60000610351562,301.4000015258789
1763887785282,177.60000610351562,301.4000015258789
1763887785290,178.60000610351562,302.4000015258789
1763887785314,179.60000610351562,302.4000015258789
1763887785354,179.60000610351562,302.4000015258789
1763887785370,180.60000610351562,303.4000015258789
1763887785418,182.60000610351562,304.4000015258789
1763887785538,183.60000610351562,304.4000015258789
1763887785550,183.60000610351562,304.4000015258789
1763887785600,185.60000610351562,304.4000015258789
1763887785650,185.60000610351562,304.4000015258789
1763887785700,187.60000610351562,304.4000015258789
1763887785716,189.60000610351562,304.4000015258789
1763887785733,190.60000610351562,303.4000015258789
1763887785786,191.60000610351562,303.4000015258789
1763887785800,192.60000610351562,303.4000015258789
1763887785818,193.60000610351562,303.4000015258789
1763887785899,195.60000610351562,301.4000015258789
1763887785930,195.60000610351562,301.4000015258789
1763887786034,196.60000610351562,300.4000015258789
1763887786049,195.60000610351562,298.4000015258789
1763887786066,193.60000610351562,295.4000015258789
1763887786083,191.60000610351562,293.4000015258789
1763887786106,190.60000610351562,292.4000015258789
1763887786149,190.60000610351562,291.4000015258789
1763887786166,189.60000610351562,291.4000015258789
1763887786183,187.60000610351562,291.4000015258789
1763887786199,186.60000610351562,291.4000015258789
1763887786249,185.60000610351562,290.4000015258789
1763887786266,184.60000610351562,290.4000015258789
1763887786316,183.60000610351562,290.4000015258789
1763887786332,182.60000610351562,291.4000015258789
1763887786349,182.60000610351562,294.4000015258789
1763887786399,182.60000610351562,295.4000015258789
1763887786458,182.60000610351562,295.4000015258789
1763887786514,183.60000610351562,295.4000015258789
1763887786530,184.60000610351562,295.4000015258789
1763887786538,185.60000610351562,294.4000015258789
1763887786549,186.60000610351562,293.4000015258789
1763887786566,186.60000610351562,289.4000015258789
1763887786582,186.60000610351562,285.4000015258789
1763887786610,186.60000610351562,285.4000015258789
1763887786658,186.60000610351562,284.4000015258789
1763887786674,186.60000610351562,283.4000015258789
1763887786715,185.60000610351562,282.4000015258789
1763887786732,185.60000610351562,282.4000015258789
1763887786749,183.60000610351562,282.4000015258789
1763887786765,182.60000610351562,282.4000015258789
1763887786930,181.60000610351562,283.4000015258789
1763887786965,181.60000610351562,285.4000015258789
1763887786982,182.60000610351562,287.4000015258789
1763887787010,183.60000610351562,287.4000015258789
1763887787026,184.60000610351562,287.4000015258789
1763887787034,185.60000610351562,288.4000015258789
1763887787048,186.60000610351562,290.4000015258789
1763887787202,188.60000610351562,290.4000015258789
1763887787215,189.60000610351562,290.4000015258789
1763887787234,189.60000610351562,291.4000015258789
1763887787248,190.60000610351562,291.4000015258789
1763887787265,191.60000610351562,292.4000015258789
1763887787362,192.60000610351562,291.4000015258789
1763887787370,192.60000610351562,290.4000015258789
1763887787381,192.60000610351562,289.4000015258789
1763887787398,193.60000610351562,285.4000015258789
1763887787415,193.60000610351562,282.4000015258789
1763887787431,194.60000610351562,280.4000015258789
1763887787448,194.60000610351562,279.4000015258789
1763887787465,194.60000610351562,278.4000015258789
1763887787481,194.60000610351562,277.4000015258789
1763887787498,194.60000610351562,275.4000015258789
1763887787530,194.60000610351562,275.4000015258789
1763887787538,194.60000610351562,273.4000015258789
1763887787548,194.60000610351562,272.4000015258789
1763887787570,194.60000610351562,271.4000015258789
1763887787586,194.60000610351562,270.4000015258789
1763887787598,194.60000610351562,268.4000015258789
1763887787618,194.60000610351562,265.4000015258789
1763887787631,194.60000610351562,264.4000015258789
1763887787648,194.60000610351562,261.4000015258789
1763887787665,194.60000610351562,261.4000015258789
1763887787681,194.60000610351562,259.4000015258789
1763887787698,194.60000610351562,258.4000015258789
1763887787715,193.60000610351562,256.4000015258789
1763887787731,193.60000610351562,253.4000015258789
1763887787748,193.60000610351562,251.4000015258789
1763887787765,193.60000610351562,247.4000015258789
1763887787781,193.60000610351562,246.4000015258789
1763887787798,193.60000610351562,245.4000015258789
1763887787814,193.60000610351562,244.4000015258789
1763887787834,193.60000610351562,242.4000015258789
1763887787914,193.60000610351562,243.4000015258789
1763887787931,193.60000610351562,248.4000015258789
1763887787948,192.60000610351562,257.4000015258789
1763887787964,191.60000610351562,263.4000015258789
1763887787981,191.60000610351562,267.4000015258789
1763887787998,191.60000610351562,269.4000015258789
1763887788026,191.60000610351562,271.4000015258789
1763887788042,191.60000610351562,271.4000015258789
1763887788058,190.60000610351562,274.4000015258789
1763887788074,190.60000610351562,278.4000015258789
1763887788082,190.60000610351562,279.4000015258789
1763887788098,190.60000610351562,280.4000015258789
1763887788114,190.60000610351562,281.4000015258789
1763887788138,188.60000610351562,283.4000015258789
1763887788162,188.60000610351562,283.4000015258789
1763887788258,188.60000610351562,282.4000015258789
1763887788266,188.60000610351562,280.4000015258789
1763887788281,188.60000610351562,274.4000015258789
1763887788297,188.60000610351562,263.4000015258789
1763887788314,188.60000610351562,254.4000015258789
1763887788331,189.60000610351562,251.4000015258789
1763887788347,189.60000610351562,249.4000015258789
1763887788364,191.60000610351562,246.4000015258789
1763887788381,191.60000610351562,244.4000015258789
1763887788397,191.60000610351562,240.4000015258789
1763887788414,191.60000610351562,238.4000015258789
1763887788431,193.60000610351562,236.4000015258789
1763887788514,193.60000610351562,238.4000015258789
1763887788530,193.60000610351562,245.4000015258789
1763887788547,193.60000610351562,253.4000015258789
1763887788564,193.60000610351562,260.4000015258789
1763887788580,193.60000610351562,266.4000015258789
1763887788597,192.60000610351562,271.4000015258789
1763887788614,191.60000610351562,275.4000015258789
1763887788630,190.60000610351562,276.4000015258789
1763887788754,190.60000610351562,277.4000015258789
1763887788764,190.60000610351562,279.4000015258789
1763887788780,190.60000610351562,280.4000015258789
1763887788797,190.60000610351562,282.4000015258789
1763887788882,190.60000610351562,281.4000015258789
1763887788897,190.60000610351562,279.4000015258789
1763887788914,190.60000610351562,271.4000015258789
1763887788930,190.60000610351562,263.4000015258789
1763887788947,190.60000610351562,262.4000015258789
1763887788963,190.60000610351562,260.4000015258789
1763887788980,190.60000610351562,258.4000015258789
1763887788997,190.60000610351562,256.4000015258789
1763887789013,190.60000610351562,254.4000015258789
1763887789030,187.60000610351562,250.4000015258789
1763887789113,187.60000610351562,254.4000015258789
1763887789130,187.60000610351562,261.4000015258789
1763887789147,187.60000610351562,264.4000015258789
1763887789163,187.60000610351562,266.4000015258789
1763887789180,187.60000610351562,269.4000015258789
1763887789197,187.60000610351562,274.4000015258789
1763887789213,187.60000610351562,277.4000015258789
1763887789230,187.60000610351562,279.4000015258789
1763887789247,187.60000610351562,281.4000015258789
1763887789263,187.60000610351562,283.4000015258789
1763887789280,187.60000610351562,284.4000015258789
1763887789297,187.60000610351562,285.4000015258789
1763887789402,187.60000610351562,286.4000015258789
1763887789413,186.60000610351562,288.4000015258789
1763887789430,186.60000610351562,288.4000015258789
1763887789446,185.60000610351562,289.4000015258789
1763887789496,184.60000610351562,289.4000015258789
1763887789513,182.60000610351562,288.4000015258789
1763887789530,182.60000610351562,288.4000015258789
1763887789546,181.60000610351562,284.4000015258789
1763887789563,181.60000610351562,283.4000015258789
1763887789580,181.60000610351562,281.4000015258789
1763887789596,181.60000610351562,280.4000015258789
1763887789613,180.60000610351562,278.4000015258789
1763887789746,180.60000610351562,279.4000015258789
1763887789763,180.60000610351562,280.4000015258789
1763887789779,179.60000610351562,283.4000015258789
1763887789796,179.60000610351562,283.4000015258789
1763887789813,179.60000610351562,286.4000015258789
1763887789829,179.60000610351562,287.4000015258789
1763887789898,179.60000610351562,290.4000015258789
1763887789913,179.60000610351562,290.4000015258789
1763887789929,179.60000610351562,292.4000015258789
1763887789946,179.60000610351562,293.4000015258789
1763887790129,180.60000610351562,294.4000015258789
1763887790146,181.60000610351562,294.4000015258789
1763887790162,182.60000610351562,294.4000015258789
1763887790212,183.60000610351562,296.4000015258789
1763887790242,184.60000610351562,296.4000015258789
1763887790291,184.60000610351562,298.4000015258789
1763887790298,184.60000610351562,299.4000015258789
1763887790312,184.60000610351562,302.4000015258789
1763887790329,184.60000610351562,303.4000015258789
1763887790346,184.60000610351562,304.4000015258789
1763887790396,185.60000610351562,305.4000015258789
1763887790466,185.60000610351562,305.4000015258789
1763887790490,184.60000610351562,305.4000015258789
1763887790546,184.60000610351562,306.4000015258789
1763887790595,183.60000610351562,306.4000015258789
1763887790645,183.60000610351562,306.4000015258789
1763887790770,182.60000610351562,306.4000015258789
1763887790786,181.60000610351562,304.4000015258789
1763887790845,181.60000610351562,302.4000015258789
1763887790862,181.60000610351562,298.4000015258789
1763887790878,182.60000610351562,295.4000015258789
1763887790895,184.60000610351562,293.4000015258789
1763887790912,184.60000610351562,290.4000015258789
1763887790928,185.60000610351562,289.4000015258789
1763887790945,185.60000610351562,286.4000015258789
1763887790962,187.60000610351562,284.4000015258789
1763887790978,189.60000610351562,281.4000015258789
1763887790995,189.60000610351562,278.4000015258789
1763887791018,189.60000610351562,276.4000015258789
1763887791034,189.60000610351562,274.4000015258789
1763887791082,189.60000610351562,271.4000015258789
1763887791095,189.60000610351562,271.4000015258789
1763887791112,189.60000610351562,267.4000015258789
1763887791128,191.60000610351562,264.4000015258789
1763887791145,192.60000610351562,263.4000015258789
1763887791162,192.60000610351562,262.4000015258789
1763887791178,192.60000610351562,259.4000015258789
1763887791195,192.60000610351562,256.4000015258789
1763887791211,193.60000610351562,252.4000015258789
1763887791228,193.60000610351562,250.4000015258789
1763887791245,193.60000610351562,247.4000015258789
1763887791261,193.60000610351562,245.4000015258789
1763887791279,193.60000610351562,243.4000015258789
1763887791296,194.60000610351562,240.4000015258789
1763887791312,194.60000610351562,239.4000015258789
1763887791329,194.60000610351562,238.4000015258789
1763887791346,194.60000610351562,237.4000015258789
1763887791362,194.60000610351562,236.4000015258789
1763887791379,194.60000610351562,233.4000015258789
1763887791395,194.60000610351562,232.4000015258789
1763887791412,194.60000610351562,231.4000015258789
1763887791429,194.60000610351562,229.4000015258789
1763887791445,194.60000610351562,228.4000015258789
1763887791462,194.60000610351562,225.4000015258789
1763887791479,194.60000610351562,224.4000015258789
1763887791495,194.60000610351562,223.4000015258789
1763887791512,194.60000610351562,221.4000015258789
1763887791529,194.60000610351562,220.4000015258789
1763887791545,194.60000610351562,219.4000015258789
1763887791562,194.60000610351562,218.4000015258789
1763887791579,194.60000610351562,216.4000015258789
1763887791595,194.60000610351562,213.4000015258789
1763887791612,194.60000610351562,211.4000015258789
1763887791629,194.60000610351562,207.4000015258789
1763887791645,194.60000610351562,205.4000015258789
1763887791662,194.60000610351562,204.4000015258789
1763887791679,194.60000610351562,202.4000015258789
1763887792075,193.60000610351562,201.4000015258789
1763887792082,193.60000610351562,201.4000015258789
1763887792095,193.60000610351562,199.4000015258789
1763887792112,193.60000610351562,197.4000015258789
1763887792128,193.60000610351562,193.4000015258789
1763887792145,193.60000610351562,190.4000015258789
1763887792164,191.60000610351562,187.4000015258789
1763887792180,190.60000610351562,185.4000015258789
1763887792197,190.60000610351562,182.4000015258789
1763887792214,190.60000610351562,180.4000015258789
1763887792230,190.60000610351562,178.4000015258789
1763887792247,190.60000610351562,178.4000015258789
1763887792298,189.60000610351562,175.4000015258789
1763887792314,189.60000610351562,174.4000015258789
1763887792330,188.60000610351562,168.4000015258789
1763887792347,187.60000610351562,166.4000015258789
1763887792363,186.60000610351562,163.4000015258789
1763887792380,186.60000610351562,162.4000015258789
1763887792397,185.60000610351562,160.4000015258789
1763887792413,184.60000610351562,159.4000015258789
1763887792430,183.60000610351562,155.4000015258789
1763887792447,182.60000610351562,154.4000015258789
1763887792463,181.60000610351562,151.4000015258789
1763887792480,181.60000610351562,149.4000015258789
1763887792497,179.60000610351562,147.4000015258789
1763887792513,179.60000610351562,145.4000015258789
1763887792530,179.60000610351562,142.4000015258789
1763887792547,179.60000610351562,139.4000015258789
1763887792563,179.60000610351562,138.4000015258789
1763887792580,179.60000610351562,137.4000015258789
1763887792597,179.60000610351562,135.4000015258789
1763887792613,179.60000610351562,135.4000015258789
1763887792630,179.60000610351562,133.4000015258789
1763887792647,179.60000610351562,132.4000015258789
1763887792663,179.60000610351562,131.4000015258789
1763887792723,179.60000610351562,130.4000015258789
1763887792730,178.60000610351562,128.4000015258789
1763887792747,177.60000610351562,126.4000015258789
1763887792763,177.60000610351562,124.4000015258789
1763887792786,176.60000610351562,123.4000015258789
1763887792913,175.60000610351562,123.4000015258789
1763887792938,173.60000610351562,122.4000015258789
1763887792954,172.60000610351562,120.4000015258789
1763887793019,172.60000610351562,119.4000015258789
1763887793030,171.60000610351562,119.4000015258789
1763887793046,170.60000610351562,118.4000015258789
1763887793266,171.60000610351562,119.4000015258789
1763887793282,172.60000610351562,119.4000015258789
1763887793296,172.60000610351562,121.4000015258789
1763887793313,173.60000610351562,123.4000015258789
1763887793329,173.60000610351562,126.4000015258789
1763887793346,173.60000610351562,127.4000015258789
1763887793368,174.60000610351562,128.4000015258789
1763887793385,175.60000610351562,129.4000015258789
1763887793402,175.60000610351562,130.4000015258789
1763887793418,175.60000610351562,130.4000015258789
1763887793475,175.60000610351562,132.4000015258789
1763887793485,175.60000610351562,132.4000015258789
1763887793501,175.60000610351562,135.4000015258789
1763887793518,175.60000610351562,136.4000015258789
1763887793535,175.60000610351562,139.4000015258789
1763887793551,175.60000610351562,141.4000015258789
1763887793568,175.60000610351562,142.4000015258789
1763887794867,61.600006103515625,138.4000015258789
1763887794884,61.600006103515625,142.4000015258789
1763887794900,61.600006103515625,146.4000015258789
1763887794924,61.600006103515625,151.4000015258789
1763887794941,61.600006103515625,152.4000015258789
1763887794958,61.600006103515625,153.4000015258789
1763887794974,61.600006103515625,154.4000015258789
1763887794991,60.600006103515625,156.4000015258789
1763887795008,58.600006103515625,158.4000015258789
1763887795024,58.600006103515625,161.4000015258789
1763887795041,57.600006103515625,164.4000015258789
1763887795058,57.600006103515625,165.4000015258789
1763887795074,54.600006103515625,167.4000015258789
1763887795179,54.600006103515625,168.4000015258789
1763887795191,54.600006103515625,169.4000015258789
1763887795208,54.600006103515625,173.4000015258789
1763887795224,54.600006103515625,177.4000015258789
1763887795241,54.600006103515625,180.4000015258789
1763887795257,54.600006103515625,182.4000015258789
1763887795274,54.600006103515625,184.4000015258789
1763887795291,54.600006103515625,184.4000015258789
1763887795307,54.600006103515625,186.4000015258789
1763887795324,54.600006103515625,187.4000015258789
1763887795341,54.600006103515625,189.4000015258789
1763887795357,54.600006103515625,191.4000015258789
1763887795374,54.600006103515625,193.4000015258789
1763887795391,54.600006103515625,194.4000015258789
1763887795407,53.600006103515625,196.4000015258789
1763887795424,52.600006103515625,197.4000015258789
1763887795441,51.600006103515625,200.4000015258789
1763887795457,51.600006103515625,200.4000015258789
1763887795481,50.600006103515625,203.4000015258789
1763887795491,50.600006103515625,204.4000015258789
1763887795515,50.600006103515625,205.4000015258789
1763887795531,50.600006103515625,206.4000015258789
1763887795539,50.600006103515625,208.4000015258789
1763887795557,49.600006103515625,211.4000015258789
1763887795574,47.600006103515625,215.4000015258789
1763887795591,47.600006103515625,217.4000015258789
1763887795607,46.600006103515625,219.4000015258789
1763887795624,46.600006103515625,221.4000015258789
1763887795641,46.600006103515625,223.4000015258789
1763887795657,46.600006103515625,227.4000015258789
1763887795674,46.600006103515625,231.4000015258789
1763887795691,45.600006103515625,236.4000015258789
1763887795707,45.600006103515625,238.4000015258789
1763887795724,45.600006103515625,239.4000015258789
1763887795790,45.600006103515625,241.4000015258789
1763887795807,45.600006103515625,243.4000015258789
1763887795824,45.600006103515625,244.4000015258789
1763887795840,45.600006103515625,246.4000015258789
1763887795857,45.600006103515625,246.4000015258789
1763887795874,45.600006103515625,248.4000015258789
1763887795890,45.600006103515625,249.4000015258789
1763887795907,45.600006103515625,250.4000015258789
1763887795938,45.600006103515625,251.4000015258789
1763887795946,46.600006103515625,252.4000015258789
1763887795990,48.600006103515625,253.4000015258789
1763887796007,48.600006103515625,254.4000015258789
1763887796024,48.600006103515625,257.4000015258789
1763887796040,48.600006103515625,258.4000015258789
1763887796211,47.600006103515625,259.4000015258789
1763887796223,47.600006103515625,258.4000015258789
1763887796240,47.600006103515625,256.4000015258789
1763887796257,47.600006103515625,252.4000015258789
1763887796273,47.600006103515625,247.4000015258789
1763887796290,47.600006103515625,243.4000015258789
1763887796307,47.600006103515625,239.4000015258789
1763887796323,47.600006103515625,236.4000015258789
1763887796340,45.600006103515625,232.4000015258789
1763887796357,45.600006103515625,229.4000015258789
1763887796373,45.600006103515625,225.4000015258789
1763887796390,45.600006103515625,222.4000015258789
1763887796406,45.600006103515625,219.4000015258789
1763887796423,45.600006103515625,218.4000015258789
1763887796440,45.600006103515625,217.4000015258789
1763887796456,45.600006103515625,215.4000015258789
1763887796540,44.600006103515625,215.4000015258789
1763887796556,42.600006103515625,212.4000015258789
1763887796573,40.600006103515625,212.4000015258789
1763887796594,40.600006103515625,212.4000015258789
1763887796606,39.600006103515625,212.4000015258789
1763887796683,38.600006103515625,212.4000015258789
1763887796698,37.600006103515625,212.4000015258789
1763887796714,36.600006103515625,213.4000015258789
1763887796756,36.600006103515625,214.4000015258789
1763887796773,36.600006103515625,215.4000015258789
1763887796789,35.600006103515625,216.4000015258789
1763887796806,35.600006103515625,217.4000015258789
1763887796823,35.600006103515625,219.4000015258789
1763887796839,35.600006103515625,222.4000015258789
1763887796856,35.600006103515625,223.4000015258789
1763887796873,35.600006103515625,224.4000015258789
1763887796889,37.600006103515625,226.4000015258789
1763887796906,38.600006103515625,226.4000015258789
1763887796923,40.600006103515625,227.4000015258789
1763887796939,42.600006103515625,229.4000015258789
1763887796956,42.600006103515625,229.4000015258789
1763887796973,43.600006103515625,230.4000015258789
1763887797002,45.600006103515625,231.4000015258789
1763887797010,46.600006103515625,232.4000015258789
1763887797023,46.600006103515625,234.4000015258789
1763887797039,46.600006103515625,235.4000015258789
1763887797056,46.600006103515625,236.4000015258789
1763887797073,46.600006103515625,238.4000015258789
1763887797089,46.600006103515625,240.4000015258789
1763887797106,46.600006103515625,241.4000015258789
1763887797123,46.600006103515625,245.4000015258789
1763887797139,46.600006103515625,246.4000015258789
1763887797156,46.600006103515625,248.4000015258789
1763887797173,46.600006103515625,250.4000015258789
1763887797189,46.600006103515625,252.4000015258789
1763887797206,46.600006103515625,253.4000015258789
1763887797222,46.600006103515625,255.4000015258789
1763887797239,46.600006103515625,257.4000015258789
1763887797256,46.600006103515625,260.4000015258789
1763887797272,46.600006103515625,262.4000015258789
1763887797289,46.600006103515625,264.4000015258789
1763887797306,46.600006103515625,266.4000015258789
1763887797322,48.600006103515625,269.4000015258789
1763887797339,48.600006103515625,269.4000015258789
1763887797356,48.600006103515625,271.4000015258789
1763887797372,48.600006103515625,273.4000015258789
1763887797389,49.600006103515625,276.4000015258789
1763887797406,49.600006103515625,277.4000015258789
1763887797422,49.600006103515625,281.4000015258789
1763887797439,49.600006103515625,283.4000015258789
1763887797456,49.600006103515625,284.4000015258789
1763887797472,49.600006103515625,285.4000015258789
1763887797489,49.600006103515625,288.4000015258789
1763887797506,49.600006103515625,288.4000015258789
1763887797522,48.600006103515625,291.4000015258789
1763887797572,47.600006103515625,292.4000015258789
1763887797589,46.600006103515625,293.4000015258789
1763887797618,46.600006103515625,295.4000015258789
1763887797655,46.600006103515625,297.4000015258789
1763887797672,46.600006103515625,298.4000015258789
1763887797699,46.600006103515625,299.4000015258789
1763887797739,46.600006103515625,301.4000015258789
1763887797755,46.600006103515625,301.4000015258789
1763887797772,46.600006103515625,302.4000015258789
1763887797907,45.600006103515625,303.4000015258789
1763887797922,45.600006103515625,303.4000015258789
1763887797938,43.600006103515625,301.4000015258789
1763887797955,43.600006103515625,300.4000015258789
1763887797972,43.600006103515625,300.4000015258789
1763887797988,43.600006103515625,298.4000015258789
1763887798005,43.600006103515625,297.4000015258789
1763887798022,43.600006103515625,296.4000015258789
1763887798038,43.600006103515625,293.4000015258789
1763887798055,43.600006103515625,292.4000015258789
1763887798072,43.600006103515625,288.4000015258789
1763887798088,41.600006103515625,287.4000015258789
1763887798105,41.600006103515625,285.4000015258789
1763887798122,41.600006103515625,284.4000015258789
1763887798259,41.600006103515625,283.4000015258789
1763887798275,43.600006103515625,283.4000015258789
1763887798290,43.600006103515625,283.4000015258789
1763887798305,45.600006103515625,283.4000015258789
1763887798321,47.600006103515625,284.4000015258789
1763887798338,47.600006103515625,284.4000015258789
1763887798355,49.600006103515625,288.4000015258789
1763887798371,51.600006103515625,290.4000015258789
1763887798394,52.600006103515625,292.4000015258789
1763887798418,53.600006103515625,292.4000015258789
1763887798483,53.600006103515625,294.4000015258789
1763887798490,54.600006103515625,294.4000015258789
1763887798505,55.600006103515625,295.4000015258789
1763887798521,55.600006103515625,296.4000015258789
1763887798538,55.600006103515625,297.4000015258789
1763887798563,55.600006103515625,298.4000015258789
1763887798571,55.600006103515625,299.4000015258789
1763887798603,55.600006103515625,301.4000015258789
1763887798611,57.600006103515625,302.4000015258789
1763887798626,57.600006103515625,303.4000015258789
1763887798671,57.600006103515625,304.4000015258789
1763887798690,57.600006103515625,305.4000015258789
1763887798859,56.600006103515625,305.4000015258789
1763887798875,54.600006103515625,303.4000015258789
1763887798921,54.600006103515625,303.4000015258789
1763887798971,53.600006103515625,303.4000015258789
1763887798994,53.600006103515625,303.4000015258789
1763887799004,52.600006103515625,303.4000015258789
1763887799021,50.600006103515625,303.4000015258789
1763887799042,49.600006103515625,303.4000015258789
1763887799067,47.600006103515625,303.4000015258789
1763887799104,47.600006103515625,303.4000015258789
1763887799154,46.600006103515625,303.4000015258789
1763887799204,44.600006103515625,302.4000015258789
1763887799221,44.600006103515625,301.4000015258789
1763887799237,43.600006103515625,301.4000015258789
1763887799259,42.600006103515625,299.4000015258789
1763887799275,42.600006103515625,297.4000015258789
1763887799321,42.600006103515625,297.4000015258789
1763887799339,42.600006103515625,295.4000015258789
1763887799354,41.600006103515625,294.4000015258789
1763887799371,40.600006103515625,292.4000015258789
1763887799459,40.600006103515625,292.4000015258789
1763887799470,40.600006103515625,291.4000015258789
1763887799723,40.600006103515625,290.4000015258789
1763887799747,40.600006103515625,289.4000015258789
1763887799755,40.600006103515625,288.4000015258789
1763887812299,774.6000061035156,258.4000015258789
1763887812311,775.6000061035156,258.4000015258789
1763887812328,776.6000061035156,258.4000015258789
1763887812345,779.6000061035156,258.4000015258789
1763887812361,782.6000061035156,258.4000015258789
1763887812372,787.6000061035156,258.4000015258789
1763887812388,791.6000061035156,258.4000015258789
1763887812405,792.6000061035156,258.4000015258789
1763887812422,793.6000061035156,259.4000015258789
1763887812472,792.6000061035156,259.4000015258789
1763887812488,789.6000061035156,260.4000015258789
1763887812505,784.6000061035156,261.4000015258789
1763887812522,780.6000061035156,263.4000015258789
1763887812538,777.6000061035156,263.4000015258789
1763887812555,775.6000061035156,264.4000015258789
1763887812572,772.6000061035156,264.4000015258789
1763887812588,768.6000061035156,264.4000015258789
1763887812699,769.6000061035156,264.4000015258789
1763887812707,770.6000061035156,264.4000015258789
1763887812721,772.6000061035156,264.4000015258789
1763887812738,776.6000061035156,264.4000015258789
1763887812755,777.6000061035156,265.4000015258789
1763887812771,778.6000061035156,265.4000015258789
1763887812788,779.6000061035156,266.4000015258789
1763887812812,780.6000061035156,266.4000015258789
1763887812821,781.6000061035156,267.4000015258789
1763887812851,782.6000061035156,268.4000015258789
1763887812888,783.6000061035156,268.4000015258789
1763887812905,784.6000061035156,268.4000015258789
1763887812979,782.6000061035156,268.4000015258789
1763887812988,781.6000061035156,268.4000015258789
1763887813005,779.6000061035156,270.4000015258789
1763887813027,777.6000061035156,270.4000015258789
1763887813083,778.6000061035156,270.4000015258789
1763887813091,778.6000061035156,270.4000015258789
1763887813104,781.6000061035156,270.4000015258789
1763887813121,784.6000061035156,270.4000015258789
1763887813138,787.6000061035156,270.4000015258789
1763887813154,788.6000061035156,270.4000015258789
1763887813171,790.6000061035156,270.4000015258789
1763887813188,790.6000061035156,271.4000015258789
1763887813205,791.6000061035156,272.4000015258789
1763887813291,791.6000061035156,273.4000015258789
1763887813304,789.6000061035156,273.4000015258789
1763887813321,784.6000061035156,275.4000015258789
1763887813338,781.6000061035156,275.4000015258789
1763887813354,779.6000061035156,275.4000015258789
1763887813475,781.6000061035156,276.4000015258789
1763887813487,782.6000061035156,277.4000015258789
1763887813504,782.6000061035156,277.4000015258789
1763887813521,783.6000061035156,278.4000015258789
1763887813571,784.6000061035156,278.4000015258789
1763887813595,784.6000061035156,279.4000015258789
1763887813604,783.6000061035156,280.4000015258789
1763887813621,782.6000061035156,280.4000015258789
1763887813637,781.6000061035156,281.4000015258789
1763887813654,779.6000061035156,281.4000015258789
1763887813731,780.6000061035156,281.4000015258789
1763887813739,781.6000061035156,281.4000015258789
1763887813754,783.6000061035156,282.4000015258789
1763887813771,787.6000061035156,282.4000015258789
1763887813787,790.6000061035156,284.4000015258789
1763887813804,792.6000061035156,284.4000015258789
1763887813904,791.6000061035156,284.4000015258789
1763887813920,788.6000061035156,285.4000015258789
1763887813937,786.6000061035156,286.4000015258789
1763887813954,785.6000061035156,287.4000015258789
1763887814107,784.6000061035156,287.4000015258789
1763887814228,784.6000061035156,287.4000015258789
1763887814237,785.6000061035156,288.4000015258789
1763887814259,786.6000061035156,289.4000015258789
1763887814303,786.6000061035156,289.4000015258789
1763887814320,784.6000061035156,291.4000015258789
1763887814337,781.6000061035156,292.4000015258789
1763887814353,778.6000061035156,293.4000015258789
1763887814370,777.6000061035156,293.4000015258789
1763887814388,776.6000061035156,293.4000015258789
1763887814475,777.6000061035156,293.4000015258789
1763887814487,778.6000061035156,295.4000015258789
1763887814503,780.6000061035156,295.4000015258789
1763887814520,782.6000061035156,295.4000015258789
1763887814536,785.6000061035156,295.4000015258789
1763887814553,787.6000061035156,295.4000015258789
1763887814570,789.6000061035156,295.4000015258789
1763887814586,790.6000061035156,295.4000015258789
1763887814670,790.6000061035156,296.4000015258789
1763887814691,790.6000061035156,296.4000015258789
1763887814703,789.6000061035156,297.4000015258789
1763887814720,787.6000061035156,297.4000015258789
1763887814736,785.6000061035156,297.4000015258789
1763887814755,783.6000061035156,297.4000015258789
1763887814770,783.6000061035156,297.4000015258789
1763887814899,784.6000061035156,297.4000015258789
1763887814915,786.6000061035156,297.4000015258789
1763887814987,787.6000061035156,298.4000015258789
1763887815003,786.6000061035156,299.4000015258789
1763887815019,785.6000061035156,299.4000015258789
1763887815036,781.6000061035156,299.4000015258789
1763887815053,780.6000061035156,299.4000015258789
1763887815069,778.6000061035156,299.4000015258789
1763887815187,779.6000061035156,299.4000015258789
1763887815211,779.6000061035156,298.4000015258789
1763887815235,781.6000061035156,298.4000015258789
1763887815252,782.6000061035156,298.4000015258789
1763887815275,783.6000061035156,298.4000015258789
1763887815291,784.6000061035156,297.4000015258789
1763887815302,784.6000061035156,297.4000015258789
1763887815319,784.6000061035156,295.4000015258789
1763887815336,784.6000061035156,293.4000015258789
1763887815352,784.6000061035156,293.4000015258789
1763887815369,784.6000061035156,292.4000015258789
1763887815395,783.6000061035156,291.4000015258789
1763887815443,783.6000061035156,291.4000015258789
1763887815452,783.6000061035156,290.4000015258789
1763887815469,785.6000061035156,288.4000015258789
1763887815486,786.6000061035156,287.4000015258789
1763887815516,787.6000061035156,286.4000015258789
1763887815612,786.6000061035156,286.4000015258789
1763887815619,785.6000061035156,286.4000015258789
1763887815636,785.6000061035156,285.4000015258789
1763887815659,783.6000061035156,283.4000015258789
1763887815702,782.6000061035156,282.4000015258789
1763887815719,784.6000061035156,281.4000015258789
1763887815735,785.6000061035156,280.4000015258789
1763887815752,786.6000061035156,278.4000015258789
1763887815769,787.6000061035156,278.4000015258789
1763887815785,789.6000061035156,278.4000015258789
1763887815802,789.6000061035156,278.4000015258789
1763887815852,790.6000061035156,277.4000015258789
1763887815883,789.6000061035156,277.4000015258789
1763887815891,789.6000061035156,276.4000015258789
1763887815907,787.6000061035156,275.4000015258789
1763887815923,786.6000061035156,274.4000015258789
1763887815935,785.6000061035156,274.4000015258789
1763887815955,785.6000061035156,274.4000015258789
1763887816118,786.6000061035156,274.4000015258789
1763887816135,786.6000061035156,274.4000015258789
1763887816235,784.6000061035156,274.4000015258789
1763887816252,781.6000061035156,272.4000015258789
1763887816268,777.6000061035156,271.4000015258789
1763887816285,776.6000061035156,270.4000015258789
1763887816307,775.6000061035156,269.4000015258789
1763887816387,776.6000061035156,268.4000015258789
1763887816403,777.6000061035156,268.4000015258789
1763887816418,779.6000061035156,267.4000015258789
1763887816435,782.6000061035156,264.4000015258789
1763887816452,786.6000061035156,262.4000015258789
1763887816532,783.6000061035156,261.4000015258789
1763887816539,780.6000061035156,260.4000015258789
1763887816551,775.6000061035156,259.4000015258789
1763887816568,765.6000061035156,257.4000015258789
1763887816585,762.6000061035156,256.4000015258789
1763887816644,764.6000061035156,256.4000015258789
1763887816651,768.6000061035156,255.4000015258789
1763887816668,777.6000061035156,252.4000015258789
1763887816685,786.6000061035156,251.4000015258789
1763887816701,792.6000061035156,251.4000015258789
1763887816718,796.6000061035156,249.4000015258789
1763887816735,802.6000061035156,248.4000015258789
1763887816751,805.6000061035156,246.4000015258789
1763887816768,806.6000061035156,246.4000015258789
1763887816851,804.6000061035156,246.4000015258789
1763887816868,797.6000061035156,246.4000015258789
1763887816884,794.6000061035156,246.4000015258789
1763887816901,792.6000061035156,246.4000015258789
1763887816918,790.6000061035156,246.4000015258789
1763887816947,789.6000061035156,246.4000015258789
1763887816963,789.6000061035156,245.4000015258789
1763887816971,788.6000061035156,244.4000015258789
1763887816995,787.6000061035156,243.4000015258789
1763887817011,789.6000061035156,241.4000015258789
1763887817019,790.6000061035156,241.4000015258789
1763887817034,792.6000061035156,240.4000015258789
1763887817051,797.6000061035156,239.4000015258789
1763887817068,801.6000061035156,237.4000015258789
1763887817084,804.6000061035156,237.4000015258789
1763887817101,806.6000061035156,236.4000015258789
1763887817118,808.6000061035156,235.4000015258789
1763887817134,809.6000061035156,234.4000015258789
1763887817184,806.6000061035156,234.4000015258789
1763887817201,796.6000061035156,234.4000015258789
1763887817217,779.6000061035156,234.4000015258789
1763887817234,762.6000061035156,234.4000015258789
1763887817251,751.6000061035156,231.4000015258789
1763887817267,747.6000061035156,228.4000015258789
1763887817372,751.6000061035156,228.4000015258789
1763887817384,755.6000061035156,228.4000015258789
1763887817401,768.6000061035156,228.4000015258789
1763887817417,780.6000061035156,228.4000015258789
1763887817434,785.6000061035156,228.4000015258789
1763887817451,787.6000061035156,228.4000015258789
1763887817467,790.6000061035156,227.4000015258789
1763887817484,791.6000061035156,226.4000015258789
1763887817501,792.6000061035156,226.4000015258789
1763887817517,794.6000061035156,226.4000015258789
1763887817534,797.6000061035156,226.4000015258789
1763887817551,798.6000061035156,227.4000015258789
1763887817600,799.6000061035156,227.4000015258789
1763887817617,800.6000061035156,227.4000015258789
1763887817684,799.6000061035156,227.4000015258789
1763887817700,797.6000061035156,230.4000015258789
1763887817717,792.6000061035156,230.4000015258789
1763887817734,787.6000061035156,231.4000015258789
1763887817750,782.6000061035156,231.4000015258789
1763887817767,777.6000061035156,230.4000015258789
1763887817884,780.6000061035156,230.4000015258789
1763887817900,793.6000061035156,230.4000015258789
1763887817917,810.6000061035156,230.4000015258789
1763887818050,825.6000061035156,248.4000015258789
1763887818067,819.6000061035156,251.4000015258789
1763887818083,812.6000061035156,253.4000015258789
1763887818100,810.6000061035156,253.4000015258789
1763887818117,808.6000061035156,254.4000015258789
1763887818133,805.6000061035156,256.4000015258789
1763887818150,803.6000061035156,257.4000015258789
1763887818167,802.6000061035156,259.4000015258789
1763887818183,799.6000061035156,261.4000015258789
1763887818200,798.6000061035156,263.4000015258789
1763887818217,795.6000061035156,266.4000015258789
1763887818233,794.6000061035156,268.4000015258789
1763887818316,794.6000061035156,269.4000015258789
1763887818333,791.6000061035156,272.4000015258789
1763887818350,787.6000061035156,275.4000015258789
1763887818367,785.6000061035156,275.4000015258789
1763887818383,784.6000061035156,276.4000015258789
1763887818400,784.6000061035156,277.4000015258789
1763887818417,784.6000061035156,278.4000015258789
1763887818433,784.6000061035156,281.4000015258789
1763887818450,784.6000061035156,283.4000015258789
1763887818468,784.6000061035156,284.4000015258789
1763887818491,784.6000061035156,286.4000015258789
1763887818500,784.6000061035156,286.4000015258789
1763887818516,784.6000061035156,290.4000015258789
1763887818533,784.6000061035156,293.4000015258789
1763887818550,783.6000061035156,294.4000015258789
1763887818566,783.6000061035156,298.4000015258789
1763887818620,783.6000061035156,298.4000015258789
1763887818635,783.6000061035156,300.4000015258789
1763887818683,782.6000061035156,300.4000015258789
1763887818700,782.6000061035156,302.4000015258789
1763887818716,782.6000061035156,303.4000015258789
1763887818733,781.6000061035156,303.4000015258789
1763887818816,779.6000061035156,306.4000015258789
1763887818866,778.6000061035156,306.4000015258789
1763887818883,777.6000061035156,306.4000015258789
1763887818899,775.6000061035156,301.4000015258789
1763887818916,775.6000061035156,294.4000015258789
1763887818933,775.6000061035156,287.4000015258789
1763887818949,775.6000061035156,284.4000015258789
1763887818966,775.6000061035156,283.4000015258789
1763887819016,775.6000061035156,283.4000015258789
1763887819033,775.6000061035156,287.4000015258789
1763887819049,775.6000061035156,291.4000015258789
1763887819066,775.6000061035156,297.4000015258789
1763887819083,775.6000061035156,304.4000015258789
1763887819099,775.6000061035156,310.4000015258789
1763887819116,775.6000061035156,312.4000015258789
1763887819133,775.6000061035156,314.4000015258789
1763887819149,775.6000061035156,316.4000015258789
1763887819166,775.6000061035156,321.4000015258789
1763887819183,775.6000061035156,327.4000015258789
1763887819199,775.6000061035156,328.4000015258789
1763887819260,775.6000061035156,327.4000015258789
1763887819267,775.6000061035156,325.4000015258789
1763887819282,775.6000061035156,322.4000015258789
1763887819299,775.6000061035156,317.4000015258789
1763887819316,776.6000061035156,311.4000015258789
1763887819332,776.6000061035156,309.4000015258789
1763887819349,776.6000061035156,308.4000015258789
1763887819399,775.6000061035156,307.4000015258789
1763887819470,775.6000061035156,307.4000015258789
1763887819524,775.6000061035156,305.4000015258789
1763887819532,777.6000061035156,300.4000015258789
1763887819549,777.6000061035156,292.4000015258789
1763887819565,779.6000061035156,287.4000015258789
1763887819582,779.6000061035156,284.4000015258789
1763887819599,779.6000061035156,283.4000015258789
1763887819619,780.6000061035156,282.4000015258789
1763887819632,781.6000061035156,282.4000015258789
1763887819649,784.6000061035156,285.4000015258789
1763887819665,789.6000061035156,290.4000015258789
1763887819682,789.6000061035156,292.4000015258789
1763887819699,790.6000061035156,298.4000015258789
1763887819715,791.6000061035156,302.4000015258789
1763887819732,791.6000061035156,304.4000015258789
1763887819749,791.6000061035156,305.4000015258789
1763887819765,791.6000061035156,307.4000015258789
1763887819782,791.6000061035156,310.4000015258789
1763887819799,791.6000061035156,314.4000015258789
1763887819815,791.6000061035156,316.4000015258789
1763887819892,789.6000061035156,316.4000015258789
1763887819908,789.6000061035156,315.4000015258789
1763887819916,789.6000061035156,315.4000015258789
1763887819932,788.6000061035156,312.4000015258789
1763887819948,788.6000061035156,308.4000015258789
1763887819965,788.6000061035156,305.4000015258789
1763887819982,788.6000061035156,302.4000015258789
1763887819998,788.6000061035156,300.4000015258789
1763887820052,788.6000061035156,302.4000015258789
1763887820065,788.6000061035156,302.4000015258789
1763887820082,788.6000061035156,306.4000015258789
1763887820098,788.6000061035156,309.4000015258789
1763887820115,788.6000061035156,311.4000015258789
1763887820172,787.6000061035156,309.4000015258789
1763887820182,787.6000061035156,307.4000015258789
1763887820198,784.6000061035156,300.4000015258789
1763887820215,784.6000061035156,296.4000015258789
1763887820232,784.6000061035156,292.4000015258789
1763887820248,783.6000061035156,290.4000015258789
1763887820268,783.6000061035156,288.4000015258789
1763887820316,783.6000061035156,289.4000015258789
1763887820332,783.6000061035156,292.4000015258789
1763887820349,783.6000061035156,294.4000015258789
1763887820366,783.6000061035156,296.4000015258789
1763887820432,783.6000061035156,294.4000015258789
1763887820449,782.6000061035156,286.4000015258789
1763887820465,781.6000061035156,277.4000015258789
1763887820482,779.6000061035156,272.4000015258789
1763887820499,778.6000061035156,268.4000015258789
1763887820549,778.6000061035156,273.4000015258789
1763887820565,778.6000061035156,279.4000015258789
1763887820582,773.6000061035156,285.4000015258789
1763887820599,772.6000061035156,287.4000015258789
1763887820615,773.6000061035156,288.4000015258789
1763887820684,773.6000061035156,286.4000015258789
1763887820699,774.6000061035156,284.4000015258789
1763887820715,779.6000061035156,276.4000015258789
1763887820732,779.6000061035156,274.4000015258789
1763887820749,780.6000061035156,273.4000015258789
1763887820765,781.6000061035156,271.4000015258789
1763887820782,782.6000061035156,271.4000015258789
1763887820798,785.6000061035156,271.4000015258789
1763887820815,789.6000061035156,271.4000015258789
1763887820832,790.6000061035156,271.4000015258789
1763887820882,791.6000061035156,270.4000015258789
1763887820898,788.6000061035156,265.4000015258789
1763887820915,782.6000061035156,261.4000015258789
1763887820932,777.6000061035156,256.4000015258789
1763887820948,777.6000061035156,255.4000015258789
1763887820972,777.6000061035156,253.4000015258789
1763887820982,777.6000061035156,252.4000015258789
1763887820998,782.6000061035156,248.4000015258789
1763887821015,790.6000061035156,245.4000015258789
1763887821032,794.6000061035156,244.4000015258789
1763887821048,795.6000061035156,244.4000015258789
1763887821065,795.6000061035156,244.4000015258789
1763887821115,788.6000061035156,245.4000015258789
1763887821132,763.6000061035156,248.4000015258789
1763887821148,760.6000061035156,248.4000015258789
1763887821198,762.6000061035156,245.4000015258789
1763887821215,767.6000061035156,245.4000015258789
1763887821231,779.6000061035156,242.4000015258789
1763887821248,786.6000061035156,240.4000015258789
1763887821265,790.6000061035156,240.4000015258789
1763887821281,790.6000061035156,240.4000015258789
1763887821298,792.6000061035156,240.4000015258789
1763887821315,793.6000061035156,242.4000015258789
1763887821332,793.6000061035156,243.4000015258789
1763887821348,788.6000061035156,243.4000015258789
1763887821365,781.6000061035156,240.4000015258789
1763887821381,778.6000061035156,239.4000015258789
1763887821398,776.6000061035156,238.4000015258789
1763887821415,775.6000061035156,237.4000015258789
1763887821431,775.6000061035156,236.4000015258789
1763887821448,775.6000061035156,234.4000015258789
1763887821465,776.6000061035156,230.4000015258789
1763887821481,779.6000061035156,230.4000015258789
1763887821498,783.6000061035156,230.4000015258789
1763887821548,784.6000061035156,230.4000015258789
1763887821564,785.6000061035156,230.4000015258789
1763887821581,773.6000061035156,230.4000015258789
1763887821598,755.6000061035156,230.4000015258789
1763887821614,746.6000061035156,230.4000015258789
1763887821631,743.6000061035156,230.4000015258789
1763887821700,747.6000061035156,230.4000015258789
1763887821714,753.6000061035156,230.4000015258789
1763887821731,776.6000061035156,230.4000015258789
1763887821748,792.6000061035156,227.4000015258789
1763887821764,793.6000061035156,227.4000015258789
1763887821814,794.6000061035156,227.4000015258789
1763887821844,793.6000061035156,229.4000015258789
1763887821851,791.6000061035156,230.4000015258789
1763887821864,789.6000061035156,232.4000015258789
1763887821881,778.6000061035156,236.4000015258789
1763887821897,770.6000061035156,239.4000015258789
1763887821914,770.6000061035156,239.4000015258789
1763887821964,780.6000061035156,238.4000015258789
1763887821981,786.6000061035156,237.4000015258789
1763887821997,789.6000061035156,237.4000015258789
1763887822014,791.6000061035156,236.4000015258789
1763887822064,790.6000061035156,239.4000015258789
1763887822081,786.6000061035156,239.4000015258789
1763887822097,780.6000061035156,239.4000015258789
1763887822114,775.6000061035156,240.4000015258789
1763887822131,774.6000061035156,240.4000015258789
1763887822147,773.6000061035156,240.4000015258789
1763887822164,771.6000061035156,240.4000015258789
1763887822181,771.6000061035156,240.4000015258789
1763887822197,770.6000061035156,240.4000015258789
1763887822214,782.6000061035156,241.4000015258789
1763887822231,797.6000061035156,245.4000015258789
1763887822247,807.6000061035156,248.4000015258789
1763887822264,810.6000061035156,249.4000015258789
1763887822280,812.6000061035156,249.4000015258789
1763887822330,814.6000061035156,249.4000015258789
1763887822347,815.6000061035156,250.4000015258789
1763887822364,815.6000061035156,253.4000015258789
1763887822380,812.6000061035156,256.4000015258789
1763887822397,811.6000061035156,257.4000015258789
1763887822420,811.6000061035156,258.4000015258789
1763887822464,810.6000061035156,258.4000015258789
1763887822480,806.6000061035156,258.4000015258789
1763887822497,802.6000061035156,258.4000015258789
1763887822514,798.6000061035156,258.4000015258789
1763887822530,794.6000061035156,257.4000015258789
1763887822547,793.6000061035156,257.4000015258789
1763887822564,791.6000061035156,257.4000015258789
1763887822644,790.6000061035156,257.4000015258789
1763887822724,790.6000061035156,257.4000015258789
1763887822732,788.6000061035156,257.4000015258789
1763887822747,785.6000061035156,257.4000015258789
1763887822763,782.6000061035156,257.4000015258789
1763887822788,781.6000061035156,257.4000015258789
1763887822836,780.6000061035156,257.4000015258789
1763887822884,781.6000061035156,256.4000015258789
1763887822897,784.6000061035156,256.4000015258789
1763887822913,791.6000061035156,254.4000015258789
1763887822930,797.6000061035156,254.4000015258789
1763887822947,801.6000061035156,254.4000015258789
1763887822963,805.6000061035156,254.4000015258789
1763887822980,807.6000061035156,254.4000015258789
1763887822997,809.6000061035156,252.4000015258789
1763887823013,810.6000061035156,252.4000015258789
1763887823063,812.6000061035156,252.4000015258789
1763887823080,812.6000061035156,252.4000015258789
1763887823180,811.6000061035156,252.4000015258789
1763887823196,808.6000061035156,252.4000015258789
1763887823213,805.6000061035156,252.4000015258789
1763887823230,801.6000061035156,252.4000015258789
1763887823246,799.6000061035156,252.4000015258789
1763887823263,799.6000061035156,252.4000015258789
1763887823280,798.6000061035156,252.4000015258789
1763887823296,797.6000061035156,252.4000015258789
1763887823313,796.6000061035156,252.4000015258789
1763887823330,794.6000061035156,252.4000015258789
1763887823388,793.6000061035156,253.4000015258789
1763887823429,793.6000061035156,253.4000015258789
1763887823460,793.6000061035156,254.4000015258789
1763887823468,790.6000061035156,254.4000015258789
1763887823479,788.6000061035156,254.4000015258789
1763887823496,783.6000061035156,254.4000015258789
1763887823513,779.6000061035156,254.4000015258789
1763887823529,778.6000061035156,254.4000015258789
1763887823579,775.6000061035156,254.4000015258789
1763887823629,775.6000061035156,253.4000015258789
1763887823646,774.6000061035156,253.4000015258789
1763887823663,772.6000061035156,251.4000015258789
1763887823713,772.6000061035156,248.4000015258789
1763887823729,772.6000061035156,245.4000015258789
1763887823746,771.6000061035156,243.4000015258789
1763887823820,772.6000061035156,243.4000015258789
1763887823829,775.6000061035156,242.4000015258789
1763887823846,778.6000061035156,242.4000015258789
1763887823862,780.6000061035156,242.4000015258789
1763887823892,782.6000061035156,242.4000015258789
1763887823956,782.6000061035156,242.4000015258789
1763887823964,781.6000061035156,242.4000015258789
1763887823979,778.6000061035156,244.4000015258789
1763887823996,769.6000061035156,244.4000015258789
1763887824012,761.6000061035156,244.4000015258789
1763887824029,757.6000061035156,244.4000015258789
1763887824046,755.6000061035156,244.4000015258789
1763887824162,754.6000061035156,243.4000015258789
1763887824179,754.6000061035156,242.4000015258789
1763887824196,754.6000061035156,239.4000015258789
1763887824212,754.6000061035156,238.4000015258789
1763887824229,757.6000061035156,236.4000015258789
1763887824245,760.6000061035156,236.4000015258789
1763887824262,761.6000061035156,236.4000015258789
1763887824279,764.6000061035156,236.4000015258789
1763887824295,766.6000061035156,236.4000015258789
1763887824312,768.6000061035156,236.4000015258789
1763887824329,769.6000061035156,236.4000015258789
1763887824345,769.6000061035156,236.4000015258789
1763887824452,769.6000061035156,235.4000015258789
1763887824468,769.6000061035156,234.4000015258789
1763887824479,769.6000061035156,233.4000015258789
1763887824495,773.6000061035156,230.4000015258789
1763887824512,777.6000061035156,227.4000015258789
1763887824529,781.6000061035156,225.4000015258789
1763887824545,784.6000061035156,224.4000015258789
1763887824562,786.6000061035156,222.4000015258789
1763887824588,787.6000061035156,222.4000015258789
1763887824604,788.6000061035156,222.4000015258789
1763887824645,790.6000061035156,222.4000015258789
1763887824662,793.6000061035156,222.4000015258789
1763887824678,797.6000061035156,222.4000015258789
1763887824695,802.6000061035156,222.4000015258789
1763887824712,804.6000061035156,222.4000015258789
1763887824728,806.6000061035156,222.4000015258789
1763887824745,807.6000061035156,222.4000015258789
1763887824762,811.6000061035156,222.4000015258789
1763887824778,814.6000061035156,222.4000015258789
1763887824795,818.6000061035156,222.4000015258789
1763887824892,819.6000061035156,223.4000015258789
1763887824928,819.6000061035156,224.4000015258789
1763887824945,819.6000061035156,226.4000015258789
1763887824961,817.6000061035156,230.4000015258789
1763887824978,815.6000061035156,230.4000015258789
1763887824995,813.6000061035156,232.4000015258789
1763887825011,810.6000061035156,232.4000015258789
1763887825028,807.6000061035156,233.4000015258789
1763887825045,805.6000061035156,233.4000015258789
1763887825061,804.6000061035156,234.4000015258789
1763887825078,802.6000061035156,234.4000015258789
1763887825095,800.6000061035156,235.4000015258789
1763887825111,798.6000061035156,237.4000015258789
1763887825132,798.6000061035156,237.4000015258789
1763887825145,797.6000061035156,238.4000015258789
1763887825161,794.6000061035156,238.4000015258789
1763887825212,793.6000061035156,238.4000015258789
1763887825236,793.6000061035156,239.4000015258789
1763887825252,794.6000061035156,240.4000015258789
1763887825261,794.6000061035156,240.4000015258789
1763887825278,801.6000061035156,244.4000015258789
1763887825294,810.6000061035156,245.4000015258789
1763887825311,814.6000061035156,247.4000015258789
1763887825328,816.6000061035156,248.4000015258789
1763887825348,817.6000061035156,248.4000015258789
1763887825361,819.6000061035156,248.4000015258789
1763887825380,819.6000061035156,248.4000015258789
1763887825394,820.6000061035156,248.4000015258789
1763887825412,820.6000061035156,251.4000015258789
1763887825428,820.6000061035156,252.4000015258789
1763887825444,820.6000061035156,253.4000015258789
1763887825461,819.6000061035156,255.4000015258789
1763887825478,817.6000061035156,255.4000015258789
1763887825494,815.6000061035156,255.4000015258789
1763887825511,815.6000061035156,255.4000015258789
1763887825528,812.6000061035156,255.4000015258789
1763887825544,810.6000061035156,254.4000015258789
1763887825561,807.6000061035156,252.4000015258789
1763887825578,807.6000061035156,247.4000015258789
1763887825594,807.6000061035156,244.4000015258789
1763887825611,807.6000061035156,239.4000015258789
1763887825628,809.6000061035156,235.4000015258789
1763887825644,810.6000061035156,234.4000015258789
1763887825661,811.6000061035156,234.4000015258789
1763887825677,812.6000061035156,234.4000015258789
1763887825804,810.6000061035156,234.4000015258789
1763887825812,808.6000061035156,234.4000015258789
1763887825827,805.6000061035156,234.4000015258789
1763887825844,799.6000061035156,231.4000015258789
1763887825861,796.6000061035156,231.4000015258789
1763887825877,796.6000061035156,231.4000015258789
1763887825927,796.6000061035156,230.4000015258789
1763887825944,798.6000061035156,230.4000015258789
1763887825961,805.6000061035156,230.4000015258789
1763887825977,813.6000061035156,230.4000015258789
1763887825994,816.6000061035156,230.4000015258789
1763887826012,817.6000061035156,230.4000015258789
1763887826028,818.6000061035156,230.4000015258789
1763887826044,820.6000061035156,230.4000015258789
1763887826061,822.6000061035156,229.4000015258789
1763887826077,823.6000061035156,229.4000015258789
1763887826127,824.6000061035156,228.4000015258789
1763887826177,821.6000061035156,229.4000015258789
1763887826194,814.6000061035156,233.4000015258789
1763887826210,808.6000061035156,235.4000015258789
1763887826227,807.6000061035156,238.4000015258789
1763887826244,805.6000061035156,239.4000015258789
1763887826260,805.6000061035156,242.4000015258789
1763887826277,805.6000061035156,243.4000015258789
1763887826294,804.6000061035156,246.4000015258789
1763887826310,804.6000061035156,247.4000015258789
1763887826360,803.6000061035156,247.4000015258789
1763887826377,802.6000061035156,247.4000015258789
1763887826394,800.6000061035156,247.4000015258789
1763887826410,799.6000061035156,247.4000015258789
1763887826428,799.6000061035156,247.4000015258789
1763887826444,798.6000061035156,247.4000015258789
1763887826460,797.6000061035156,246.4000015258789
1763887826477,797.6000061035156,243.4000015258789
1763887826494,800.6000061035156,242.4000015258789
1763887826510,806.6000061035156,240.4000015258789
1763887826527,808.6000061035156,239.4000015258789
1763887826544,809.6000061035156,239.4000015258789
1763887826560,811.6000061035156,239.4000015258789
1763887826668,809.6000061035156,240.4000015258789
1763887826677,805.6000061035156,241.4000015258789
1763887826693,796.6000061035156,241.4000015258789
1763887826710,790.6000061035156,242.4000015258789
1763887826727,783.6000061035156,244.4000015258789
1763887826743,776.6000061035156,245.4000015258789
1763887826760,773.6000061035156,245.4000015258789
1763887826777,772.6000061035156,245.4000015258789
1763887826793,770.6000061035156,245.4000015258789
1763887826820,770.6000061035156,245.4000015258789
1763887826908,769.6000061035156,245.4000015258789
1763887826956,768.6000061035156,245.4000015258789
1763887826972,768.6000061035156,244.4000015258789
1763887826988,768.6000061035156,243.4000015258789
1763887827052,768.6000061035156,243.4000015258789
1763887827060,767.6000061035156,241.4000015258789
1763887827076,765.6000061035156,241.4000015258789
1763887827093,764.6000061035156,238.4000015258789
1763887827110,764.6000061035156,237.4000015258789
1763887827126,764.6000061035156,237.4000015258789
1763887827143,764.6000061035156,235.4000015258789
1763887827160,761.6000061035156,233.4000015258789
1763887827176,760.6000061035156,233.4000015258789
1763887827193,759.6000061035156,233.4000015258789
1763887827210,757.6000061035156,233.4000015258789
1763887827226,754.6000061035156,234.4000015258789
1763887827243,753.6000061035156,234.4000015258789
1763887827293,752.6000061035156,234.4000015258789
1763887827343,752.6000061035156,234.4000015258789
1763887827359,752.6000061035156,233.4000015258789
1763887827376,753.6000061035156,231.4000015258789
1763887827393,754.6000061035156,229.4000015258789
1763887827409,757.6000061035156,228.4000015258789
1763887827426,760.6000061035156,228.4000015258789
1763887827443,762.6000061035156,228.4000015258789
1763887827459,764.6000061035156,228.4000015258789
1763887827476,771.6000061035156,228.4000015258789
1763887827493,776.6000061035156,228.4000015258789
1763887827509,780.6000061035156,228.4000015258789
1763887827526,781.6000061035156,228.4000015258789
1763887827593,783.6000061035156,228.4000015258789
1763887827609,785.6000061035156,228.4000015258789
1763887827626,788.6000061035156,228.4000015258789
1763887827642,790.6000061035156,228.4000015258789
1763887827659,791.6000061035156,228.4000015258789
1763887827676,793.6000061035156,228.4000015258789
1763887827692,795.6000061035156,228.4000015258789
1763887827709,797.6000061035156,228.4000015258789
1763887827726,798.6000061035156,228.4000015258789
1763887827742,802.6000061035156,228.4000015258789
1763887827759,802.6000061035156,228.4000015258789
1763887827776,805.6000061035156,228.4000015258789
1763887827792,807.6000061035156,228.4000015258789
1763887827809,810.6000061035156,227.4000015258789
1763887827826,813.6000061035156,225.4000015258789
1763887827842,814.6000061035156,225.4000015258789
1763887827868,814.6000061035156,225.4000015258789
1763887827876,815.6000061035156,226.4000015258789
1763887827925,815.6000061035156,227.4000015258789
1763887827942,811.6000061035156,231.4000015258789
1763887827959,799.6000061035156,236.4000015258789
1763887827976,793.6000061035156,238.4000015258789
1763887827992,791.6000061035156,238.4000015258789
1763887828009,788.6000061035156,238.4000015258789
1763887828025,785.6000061035156,238.4000015258789
1763887828042,783.6000061035156,238.4000015258789
1763887828059,781.6000061035156,238.4000015258789
1763887828075,780.6000061035156,238.4000015258789
1763887828092,779.6000061035156,238.4000015258789
1763887828109,778.6000061035156,238.4000015258789
1763887828159,778.6000061035156,236.4000015258789
1763887828175,775.6000061035156,234.4000015258789
1763887828192,773.6000061035156,232.4000015258789
1763887828220,773.6000061035156,231.4000015258789
1763887828236,772.6000061035156,231.4000015258789
1763887828244,771.6000061035156,232.4000015258789
1763887828259,771.6000061035156,232.4000015258789
1763887828276,763.6000061035156,232.4000015258789
1763887828293,761.6000061035156,232.4000015258789
1763887828364,759.6000061035156,232.4000015258789
1763887828376,758.6000061035156,232.4000015258789
1763887828393,755.6000061035156,232.4000015258789
1763887828409,754.6000061035156,232.4000015258789
1763887828426,753.6000061035156,233.4000015258789
1763887828492,753.6000061035156,233.4000015258789
1763887828509,754.6000061035156,231.4000015258789
1763887828526,758.6000061035156,229.4000015258789
1763887828542,762.6000061035156,227.4000015258789
1763887828559,765.6000061035156,226.4000015258789
1763887828576,766.6000061035156,225.4000015258789
1763887828592,768.6000061035156,225.4000015258789
1763887828609,770.6000061035156,225.4000015258789
1763887828626,772.6000061035156,225.4000015258789
1763887828642,773.6000061035156,225.4000015258789
1763887828659,774.6000061035156,225.4000015258789
1763887828676,777.6000061035156,225.4000015258789
1763887828692,778.6000061035156,225.4000015258789
1763887828709,779.6000061035156,225.4000015258789
1763887828726,780.6000061035156,225.4000015258789
1763887828742,782.6000061035156,225.4000015258789
1763887828759,783.6000061035156,227.4000015258789
1763887828809,784.6000061035156,227.4000015258789
1763887828876,784.6000061035156,227.4000015258789
1763887828892,786.6000061035156,227.4000015258789
1763887828909,787.6000061035156,227.4000015258789
1763887828959,784.6000061035156,226.4000015258789
1763887828975,782.6000061035156,226.4000015258789
1763887828992,780.6000061035156,226.4000015258789
1763887829012,778.6000061035156,226.4000015258789
1763887829028,777.6000061035156,226.4000015258789
1763887829052,776.6000061035156,226.4000015258789
1763887829060,775.6000061035156,226.4000015258789
1763887829075,773.6000061035156,226.4000015258789
1763887829092,768.6000061035156,226.4000015258789
1763887829109,768.6000061035156,226.4000015258789
1763887829125,766.6000061035156,226.4000015258789
1763887829175,763.6000061035156,226.4000015258789
1763887829192,758.6000061035156,226.4000015258789
1763887829209,757.6000061035156,226.4000015258789
1763887829225,756.6000061035156,226.4000015258789
1763887829324,755.6000061035156,225.4000015258789
1763887829348,755.6000061035156,223.4000015258789
1763887829358,755.6000061035156,221.4000015258789
1763887829375,756.6000061035156,220.4000015258789
1763887829392,759.6000061035156,217.4000015258789
1763887829412,760.6000061035156,217.4000015258789
1763887829425,761.6000061035156,217.4000015258789
1763887829442,763.6000061035156,217.4000015258789
1763887829458,765.6000061035156,217.4000015258789
1763887829484,767.6000061035156,217.4000015258789
1763887829525,770.6000061035156,218.4000015258789
1763887829542,772.6000061035156,220.4000015258789
1763887829558,780.6000061035156,221.4000015258789
1763887829575,785.6000061035156,224.4000015258789
1763887829592,787.6000061035156,225.4000015258789
1763887829642,787.6000061035156,228.4000015258789
1763887829658,787.6000061035156,232.4000015258789
1763887829675,786.6000061035156,235.4000015258789
1763887829692,783.6000061035156,237.4000015258789
1763887829708,780.6000061035156,239.4000015258789
1763887829884,780.6000061035156,240.4000015258789
1763887829892,780.6000061035156,240.4000015258789
1763887829924,781.6000061035156,241.4000015258789
1763887829948,782.6000061035156,242.4000015258789
1763887829958,782.6000061035156,243.4000015258789
1763887829988,782.6000061035156,245.4000015258789
1763887830004,782.6000061035156,246.4000015258789
1763887830012,782.6000061035156,247.4000015258789
1763887830036,782.6000061035156,248.4000015258789
1763887830044,782.6000061035156,249.4000015258789
1763887830124,782.6000061035156,250.4000015258789
1763887830141,782.6000061035156,252.4000015258789
1763887830191,781.6000061035156,252.4000015258789
1763887830208,779.6000061035156,252.4000015258789
1763887830224,777.6000061035156,252.4000015258789
1763887830241,775.6000061035156,252.4000015258789
1763887830258,774.6000061035156,252.4000015258789
1763887830274,770.6000061035156,252.4000015258789
1763887830300,769.6000061035156,252.4000015258789
1763887830308,768.6000061035156,252.4000015258789
1763887830404,767.6000061035156,252.4000015258789
1763887830460,767.6000061035156,253.4000015258789
1763887830476,767.6000061035156,253.4000015258789
1763887830491,767.6000061035156,255.4000015258789
1763887830507,768.6000061035156,257.4000015258789
1763887830524,768.6000061035156,261.4000015258789
1763887830541,769.6000061035156,262.4000015258789
1763887830684,768.6000061035156,262.4000015258789
1763887830692,768.6000061035156,262.4000015258789
1763887830707,766.6000061035156,262.4000015258789
1763887830724,764.6000061035156,262.4000015258789
1763887830748,763.6000061035156,262.4000015258789
1763887830757,762.6000061035156,261.4000015258789
1763887830807,762.6000061035156,260.4000015258789
1763887830857,763.6000061035156,259.4000015258789
1763887830874,765.6000061035156,262.4000015258789
1763887830890,766.6000061035156,263.4000015258789
1763887830907,767.6000061035156,267.4000015258789
1763887830924,768.6000061035156,271.4000015258789
1763887830940,770.6000061035156,275.4000015258789
1763887830957,772.6000061035156,277.4000015258789
1763887830974,772.6000061035156,278.4000015258789
1763887831108,772.6000061035156,279.4000015258789
1763887831124,772.6000061035156,279.4000015258789
1763887831140,772.6000061035156,282.4000015258789
1763887831268,772.6000061035156,283.4000015258789
1763887831332,773.6000061035156,282.4000015258789
1763887831340,773.6000061035156,281.4000015258789
1763887831357,778.6000061035156,277.4000015258789
1763887831373,782.6000061035156,274.4000015258789
1763887831390,784.6000061035156,269.4000015258789
1763887831407,786.6000061035156,267.4000015258789
1763887831436,787.6000061035156,266.4000015258789
1763887831473,787.6000061035156,265.4000015258789
1763887831490,787.6000061035156,263.4000015258789
1763887831516,786.6000061035156,262.4000015258789
1763887831572,786.6000061035156,262.4000015258789
1763887831604,786.6000061035156,261.4000015258789
1763887831660,787.6000061035156,261.4000015258789
1763887831673,788.6000061035156,261.4000015258789
1763887831690,790.6000061035156,261.4000015258789
1763887831708,791.6000061035156,260.4000015258789
1763887831756,783.6000061035156,259.4000015258789
1763887831773,781.6000061035156,259.4000015258789
1763887831790,780.6000061035156,259.4000015258789
1763887831806,779.6000061035156,259.4000015258789
1763887831823,779.6000061035156,259.4000015258789
1763887831840,776.6000061035156,258.4000015258789
1763887831856,775.6000061035156,257.4000015258789
1763887831906,774.6000061035156,255.4000015258789
1763887831956,774.6000061035156,253.4000015258789
1763887831973,775.6000061035156,251.4000015258789
1763887831989,779.6000061035156,249.4000015258789
1763887832006,779.6000061035156,249.4000015258789
1763887832023,781.6000061035156,246.4000015258789
1763887832039,783.6000061035156,245.4000015258789
1763887832068,783.6000061035156,245.4000015258789
1763887832124,782.6000061035156,245.4000015258789
1763887832139,781.6000061035156,245.4000015258789
1763887832156,772.6000061035156,245.4000015258789
1763887832173,770.6000061035156,244.4000015258789
1763887832189,767.6000061035156,243.4000015258789
1763887832206,764.6000061035156,241.4000015258789
1763887832223,761.6000061035156,241.4000015258789
1763887832239,759.6000061035156,240.4000015258789
1763887832256,757.6000061035156,238.4000015258789
1763887832273,756.6000061035156,237.4000015258789
1763887832289,755.6000061035156,235.4000015258789
1763887832306,754.6000061035156,233.4000015258789
1763887832322,754.6000061035156,233.4000015258789
1763887832339,754.6000061035156,232.4000015258789
1763887832372,756.6000061035156,229.4000015258789
1763887832389,757.6000061035156,228.4000015258789
1763887832406,760.6000061035156,227.4000015258789
1763887832422,761.6000061035156,227.4000015258789
1763887832439,764.6000061035156,226.4000015258789
1763887832456,766.6000061035156,225.4000015258789
1763887832472,767.6000061035156,225.4000015258789
1763887832588,767.6000061035156,225.4000015258789
1763887832606,768.6000061035156,225.4000015258789
1763887832622,772.6000061035156,225.4000015258789
1763887832639,774.6000061035156,223.4000015258789
1763887832689,774.6000061035156,223.4000015258789
1763887832705,777.6000061035156,223.4000015258789
1763887832722,780.6000061035156,223.4000015258789
1763887832739,782.6000061035156,223.4000015258789
1763887832755,785.6000061035156,223.4000015258789
1763887832772,787.6000061035156,223.4000015258789
1763887832789,790.6000061035156,223.4000015258789
1763887832805,794.6000061035156,223.4000015258789
1763887832822,797.6000061035156,223.4000015258789
1763887832839,802.6000061035156,223.4000015258789
1763887832855,803.6000061035156,222.4000015258789
1763887832988,802.6000061035156,222.4000015258789
1763887833005,797.6000061035156,222.4000015258789
1763887833022,790.6000061035156,222.4000015258789
1763887833039,784.6000061035156,222.4000015258789
1763887833055,780.6000061035156,222.4000015258789
1763887833072,777.6000061035156,222.4000015258789
1763887833089,773.6000061035156,222.4000015258789
1763887833105,771.6000061035156,222.4000015258789
1763887833122,770.6000061035156,222.4000015258789
1763887833138,768.6000061035156,221.4000015258789
1763887833155,766.6000061035156,221.4000015258789
1763887833205,763.6000061035156,220.4000015258789
1763887833260,763.6000061035156,220.4000015258789
1763887833276,761.6000061035156,221.4000015258789
1763887833288,759.6000061035156,221.4000015258789
1763887833308,758.6000061035156,221.4000015258789
1763887833380,759.6000061035156,220.4000015258789
1763887833388,762.6000061035156,220.4000015258789
1763887833405,765.6000061035156,220.4000015258789
1763887833422,769.6000061035156,220.4000015258789
1763887833438,773.6000061035156,220.4000015258789
1763887833455,777.6000061035156,220.4000015258789
1763887833471,782.6000061035156,220.4000015258789
1763887833488,783.6000061035156,220.4000015258789
1763887833505,784.6000061035156,220.4000015258789
1763887833521,786.6000061035156,220.4000015258789
1763887833538,786.6000061035156,220.4000015258789
1763887833588,788.6000061035156,220.4000015258789
1763887833605,788.6000061035156,220.4000015258789
1763887833621,791.6000061035156,221.4000015258789
1763887833638,793.6000061035156,221.4000015258789
1763887833655,798.6000061035156,221.4000015258789
1763887833705,798.6000061035156,221.4000015258789
1763887833721,800.6000061035156,221.4000015258789
1763887833771,802.6000061035156,221.4000015258789
1763887833788,802.6000061035156,221.4000015258789
1763887842077,126.60000610351562,114.4000015258789
1763887842114,125.60000610351562,114.4000015258789
1763887842140,124.60000610351562,114.4000015258789
1763887842149,122.60000610351562,114.4000015258789
1763887842161,121.60000610351562,115.4000015258789
1763887842177,118.60000610351562,118.4000015258789
1763887842194,118.60000610351562,119.4000015258789
1763887842211,118.60000610351562,120.4000015258789
1763887842228,118.60000610351562,122.4000015258789
1763887842325,118.60000610351562,122.4000015258789
1763887842405,118.60000610351562,124.4000015258789
1763887842412,118.60000610351562,125.4000015258789
1763887842427,118.60000610351562,126.4000015258789
1763887842444,117.60000610351562,129.4000015258789
1763887842460,114.60000610351562,132.4000015258789
1763887842477,113.60000610351562,133.4000015258789
1763887842494,112.60000610351562,134.4000015258789
1763887842517,111.60000610351562,135.4000015258789
1763887842527,110.60000610351562,136.4000015258789
1763887842544,110.60000610351562,136.4000015258789
1763887842594,110.60000610351562,137.4000015258789
1763887842645,110.60000610351562,137.4000015258789
1763887842660,110.60000610351562,139.4000015258789
1763887842677,110.60000610351562,141.4000015258789
1763887842693,110.60000610351562,142.4000015258789
1763887842710,110.60000610351562,144.4000015258789
1763887842760,110.60000610351562,144.4000015258789
1763887842777,110.60000610351562,146.4000015258789
1763887842793,110.60000610351562,148.4000015258789
1763887842810,110.60000610351562,150.4000015258789
1763887842837,112.60000610351562,151.4000015258789
1763887842941,113.60000610351562,153.4000015258789
1763887842949,113.60000610351562,153.4000015258789
1763887842960,113.60000610351562,155.4000015258789
1763887842977,113.60000610351562,156.4000015258789
1763887843061,112.60000610351562,154.4000015258789
1763887843077,112.60000610351562,151.4000015258789
1763887843093,112.60000610351562,146.4000015258789
1763887843110,112.60000610351562,142.4000015258789
1763887843126,112.60000610351562,140.4000015258789
1763887843143,112.60000610351562,139.4000015258789
1763887843197,113.60000610351562,139.4000015258789
1763887843210,113.60000610351562,139.4000015258789
1763887843226,114.60000610351562,139.4000015258789
1763887843276,117.60000610351562,139.4000015258789
1763887843293,117.60000610351562,141.4000015258789
1763887843310,118.60000610351562,142.4000015258789
1763887843326,119.60000610351562,142.4000015258789
1763887843343,120.60000610351562,144.4000015258789
1763887843365,121.60000610351562,146.4000015258789
1763887843376,121.60000610351562,146.4000015258789
1763887843393,121.60000610351562,148.4000015258789
1763887843410,121.60000610351562,150.4000015258789
1763887843426,121.60000610351562,151.4000015258789
1763887843443,121.60000610351562,153.4000015258789
1763887843470,120.60000610351562,154.4000015258789
1763887843565,119.60000610351562,155.4000015258789
1763887843576,119.60000610351562,156.4000015258789
1763887843593,119.60000610351562,157.4000015258789
1763887843609,119.60000610351562,158.4000015258789
1763887843669,119.60000610351562,159.4000015258789
1763887843741,119.60000610351562,160.4000015258789
1763887843749,119.60000610351562,161.4000015258789
1763887843759,120.60000610351562,162.4000015258789
1763887843776,121.60000610351562,164.4000015258789
1763887843793,121.60000610351562,166.4000015258789
1763887843813,122.60000610351562,167.4000015258789
1763887843859,124.60000610351562,167.4000015258789
1763887843942,125.60000610351562,167.4000015258789
1763887843959,125.60000610351562,167.4000015258789
1763887843976,127.60000610351562,167.4000015258789
1763887843993,131.60000610351562,167.4000015258789
1763887844009,134.60000610351562,167.4000015258789
1763887844026,137.60000610351562,167.4000015258789
1763887844173,139.60000610351562,167.4000015258789
1763887844189,140.60000610351562,166.4000015258789
1763887844196,141.60000610351562,166.4000015258789
1763887844209,142.60000610351562,166.4000015258789
1763887844226,143.60000610351562,166.4000015258789
1763887844242,144.60000610351562,165.4000015258789
1763887844259,146.60000610351562,165.4000015258789
1763887844276,146.60000610351562,164.4000015258789
1763887844292,149.60000610351562,161.4000015258789
1763887844309,152.60000610351562,158.4000015258789
1763887844326,154.60000610351562,155.4000015258789
1763887844342,155.60000610351562,154.4000015258789
1763887844359,156.60000610351562,153.4000015258789
1763887844389,157.60000610351562,150.4000015258789
1763887844437,158.60000610351562,149.4000015258789
1763887844475,158.60000610351562,148.4000015258789
1763887844501,158.60000610351562,147.4000015258789
1763887844509,158.60000610351562,147.4000015258789
1763887844525,158.60000610351562,146.4000015258789
1763887844542,157.60000610351562,143.4000015258789
1763887844559,156.60000610351562,143.4000015258789
1763887844575,154.60000610351562,143.4000015258789
1763887844592,153.60000610351562,141.4000015258789
1763887844609,153.60000610351562,139.4000015258789
1763887844625,153.60000610351562,139.4000015258789
1763887844642,153.60000610351562,137.4000015258789
1763887844659,152.60000610351562,135.4000015258789
1763887844675,150.60000610351562,134.4000015258789
1763887844701,150.60000610351562,132.4000015258789
1763887844708,150.60000610351562,131.4000015258789
1763887844733,150.60000610351562,130.4000015258789
1763887844749,150.60000610351562,129.4000015258789
1763887844829,150.60000610351562,130.4000015258789
1763887844842,151.60000610351562,132.4000015258789
1763887844858,152.60000610351562,136.4000015258789
1763887844875,152.60000610351562,142.4000015258789
1763887844892,152.60000610351562,145.4000015258789
1763887844908,152.60000610351562,147.4000015258789
1763887844925,153.60000610351562,148.4000015258789
1763887844989,153.60000610351562,147.4000015258789
1763887845005,153.60000610351562,146.4000015258789
1763887845013,153.60000610351562,144.4000015258789
1763887845025,153.60000610351562,142.4000015258789
1763887845042,153.60000610351562,141.4000015258789
1763887845149,153.60000610351562,140.4000015258789
1763887845191,151.60000610351562,137.4000015258789
1763887845208,151.60000610351562,134.4000015258789
1763887845225,151.60000610351562,132.4000015258789
1763887845241,150.60000610351562,129.4000015258789
1763887845261,148.60000610351562,127.4000015258789
1763887845277,147.60000610351562,126.4000015258789
1763887845293,147.60000610351562,126.4000015258789
1763887845308,146.60000610351562,125.4000015258789
1763887845325,144.60000610351562,123.4000015258789
1763887845341,143.60000610351562,122.4000015258789
1763887845358,142.60000610351562,121.4000015258789
1763887845381,141.60000610351562,120.4000015258789
1763887845424,139.60000610351562,118.4000015258789
1763887845441,137.60000610351562,116.4000015258789
1763887845461,136.60000610351562,115.4000015258789
1763887845474,135.60000610351562,115.4000015258789
1763887845493,135.60000610351562,114.4000015258789
1763887845541,133.60000610351562,114.4000015258789
1763887845558,133.60000610351562,114.4000015258789
1763887845613,132.60000610351562,114.4000015258789
1763887845624,131.60000610351562,114.4000015258789
1763887845701,130.60000610351562,113.4000015258789
1763887845741,128.60000610351562,113.4000015258789
1763887845758,124.60000610351562,114.4000015258789
1763887845774,123.60000610351562,115.4000015258789
1763887845791,120.60000610351562,118.4000015258789
1763887845808,119.60000610351562,119.4000015258789
1763887845861,119.60000610351562,119.4000015258789
1763887845877,119.60000610351562,120.4000015258789
1763887845893,119.60000610351562,122.4000015258789
1763887845909,119.60000610351562,122.4000015258789
1763887845925,119.60000610351562,124.4000015258789
1763887845974,119.60000610351562,125.4000015258789
1763887845991,119.60000610351562,128.4000015258789
1763887846007,119.60000610351562,131.4000015258789
1763887846024,119.60000610351562,133.4000015258789
1763887846041,119.60000610351562,134.4000015258789
1763887846057,119.60000610351562,136.4000015258789
1763887846077,119.60000610351562,136.4000015258789
1763887846093,119.60000610351562,138.4000015258789
1763887846109,118.60000610351562,140.4000015258789
1763887846124,117.60000610351562,140.4000015258789
1763887846149,116.60000610351562,141.4000015258789
1763887846173,116.60000610351562,143.4000015258789
1763887846189,116.60000610351562,143.4000015258789
1763887846205,116.60000610351562,145.4000015258789
1763887846221,116.60000610351562,146.4000015258789
1763887846237,116.60000610351562,147.4000015258789
1763887846274,116.60000610351562,148.4000015258789
1763887846290,118.60000610351562,151.4000015258789
1763887846307,118.60000610351562,152.4000015258789
1763887846324,119.60000610351562,154.4000015258789
1763887846340,120.60000610351562,155.4000015258789
1763887846357,122.60000610351562,157.4000015258789
1763887846374,122.60000610351562,158.4000015258789
1763887846390,122.60000610351562,159.4000015258789
1763887846407,123.60000610351562,160.4000015258789
1763887846424,123.60000610351562,161.4000015258789
1763887846440,125.60000610351562,162.4000015258789
1763887846490,126.60000610351562,163.4000015258789
1763887846517,126.60000610351562,163.4000015258789
1763887846557,128.60000610351562,163.4000015258789
1763887846574,130.60000610351562,163.4000015258789
1763887846597,131.60000610351562,163.4000015258789
1763887846607,133.60000610351562,163.4000015258789
1763887846624,138.60000610351562,163.4000015258789
1763887846640,143.60000610351562,163.4000015258789
1763887846657,144.60000610351562,163.4000015258789
1763887846677,145.60000610351562,163.4000015258789
1763887846701,146.60000610351562,163.4000015258789
1763887846709,146.60000610351562,163.4000015258789
1763887846723,149.60000610351562,162.4000015258789
1763887846740,150.60000610351562,161.4000015258789
1763887846757,150.60000610351562,161.4000015258789
1763887846781,150.60000610351562,160.4000015258789
1763887846823,150.60000610351562,159.4000015258789
1763887846840,150.60000610351562,157.4000015258789
1763887846857,150.60000610351562,154.4000015258789
1763887846873,150.60000610351562,153.4000015258789
1763887846890,150.60000610351562,152.4000015258789
1763887846907,149.60000610351562,151.4000015258789
1763887846923,147.60000610351562,149.4000015258789
1763887846940,147.60000610351562,147.4000015258789
1763887846957,147.60000610351562,146.4000015258789
1763887846973,147.60000610351562,144.4000015258789
1763887846990,146.60000610351562,143.4000015258789
1763887847013,146.60000610351562,143.4000015258789
1763887847023,145.60000610351562,142.4000015258789
1763887847117,144.60000610351562,141.4000015258789
1763887847125,144.60000610351562,140.4000015258789
1763887847140,144.60000610351562,139.4000015258789
1763887847156,144.60000610351562,137.4000015258789
1763887847173,144.60000610351562,133.4000015258789
1763887847285,143.60000610351562,131.4000015258789
1763887847469,142.60000610351562,131.4000015258789
1763887847477,141.60000610351562,131.4000015258789
1763887847523,139.60000610351562,129.4000015258789
1763887850080,133.60000610351562,121.20000076293945
1763887850097,131.60000610351562,121.20000076293945
1763887850113,129.60000610351562,119.20000076293945
1763887850133,127.60000610351562,118.20000076293945
1763887850180,125.60000610351562,117.20000076293945
1763887850196,125.60000610351562,116.20000076293945
1763887850277,124.60000610351562,116.20000076293945
1763887850325,123.60000610351562,116.20000076293945
1763887862285,778.6000061035156,262.20000076293945
1763887862334,778.6000061035156,262.20000076293945
1763887862349,776.6000061035156,262.20000076293945
1763887862396,775.6000061035156,262.20000076293945
1763887862413,774.6000061035156,262.20000076293945
1763887862462,774.6000061035156,263.20000076293945
1763887862493,774.6000061035156,264.20000076293945
1763887862501,774.6000061035156,265.20000076293945
1763887862574,774.6000061035156,267.20000076293945
1763887862589,773.6000061035156,267.20000076293945
1763887862662,773.6000061035156,268.20000076293945
1763887862679,773.6000061035156,271.20000076293945
1763887862695,773.6000061035156,272.20000076293945
1763887862745,773.6000061035156,273.20000076293945
1763887862762,773.6000061035156,275.20000076293945
1763887862779,773.6000061035156,278.20000076293945
1763887862795,773.6000061035156,279.20000076293945
1763887862878,772.6000061035156,279.20000076293945
1763887862893,772.6000061035156,279.20000076293945
1763887863022,771.6000061035156,279.20000076293945
1763887863062,771.6000061035156,277.20000076293945
1763887863078,770.6000061035156,276.20000076293945
1763887863095,770.6000061035156,275.20000076293945
1763887863112,770.6000061035156,275.20000076293945
1763887863128,770.6000061035156,273.20000076293945
1763887863178,770.6000061035156,272.20000076293945
1763887863318,770.6000061035156,273.20000076293945
1763887863328,770.6000061035156,274.20000076293945
1763887863345,768.6000061035156,277.20000076293945
1763887863362,767.6000061035156,279.20000076293945
1763887863378,767.6000061035156,280.20000076293945
1763887863428,767.6000061035156,280.20000076293945
1763887863453,767.6000061035156,281.20000076293945
1763887863590,767.6000061035156,280.20000076293945
1763887863597,768.6000061035156,279.20000076293945
1763887863611,769.6000061035156,277.20000076293945
1763887863628,770.6000061035156,273.20000076293945
1763887863645,772.6000061035156,271.20000076293945
1763887863661,772.6000061035156,268.20000076293945
1763887863678,774.6000061035156,265.20000076293945
1763887863695,775.6000061035156,264.20000076293945
1763887863711,776.6000061035156,262.20000076293945
1763887863728,776.6000061035156,261.20000076293945
1763887863806,779.6000061035156,259.20000076293945
1763887863844,783.6000061035156,257.20000076293945
1763887863861,785.6000061035156,255.20000076293945
1763887863878,786.6000061035156,255.20000076293945
1763887863894,787.6000061035156,254.20000076293945
1763887863911,788.6000061035156,254.20000076293945
1763887864038,790.6000061035156,254.20000076293945
1763887864045,791.6000061035156,254.20000076293945
1763887864061,792.6000061035156,254.20000076293945
1763887864078,794.6000061035156,257.20000076293945
1763887864094,794.6000061035156,257.20000076293945
1763887864111,794.6000061035156,260.20000076293945
1763887864128,794.6000061035156,262.20000076293945
1763887864144,794.6000061035156,265.20000076293945
1763887864166,794.6000061035156,266.20000076293945
1763887864214,793.6000061035156,268.20000076293945
1763887864227,792.6000061035156,268.20000076293945
1763887864244,791.6000061035156,269.20000076293945
1763887864261,790.6000061035156,271.20000076293945
1763887864334,791.6000061035156,272.20000076293945
1763887864344,792.6000061035156,272.20000076293945
1763887864361,793.6000061035156,272.20000076293945
1763887864377,795.6000061035156,274.20000076293945
1763887864427,795.6000061035156,275.20000076293945
1763887864444,795.6000061035156,278.20000076293945
1763887864461,794.6000061035156,281.20000076293945
1763887864477,793.6000061035156,282.20000076293945
1763887864494,792.6000061035156,282.20000076293945
1763887864511,790.6000061035156,284.20000076293945
1763887864527,789.6000061035156,286.20000076293945
1763887864582,789.6000061035156,287.20000076293945
1763887864630,791.6000061035156,288.20000076293945
1763887864644,792.6000061035156,286.20000076293945
1763887864660,796.6000061035156,282.20000076293945
1763887864677,800.6000061035156,280.20000076293945
1763887864694,801.6000061035156,277.20000076293945
1763887864902,801.6000061035156,276.20000076293945
1763887864910,801.6000061035156,274.20000076293945
1763887864927,801.6000061035156,271.20000076293945
1763887864943,800.6000061035156,269.20000076293945
1763887864960,800.6000061035156,268.20000076293945
1763887864989,799.6000061035156,268.20000076293945
1763887865054,798.6000061035156,269.20000076293945
1763887865061,798.6000061035156,269.20000076293945
1763887865077,798.6000061035156,271.20000076293945
1763887865093,797.6000061035156,276.20000076293945
1763887865110,794.6000061035156,280.20000076293945
1763887865127,792.6000061035156,282.20000076293945
1763887865143,791.6000061035156,285.20000076293945
1763887865160,791.6000061035156,285.20000076293945
1763887865270,791.6000061035156,284.20000076293945
1763887865277,791.6000061035156,281.20000076293945
1763887865293,791.6000061035156,277.20000076293945
1763887865310,791.6000061035156,273.20000076293945
1763887865326,791.6000061035156,270.20000076293945
1763887865343,791.6000061035156,269.20000076293945
1763887865393,790.6000061035156,269.20000076293945
1763887865410,787.6000061035156,269.20000076293945
1763887865426,785.6000061035156,269.20000076293945
1763887865443,783.6000061035156,269.20000076293945
1763887865460,781.6000061035156,269.20000076293945
1763887865492,778.6000061035156,269.20000076293945
1763887865510,775.6000061035156,269.20000076293945
1763887865542,774.6000061035156,269.20000076293945
1763887865549,772.6000061035156,267.20000076293945
1763887865593,772.6000061035156,266.20000076293945
1763887865610,771.6000061035156,264.20000076293945
1763887865627,771.6000061035156,261.20000076293945
1763887865643,771.6000061035156,258.20000076293945
1763887865660,772.6000061035156,255.20000076293945
1763887865734,772.6000061035156,254.20000076293945
1763887865743,772.6000061035156,253.20000076293945
1763887865760,773.6000061035156,251.20000076293945
1763887865776,775.6000061035156,250.20000076293945
1763887865793,776.6000061035156,248.20000076293945
1763887865810,777.6000061035156,247.20000076293945
1763887865838,778.6000061035156,247.20000076293945
1763887865894,777.6000061035156,246.20000076293945
1763887865910,775.6000061035156,246.20000076293945
1763887865926,772.6000061035156,246.20000076293945
1763887865943,771.6000061035156,246.20000076293945
1763887865960,770.6000061035156,246.20000076293945
1763887865976,768.6000061035156,245.20000076293945
1763887865993,767.6000061035156,244.20000076293945
1763887866014,766.6000061035156,243.20000076293945
1763887866026,766.6000061035156,242.20000076293945
1763887866046,764.6000061035156,240.20000076293945
1763887866060,763.6000061035156,239.20000076293945
1763887866076,763.6000061035156,237.20000076293945
1763887866093,763.6000061035156,234.20000076293945
1763887866109,763.6000061035156,232.20000076293945
1763887866126,763.6000061035156,230.20000076293945
1763887866176,763.6000061035156,229.20000076293945
1763887866193,765.6000061035156,227.20000076293945
1763887866209,767.6000061035156,226.20000076293945
1763887866226,770.6000061035156,225.20000076293945
1763887866243,773.6000061035156,224.20000076293945
1763887866259,775.6000061035156,222.20000076293945
1763887866276,778.6000061035156,222.20000076293945
1763887866293,781.6000061035156,222.20000076293945
1763887866309,783.6000061035156,220.20000076293945
1763887866326,785.6000061035156,220.20000076293945
1763887866343,786.6000061035156,220.20000076293945
1763887866359,788.6000061035156,219.20000076293945
1763887866376,791.6000061035156,218.20000076293945
1763887866393,792.6000061035156,218.20000076293945
1763887866478,791.6000061035156,217.20000076293945
1763887866492,790.6000061035156,216.20000076293945
1763887866509,784.6000061035156,215.20000076293945
1763887866526,779.6000061035156,215.20000076293945
1763887866542,777.6000061035156,215.20000076293945
1763887866559,774.6000061035156,213.20000076293945
1763887866686,775.6000061035156,212.20000076293945
1763887866726,780.6000061035156,212.20000076293945
1763887866742,783.6000061035156,212.20000076293945
1763887866759,784.6000061035156,212.20000076293945
1763887866790,785.6000061035156,212.20000076293945
1763887866806,786.6000061035156,212.20000076293945
1763887866814,787.6000061035156,212.20000076293945
1763887866830,787.6000061035156,212.20000076293945
1763887866854,789.6000061035156,212.20000076293945
1763887866861,790.6000061035156,212.20000076293945
1763887866886,791.6000061035156,211.20000076293945
1763887866902,792.6000061035156,211.20000076293945
1763887866910,793.6000061035156,210.20000076293945
1763887867025,791.6000061035156,210.20000076293945
1763887867042,787.6000061035156,210.20000076293945
1763887867059,783.6000061035156,210.20000076293945
1763887867075,783.6000061035156,210.20000076293945
1763887867092,781.6000061035156,210.20000076293945
1763887867110,780.6000061035156,210.20000076293945
1763887867134,779.6000061035156,208.20000076293945
1763887867182,778.6000061035156,208.20000076293945
1763887867254,779.6000061035156,208.20000076293945
1763887867292,780.6000061035156,208.20000076293945
1763887867308,780.6000061035156,208.20000076293945
1763887867325,781.6000061035156,209.20000076293945
1763887867375,782.6000061035156,210.20000076293945
1763887867392,780.6000061035156,213.20000076293945
1763887867408,778.6000061035156,214.20000076293945
1763887867425,775.6000061035156,215.20000076293945
1763887867442,772.6000061035156,217.20000076293945
1763887867458,770.6000061035156,218.20000076293945
1763887867614,771.6000061035156,218.20000076293945
1763887867625,772.6000061035156,218.20000076293945
1763887867641,773.6000061035156,218.20000076293945
1763887867658,774.6000061035156,218.20000076293945
1763887867675,776.6000061035156,218.20000076293945
1763887867691,779.6000061035156,218.20000076293945
1763887867708,781.6000061035156,218.20000076293945
1763887867725,783.6000061035156,218.20000076293945
1763887867808,784.6000061035156,219.20000076293945
1763887867870,784.6000061035156,220.20000076293945
1763887867886,785.6000061035156,220.20000076293945
1763887867894,786.6000061035156,220.20000076293945
1763887867908,786.6000061035156,220.20000076293945
1763887867925,787.6000061035156,220.20000076293945
1763887867941,789.6000061035156,221.20000076293945
-1,-1,-1
-1,-1,-1
-1,-1,-1
