1763888006611,804.6000061035156,140.4000015258789
1763888006658,804.6000061035156,141.4000015258789
1763888006675,804.6000061035156,143.4000015258789
1763888006691,803.6000061035156,145.4000015258789
1763888006700,802.6000061035156,146.4000015258789
1763888006717,800.6000061035156,148.4000015258789
1763888006747,800.6000061035156,149.4000015258789
1763888006851,801.6000061035156,150.4000015258789
1763888006867,804.6000061035156,147.4000015258789
1763888006883,808.6000061035156,145.4000015258789
1763888006900,808.6000061035156,144.4000015258789
1763888006987,808.6000061035156,145.4000015258789
1763888007000,807.6000061035156,145.4000015258789
1763888007017,803.6000061035156,146.4000015258789
1763888007033,800.6000061035156,147.4000015258789
1763888007050,798.6000061035156,147.4000015258789
1763888007067,795.6000061035156,149.4000015258789
1763888007163,796.6000061035156,150.4000015258789
1763888007171,797.6000061035156,150.4000015258789
1763888007183,799.6000061035156,150.4000015258789
1763888007200,802.6000061035156,153.4000015258789
1763888007219,802.6000061035156,154.4000015258789
1763888007233,803.6000061035156,154.4000015258789
1763888007291,803.6000061035156,156.4000015258789
1763888007300,803.6000061035156,157.4000015258789
1763888007316,801.6000061035156,160.4000015258789
1763888007333,800.6000061035156,160.4000015258789
1763888007350,800.6000061035156,161.4000015258789
1763888007419,801.6000061035156,161.4000015258789
1763888007435,803.6000061035156,161.4000015258789
1763888007450,804.6000061035156,161.4000015258789
1763888007466,806.6000061035156,161.4000015258789
1763888007483,806.6000061035156,161.4000015258789
1763888007595,807.6000061035156,161.4000015258789
1763888007611,807.6000061035156,160.4000015258789
1763888007627,808.6000061035156,159.4000015258789
1763888007643,808.6000061035156,159.4000015258789
1763888007659,810.6000061035156,159.4000015258789
1763888007667,811.6000061035156,159.4000015258789
1763888007763,811.6000061035156,160.4000015258789
1763888007779,811.6000061035156,161.4000015258789
1763888007795,811.6000061035156,162.4000015258789
1763888007811,809.6000061035156,162.4000015258789
1763888007819,808.6000061035156,163.4000015258789
1763888007833,807.6000061035156,164.4000015258789
1763888007851,807.6000061035156,165.4000015258789
1763888007966,806.6000061035156,163.4000015258789
1763888007983,805.6000061035156,158.4000015258789
1763888007999,804.6000061035156,154.4000015258789
1763888008016,804.6000061035156,153.4000015258789
1763888008032,804.6000061035156,151.4000015258789
1763888008131,804.6000061035156,152.4000015258789
1763888008139,804.6000061035156,152.4000015258789
1763888008149,804.6000061035156,155.4000015258789
1763888008166,804.6000061035156,157.4000015258789
1763888008182,803.6000061035156,159.4000015258789
1763888008199,803.6000061035156,161.4000015258789
1763888008216,803.6000061035156,162.4000015258789
1763888008235,802.6000061035156,163.4000015258789
1763888008299,802.6000061035156,162.4000015258789
1763888008316,802.6000061035156,160.4000015258789
1763888008332,802.6000061035156,155.4000015258789
1763888008349,802.6000061035156,152.4000015258789
1763888008365,802.6000061035156,149.4000015258789
1763888008382,804.6000061035156,146.4000015258789
1763888008399,805.6000061035156,146.4000015258789
1763888008415,805.6000061035156,142.4000015258789
1763888008432,805.6000061035156,139.4000015258789
1763888008449,805.6000061035156,136.4000015258789
1763888008465,805.6000061035156,131.4000015258789
1763888008482,803.6000061035156,127.4000015258789
1763888008499,801.6000061035156,124.4000015258789
1763888008515,800.6000061035156,123.4000015258789
1763888008532,798.6000061035156,121.4000015258789
1763888008563,798.6000061035156,121.4000015258789
1763888008579,797.6000061035156,121.4000015258789
1763888008587,795.6000061035156,121.4000015258789
1763888008603,795.6000061035156,121.4000015258789
1763888008619,793.6000061035156,121.4000015258789
1763888008635,792.6000061035156,121.4000015258789
1763888008649,791.6000061035156,121.4000015258789
1763888008665,789.6000061035156,118.4000015258789
1763888008682,787.6000061035156,117.4000015258789
1763888008699,783.6000061035156,113.4000015258789
1763888008715,782.6000061035156,112.4000015258789
1763888008732,782.6000061035156,110.4000015258789
1763888008748,782.6000061035156,110.4000015258789
1763888008798,782.6000061035156,108.4000015258789
1763888008815,783.6000061035156,107.4000015258789
1763888008832,784.6000061035156,107.4000015258789
1763888008848,785.6000061035156,107.4000015258789
1763888008865,787.6000061035156,107.4000015258789
1763888008882,788.6000061035156,108.4000015258789
1763888008899,791.6000061035156,110.4000015258789
1763888008915,791.6000061035156,110.4000015258789
1763888008932,792.6000061035156,110.4000015258789
1763888008948,794.6000061035156,110.4000015258789
1763888008965,795.6000061035156,109.4000015258789
1763888008982,797.6000061035156,108.4000015258789
1763888008998,797.6000061035156,107.4000015258789
1763888009015,797.6000061035156,106.4000015258789
1763888009032,797.6000061035156,105.4000015258789
1763888009048,797.6000061035156,103.4000015258789
1763888009283,796.6000061035156,103.4000015258789
1763888009298,793.6000061035156,103.4000015258789
1763888009315,789.6000061035156,99.4000015258789
1763888009331,786.6000061035156,99.4000015258789
1763888009348,785.6000061035156,99.4000015258789
1763888009372,784.6000061035156,98.4000015258789
1763888009389,783.6000061035156,98.4000015258789
1763888009406,781.6000061035156,98.4000015258789
1763888009422,781.6000061035156,98.4000015258789
1763888009439,779.6000061035156,99.4000015258789
1763888009456,777.6000061035156,101.4000015258789
1763888009472,775.6000061035156,103.4000015258789
1763888009489,774.6000061035156,105.4000015258789
1763888009506,774.6000061035156,105.4000015258789
1763888009555,772.6000061035156,105.4000015258789
1763888009572,770.6000061035156,105.4000015258789
1763888009589,769.6000061035156,106.4000015258789
1763888009707,767.6000061035156,106.4000015258789
1763888009722,763.6000061035156,106.4000015258789
1763888009739,754.6000061035156,106.4000015258789
1763888009755,753.6000061035156,106.4000015258789
1763888009819,752.6000061035156,107.4000015258789
1763888009827,752.6000061035156,107.4000015258789
1763888009839,752.6000061035156,108.4000015258789
1763888009855,752.6000061035156,109.4000015258789
1763888009872,752.6000061035156,110.4000015258789
1763888009922,752.6000061035156,111.4000015258789
1763888009939,752.6000061035156,114.4000015258789
1763888009955,752.6000061035156,116.4000015258789
1763888009979,752.6000061035156,118.4000015258789
1763888010022,752.6000061035156,119.4000015258789
1763888010038,753.6000061035156,122.4000015258789
1763888010055,754.6000061035156,123.4000015258789
1763888010072,754.6000061035156,124.4000015258789
1763888010088,757.6000061035156,126.4000015258789
1763888010105,758.6000061035156,127.4000015258789
1763888010122,759.6000061035156,128.4000015258789
1763888010138,759.6000061035156,131.4000015258789
1763888010155,759.6000061035156,135.4000015258789
1763888010172,758.6000061035156,137.4000015258789
1763888010188,758.6000061035156,138.4000015258789
1763888010205,757.6000061035156,138.4000015258789
1763888010355,755.6000061035156,138.4000015258789
1763888010371,754.6000061035156,139.4000015258789
1763888010388,752.6000061035156,141.4000015258789
1763888010405,751.6000061035156,141.4000015258789
1763888010421,750.6000061035156,142.4000015258789
1763888010438,748.6000061035156,142.4000015258789
1763888010455,746.6000061035156,142.4000015258789
1763888010471,743.6000061035156,142.4000015258789
1763888010488,741.6000061035156,142.4000015258789
1763888010505,740.6000061035156,142.4000015258789
1763888010521,739.6000061035156,142.4000015258789
1763888010538,738.6000061035156,141.4000015258789
1763888010555,737.6000061035156,138.4000015258789
1763888010571,737.6000061035156,136.4000015258789
1763888010588,737.6000061035156,135.4000015258789
1763888010605,739.6000061035156,133.4000015258789
1763888010621,740.6000061035156,132.4000015258789
1763888010638,742.6000061035156,131.4000015258789
1763888010655,747.6000061035156,130.4000015258789
1763888010671,749.6000061035156,127.4000015258789
1763888010688,754.6000061035156,125.4000015258789
1763888010705,756.6000061035156,123.4000015258789
1763888010721,757.6000061035156,122.4000015258789
1763888010771,757.6000061035156,122.4000015258789
1763888010795,758.6000061035156,123.4000015258789
1763888010804,758.6000061035156,124.4000015258789
1763888010821,758.6000061035156,125.4000015258789
1763888010838,756.6000061035156,128.4000015258789
1763888010854,752.6000061035156,129.4000015258789
1763888010871,750.6000061035156,131.4000015258789
1763888010888,748.6000061035156,131.4000015258789
1763888010904,747.6000061035156,132.4000015258789
1763888010954,746.6000061035156,132.4000015258789
1763888010971,742.6000061035156,134.4000015258789
1763888011051,742.6000061035156,135.4000015258789
1763888011067,742.6000061035156,136.4000015258789
1763888011083,743.6000061035156,138.4000015258789
1763888011099,743.6000061035156,140.4000015258789
1763888011107,743.6000061035156,141.4000015258789
1763888011121,744.6000061035156,142.4000015258789
1763888011138,744.6000061035156,143.4000015258789
1763888011203,744.6000061035156,144.4000015258789
1763888011237,745.6000061035156,145.4000015258789
1763888011254,745.6000061035156,147.4000015258789
1763888011271,745.6000061035156,148.4000015258789
1763888011287,745.6000061035156,149.4000015258789
1763888011304,745.6000061035156,152.4000015258789
1763888011323,745.6000061035156,152.4000015258789
1763888011339,745.6000061035156,154.4000015258789
1763888011354,745.6000061035156,155.4000015258789
1763888011371,745.6000061035156,158.4000015258789
1763888011387,745.6000061035156,160.4000015258789
1763888011404,746.6000061035156,160.4000015258789
1763888011480,746.6000061035156,162.4000015258789
1763888011487,746.6000061035156,163.4000015258789
1763888011507,745.6000061035156,164.4000015258789
1763888011554,745.6000061035156,167.4000015258789
1763888011570,744.6000061035156,170.4000015258789
1763888011587,742.6000061035156,173.4000015258789
1763888011675,742.6000061035156,175.4000015258789
1763888011699,742.6000061035156,175.4000015258789
1763888011707,742.6000061035156,177.4000015258789
1763888011731,743.6000061035156,179.4000015258789
1763888011811,743.6000061035156,180.4000015258789
1763888011820,745.6000061035156,182.4000015258789
1763888011837,746.6000061035156,185.4000015258789
1763888011854,747.6000061035156,186.4000015258789
1763888011870,747.6000061035156,187.4000015258789
1763888011920,748.6000061035156,188.4000015258789
1763888011970,748.6000061035156,188.4000015258789
1763888011987,749.6000061035156,188.4000015258789
1763888012019,749.6000061035156,190.4000015258789
1763888012027,749.6000061035156,191.4000015258789
1763888012037,749.6000061035156,191.4000015258789
1763888012053,749.6000061035156,195.4000015258789
1763888012070,749.6000061035156,196.4000015258789
1763888012087,749.6000061035156,198.4000015258789
1763888012103,749.6000061035156,199.4000015258789
1763888012120,750.6000061035156,199.4000015258789
1763888012170,750.6000061035156,199.4000015258789
1763888012220,752.6000061035156,201.4000015258789
1763888012236,754.6000061035156,202.4000015258789
1763888012253,756.6000061035156,204.4000015258789
1763888012275,757.6000061035156,204.4000015258789
1763888012299,758.6000061035156,204.4000015258789
1763888012307,759.6000061035156,204.4000015258789
1763888012320,760.6000061035156,204.4000015258789
1763888012336,763.6000061035156,204.4000015258789
1763888012353,764.6000061035156,204.4000015258789
1763888012370,767.6000061035156,204.4000015258789
1763888012386,768.6000061035156,205.4000015258789
1763888012403,771.6000061035156,208.4000015258789
1763888012420,772.6000061035156,209.4000015258789
1763888012436,774.6000061035156,210.4000015258789
1763888012486,775.6000061035156,211.4000015258789
1763888012503,775.6000061035156,212.4000015258789
1763888012520,775.6000061035156,216.4000015258789
1763888012536,775.6000061035156,219.4000015258789
1763888012553,775.6000061035156,220.4000015258789
1763888012570,774.6000061035156,222.4000015258789
1763888012586,773.6000061035156,224.4000015258789
1763888012603,769.6000061035156,225.4000015258789
1763888012619,768.6000061035156,226.4000015258789
1763888012636,767.6000061035156,227.4000015258789
1763888012653,765.6000061035156,228.4000015258789
1763888012669,764.6000061035156,229.4000015258789
1763888012686,764.6000061035156,230.4000015258789
1763888012703,762.6000061035156,233.4000015258789
1763888012719,762.6000061035156,234.4000015258789
1763888012779,762.6000061035156,235.4000015258789
1763888012819,762.6000061035156,238.4000015258789
1763888012836,762.6000061035156,239.4000015258789
1763888012859,762.6000061035156,240.4000015258789
1763888012903,761.6000061035156,240.4000015258789
1763888013003,761.6000061035156,241.4000015258789
1763888013019,762.6000061035156,241.4000015258789
1763888013036,764.6000061035156,241.4000015258789
1763888013052,765.6000061035156,241.4000015258789
1763888013069,767.6000061035156,241.4000015258789
1763888013099,767.6000061035156,241.4000015258789
1763888013107,768.6000061035156,241.4000015258789
1763888013119,770.6000061035156,240.4000015258789
1763888013136,772.6000061035156,239.4000015258789
1763888013152,777.6000061035156,238.4000015258789
1763888013169,780.6000061035156,237.4000015258789
1763888013219,785.6000061035156,237.4000015258789
1763888013236,790.6000061035156,237.4000015258789
1763888013252,791.6000061035156,237.4000015258789
1763888013323,792.6000061035156,236.4000015258789
1763888013335,793.6000061035156,234.4000015258789
1763888013352,794.6000061035156,234.4000015258789
1763888013369,794.6000061035156,233.4000015258789
1763888013385,794.6000061035156,232.4000015258789
1763888013403,794.6000061035156,231.4000015258789
1763888013427,794.6000061035156,230.4000015258789
1763888013451,794.6000061035156,229.4000015258789
1763888013468,795.6000061035156,228.4000015258789
1763888013475,796.6000061035156,228.4000015258789
1763888013519,796.6000061035156,227.4000015258789
1763888013547,797.6000061035156,227.4000015258789
1763888013555,799.6000061035156,227.4000015258789
1763888013569,802.6000061035156,225.4000015258789
1763888013585,804.6000061035156,225.4000015258789
1763888013699,805.6000061035156,225.4000015258789
1763888013715,805.6000061035156,222.4000015258789
1763888013723,805.6000061035156,221.4000015258789
1763888013735,805.6000061035156,219.4000015258789
1763888013752,805.6000061035156,215.4000015258789
1763888013769,805.6000061035156,213.4000015258789
1763888013785,805.6000061035156,211.4000015258789
1763888013802,806.6000061035156,209.4000015258789
1763888013859,806.6000061035156,208.4000015258789
1763888013868,807.6000061035156,207.4000015258789
1763888013885,808.6000061035156,205.4000015258789
1763888013902,808.6000061035156,202.4000015258789
1763888013918,809.6000061035156,200.4000015258789
1763888013935,809.6000061035156,199.4000015258789
1763888013952,809.6000061035156,197.4000015258789
1763888013968,809.6000061035156,195.4000015258789
1763888013985,809.6000061035156,193.4000015258789
1763888014002,809.6000061035156,192.4000015258789
1763888014018,809.6000061035156,191.4000015258789
1763888014035,810.6000061035156,189.4000015258789
1763888014052,810.6000061035156,188.4000015258789
1763888014068,810.6000061035156,185.4000015258789
1763888014085,812.6000061035156,184.4000015258789
1763888014102,812.6000061035156,181.4000015258789
1763888014118,812.6000061035156,179.4000015258789
1763888014139,812.6000061035156,177.4000015258789
1763888014155,811.6000061035156,176.4000015258789
1763888014267,812.6000061035156,178.4000015258789
1763888014285,812.6000061035156,181.4000015258789
1763888014301,812.6000061035156,183.4000015258789
1763888014318,812.6000061035156,185.4000015258789
1763888014335,812.6000061035156,188.4000015258789
1763888014351,812.6000061035156,190.4000015258789
1763888014368,812.6000061035156,194.4000015258789
1763888014385,812.6000061035156,196.4000015258789
1763888014401,812.6000061035156,198.4000015258789
1763888014418,812.6000061035156,199.4000015258789
1763888014435,812.6000061035156,201.4000015258789
1763888014451,812.6000061035156,203.4000015258789
1763888014468,812.6000061035156,204.4000015258789
1763888014595,812.6000061035156,200.4000015258789
1763888014603,811.6000061035156,196.4000015258789
1763888014618,811.6000061035156,192.4000015258789
1763888014634,811.6000061035156,187.4000015258789
1763888014651,811.6000061035156,180.4000015258789
1763888014668,809.6000061035156,177.4000015258789
1763888014684,809.6000061035156,174.4000015258789
1763888014701,809.6000061035156,170.4000015258789
1763888014718,807.6000061035156,165.4000015258789
1763888014734,807.6000061035156,162.4000015258789
1763888014751,806.6000061035156,161.4000015258789
1763888014768,806.6000061035156,160.4000015258789
1763888014784,806.6000061035156,158.4000015258789
1763888014801,804.6000061035156,157.4000015258789
1763888014827,804.6000061035156,156.4000015258789
1763888014875,805.6000061035156,155.4000015258789
1763888014884,806.6000061035156,155.4000015258789
1763888014901,807.6000061035156,159.4000015258789
1763888014917,810.6000061035156,166.4000015258789
1763888014934,812.6000061035156,170.4000015258789
1763888014951,814.6000061035156,175.4000015258789
1763888014967,814.6000061035156,176.4000015258789
1763888014984,815.6000061035156,177.4000015258789
1763888015147,815.6000061035156,177.4000015258789
1763888015155,815.6000061035156,175.4000015258789
1763888015167,814.6000061035156,171.4000015258789
1763888015184,813.6000061035156,168.4000015258789
1763888015201,813.6000061035156,164.4000015258789
1763888015227,813.6000061035156,164.4000015258789
1763888015267,813.6000061035156,163.4000015258789
1763888015284,814.6000061035156,161.4000015258789
1763888015301,816.6000061035156,159.4000015258789
1763888015317,817.6000061035156,158.4000015258789
1763888015334,817.6000061035156,157.4000015258789
1763888015355,817.6000061035156,155.4000015258789
1763888015403,817.6000061035156,153.4000015258789
1763888015417,817.6000061035156,152.4000015258789
1763888015434,817.6000061035156,149.4000015258789
1763888015450,819.6000061035156,147.4000015258789
1763888015467,820.6000061035156,146.4000015258789
1763888015484,820.6000061035156,145.4000015258789
1763888015500,821.6000061035156,143.4000015258789
1763888015517,821.6000061035156,143.4000015258789
1763888015534,821.6000061035156,141.4000015258789
1763888015550,821.6000061035156,140.4000015258789
1763888015567,821.6000061035156,139.4000015258789
1763888015587,821.6000061035156,138.4000015258789
1763888015600,821.6000061035156,137.4000015258789
1763888015617,820.6000061035156,135.4000015258789
1763888015634,817.6000061035156,133.4000015258789
1763888015650,817.6000061035156,132.4000015258789
1763888015707,817.6000061035156,133.4000015258789
1763888015717,817.6000061035156,136.4000015258789
1763888015733,819.6000061035156,139.4000015258789
1763888015750,822.6000061035156,145.4000015258789
1763888015767,823.6000061035156,149.4000015258789
1763888015783,825.6000061035156,151.4000015258789
1763888015800,825.6000061035156,152.4000015258789
1763888015819,827.6000061035156,153.4000015258789
1763888015843,827.6000061035156,155.4000015258789
1763888015851,827.6000061035156,156.4000015258789
1763888015867,827.6000061035156,157.4000015258789
1763888015883,827.6000061035156,159.4000015258789
1763888015900,827.6000061035156,161.4000015258789
1763888015923,827.6000061035156,161.4000015258789
1763888015939,827.6000061035156,163.4000015258789
1763888016035,827.6000061035156,161.4000015258789
1763888016050,827.6000061035156,159.4000015258789
1763888016067,825.6000061035156,156.4000015258789
1763888016083,824.6000061035156,153.4000015258789
1763888016133,822.6000061035156,151.4000015258789
1763888016150,820.6000061035156,148.4000015258789
1763888016166,819.6000061035156,146.4000015258789
1763888016183,816.6000061035156,143.4000015258789
1763888016203,816.6000061035156,143.4000015258789
1763888016219,815.6000061035156,140.4000015258789
1763888016266,814.6000061035156,138.4000015258789
1763888016283,812.6000061035156,134.4000015258789
1763888016300,810.6000061035156,131.4000015258789
1763888016316,810.6000061035156,131.4000015258789
1763888016333,809.6000061035156,130.4000015258789
1763888016383,811.6000061035156,134.4000015258789
1763888016400,813.6000061035156,138.4000015258789
1763888016416,816.6000061035156,145.4000015258789
1763888016433,818.6000061035156,150.4000015258789
1763888016450,818.6000061035156,152.4000015258789
1763888016466,818.6000061035156,153.4000015258789
1763888016563,818.6000061035156,154.4000015258789
1763888016579,816.6000061035156,154.4000015258789
1763888016587,815.6000061035156,152.4000015258789
1763888016599,814.6000061035156,151.4000015258789
1763888016616,814.6000061035156,147.4000015258789
1763888016633,812.6000061035156,143.4000015258789
1763888016649,812.6000061035156,142.4000015258789
1763888016707,812.6000061035156,142.4000015258789
1763888016716,812.6000061035156,145.4000015258789
1763888016733,814.6000061035156,151.4000015258789
1763888016749,816.6000061035156,155.4000015258789
1763888016766,817.6000061035156,159.4000015258789
1763888016783,817.6000061035156,162.4000015258789
1763888016843,817.6000061035156,160.4000015258789
1763888016851,815.6000061035156,156.4000015258789
1763888016866,813.6000061035156,153.4000015258789
1763888016883,812.6000061035156,149.4000015258789
1763888016899,810.6000061035156,144.4000015258789
1763888016916,808.6000061035156,141.4000015258789
1763888016932,808.6000061035156,139.4000015258789
1763888016949,808.6000061035156,136.4000015258789
1763888016966,808.6000061035156,134.4000015258789
1763888016982,807.6000061035156,132.4000015258789
1763888017035,807.6000061035156,131.4000015258789
1763888017049,806.6000061035156,129.4000015258789
1763888017066,803.6000061035156,124.4000015258789
1763888017082,802.6000061035156,122.4000015258789
1763888017099,801.6000061035156,119.4000015258789
1763888017116,800.6000061035156,118.4000015258789
1763888017165,799.6000061035156,117.4000015258789
1763888017182,797.6000061035156,117.4000015258789
1763888017199,796.6000061035156,117.4000015258789
1763888017215,796.6000061035156,116.4000015258789
1763888017232,795.6000061035156,115.4000015258789
1763888017259,794.6000061035156,114.4000015258789
1763888017267,792.6000061035156,112.4000015258789
1763888017282,791.6000061035156,111.4000015258789
1763888017299,789.6000061035156,108.4000015258789
1763888017315,787.6000061035156,106.4000015258789
1763888017403,786.6000061035156,106.4000015258789
1763888017523,785.6000061035156,106.4000015258789
1763888017532,785.6000061035156,107.4000015258789
1763888017555,785.6000061035156,108.4000015258789
1763888017571,784.6000061035156,108.4000015258789
1763888017587,783.6000061035156,108.4000015258789
1763888017603,782.6000061035156,108.4000015258789
1763888017619,781.6000061035156,108.4000015258789
1763888017632,778.6000061035156,107.4000015258789
1763888017648,778.6000061035156,105.4000015258789
1763888017665,778.6000061035156,104.4000015258789
1763888017682,778.6000061035156,100.4000015258789
1763888017698,778.6000061035156,99.4000015258789
1763888017731,778.6000061035156,98.4000015258789
1763888017755,780.6000061035156,98.4000015258789
1763888017765,781.6000061035156,98.4000015258789
1763888017782,782.6000061035156,99.4000015258789
1763888017803,783.6000061035156,99.4000015258789
1763888017815,785.6000061035156,100.4000015258789
1763888017835,785.6000061035156,101.4000015258789
1763888017859,787.6000061035156,103.4000015258789
1763888017915,788.6000061035156,103.4000015258789
1763888018035,788.6000061035156,104.4000015258789
1763888018048,788.6000061035156,104.4000015258789
1763888018065,789.6000061035156,105.4000015258789
1763888018115,791.6000061035156,107.4000015258789
1763888018131,792.6000061035156,107.4000015258789
1763888018219,791.6000061035156,107.4000015258789
1763888018231,787.6000061035156,106.4000015258789
1763888018248,780.6000061035156,101.4000015258789
1763888018265,775.6000061035156,99.4000015258789
1763888018281,774.6000061035156,99.4000015258789
1763888018347,772.6000061035156,100.4000015258789
1763888018364,772.6000061035156,101.4000015258789
1763888018381,771.6000061035156,102.4000015258789
1763888018398,771.6000061035156,103.4000015258789
1763888018419,771.6000061035156,104.4000015258789
1763888018431,770.6000061035156,104.4000015258789
1763888018448,768.6000061035156,106.4000015258789
1763888018465,766.6000061035156,106.4000015258789
1763888018595,765.6000061035156,106.4000015258789
1763888018603,763.6000061035156,106.4000015258789
1763888018615,762.6000061035156,106.4000015258789
1763888018632,759.6000061035156,106.4000015258789
1763888018648,757.6000061035156,108.4000015258789
1763888018667,757.6000061035156,108.4000015258789
1763888018747,756.6000061035156,108.4000015258789
1763888018765,756.6000061035156,108.4000015258789
1763888018782,754.6000061035156,108.4000015258789
1763888018798,752.6000061035156,108.4000015258789
1763888018947,753.6000061035156,108.4000015258789
1763888018965,755.6000061035156,108.4000015258789
1763888018981,758.6000061035156,108.4000015258789
1763888018998,760.6000061035156,108.4000015258789
1763888019051,761.6000061035156,107.4000015258789
1763888019065,761.6000061035156,107.4000015258789
1763888019081,761.6000061035156,106.4000015258789
1763888019098,761.6000061035156,104.4000015258789
1763888019115,761.6000061035156,103.4000015258789
1763888019259,761.6000061035156,104.4000015258789
1763888019267,761.6000061035156,105.4000015258789
1763888019281,761.6000061035156,107.4000015258789
1763888019298,761.6000061035156,110.4000015258789
1763888019314,760.6000061035156,112.4000015258789
1763888019331,757.6000061035156,113.4000015258789
1763888019348,756.6000061035156,114.4000015258789
1763888019364,755.6000061035156,115.4000015258789
1763888019395,754.6000061035156,116.4000015258789
1763888019515,754.6000061035156,117.4000015258789
1763888021603,772.6000061035156,43.400001525878906
1763888021612,773.6000061035156,43.400001525878906
1763888021629,778.6000061035156,43.400001525878906
1763888021796,776.6000061035156,43.400001525878906
1763888021845,774.6000061035156,43.400001525878906
1763888021862,771.6000061035156,44.400001525878906
1763888021879,770.6000061035156,46.400001525878906
1763888022059,770.6000061035156,46.400001525878906
1763888022067,771.6000061035156,46.400001525878906
1763888022079,773.6000061035156,45.400001525878906
1763888022099,774.6000061035156,45.400001525878906
1763888022112,776.6000061035156,44.400001525878906
1763888022129,776.6000061035156,43.400001525878906
1763888022145,778.6000061035156,43.400001525878906
1763888022162,780.6000061035156,43.400001525878906
1763888022179,782.6000061035156,43.400001525878906
1763888022195,783.6000061035156,43.400001525878906
1763888022219,784.6000061035156,43.400001525878906
1763888022243,785.6000061035156,43.400001525878906
1763888022363,786.6000061035156,43.400001525878906
1763888022388,786.6000061035156,43.400001525878906
1763888022395,788.6000061035156,43.400001525878906
1763888022412,790.6000061035156,43.400001525878906
1763888022428,793.6000061035156,43.400001525878906
1763888022445,793.6000061035156,43.400001525878906
1763888022475,795.6000061035156,43.400001525878906
1763888022483,796.6000061035156,43.400001525878906
1763888022507,797.6000061035156,44.400001525878906
1763888022691,796.6000061035156,44.400001525878906
1763888022699,794.6000061035156,44.400001525878906
1763888022711,792.6000061035156,44.400001525878906
1763888022728,790.6000061035156,44.400001525878906
1763888022745,788.6000061035156,44.400001525878906
1763888022763,787.6000061035156,44.400001525878906
1763888022811,785.6000061035156,44.400001525878906
1763888022828,782.6000061035156,44.400001525878906
1763888022845,781.6000061035156,44.400001525878906
1763888022895,779.6000061035156,44.400001525878906
1763888022911,778.6000061035156,44.400001525878906
1763888022928,776.6000061035156,44.400001525878906
1763888022979,775.6000061035156,44.400001525878906
1763888023068,775.6000061035156,44.400001525878906
1763888023078,773.6000061035156,44.400001525878906
1763888023094,772.6000061035156,43.400001525878906
1763888023111,771.6000061035156,42.400001525878906
1763888023161,770.6000061035156,42.400001525878906
1763888023211,769.6000061035156,42.400001525878906
1763888023243,768.6000061035156,42.400001525878906
1763888023348,769.6000061035156,43.400001525878906
1763888023361,770.6000061035156,44.400001525878906
1763888023378,775.6000061035156,44.400001525878906
1763888023394,777.6000061035156,44.400001525878906
1763888023411,779.6000061035156,44.400001525878906
1763888023427,781.6000061035156,44.400001525878906
1763888023444,785.6000061035156,44.400001525878906
1763888023461,785.6000061035156,45.400001525878906
1763888023477,787.6000061035156,45.400001525878906
1763888023499,788.6000061035156,45.400001525878906
1763888023509,789.6000061035156,45.400001525878906
1763888023561,791.6000061035156,45.400001525878906
1763888023578,792.6000061035156,45.400001525878906
1763888023595,794.6000061035156,45.400001525878906
1763888023611,797.6000061035156,45.400001525878906
1763888023628,799.6000061035156,45.400001525878906
1763888023644,800.6000061035156,45.400001525878906
1763888023812,800.6000061035156,45.400001525878906
1763888023828,798.6000061035156,45.400001525878906
1763888023844,796.6000061035156,44.400001525878906
1763888023861,794.6000061035156,43.400001525878906
1763888023878,792.6000061035156,43.400001525878906
1763888023894,792.6000061035156,42.400001525878906
1763888023944,790.6000061035156,42.400001525878906
1763888023961,790.6000061035156,42.400001525878906
1763888023978,789.6000061035156,41.400001525878906
1763888023994,787.6000061035156,40.400001525878906
1763888024044,786.6000061035156,38.400001525878906
1763888024075,785.6000061035156,37.400001525878906
1763888024083,785.6000061035156,36.400001525878906
1763888024094,785.6000061035156,33.400001525878906
1763888024111,784.6000061035156,31.400001525878906
1763888024127,782.6000061035156,29.400001525878906
1763888024284,782.6000061035156,29.400001525878906
1763888024294,782.6000061035156,28.400001525878906
1763888024371,783.6000061035156,30.400001525878906
1763888024387,783.6000061035156,32.400001525878906
1763888024395,783.6000061035156,33.400001525878906
1763888024411,783.6000061035156,35.400001525878906
1763888024427,783.6000061035156,36.400001525878906
1763888024444,783.6000061035156,38.400001525878906
1763888024579,783.6000061035156,39.400001525878906
1763888024636,782.6000061035156,39.400001525878906
1763888024644,780.6000061035156,40.400001525878906
1763888024660,779.6000061035156,40.400001525878906
1763888024677,779.6000061035156,40.400001525878906
1763888024827,778.6000061035156,40.400001525878906
1763888024843,778.6000061035156,39.400001525878906
1763888024860,778.6000061035156,39.400001525878906
1763888024877,779.6000061035156,37.400001525878906
1763888024893,780.6000061035156,36.400001525878906
1763888025003,780.6000061035156,35.400001525878906
1763888025019,780.6000061035156,34.400001525878906
1763888025027,780.6000061035156,33.400001525878906
1763888025043,780.6000061035156,32.400001525878906
1763888025131,779.6000061035156,34.400001525878906
1763888025147,778.6000061035156,36.400001525878906
1763888025195,777.6000061035156,37.400001525878906
1763888025243,774.6000061035156,39.400001525878906
1763888025396,774.6000061035156,39.400001525878906
1763888025411,774.6000061035156,37.400001525878906
1763888025426,774.6000061035156,35.400001525878906
1763888025443,774.6000061035156,31.400001525878906
1763888025459,775.6000061035156,28.400001525878906
1763888025596,775.6000061035156,26.400001525878906
1763888025611,775.6000061035156,26.400001525878906
1763888025676,775.6000061035156,27.400001525878906
1763888025693,773.6000061035156,31.400001525878906
1763888025709,771.6000061035156,34.400001525878906
1763888025726,771.6000061035156,35.400001525878906
1763888025827,771.6000061035156,36.400001525878906
1763888025842,770.6000061035156,36.400001525878906
1763888025859,769.6000061035156,39.400001525878906
1763888026004,770.6000061035156,39.400001525878906
1763888026019,772.6000061035156,39.400001525878906
1763888026027,774.6000061035156,39.400001525878906
1763888026042,777.6000061035156,39.400001525878906
1763888026059,779.6000061035156,39.400001525878906
1763888026076,782.6000061035156,37.400001525878906
1763888026092,783.6000061035156,35.400001525878906
1763888026109,784.6000061035156,34.400001525878906
1763888026126,784.6000061035156,33.400001525878906
1763888026147,784.6000061035156,33.400001525878906
1763888026159,783.6000061035156,32.400001525878906
1763888026175,783.6000061035156,31.400001525878906
1763888026192,782.6000061035156,30.400001525878906
1763888026211,780.6000061035156,29.400001525878906
1763888026227,779.6000061035156,29.400001525878906
1763888026242,778.6000061035156,28.400001525878906
1763888026267,777.6000061035156,26.400001525878906
1763888026309,777.6000061035156,26.400001525878906
1763888026404,778.6000061035156,25.400001525878906
1763888026411,779.6000061035156,26.400001525878906
1763888026427,780.6000061035156,28.400001525878906
1763888026451,783.6000061035156,29.400001525878906
1763888026459,784.6000061035156,30.400001525878906
1763888026475,787.6000061035156,31.400001525878906
1763888026532,788.6000061035156,32.400001525878906
1763888026555,788.6000061035156,33.400001525878906
1763888026604,788.6000061035156,34.400001525878906
1763888026619,788.6000061035156,36.400001525878906
1763888026724,788.6000061035156,36.400001525878906
1763888026731,788.6000061035156,35.400001525878906
1763888026742,788.6000061035156,33.400001525878906
1763888026758,786.6000061035156,29.400001525878906
1763888026775,786.6000061035156,28.400001525878906
1763888026792,785.6000061035156,26.400001525878906
1763888026808,785.6000061035156,24.400001525878906
1763888026827,785.6000061035156,23.400001525878906
1763888026842,785.6000061035156,21.400001525878906
1763888026858,785.6000061035156,21.400001525878906
1763888026875,785.6000061035156,19.400001525878906
1763888026975,785.6000061035156,20.400001525878906
1763888026992,787.6000061035156,23.400001525878906
1763888027008,789.6000061035156,26.400001525878906
1763888027025,792.6000061035156,29.400001525878906
1763888027041,792.6000061035156,31.400001525878906
1763888027058,793.6000061035156,32.400001525878906
1763888027075,793.6000061035156,33.400001525878906
1763888027164,793.6000061035156,33.400001525878906
1763888027175,791.6000061035156,32.400001525878906
1763888027191,788.6000061035156,29.400001525878906
1763888027208,786.6000061035156,27.400001525878906
1763888027225,786.6000061035156,26.400001525878906
1763888027358,786.6000061035156,25.400001525878906
1763888027408,785.6000061035156,25.400001525878906
1763888027435,783.6000061035156,25.400001525878906
1763888027524,783.6000061035156,25.400001525878906
1763888027541,780.6000061035156,25.400001525878906
1763888027558,778.6000061035156,25.400001525878906
1763888027574,776.6000061035156,25.400001525878906
1763888027716,778.6000061035156,23.400001525878906
1763888027724,778.6000061035156,23.400001525878906
1763888027741,779.6000061035156,20.400001525878906
1763888027757,779.6000061035156,18.400001525878906
1763888027774,780.6000061035156,18.400001525878906
1763888027828,782.6000061035156,18.400001525878906
1763888027916,781.6000061035156,18.400001525878906
1763888027931,778.6000061035156,18.400001525878906
1763888027941,777.6000061035156,18.400001525878906
1763888027957,771.6000061035156,18.400001525878906
1763888027974,767.6000061035156,18.400001525878906
1763888027991,766.6000061035156,18.400001525878906
1763888028019,765.6000061035156,18.400001525878906
1763888028124,764.6000061035156,19.400001525878906
1763888028140,764.6000061035156,22.400001525878906
1763888028157,764.6000061035156,24.400001525878906
1763888028174,764.6000061035156,25.400001525878906
1763888028190,764.6000061035156,26.400001525878906
1763888028207,764.6000061035156,27.400001525878906
1763888028224,765.6000061035156,27.400001525878906
1763888028274,765.6000061035156,28.400001525878906
1763888028364,765.6000061035156,28.400001525878906
1763888028374,765.6000061035156,27.400001525878906
1763888028390,765.6000061035156,23.400001525878906
1763888028407,765.6000061035156,21.400001525878906
1763888028424,767.6000061035156,18.400001525878906
1763888028440,768.6000061035156,17.400001525878906
1763888028508,769.6000061035156,17.400001525878906
1763888028523,773.6000061035156,15.400001525878906
1763888028540,773.6000061035156,15.400001525878906
1763888028557,775.6000061035156,15.400001525878906
1763888028573,776.6000061035156,14.400001525878906
1763888028676,776.6000061035156,15.400001525878906
1763888028690,776.6000061035156,17.400001525878906
1763888028707,776.6000061035156,21.400001525878906
1763888028723,776.6000061035156,23.400001525878906
1763888028740,776.6000061035156,26.400001525878906
1763888028757,775.6000061035156,26.400001525878906
1763888028812,774.6000061035156,26.400001525878906
1763888028823,774.6000061035156,26.400001525878906
1763888028840,772.6000061035156,27.400001525878906
1763888028908,771.6000061035156,27.400001525878906
1763888028931,771.6000061035156,25.400001525878906
1763888028940,771.6000061035156,24.400001525878906
1763888028956,770.6000061035156,21.400001525878906
1763888028973,770.6000061035156,20.400001525878906
1763888028995,770.6000061035156,18.400001525878906
1763888029019,771.6000061035156,17.400001525878906
1763888029090,772.6000061035156,17.400001525878906
1763888029106,775.6000061035156,17.400001525878906
1763888029123,775.6000061035156,17.400001525878906
1763888029140,779.6000061035156,17.400001525878906
1763888029156,783.6000061035156,17.400001525878906
1763888029173,784.6000061035156,17.400001525878906
1763888029190,785.6000061035156,17.400001525878906
1763888029206,787.6000061035156,17.400001525878906
1763888029223,787.6000061035156,17.400001525878906
1763888029252,789.6000061035156,17.400001525878906
1763888029267,790.6000061035156,17.400001525878906
1763888029284,790.6000061035156,17.400001525878906
1763888029332,791.6000061035156,17.400001525878906
1763888029348,792.6000061035156,18.400001525878906
1763888029372,793.6000061035156,18.400001525878906
1763888029379,794.6000061035156,19.400001525878906
1763888029444,794.6000061035156,20.400001525878906
1763888029524,794.6000061035156,20.400001525878906
1763888029716,794.6000061035156,21.400001525878906
1763888029723,795.6000061035156,21.400001525878906
1763888029740,796.6000061035156,22.400001525878906
1763888029756,798.6000061035156,24.400001525878906
1763888029772,799.6000061035156,26.400001525878906
1763888029889,799.6000061035156,24.400001525878906
1763888029906,799.6000061035156,23.400001525878906
1763888029922,798.6000061035156,23.400001525878906
1763888029939,798.6000061035156,22.400001525878906
1763888029956,798.6000061035156,21.400001525878906
1763888029987,795.6000061035156,19.400001525878906
1763888029995,794.6000061035156,18.400001525878906
1763888030072,794.6000061035156,18.400001525878906
1763888030089,791.6000061035156,18.400001525878906
1763888030105,787.6000061035156,18.400001525878906
1763888030122,785.6000061035156,18.400001525878906
1763888030180,784.6000061035156,18.400001525878906
1763888030195,783.6000061035156,18.400001525878906
1763888030268,782.6000061035156,18.400001525878906
1763888030356,783.6000061035156,18.400001525878906
1763888030372,785.6000061035156,19.400001525878906
1763888030389,787.6000061035156,19.400001525878906
1763888030405,788.6000061035156,19.400001525878906
1763888030422,791.6000061035156,21.400001525878906
1763888030439,792.6000061035156,21.400001525878906
1763888030459,794.6000061035156,22.400001525878906
1763888030484,795.6000061035156,22.400001525878906
1763888030522,796.6000061035156,23.400001525878906
1763888030540,797.6000061035156,24.400001525878906
1763888030563,798.6000061035156,26.400001525878906
1763888030579,800.6000061035156,27.400001525878906
1763888030595,800.6000061035156,28.400001525878906
1763888030611,800.6000061035156,30.400001525878906
1763888030628,800.6000061035156,30.400001525878906
1763888030692,800.6000061035156,32.400001525878906
1763888030707,800.6000061035156,32.400001525878906
1763888030722,799.6000061035156,33.400001525878906
1763888030738,799.6000061035156,34.400001525878906
1763888030755,798.6000061035156,35.400001525878906
1763888030948,798.6000061035156,34.400001525878906
1763888030955,798.6000061035156,33.400001525878906
1763888030971,798.6000061035156,32.400001525878906
1763888030988,798.6000061035156,30.400001525878906
1763888031011,798.6000061035156,28.400001525878906
1763888031068,798.6000061035156,28.400001525878906
1763888031172,798.6000061035156,28.400001525878906
1763888031188,800.6000061035156,28.400001525878906
1763888031204,802.6000061035156,28.400001525878906
1763888031221,803.6000061035156,29.400001525878906
1763888031238,804.6000061035156,30.400001525878906
1763888031254,804.6000061035156,32.400001525878906
1763888031271,804.6000061035156,32.400001525878906
1763888031288,805.6000061035156,33.400001525878906
1763888031304,806.6000061035156,34.400001525878906
1763888031321,806.6000061035156,35.400001525878906
1763888031371,806.6000061035156,35.400001525878906
1763888031421,806.6000061035156,36.400001525878906
1763888031438,804.6000061035156,38.400001525878906
1763888031454,802.6000061035156,38.400001525878906
1763888031471,800.6000061035156,38.400001525878906
1763888031488,798.6000061035156,37.400001525878906
1763888031504,796.6000061035156,36.400001525878906
1763888031660,794.6000061035156,36.400001525878906
1763888031675,793.6000061035156,36.400001525878906
1763888031687,792.6000061035156,37.400001525878906
1763888031804,789.6000061035156,35.400001525878906
1763888031821,785.6000061035156,32.400001525878906
1763888031837,784.6000061035156,31.400001525878906
1763888031854,783.6000061035156,30.400001525878906
1763888031948,782.6000061035156,30.400001525878906
1763888031955,781.6000061035156,31.400001525878906
1763888031970,779.6000061035156,32.400001525878906
1763888031987,777.6000061035156,33.400001525878906
1763888032004,774.6000061035156,34.400001525878906
1763888032172,773.6000061035156,34.400001525878906
1763888032188,773.6000061035156,34.400001525878906
1763888032292,772.6000061035156,34.400001525878906
1763888032303,772.6000061035156,33.400001525878906
1763888032323,772.6000061035156,32.400001525878906
1763888032347,772.6000061035156,31.400001525878906
1763888032355,772.6000061035156,30.400001525878906
1763888032370,772.6000061035156,29.400001525878906
1763888032387,772.6000061035156,26.400001525878906
1763888032403,772.6000061035156,24.400001525878906
1763888032420,772.6000061035156,21.400001525878906
1763888032470,771.6000061035156,21.400001525878906
1763888032487,769.6000061035156,21.400001525878906
1763888032503,766.6000061035156,24.400001525878906
1763888032520,765.6000061035156,25.400001525878906
1763888032537,763.6000061035156,29.400001525878906
1763888032553,762.6000061035156,30.400001525878906
1763888032579,762.6000061035156,32.400001525878906
1763888032587,762.6000061035156,33.400001525878906
1763888032603,762.6000061035156,34.400001525878906
1763888032620,762.6000061035156,35.400001525878906
1763888032637,762.6000061035156,37.400001525878906
1763888032659,762.6000061035156,37.400001525878906
1763888032683,762.6000061035156,39.400001525878906
1763888032699,762.6000061035156,40.400001525878906
1763888032715,762.6000061035156,41.400001525878906
1763888032772,762.6000061035156,42.400001525878906
1763888032892,762.6000061035156,41.400001525878906
1763888032904,762.6000061035156,39.400001525878906
1763888032920,762.6000061035156,37.400001525878906
1763888032937,762.6000061035156,36.400001525878906
1763888032987,762.6000061035156,34.400001525878906
1763888033037,762.6000061035156,34.400001525878906
1763888033067,761.6000061035156,34.400001525878906
1763888033083,761.6000061035156,35.400001525878906
1763888033091,761.6000061035156,35.400001525878906
1763888033104,761.6000061035156,36.400001525878906
1763888033120,759.6000061035156,38.400001525878906
1763888033137,759.6000061035156,40.400001525878906
1763888033154,758.6000061035156,41.400001525878906
1763888033170,758.6000061035156,43.400001525878906
1763888033187,757.6000061035156,45.400001525878906
1763888033203,757.6000061035156,47.400001525878906
1763888033308,757.6000061035156,48.400001525878906
1763888033324,758.6000061035156,48.400001525878906
1763888033348,760.6000061035156,48.400001525878906
1763888033356,761.6000061035156,47.400001525878906
1763888033370,763.6000061035156,45.400001525878906
1763888033387,765.6000061035156,42.400001525878906
1763888033403,766.6000061035156,39.400001525878906
1763888033420,766.6000061035156,39.400001525878906
1763888033443,766.6000061035156,37.400001525878906
1763888033460,766.6000061035156,36.400001525878906
1763888033475,768.6000061035156,35.400001525878906
1763888033491,768.6000061035156,34.400001525878906
1763888033604,768.6000061035156,35.400001525878906
1763888033620,768.6000061035156,36.400001525878906
1763888033670,768.6000061035156,37.400001525878906
1763888033720,769.6000061035156,37.400001525878906
1763888033736,771.6000061035156,35.400001525878906
1763888033753,773.6000061035156,32.400001525878906
1763888033770,773.6000061035156,30.400001525878906
1763888033786,773.6000061035156,27.400001525878906
1763888033803,775.6000061035156,26.400001525878906
1763888033820,775.6000061035156,25.400001525878906
1763888033843,776.6000061035156,24.400001525878906
1763888033853,777.6000061035156,24.400001525878906
1763888033870,781.6000061035156,24.400001525878906
1763888033886,785.6000061035156,24.400001525878906
1763888033903,788.6000061035156,24.400001525878906
1763888033920,789.6000061035156,27.400001525878906
1763888033936,793.6000061035156,29.400001525878906
1763888033986,796.6000061035156,30.400001525878906
1763888034004,796.6000061035156,30.400001525878906
1763888034019,798.6000061035156,32.400001525878906
1763888034036,800.6000061035156,34.400001525878906
1763888034100,801.6000061035156,35.400001525878906
1763888034116,801.6000061035156,37.400001525878906
1763888034123,801.6000061035156,38.400001525878906
1763888034140,801.6000061035156,40.400001525878906
1763888034212,801.6000061035156,40.400001525878906
1763888034340,800.6000061035156,42.400001525878906
1763888034356,800.6000061035156,42.400001525878906
1763888034452,800.6000061035156,42.400001525878906
1763888034469,801.6000061035156,42.400001525878906
1763888034486,802.6000061035156,42.400001525878906
1763888034502,803.6000061035156,42.400001525878906
1763888034519,804.6000061035156,43.400001525878906
1763888034612,804.6000061035156,44.400001525878906
1763888034619,805.6000061035156,45.400001525878906
1763888034636,806.6000061035156,47.400001525878906
1763888034652,808.6000061035156,49.400001525878906
1763888034724,808.6000061035156,50.400001525878906
1763888034740,808.6000061035156,52.400001525878906
1763888034752,807.6000061035156,53.400001525878906
1763888034769,806.6000061035156,54.400001525878906
1763888034785,805.6000061035156,54.400001525878906
1763888034852,805.6000061035156,54.400001525878906
1763888034869,804.6000061035156,55.400001525878906
1763888034892,804.6000061035156,55.400001525878906
1763888034902,802.6000061035156,55.400001525878906
1763888034924,801.6000061035156,55.400001525878906
1763888035004,800.6000061035156,55.400001525878906
1763888035028,800.6000061035156,54.400001525878906
1763888035035,800.6000061035156,53.400001525878906
1763888035052,800.6000061035156,50.400001525878906
1763888035069,800.6000061035156,49.400001525878906
1763888035085,800.6000061035156,46.400001525878906
1763888035316,799.6000061035156,45.400001525878906
1763888035436,798.6000061035156,44.400001525878906
1763888035452,798.6000061035156,41.400001525878906
1763888035474,794.6000061035156,36.400001525878906
1763888035491,792.6000061035156,32.400001525878906
1763888035507,791.6000061035156,28.400001525878906
1763888035564,790.6000061035156,27.400001525878906
1763888035668,790.6000061035156,27.400001525878906
1763888035676,788.6000061035156,28.400001525878906
1763888035690,787.6000061035156,29.400001525878906
1763888035707,786.6000061035156,31.400001525878906
1763888035724,783.6000061035156,33.400001525878906
1763888035740,783.6000061035156,33.400001525878906
1763888035772,782.6000061035156,33.400001525878906
1763888035828,781.6000061035156,34.400001525878906
1763888035844,780.6000061035156,34.400001525878906
1763888035932,779.6000061035156,34.400001525878906
1763888035940,778.6000061035156,34.400001525878906
1763888035957,776.6000061035156,35.400001525878906
1763888035973,775.6000061035156,36.400001525878906
1763888036004,775.6000061035156,38.400001525878906
1763888036020,775.6000061035156,38.400001525878906
1763888036148,776.6000061035156,39.400001525878906
1763888036196,776.6000061035156,39.400001525878906
1763888036207,777.6000061035156,40.400001525878906
1763888036223,778.6000061035156,41.400001525878906
1763888036240,778.6000061035156,42.400001525878906
1763888036256,778.6000061035156,43.400001525878906
1763888036273,778.6000061035156,45.400001525878906
1763888036290,778.6000061035156,47.400001525878906
1763888036428,778.6000061035156,47.400001525878906
1763888036444,778.6000061035156,48.400001525878906
1763888036788,777.6000061035156,47.400001525878906
1763888036796,778.6000061035156,47.400001525878906
1763888036812,780.6000061035156,45.400001525878906
1763888036823,782.6000061035156,45.400001525878906
1763888036844,783.6000061035156,45.400001525878906
1763888036977,784.6000061035156,45.400001525878906
1763888037132,783.6000061035156,45.400001525878906
1763888037144,783.6000061035156,46.400001525878906
1763888037160,782.6000061035156,47.400001525878906
1763888037236,781.6000061035156,46.400001525878906
1763888037244,780.6000061035156,45.400001525878906
1763888037260,780.6000061035156,41.400001525878906
1763888037277,780.6000061035156,36.400001525878906
1763888037294,780.6000061035156,33.400001525878906
1763888037310,780.6000061035156,30.400001525878906
1763888037327,780.6000061035156,29.400001525878906
1763888037388,780.6000061035156,28.400001525878906
1763888037396,777.6000061035156,26.400001525878906
1763888037410,777.6000061035156,26.400001525878906
1763888037427,777.6000061035156,22.400001525878906
1763888037443,774.6000061035156,21.400001525878906
1763888037476,774.6000061035156,21.400001525878906
1763888037518,773.6000061035156,21.400001525878906
1763888037527,773.6000061035156,22.400001525878906
1763888037543,771.6000061035156,26.400001525878906
1763888037560,771.6000061035156,29.400001525878906
1763888037577,771.6000061035156,31.400001525878906
1763888037627,770.6000061035156,31.400001525878906
1763888037643,769.6000061035156,31.400001525878906
1763888037660,765.6000061035156,31.400001525878906
1763888037756,765.6000061035156,31.400001525878906
1763888037793,764.6000061035156,31.400001525878906
1763888037820,763.6000061035156,31.400001525878906
1763888037884,762.6000061035156,30.400001525878906
1763888038012,762.6000061035156,30.400001525878906
1763888038036,761.6000061035156,33.400001525878906
1763888038124,761.6000061035156,33.400001525878906
1763888038132,761.6000061035156,35.400001525878906
1763888038143,760.6000061035156,36.400001525878906
1763888038159,759.6000061035156,37.400001525878906
1763888038276,758.6000061035156,38.400001525878906
1763888038293,757.6000061035156,38.400001525878906
1763888038343,757.6000061035156,36.400001525878906
1763888038359,757.6000061035156,35.400001525878906
1763888038376,757.6000061035156,33.400001525878906
1763888038393,757.6000061035156,31.400001525878906
1763888038409,757.6000061035156,29.400001525878906
1763888038442,760.6000061035156,25.400001525878906
1763888038459,761.6000061035156,24.400001525878906
1763888038476,762.6000061035156,21.400001525878906
1763888038492,764.6000061035156,21.400001525878906
1763888038509,765.6000061035156,20.400001525878906
1763888038526,766.6000061035156,18.400001525878906
1763888038548,767.6000061035156,18.400001525878906
1763888038612,768.6000061035156,18.400001525878906
1763888038626,769.6000061035156,18.400001525878906
1763888038642,771.6000061035156,18.400001525878906
1763888038659,773.6000061035156,18.400001525878906
1763888038676,775.6000061035156,17.400001525878906
1763888038700,776.6000061035156,17.400001525878906
1763888038772,777.6000061035156,17.400001525878906
1763888038788,778.6000061035156,17.400001525878906
1763888038825,779.6000061035156,17.400001525878906
1763888038842,781.6000061035156,17.400001525878906
1763888038859,783.6000061035156,17.400001525878906
1763888038875,784.6000061035156,17.400001525878906
1763888038892,785.6000061035156,17.400001525878906
1763888038942,786.6000061035156,17.400001525878906
1763888038996,787.6000061035156,18.400001525878906
1763888039020,788.6000061035156,18.400001525878906
1763888039028,789.6000061035156,19.400001525878906
1763888039084,790.6000061035156,19.400001525878906
1763888039092,791.6000061035156,19.400001525878906
1763888039148,792.6000061035156,20.400001525878906
1763888039164,792.6000061035156,21.400001525878906
1763888039208,794.6000061035156,22.400001525878906
1763888039268,795.6000061035156,23.400001525878906
1763888039276,797.6000061035156,25.400001525878906
1763888039292,798.6000061035156,25.400001525878906
1763888039308,799.6000061035156,28.400001525878906
1763888039325,801.6000061035156,29.400001525878906
1763888039342,802.6000061035156,30.400001525878906
1763888039358,802.6000061035156,31.400001525878906
1763888039408,803.6000061035156,32.400001525878906
1763888039458,804.6000061035156,32.400001525878906
1763888039475,804.6000061035156,32.400001525878906
1763888039525,805.6000061035156,33.400001525878906
1763888039542,806.6000061035156,35.400001525878906
1763888039564,806.6000061035156,36.400001525878906
1763888039588,806.6000061035156,38.400001525878906
1763888039604,806.6000061035156,38.400001525878906
1763888039641,806.6000061035156,40.400001525878906
1763888040004,807.6000061035156,40.400001525878906
1763888041044,768.6000061035156,176.4000015258789
1763888041068,766.6000061035156,176.4000015258789
1763888041076,765.6000061035156,176.4000015258789
1763888041085,763.6000061035156,175.4000015258789
1763888041102,762.6000061035156,173.4000015258789
1763888041119,760.6000061035156,171.4000015258789
1763888041135,757.6000061035156,166.4000015258789
1763888041152,756.6000061035156,164.4000015258789
1763888041169,755.6000061035156,161.4000015258789
1763888041185,753.6000061035156,158.4000015258789
1763888041202,753.6000061035156,153.4000015258789
1763888041219,753.6000061035156,152.4000015258789
1763888041235,753.6000061035156,152.4000015258789
1763888041300,753.6000061035156,153.4000015258789
1763888041308,754.6000061035156,156.4000015258789
1763888041319,754.6000061035156,159.4000015258789
1763888041335,756.6000061035156,163.4000015258789
1763888041352,756.6000061035156,166.4000015258789
1763888041369,756.6000061035156,168.4000015258789
1763888041385,757.6000061035156,171.4000015258789
1763888041460,756.6000061035156,172.4000015258789
1763888041476,754.6000061035156,170.4000015258789
1763888041485,753.6000061035156,168.4000015258789
1763888041502,753.6000061035156,162.4000015258789
1763888041518,750.6000061035156,158.4000015258789
1763888041535,749.6000061035156,156.4000015258789
1763888041552,748.6000061035156,156.4000015258789
1763888041628,748.6000061035156,157.4000015258789
1763888041636,748.6000061035156,159.4000015258789
1763888041652,748.6000061035156,164.4000015258789
1763888041668,748.6000061035156,170.4000015258789
1763888041685,748.6000061035156,175.4000015258789
1763888041702,748.6000061035156,179.4000015258789
1763888041718,748.6000061035156,179.4000015258789
1763888041796,748.6000061035156,178.4000015258789
1763888041804,748.6000061035156,176.4000015258789
1763888041818,748.6000061035156,175.4000015258789
1763888041835,748.6000061035156,168.4000015258789
1763888041852,748.6000061035156,163.4000015258789
1763888041868,750.6000061035156,158.4000015258789
1763888041885,751.6000061035156,156.4000015258789
1763888041901,752.6000061035156,154.4000015258789
1763888041988,753.6000061035156,156.4000015258789
1763888042001,753.6000061035156,160.4000015258789
1763888042018,752.6000061035156,161.4000015258789
1763888042035,751.6000061035156,164.4000015258789
1763888042051,750.6000061035156,167.4000015258789
1763888042068,750.6000061035156,169.4000015258789
1763888042124,750.6000061035156,168.4000015258789
1763888042135,750.6000061035156,165.4000015258789
1763888042151,750.6000061035156,157.4000015258789
1763888042168,750.6000061035156,151.4000015258789
1763888042185,750.6000061035156,148.4000015258789
1763888042201,750.6000061035156,145.4000015258789
1763888042218,750.6000061035156,143.4000015258789
1763888042234,750.6000061035156,141.4000015258789
1763888042251,750.6000061035156,138.4000015258789
1763888042268,750.6000061035156,135.4000015258789
1763888042284,750.6000061035156,134.4000015258789
1763888042301,750.6000061035156,133.4000015258789
1763888042318,751.6000061035156,130.4000015258789
1763888042334,751.6000061035156,128.4000015258789
1763888042351,751.6000061035156,126.4000015258789
1763888042368,752.6000061035156,125.4000015258789
1763888042484,753.6000061035156,126.4000015258789
1763888042501,754.6000061035156,128.4000015258789
1763888042518,754.6000061035156,132.4000015258789
1763888042534,754.6000061035156,135.4000015258789
1763888042551,754.6000061035156,137.4000015258789
1763888042568,754.6000061035156,139.4000015258789
1763888042584,754.6000061035156,140.4000015258789
1763888042601,754.6000061035156,141.4000015258789
1763888042772,753.6000061035156,142.4000015258789
1763888042788,753.6000061035156,141.4000015258789
1763888042804,753.6000061035156,138.4000015258789
1763888042817,753.6000061035156,136.4000015258789
1763888042834,753.6000061035156,133.4000015258789
1763888042851,753.6000061035156,131.4000015258789
1763888042924,754.6000061035156,130.4000015258789
1763888042967,754.6000061035156,131.4000015258789
1763888042984,754.6000061035156,132.4000015258789
1763888043001,754.6000061035156,134.4000015258789
1763888043017,754.6000061035156,136.4000015258789
1763888043180,754.6000061035156,135.4000015258789
1763888043188,754.6000061035156,133.4000015258789
1763888043200,754.6000061035156,131.4000015258789
1763888043217,754.6000061035156,127.4000015258789
1763888043234,754.6000061035156,124.4000015258789
1763888043250,756.6000061035156,122.4000015258789
1763888043367,756.6000061035156,123.4000015258789
1763888043384,755.6000061035156,128.4000015258789
1763888043400,755.6000061035156,130.4000015258789
1763888043492,756.6000061035156,128.4000015258789
1763888043500,756.6000061035156,126.4000015258789
1763888043517,760.6000061035156,122.4000015258789
1763888043533,762.6000061035156,120.4000015258789
1763888043550,764.6000061035156,118.4000015258789
1763888043572,764.6000061035156,116.4000015258789
1763888043617,763.6000061035156,115.4000015258789
1763888043644,762.6000061035156,114.4000015258789
1763888043652,762.6000061035156,113.4000015258789
1763888043700,762.6000061035156,112.4000015258789
1763888043716,763.6000061035156,111.4000015258789
1763888043733,764.6000061035156,111.4000015258789
1763888043750,767.6000061035156,111.4000015258789
1763888043766,772.6000061035156,111.4000015258789
1763888043783,776.6000061035156,111.4000015258789
1763888043800,780.6000061035156,111.4000015258789
1763888043816,782.6000061035156,111.4000015258789
1763888043833,783.6000061035156,112.4000015258789
1763888043850,784.6000061035156,112.4000015258789
1763888043940,783.6000061035156,112.4000015258789
1763888043950,780.6000061035156,114.4000015258789
1763888043966,775.6000061035156,114.4000015258789
1763888043983,771.6000061035156,116.4000015258789
1763888044000,768.6000061035156,116.4000015258789
1763888044020,767.6000061035156,116.4000015258789
1763888044066,764.6000061035156,117.4000015258789
1763888044083,761.6000061035156,118.4000015258789
1763888044100,760.6000061035156,119.4000015258789
1763888044116,759.6000061035156,119.4000015258789
1763888044133,758.6000061035156,120.4000015258789
1763888044188,760.6000061035156,121.4000015258789
1763888044199,761.6000061035156,121.4000015258789
1763888044216,772.6000061035156,121.4000015258789
1763888044233,785.6000061035156,121.4000015258789
1763888044249,795.6000061035156,121.4000015258789
1763888044266,797.6000061035156,120.4000015258789
1763888044283,799.6000061035156,120.4000015258789
1763888044299,800.6000061035156,120.4000015258789
1763888044316,800.6000061035156,121.4000015258789
1763888044396,800.6000061035156,123.4000015258789
1763888044404,797.6000061035156,124.4000015258789
1763888044416,792.6000061035156,124.4000015258789
1763888044433,785.6000061035156,124.4000015258789
1763888044449,782.6000061035156,124.4000015258789
1763888044466,779.6000061035156,123.4000015258789
1763888044483,777.6000061035156,123.4000015258789
1763888044499,777.6000061035156,123.4000015258789
1763888044549,775.6000061035156,123.4000015258789
1763888044660,776.6000061035156,122.4000015258789
1763888044668,777.6000061035156,122.4000015258789
1763888044682,779.6000061035156,121.4000015258789
1763888044699,783.6000061035156,120.4000015258789
1763888044716,787.6000061035156,117.4000015258789
1763888044732,789.6000061035156,117.4000015258789
1763888044749,789.6000061035156,117.4000015258789
1763888044799,789.6000061035156,116.4000015258789
1763888044816,785.6000061035156,113.4000015258789
1763888044832,777.6000061035156,110.4000015258789
1763888044849,777.6000061035156,110.4000015258789
1763888044866,773.6000061035156,109.4000015258789
1763888044884,773.6000061035156,109.4000015258789
1763888044899,772.6000061035156,109.4000015258789
1763888044915,769.6000061035156,109.4000015258789
1763888044932,766.6000061035156,112.4000015258789
1763888044949,766.6000061035156,113.4000015258789
1763888044965,765.6000061035156,114.4000015258789
1763888045020,765.6000061035156,115.4000015258789
1763888045116,765.6000061035156,115.4000015258789
1763888045132,767.6000061035156,115.4000015258789
1763888045149,771.6000061035156,115.4000015258789
1763888045165,772.6000061035156,115.4000015258789
1763888045182,774.6000061035156,115.4000015258789
1763888045199,775.6000061035156,116.4000015258789
1763888045215,775.6000061035156,117.4000015258789
1763888045284,774.6000061035156,118.4000015258789
1763888045298,771.6000061035156,120.4000015258789
1763888045315,769.6000061035156,121.4000015258789
1763888045332,766.6000061035156,122.4000015258789
1763888045348,765.6000061035156,122.4000015258789
1763888045564,766.6000061035156,122.4000015258789
1763888045582,771.6000061035156,122.4000015258789
1763888045598,780.6000061035156,122.4000015258789
1763888045615,782.6000061035156,122.4000015258789
1763888045631,784.6000061035156,122.4000015258789
1763888045648,785.6000061035156,122.4000015258789
1763888045665,786.6000061035156,122.4000015258789
1763888045716,787.6000061035156,123.4000015258789
1763888045765,787.6000061035156,124.4000015258789
1763888045781,785.6000061035156,126.4000015258789
1763888045798,781.6000061035156,129.4000015258789
1763888045815,780.6000061035156,129.4000015258789
1763888045831,776.6000061035156,129.4000015258789
1763888045848,773.6000061035156,129.4000015258789
1763888045865,769.6000061035156,129.4000015258789
1763888045932,768.6000061035156,128.4000015258789
1763888045964,768.6000061035156,128.4000015258789
1763888045981,771.6000061035156,125.4000015258789
1763888045998,775.6000061035156,125.4000015258789
1763888046014,779.6000061035156,124.4000015258789
1763888046031,782.6000061035156,124.4000015258789
1763888046048,785.6000061035156,122.4000015258789
1763888046065,787.6000061035156,122.4000015258789
1763888046140,789.6000061035156,122.4000015258789
1763888046204,789.6000061035156,124.4000015258789
1763888046214,787.6000061035156,124.4000015258789
1763888046231,783.6000061035156,126.4000015258789
1763888046248,779.6000061035156,127.4000015258789
1763888046264,775.6000061035156,129.4000015258789
1763888046281,771.6000061035156,129.4000015258789
1763888046298,768.6000061035156,129.4000015258789
1763888046314,764.6000061035156,131.4000015258789
1763888046331,761.6000061035156,132.4000015258789
1763888046348,760.6000061035156,133.4000015258789
1763888046364,758.6000061035156,135.4000015258789
1763888046381,757.6000061035156,136.4000015258789
1763888046397,757.6000061035156,137.4000015258789
1763888046414,757.6000061035156,140.4000015258789
1763888046431,757.6000061035156,141.4000015258789
1763888046484,758.6000061035156,141.4000015258789
1763888046497,759.6000061035156,141.4000015258789
1763888046514,765.6000061035156,141.4000015258789
1763888046531,769.6000061035156,141.4000015258789
1763888046547,772.6000061035156,141.4000015258789
1763888046564,773.6000061035156,141.4000015258789
1763888046588,774.6000061035156,141.4000015258789
1763888046597,775.6000061035156,141.4000015258789
1763888046620,776.6000061035156,141.4000015258789
1763888046631,778.6000061035156,142.4000015258789
1763888046647,780.6000061035156,144.4000015258789
1763888046724,780.6000061035156,144.4000015258789
1763888046732,780.6000061035156,145.4000015258789
1763888046747,780.6000061035156,147.4000015258789
1763888046764,775.6000061035156,150.4000015258789
1763888046780,772.6000061035156,150.4000015258789
1763888046797,770.6000061035156,150.4000015258789
1763888046828,768.6000061035156,150.4000015258789
1763888046864,768.6000061035156,150.4000015258789
1763888046880,766.6000061035156,150.4000015258789
1763888046897,766.6000061035156,150.4000015258789
1763888046947,764.6000061035156,150.4000015258789
1763888046964,762.6000061035156,150.4000015258789
1763888046996,761.6000061035156,149.4000015258789
1763888047030,766.6000061035156,148.4000015258789
1763888047047,784.6000061035156,147.4000015258789
1763888047064,800.6000061035156,144.4000015258789
1763888047080,804.6000061035156,144.4000015258789
1763888047097,805.6000061035156,143.4000015258789
1763888047147,806.6000061035156,143.4000015258789
1763888047164,807.6000061035156,144.4000015258789
1763888047228,805.6000061035156,146.4000015258789
1763888047236,802.6000061035156,148.4000015258789
1763888047247,800.6000061035156,149.4000015258789
1763888047263,794.6000061035156,150.4000015258789
1763888047280,791.6000061035156,151.4000015258789
1763888047297,790.6000061035156,151.4000015258789
1763888047313,789.6000061035156,151.4000015258789
1763888047330,788.6000061035156,151.4000015258789
1763888047347,785.6000061035156,151.4000015258789
1763888047363,783.6000061035156,151.4000015258789
1763888047380,777.6000061035156,151.4000015258789
1763888047397,776.6000061035156,151.4000015258789
1763888047413,773.6000061035156,151.4000015258789
1763888047430,773.6000061035156,151.4000015258789
1763888047447,772.6000061035156,150.4000015258789
1763888047497,772.6000061035156,149.4000015258789
1763888047513,773.6000061035156,149.4000015258789
1763888047530,775.6000061035156,146.4000015258789
1763888047547,777.6000061035156,145.4000015258789
1763888047564,777.6000061035156,143.4000015258789
1763888047580,778.6000061035156,142.4000015258789
1763888047597,779.6000061035156,141.4000015258789
1763888047647,779.6000061035156,141.4000015258789
1763888047664,781.6000061035156,141.4000015258789
1763888047788,781.6000061035156,141.4000015258789
1763888047830,782.6000061035156,142.4000015258789
1763888048621,781.6000061035156,142.4000015258789
1763888054869,111.60000610351562,77.4000015258789
1763888054904,111.60000610351562,77.4000015258789
1763888054932,112.60000610351562,77.4000015258789
1763888054956,113.60000610351562,77.4000015258789
1763888054972,114.60000610351562,77.4000015258789
1763888054980,115.60000610351562,78.4000015258789
1763888055036,116.60000610351562,79.4000015258789
1763888055044,117.60000610351562,80.4000015258789
1763888055091,118.60000610351562,80.4000015258789
1763888055260,118.60000610351562,80.4000015258789
1763888055274,120.60000610351562,79.4000015258789
1763888055291,122.60000610351562,76.4000015258789
1763888055307,122.60000610351562,76.4000015258789
1763888055324,123.60000610351562,75.4000015258789
1763888055341,124.60000610351562,74.4000015258789
1763888055396,125.60000610351562,73.4000015258789
1763888056404,118.60000610351562,75.4000015258789
1763888056420,118.60000610351562,75.4000015258789
1763888056428,117.60000610351562,75.4000015258789
1763888059084,776.6000061035156,127.4000015258789
1763888059092,776.6000061035156,127.4000015258789
1763888059108,780.6000061035156,127.4000015258789
1763888059125,783.6000061035156,127.4000015258789
1763888059136,783.6000061035156,127.4000015258789
1763888059153,786.6000061035156,125.4000015258789
1763888059171,787.6000061035156,125.4000015258789
1763888059196,788.6000061035156,125.4000015258789
1763888059237,789.6000061035156,125.4000015258789
1763888059254,790.6000061035156,125.4000015258789
1763888059271,792.6000061035156,126.4000015258789
1763888059287,792.6000061035156,127.4000015258789
1763888059308,792.6000061035156,128.4000015258789
1763888059332,792.6000061035156,128.4000015258789
1763888059340,792.6000061035156,130.4000015258789
1763888059354,792.6000061035156,131.4000015258789
1763888059370,792.6000061035156,134.4000015258789
1763888059387,792.6000061035156,136.4000015258789
1763888059404,790.6000061035156,138.4000015258789
1763888059420,788.6000061035156,140.4000015258789
1763888059437,787.6000061035156,141.4000015258789
1763888059533,788.6000061035156,139.4000015258789
1763888059540,791.6000061035156,138.4000015258789
1763888059554,792.6000061035156,137.4000015258789
1763888059570,797.6000061035156,135.4000015258789
1763888059587,800.6000061035156,133.4000015258789
1763888059645,800.6000061035156,134.4000015258789
1763888059653,800.6000061035156,136.4000015258789
1763888059670,800.6000061035156,138.4000015258789
1763888059687,800.6000061035156,141.4000015258789
1763888059703,799.6000061035156,143.4000015258789
1763888059788,797.6000061035156,140.4000015258789
1763888059803,797.6000061035156,138.4000015258789
1763888059820,800.6000061035156,131.4000015258789
1763888059893,800.6000061035156,134.4000015258789
1763888059903,800.6000061035156,134.4000015258789
1763888059920,800.6000061035156,138.4000015258789
1763888059937,800.6000061035156,141.4000015258789
1763888059953,799.6000061035156,141.4000015258789
1763888059970,798.6000061035156,141.4000015258789
1763888059987,797.6000061035156,142.4000015258789
1763888060036,797.6000061035156,140.4000015258789
1763888060053,796.6000061035156,136.4000015258789
1763888060070,794.6000061035156,134.4000015258789
1763888060120,793.6000061035156,136.4000015258789
1763888060136,793.6000061035156,142.4000015258789
1763888060153,790.6000061035156,151.4000015258789
1763888060170,790.6000061035156,155.4000015258789
1763888060186,788.6000061035156,157.4000015258789
1763888060285,788.6000061035156,156.4000015258789
1763888060292,790.6000061035156,153.4000015258789
1763888060303,791.6000061035156,152.4000015258789
1763888060320,793.6000061035156,149.4000015258789
1763888060373,794.6000061035156,149.4000015258789
1763888060419,795.6000061035156,152.4000015258789
1763888060436,795.6000061035156,155.4000015258789
1763888060453,795.6000061035156,160.4000015258789
1763888060503,796.6000061035156,160.4000015258789
1763888060524,796.6000061035156,160.4000015258789
1763888060548,798.6000061035156,159.4000015258789
1763888060556,799.6000061035156,156.4000015258789
1763888060569,799.6000061035156,151.4000015258789
1763888060586,799.6000061035156,145.4000015258789
1763888060603,799.6000061035156,142.4000015258789
1763888060619,799.6000061035156,141.4000015258789
1763888060669,797.6000061035156,141.4000015258789
1763888060686,794.6000061035156,147.4000015258789
1763888060703,794.6000061035156,149.4000015258789
1763888060719,792.6000061035156,151.4000015258789
1763888060736,792.6000061035156,153.4000015258789
1763888060821,792.6000061035156,150.4000015258789
1763888060836,792.6000061035156,148.4000015258789
1763888060852,795.6000061035156,139.4000015258789
1763888060869,795.6000061035156,136.4000015258789
1763888060886,795.6000061035156,134.4000015258789
1763888060908,794.6000061035156,134.4000015258789
1763888060924,793.6000061035156,134.4000015258789
1763888060936,792.6000061035156,134.4000015258789
1763888060952,791.6000061035156,134.4000015258789
1763888060969,788.6000061035156,138.4000015258789
1763888060986,784.6000061035156,140.4000015258789
1763888061002,784.6000061035156,143.4000015258789
1763888061019,784.6000061035156,143.4000015258789
1763888061100,784.6000061035156,142.4000015258789
1763888061108,784.6000061035156,140.4000015258789
1763888061119,784.6000061035156,137.4000015258789
1763888061136,784.6000061035156,129.4000015258789
1763888061152,782.6000061035156,126.4000015258789
1763888061172,781.6000061035156,125.4000015258789
1763888061219,777.6000061035156,128.4000015258789
1763888061236,775.6000061035156,134.4000015258789
1763888061252,770.6000061035156,141.4000015258789
1763888061269,770.6000061035156,143.4000015258789
1763888061285,770.6000061035156,144.4000015258789
1763888061335,770.6000061035156,144.4000015258789
1763888061352,771.6000061035156,144.4000015258789
1763888061369,775.6000061035156,141.4000015258789
1763888061385,778.6000061035156,135.4000015258789
1763888061402,781.6000061035156,129.4000015258789
1763888061419,781.6000061035156,126.4000015258789
1763888061485,779.6000061035156,128.4000015258789
1763888061502,776.6000061035156,135.4000015258789
1763888061519,775.6000061035156,138.4000015258789
1763888061535,774.6000061035156,140.4000015258789
1763888061552,774.6000061035156,143.4000015258789
1763888061613,775.6000061035156,141.4000015258789
1763888061620,777.6000061035156,138.4000015258789
1763888061635,779.6000061035156,136.4000015258789
1763888061652,783.6000061035156,126.4000015258789
1763888061668,783.6000061035156,121.4000015258789
1763888061685,783.6000061035156,120.4000015258789
1763888061702,783.6000061035156,119.4000015258789
1763888061835,782.6000061035156,119.4000015258789
1763888061852,782.6000061035156,121.4000015258789
1763888061868,780.6000061035156,132.4000015258789
1763888061885,780.6000061035156,136.4000015258789
1763888061902,781.6000061035156,137.4000015258789
1763888061918,780.6000061035156,137.4000015258789
1763888061940,780.6000061035156,137.4000015258789
1763888061964,780.6000061035156,138.4000015258789
1763888061972,780.6000061035156,139.4000015258789
1763888061985,781.6000061035156,140.4000015258789
1763888062004,782.6000061035156,140.4000015258789
1763888062018,783.6000061035156,140.4000015258789
1763888062035,785.6000061035156,137.4000015258789
1763888062051,786.6000061035156,130.4000015258789
1763888062068,786.6000061035156,121.4000015258789
1763888062085,780.6000061035156,113.4000015258789
1763888062101,777.6000061035156,111.4000015258789
1763888062118,776.6000061035156,111.4000015258789
1763888062135,773.6000061035156,111.4000015258789
1763888062151,771.6000061035156,112.4000015258789
1763888062168,770.6000061035156,118.4000015258789
1763888062185,768.6000061035156,126.4000015258789
1763888062201,767.6000061035156,131.4000015258789
1763888062218,767.6000061035156,134.4000015258789
1763888062235,767.6000061035156,136.4000015258789
1763888062251,767.6000061035156,137.4000015258789
1763888062268,767.6000061035156,138.4000015258789
1763888062285,768.6000061035156,139.4000015258789
1763888062308,770.6000061035156,139.4000015258789
1763888062324,772.6000061035156,137.4000015258789
1763888062334,773.6000061035156,134.4000015258789
1763888062351,775.6000061035156,125.4000015258789
1763888062368,775.6000061035156,117.4000015258789
1763888062384,775.6000061035156,115.4000015258789
1763888062412,774.6000061035156,114.4000015258789
1763888062420,773.6000061035156,116.4000015258789
1763888062434,772.6000061035156,120.4000015258789
1763888062451,769.6000061035156,130.4000015258789
1763888062468,768.6000061035156,134.4000015258789
1763888062484,767.6000061035156,141.4000015258789
1763888062501,766.6000061035156,142.4000015258789
1763888062518,766.6000061035156,144.4000015258789
1763888062605,767.6000061035156,140.4000015258789
1763888062618,767.6000061035156,137.4000015258789
1763888062634,767.6000061035156,130.4000015258789
1763888062651,767.6000061035156,127.4000015258789
1763888062668,765.6000061035156,126.4000015258789
1763888062693,764.6000061035156,126.4000015258789
1763888062701,762.6000061035156,127.4000015258789
1763888062717,760.6000061035156,135.4000015258789
1763888062734,759.6000061035156,143.4000015258789
1763888062751,757.6000061035156,148.4000015258789
1763888062767,757.6000061035156,149.4000015258789
1763888062784,757.6000061035156,150.4000015258789
1763888062837,757.6000061035156,149.4000015258789
1763888062851,757.6000061035156,144.4000015258789
1763888062867,758.6000061035156,135.4000015258789
1763888062884,758.6000061035156,126.4000015258789
1763888062901,758.6000061035156,115.4000015258789
1763888062917,758.6000061035156,113.4000015258789
1763888062934,757.6000061035156,112.4000015258789
1763888062951,756.6000061035156,112.4000015258789
1763888062981,753.6000061035156,115.4000015258789
1763888062988,752.6000061035156,118.4000015258789
1763888063001,749.6000061035156,123.4000015258789
1763888063017,744.6000061035156,132.4000015258789
1763888063034,744.6000061035156,135.4000015258789
1763888063051,744.6000061035156,137.4000015258789
1763888063141,744.6000061035156,136.4000015258789
1763888063150,744.6000061035156,133.4000015258789
1763888063167,747.6000061035156,127.4000015258789
1763888063184,748.6000061035156,121.4000015258789
1763888063200,749.6000061035156,116.4000015258789
1763888063253,749.6000061035156,115.4000015258789
1763888063267,748.6000061035156,115.4000015258789
1763888063284,745.6000061035156,115.4000015258789
1763888063300,739.6000061035156,119.4000015258789
1763888063317,739.6000061035156,126.4000015258789
1763888063334,737.6000061035156,130.4000015258789
1763888063350,737.6000061035156,133.4000015258789
1763888063367,737.6000061035156,135.4000015258789
1763888063384,740.6000061035156,137.4000015258789
1763888063400,740.6000061035156,138.4000015258789
1763888063461,743.6000061035156,140.4000015258789
1763888063468,744.6000061035156,142.4000015258789
1763888063483,744.6000061035156,142.4000015258789
1763888063500,744.6000061035156,145.4000015258789
1763888063517,748.6000061035156,151.4000015258789
1763888063533,749.6000061035156,153.4000015258789
1763888063550,752.6000061035156,156.4000015258789
1763888063567,753.6000061035156,159.4000015258789
1763888063617,753.6000061035156,159.4000015258789
1763888063669,754.6000061035156,158.4000015258789
1763888063683,753.6000061035156,156.4000015258789
1763888063700,750.6000061035156,148.4000015258789
1763888063717,748.6000061035156,136.4000015258789
1763888063733,746.6000061035156,130.4000015258789
1763888063750,743.6000061035156,126.4000015258789
1763888063767,743.6000061035156,124.4000015258789
1763888063783,743.6000061035156,123.4000015258789
1763888063800,741.6000061035156,121.4000015258789
1763888063877,741.6000061035156,123.4000015258789
1763888063884,741.6000061035156,126.4000015258789
1763888063900,741.6000061035156,127.4000015258789
1763888063916,741.6000061035156,137.4000015258789
1763888063933,741.6000061035156,139.4000015258789
1763888064066,743.6000061035156,137.4000015258789
1763888064083,744.6000061035156,135.4000015258789
1763888064100,746.6000061035156,132.4000015258789
1763888064116,746.6000061035156,129.4000015258789
1763888064133,746.6000061035156,128.4000015258789
1763888064213,747.6000061035156,128.4000015258789
1763888064220,748.6000061035156,128.4000015258789
1763888064233,749.6000061035156,131.4000015258789
1763888064249,749.6000061035156,140.4000015258789
1763888064266,750.6000061035156,147.4000015258789
1763888064283,752.6000061035156,152.4000015258789
1763888064299,752.6000061035156,153.4000015258789
1763888064316,752.6000061035156,154.4000015258789
1763888064333,752.6000061035156,158.4000015258789
1763888064349,752.6000061035156,161.4000015258789
1763888064366,752.6000061035156,164.4000015258789
1763888064383,752.6000061035156,166.4000015258789
1763888064399,752.6000061035156,169.4000015258789
1763888064416,753.6000061035156,170.4000015258789
1763888064433,753.6000061035156,172.4000015258789
1763888064449,753.6000061035156,174.4000015258789
1763888064466,754.6000061035156,177.4000015258789
1763888064549,754.6000061035156,175.4000015258789
1763888064566,752.6000061035156,171.4000015258789
1763888064582,752.6000061035156,166.4000015258789
1763888064599,751.6000061035156,161.4000015258789
1763888064616,749.6000061035156,158.4000015258789
1763888064632,749.6000061035156,155.4000015258789
1763888064649,747.6000061035156,154.4000015258789
1763888064666,747.6000061035156,153.4000015258789
1763888064682,746.6000061035156,152.4000015258789
1763888064749,745.6000061035156,157.4000015258789
1763888064766,745.6000061035156,162.4000015258789
1763888064782,744.6000061035156,167.4000015258789
1763888064799,742.6000061035156,172.4000015258789
1763888064816,742.6000061035156,177.4000015258789
1763888064832,742.6000061035156,180.4000015258789
1763888064849,742.6000061035156,181.4000015258789
1763888064957,742.6000061035156,180.4000015258789
1763888064965,742.6000061035156,178.4000015258789
1763888064982,739.6000061035156,169.4000015258789
1763888064999,737.6000061035156,162.4000015258789
1763888065232,736.6000061035156,168.4000015258789
1763888065249,736.6000061035156,176.4000015258789
1763888065265,736.6000061035156,179.4000015258789
1763888065332,737.6000061035156,185.4000015258789
1763888065397,738.6000061035156,184.4000015258789
1763888065405,740.6000061035156,181.4000015258789
1763888065415,743.6000061035156,174.4000015258789
1763888065432,746.6000061035156,163.4000015258789
1763888065448,751.6000061035156,153.4000015258789
1763888065470,752.6000061035156,148.4000015258789
1763888065525,752.6000061035156,151.4000015258789
1763888065533,752.6000061035156,155.4000015258789
1763888065549,752.6000061035156,163.4000015258789
1763888065566,752.6000061035156,169.4000015258789
1763888065582,752.6000061035156,173.4000015258789
1763888065599,752.6000061035156,177.4000015258789
1763888065616,752.6000061035156,178.4000015258789
1763888065685,754.6000061035156,176.4000015258789
1763888065699,755.6000061035156,174.4000015258789
1763888065715,758.6000061035156,165.4000015258789
1763888065732,760.6000061035156,155.4000015258789
1763888065749,760.6000061035156,152.4000015258789
1763888065765,761.6000061035156,151.4000015258789
1763888065789,761.6000061035156,153.4000015258789
1763888065799,761.6000061035156,156.4000015258789
1763888065815,761.6000061035156,166.4000015258789
1763888065832,761.6000061035156,175.4000015258789
1763888065849,762.6000061035156,181.4000015258789
1763888065865,762.6000061035156,182.4000015258789
1763888065882,763.6000061035156,183.4000015258789
1763888065941,763.6000061035156,181.4000015258789
1763888065948,766.6000061035156,177.4000015258789
1763888065965,768.6000061035156,165.4000015258789
1763888065982,769.6000061035156,151.4000015258789
1763888065998,771.6000061035156,148.4000015258789
1763888066048,771.6000061035156,148.4000015258789
1763888066065,771.6000061035156,156.4000015258789
1763888066082,771.6000061035156,161.4000015258789
1763888066098,771.6000061035156,167.4000015258789
1763888066115,771.6000061035156,171.4000015258789
1763888066132,771.6000061035156,174.4000015258789
1763888066205,771.6000061035156,171.4000015258789
1763888066215,773.6000061035156,166.4000015258789
1763888066232,773.6000061035156,159.4000015258789
1763888066248,775.6000061035156,148.4000015258789
1763888066265,778.6000061035156,141.4000015258789
1763888066315,779.6000061035156,140.4000015258789
1763888066332,780.6000061035156,144.4000015258789
1763888066348,781.6000061035156,156.4000015258789
1763888066365,783.6000061035156,161.4000015258789
1763888066381,783.6000061035156,163.4000015258789
1763888066398,784.6000061035156,163.4000015258789
1763888066448,785.6000061035156,162.4000015258789
1763888066453,785.6000061035156,160.4000015258789
1763888066613,785.6000061035156,149.4000015258789
1763888066629,785.6000061035156,148.4000015258789
1763888066637,785.6000061035156,147.4000015258789
1763888066648,785.6000061035156,145.4000015258789
1763888066665,785.6000061035156,140.4000015258789
1763888066681,785.6000061035156,135.4000015258789
1763888066698,785.6000061035156,130.4000015258789
1763888066715,785.6000061035156,129.4000015258789
1763888066731,785.6000061035156,126.4000015258789
1763888066789,787.6000061035156,125.4000015258789
1763888066798,788.6000061035156,125.4000015258789
1763888066814,790.6000061035156,126.4000015258789
1763888066831,792.6000061035156,131.4000015258789
1763888066848,793.6000061035156,134.4000015258789
1763888066864,795.6000061035156,136.4000015258789
1763888066881,796.6000061035156,138.4000015258789
1763888066898,798.6000061035156,141.4000015258789
1763888066914,800.6000061035156,144.4000015258789
1763888066931,800.6000061035156,145.4000015258789
1763888066948,800.6000061035156,147.4000015258789
1763888067013,800.6000061035156,145.4000015258789
1763888067021,800.6000061035156,140.4000015258789
1763888067031,800.6000061035156,134.4000015258789
1763888067048,800.6000061035156,126.4000015258789
1763888067064,800.6000061035156,119.4000015258789
1763888067081,800.6000061035156,115.4000015258789
1763888067133,800.6000061035156,115.4000015258789
1763888067147,803.6000061035156,117.4000015258789
1763888067164,803.6000061035156,124.4000015258789
1763888067181,809.6000061035156,137.4000015258789
1763888067197,811.6000061035156,139.4000015258789
1763888067214,811.6000061035156,142.4000015258789
1763888067231,813.6000061035156,145.4000015258789
1763888067247,814.6000061035156,146.4000015258789
1763888067264,815.6000061035156,148.4000015258789
1763888067281,816.6000061035156,151.4000015258789
1763888067297,818.6000061035156,153.4000015258789
1763888067314,818.6000061035156,155.4000015258789
1763888067331,819.6000061035156,159.4000015258789
1763888067349,819.6000061035156,159.4000015258789
1763888067364,820.6000061035156,160.4000015258789
1763888067381,821.6000061035156,162.4000015258789
1763888067397,821.6000061035156,163.4000015258789
1763888067414,821.6000061035156,165.4000015258789
1763888067431,821.6000061035156,166.4000015258789
1763888067447,821.6000061035156,168.4000015258789
1763888067464,821.6000061035156,170.4000015258789
1763888067481,821.6000061035156,171.4000015258789
1763888067497,820.6000061035156,173.4000015258789
1763888067514,818.6000061035156,175.4000015258789
1763888067530,815.6000061035156,177.4000015258789
1763888067547,815.6000061035156,179.4000015258789
1763888067564,814.6000061035156,181.4000015258789
1763888067580,813.6000061035156,182.4000015258789
1763888067597,813.6000061035156,184.4000015258789
1763888067614,812.6000061035156,185.4000015258789
1763888067630,811.6000061035156,189.4000015258789
1763888067647,810.6000061035156,191.4000015258789
1763888067765,810.6000061035156,190.4000015258789
1763888067780,810.6000061035156,188.4000015258789
1763888067797,811.6000061035156,178.4000015258789
1763888067814,814.6000061035156,173.4000015258789
1763888067830,814.6000061035156,170.4000015258789
1763888067847,814.6000061035156,168.4000015258789
1763888067863,814.6000061035156,166.4000015258789
1763888067880,815.6000061035156,165.4000015258789
1763888067897,815.6000061035156,164.4000015258789
1763888067963,817.6000061035156,164.4000015258789
1763888067997,818.6000061035156,164.4000015258789
1763888068013,820.6000061035156,164.4000015258789
1763888068037,820.6000061035156,165.4000015258789
1763888068053,820.6000061035156,167.4000015258789
1763888068063,820.6000061035156,169.4000015258789
1763888068080,822.6000061035156,174.4000015258789
1763888068097,822.6000061035156,176.4000015258789
1763888068113,822.6000061035156,177.4000015258789
1763888068130,822.6000061035156,178.4000015258789
1763888068157,822.6000061035156,179.4000015258789
1763888068173,822.6000061035156,181.4000015258789
1763888068180,821.6000061035156,181.4000015258789
1763888068197,820.6000061035156,184.4000015258789
1763888068213,820.6000061035156,185.4000015258789
1763888068230,820.6000061035156,186.4000015258789
1763888068246,820.6000061035156,188.4000015258789
1763888068263,819.6000061035156,190.4000015258789
1763888068285,819.6000061035156,191.4000015258789
1763888068301,819.6000061035156,193.4000015258789
1763888068313,819.6000061035156,195.4000015258789
1763888068330,819.6000061035156,196.4000015258789
1763888068346,819.6000061035156,198.4000015258789
1763888068365,819.6000061035156,200.4000015258789
1763888068413,819.6000061035156,200.4000015258789
1763888068430,819.6000061035156,202.4000015258789
1763888068517,819.6000061035156,201.4000015258789
1763888068530,819.6000061035156,199.4000015258789
1763888068546,819.6000061035156,196.4000015258789
1763888068563,819.6000061035156,192.4000015258789
1763888068580,819.6000061035156,189.4000015258789
1763888068596,820.6000061035156,186.4000015258789
1763888068613,820.6000061035156,181.4000015258789
1763888068629,820.6000061035156,177.4000015258789
1763888068646,820.6000061035156,174.4000015258789
1763888068663,820.6000061035156,172.4000015258789
1763888068679,820.6000061035156,170.4000015258789
1763888068837,820.6000061035156,171.4000015258789
1763888068846,820.6000061035156,173.4000015258789
1763888068863,820.6000061035156,181.4000015258789
1763888068879,820.6000061035156,187.4000015258789
1763888068896,820.6000061035156,193.4000015258789
1763888068913,820.6000061035156,197.4000015258789
1763888068929,820.6000061035156,201.4000015258789
1763888068946,820.6000061035156,204.4000015258789
1763888068963,820.6000061035156,205.4000015258789
1763888068979,820.6000061035156,206.4000015258789
1763888068996,820.6000061035156,207.4000015258789
1763888069013,820.6000061035156,209.4000015258789
1763888069029,820.6000061035156,212.4000015258789
1763888069046,820.6000061035156,213.4000015258789
1763888069117,820.6000061035156,214.4000015258789
1763888069129,820.6000061035156,216.4000015258789
1763888069146,820.6000061035156,217.4000015258789
1763888069162,819.6000061035156,219.4000015258789
1763888069181,818.6000061035156,220.4000015258789
1763888069205,817.6000061035156,220.4000015258789
1763888069221,816.6000061035156,220.4000015258789
1763888069237,814.6000061035156,221.4000015258789
1763888069253,813.6000061035156,221.4000015258789
1763888069262,813.6000061035156,221.4000015258789
1763888069279,811.6000061035156,221.4000015258789
1763888069296,810.6000061035156,221.4000015258789
1763888069325,809.6000061035156,221.4000015258789
1763888069341,808.6000061035156,221.4000015258789
1763888069349,807.6000061035156,222.4000015258789
1763888069437,807.6000061035156,221.4000015258789
1763888069445,807.6000061035156,220.4000015258789
1763888069462,807.6000061035156,219.4000015258789
1763888069479,808.6000061035156,217.4000015258789
1763888069495,811.6000061035156,213.4000015258789
1763888069512,812.6000061035156,211.4000015258789
1763888069529,814.6000061035156,208.4000015258789
1763888069545,815.6000061035156,206.4000015258789
1763888069573,816.6000061035156,205.4000015258789
1763888069645,816.6000061035156,205.4000015258789
1763888069662,815.6000061035156,207.4000015258789
1763888069679,813.6000061035156,211.4000015258789
1763888069695,813.6000061035156,216.4000015258789
1763888069712,811.6000061035156,219.4000015258789
1763888069729,810.6000061035156,223.4000015258789
1763888069745,809.6000061035156,225.4000015258789
1763888069762,809.6000061035156,226.4000015258789
1763888069893,809.6000061035156,225.4000015258789
1763888069901,809.6000061035156,222.4000015258789
1763888069912,810.6000061035156,220.4000015258789
1763888069928,812.6000061035156,217.4000015258789
1763888069945,813.6000061035156,216.4000015258789
1763888069962,814.6000061035156,215.4000015258789
1763888070037,814.6000061035156,216.4000015258789
1763888070045,814.6000061035156,218.4000015258789
1763888070062,810.6000061035156,221.4000015258789
1763888070078,808.6000061035156,224.4000015258789
1763888070095,806.6000061035156,225.4000015258789
1763888070117,805.6000061035156,225.4000015258789
1763888070128,804.6000061035156,225.4000015258789
1763888070197,802.6000061035156,225.4000015258789
1763888070211,800.6000061035156,225.4000015258789
1763888070228,799.6000061035156,225.4000015258789
1763888070245,795.6000061035156,225.4000015258789
1763888070261,795.6000061035156,225.4000015258789
1763888070278,793.6000061035156,225.4000015258789
1763888070349,792.6000061035156,224.4000015258789
1763888070365,794.6000061035156,221.4000015258789
1763888070381,795.6000061035156,220.4000015258789
1763888070428,795.6000061035156,221.4000015258789
1763888070445,795.6000061035156,228.4000015258789
1763888070461,795.6000061035156,230.4000015258789
1763888070478,793.6000061035156,232.4000015258789
1763888070494,791.6000061035156,234.4000015258789
1763888070511,790.6000061035156,234.4000015258789
1763888070528,787.6000061035156,234.4000015258789
1763888070557,786.6000061035156,234.4000015258789
1763888070605,785.6000061035156,234.4000015258789
1763888070621,784.6000061035156,234.4000015258789
1763888070685,783.6000061035156,234.4000015258789
1763888070781,782.6000061035156,234.4000015258789
1763888070797,782.6000061035156,234.4000015258789
1763888070811,781.6000061035156,233.4000015258789
1763888070828,780.6000061035156,233.4000015258789
1763888070844,779.6000061035156,233.4000015258789
1763888070861,779.6000061035156,232.4000015258789
1763888070878,778.6000061035156,231.4000015258789
1763888070927,777.6000061035156,231.4000015258789
1763888070944,777.6000061035156,230.4000015258789
1763888070997,777.6000061035156,230.4000015258789
1763888071011,779.6000061035156,227.4000015258789
1763888071027,781.6000061035156,227.4000015258789
1763888071044,784.6000061035156,227.4000015258789
1763888071061,788.6000061035156,227.4000015258789
1763888071077,791.6000061035156,226.4000015258789
1763888071094,792.6000061035156,225.4000015258789
1763888071117,793.6000061035156,224.4000015258789
1763888071213,790.6000061035156,224.4000015258789
1763888071227,790.6000061035156,224.4000015258789
1763888071244,785.6000061035156,224.4000015258789
1763888071261,782.6000061035156,224.4000015258789
1763888071277,778.6000061035156,225.4000015258789
1763888071294,776.6000061035156,226.4000015258789
1763888071311,774.6000061035156,226.4000015258789
1763888071327,771.6000061035156,227.4000015258789
1763888071344,768.6000061035156,229.4000015258789
1763888071360,767.6000061035156,230.4000015258789
1763888071461,767.6000061035156,231.4000015258789
1763888071477,768.6000061035156,232.4000015258789
1763888071494,770.6000061035156,234.4000015258789
1763888071510,772.6000061035156,234.4000015258789
1763888071527,774.6000061035156,234.4000015258789
1763888071544,774.6000061035156,234.4000015258789
1763888071560,777.6000061035156,234.4000015258789
1763888071577,778.6000061035156,234.4000015258789
1763888071594,780.6000061035156,234.4000015258789
1763888071613,781.6000061035156,234.4000015258789
1763888071627,782.6000061035156,234.4000015258789
1763888071645,782.6000061035156,232.4000015258789
1763888071717,781.6000061035156,231.4000015258789
1763888071727,779.6000061035156,231.4000015258789
1763888071743,776.6000061035156,231.4000015258789
1763888071760,774.6000061035156,231.4000015258789
1763888071781,773.6000061035156,231.4000015258789
1763888071797,772.6000061035156,231.4000015258789
1763888071810,772.6000061035156,230.4000015258789
1763888071827,772.6000061035156,229.4000015258789
1763888071843,772.6000061035156,225.4000015258789
1763888071860,774.6000061035156,221.4000015258789
1763888071877,778.6000061035156,218.4000015258789
1763888071893,780.6000061035156,217.4000015258789
1763888071910,782.6000061035156,215.4000015258789
1763888071927,784.6000061035156,215.4000015258789
1763888071943,786.6000061035156,215.4000015258789
1763888071960,789.6000061035156,213.4000015258789
1763888071977,790.6000061035156,212.4000015258789
1763888071993,792.6000061035156,211.4000015258789
1763888072085,790.6000061035156,211.4000015258789
1763888072093,788.6000061035156,211.4000015258789
1763888072110,783.6000061035156,211.4000015258789
1763888072126,781.6000061035156,211.4000015258789
1763888072143,781.6000061035156,211.4000015258789
1763888072237,784.6000061035156,211.4000015258789
1763888072245,785.6000061035156,211.4000015258789
1763888072260,787.6000061035156,211.4000015258789
1763888072276,789.6000061035156,211.4000015258789
1763888072293,792.6000061035156,214.4000015258789
1763888072317,792.6000061035156,215.4000015258789
1763888072333,792.6000061035156,215.4000015258789
1763888072349,792.6000061035156,217.4000015258789
1763888072360,792.6000061035156,218.4000015258789
1763888072376,790.6000061035156,220.4000015258789
1763888072393,788.6000061035156,220.4000015258789
1763888072410,786.6000061035156,221.4000015258789
1763888072426,786.6000061035156,221.4000015258789
1763888072443,785.6000061035156,221.4000015258789
1763888072461,783.6000061035156,221.4000015258789
1763888072476,783.6000061035156,220.4000015258789
1763888072597,782.6000061035156,219.4000015258789
1763888072609,783.6000061035156,218.4000015258789
1763888072626,788.6000061035156,216.4000015258789
1763888072643,798.6000061035156,211.4000015258789
1763888072659,803.6000061035156,209.4000015258789
1763888072676,805.6000061035156,208.4000015258789
1763888072693,805.6000061035156,207.4000015258789
1763888072709,807.6000061035156,205.4000015258789
1763888072726,810.6000061035156,201.4000015258789
1763888072743,811.6000061035156,199.4000015258789
1763888072765,812.6000061035156,198.4000015258789
1763888072837,812.6000061035156,198.4000015258789
1763888072845,809.6000061035156,198.4000015258789
1763888072859,806.6000061035156,198.4000015258789
1763888072876,802.6000061035156,198.4000015258789
1763888072892,799.6000061035156,198.4000015258789
1763888072989,799.6000061035156,200.4000015258789
1763888073053,799.6000061035156,201.4000015258789
1763888073069,800.6000061035156,202.4000015258789
1763888073077,800.6000061035156,203.4000015258789
1763888073092,801.6000061035156,205.4000015258789
1763888073109,801.6000061035156,209.4000015258789
1763888073126,801.6000061035156,210.4000015258789
1763888073142,801.6000061035156,211.4000015258789
1763888073242,801.6000061035156,212.4000015258789
1763888073259,800.6000061035156,214.4000015258789
1763888073275,799.6000061035156,214.4000015258789
1763888073292,798.6000061035156,214.4000015258789
1763888073349,798.6000061035156,214.4000015258789
1763888073359,798.6000061035156,213.4000015258789
1763888073375,800.6000061035156,210.4000015258789
1763888073392,803.6000061035156,207.4000015258789
1763888073409,806.6000061035156,207.4000015258789
1763888073425,807.6000061035156,207.4000015258789
1763888073453,808.6000061035156,206.4000015258789
1763888073492,810.6000061035156,205.4000015258789
1763888073509,810.6000061035156,204.4000015258789
1763888073541,810.6000061035156,204.4000015258789
1763888073549,810.6000061035156,202.4000015258789
1763888073558,810.6000061035156,201.4000015258789
1763888073575,805.6000061035156,195.4000015258789
1763888073592,802.6000061035156,194.4000015258789
1763888073609,796.6000061035156,191.4000015258789
1763888073625,791.6000061035156,191.4000015258789
1763888073642,789.6000061035156,191.4000015258789
1763888073659,786.6000061035156,191.4000015258789
1763888073675,782.6000061035156,191.4000015258789
1763888073692,781.6000061035156,191.4000015258789
1763888073709,777.6000061035156,191.4000015258789
1763888073725,774.6000061035156,191.4000015258789
1763888073742,773.6000061035156,191.4000015258789
1763888073759,771.6000061035156,190.4000015258789
1763888073775,769.6000061035156,186.4000015258789
1763888073792,769.6000061035156,185.4000015258789
1763888073808,769.6000061035156,181.4000015258789
1763888073825,769.6000061035156,176.4000015258789
1763888073842,771.6000061035156,172.4000015258789
1763888073858,775.6000061035156,168.4000015258789
1763888073875,777.6000061035156,167.4000015258789
1763888073892,779.6000061035156,166.4000015258789
1763888074005,778.6000061035156,165.4000015258789
1763888074013,777.6000061035156,165.4000015258789
1763888074025,776.6000061035156,165.4000015258789
1763888074041,774.6000061035156,166.4000015258789
1763888074058,771.6000061035156,168.4000015258789
1763888074075,768.6000061035156,169.4000015258789
1763888074091,768.6000061035156,169.4000015258789
1763888074141,767.6000061035156,168.4000015258789
1763888074158,767.6000061035156,166.4000015258789
1763888074175,769.6000061035156,159.4000015258789
1763888074191,771.6000061035156,157.4000015258789
1763888074208,773.6000061035156,157.4000015258789
1763888074229,773.6000061035156,155.4000015258789
1763888074301,771.6000061035156,155.4000015258789
1763888074309,767.6000061035156,156.4000015258789
1763888074325,763.6000061035156,159.4000015258789
1763888074341,761.6000061035156,161.4000015258789
1763888074358,761.6000061035156,161.4000015258789
1763888074445,760.6000061035156,160.4000015258789
1763888074458,760.6000061035156,158.4000015258789
1763888074474,760.6000061035156,154.4000015258789
1763888074491,760.6000061035156,152.4000015258789
1763888074508,761.6000061035156,150.4000015258789
1763888074558,761.6000061035156,151.4000015258789
1763888074574,763.6000061035156,154.4000015258789
1763888074591,764.6000061035156,159.4000015258789
1763888074608,764.6000061035156,163.4000015258789
1763888074624,764.6000061035156,167.4000015258789
1763888074641,765.6000061035156,171.4000015258789
1763888074658,765.6000061035156,173.4000015258789
1763888074674,765.6000061035156,175.4000015258789
1763888074733,766.6000061035156,175.4000015258789
1763888074741,766.6000061035156,174.4000015258789
1763888074758,769.6000061035156,163.4000015258789
1763888074774,769.6000061035156,153.4000015258789
1763888074791,769.6000061035156,146.4000015258789
1763888074807,769.6000061035156,142.4000015258789
1763888074885,769.6000061035156,142.4000015258789
1763888074989,769.6000061035156,144.4000015258789
1763888074997,769.6000061035156,146.4000015258789
1763888075007,769.6000061035156,152.4000015258789
1763888075024,768.6000061035156,163.4000015258789
1763888075041,765.6000061035156,167.4000015258789
1763888075058,764.6000061035156,170.4000015258789
1763888075125,764.6000061035156,171.4000015258789
1763888075141,762.6000061035156,169.4000015258789
1763888075158,762.6000061035156,164.4000015258789
1763888075175,759.6000061035156,159.4000015258789
1763888075191,759.6000061035156,145.4000015258789
1763888075208,759.6000061035156,137.4000015258789
1763888075225,759.6000061035156,133.4000015258789
1763888075241,759.6000061035156,130.4000015258789
1763888075309,759.6000061035156,130.4000015258789
1763888075324,759.6000061035156,133.4000015258789
1763888075341,760.6000061035156,143.4000015258789
1763888075358,761.6000061035156,149.4000015258789
1763888075374,762.6000061035156,155.4000015258789
1763888075391,763.6000061035156,157.4000015258789
1763888075408,763.6000061035156,158.4000015258789
1763888075424,764.6000061035156,159.4000015258789
1763888075477,764.6000061035156,159.4000015258789
1763888075491,767.6000061035156,154.4000015258789
1763888075508,773.6000061035156,147.4000015258789
1763888075524,786.6000061035156,138.4000015258789
1763888075541,791.6000061035156,134.4000015258789
1763888075558,792.6000061035156,134.4000015258789
1763888075574,794.6000061035156,134.4000015258789
1763888075591,798.6000061035156,140.4000015258789
1763888075608,798.6000061035156,145.4000015258789
1763888075624,799.6000061035156,152.4000015258789
1763888075641,799.6000061035156,156.4000015258789
1763888075657,799.6000061035156,157.4000015258789
1763888075709,799.6000061035156,157.4000015258789
1763888075724,799.6000061035156,155.4000015258789
1763888075741,799.6000061035156,145.4000015258789
1763888075757,799.6000061035156,135.4000015258789
1763888075774,798.6000061035156,126.4000015258789
1763888075791,797.6000061035156,124.4000015258789
1763888075807,797.6000061035156,123.4000015258789
1763888075885,797.6000061035156,129.4000015258789
1763888075893,798.6000061035156,132.4000015258789
1763888075907,798.6000061035156,135.4000015258789
1763888075924,802.6000061035156,140.4000015258789
1763888075941,804.6000061035156,145.4000015258789
1763888075957,804.6000061035156,148.4000015258789
1763888075974,805.6000061035156,151.4000015258789
1763888075990,806.6000061035156,154.4000015258789
1763888076007,806.6000061035156,155.4000015258789
1763888076024,806.6000061035156,156.4000015258789
1763888076045,806.6000061035156,156.4000015258789
1763888076069,806.6000061035156,159.4000015258789
1763888076077,806.6000061035156,160.4000015258789
1763888076090,806.6000061035156,161.4000015258789
1763888076107,806.6000061035156,164.4000015258789
1763888076124,806.6000061035156,165.4000015258789
1763888076140,806.6000061035156,166.4000015258789
1763888076157,804.6000061035156,168.4000015258789
1763888076174,804.6000061035156,170.4000015258789
1763888076190,804.6000061035156,171.4000015258789
1763888076253,803.6000061035156,170.4000015258789
1763888076261,803.6000061035156,168.4000015258789
1763888076274,803.6000061035156,166.4000015258789
1763888076290,803.6000061035156,158.4000015258789
1763888076307,800.6000061035156,150.4000015258789
1763888076324,797.6000061035156,142.4000015258789
1763888076340,796.6000061035156,136.4000015258789
1763888076357,795.6000061035156,128.4000015258789
1763888076374,794.6000061035156,124.4000015258789
1763888076390,794.6000061035156,122.4000015258789
1763888076407,794.6000061035156,121.4000015258789
1763888076501,794.6000061035156,123.4000015258789
1763888076509,794.6000061035156,127.4000015258789
1763888076523,796.6000061035156,132.4000015258789
1763888076540,797.6000061035156,139.4000015258789
1763888076557,798.6000061035156,147.4000015258789
1763888076573,799.6000061035156,150.4000015258789
1763888076590,800.6000061035156,150.4000015258789
1763888076661,800.6000061035156,151.4000015258789
1763888076673,800.6000061035156,152.4000015258789
1763888076690,800.6000061035156,155.4000015258789
1763888076707,800.6000061035156,156.4000015258789
1763888076723,800.6000061035156,158.4000015258789
1763888076740,800.6000061035156,160.4000015258789
1763888076757,800.6000061035156,160.4000015258789
1763888076829,800.6000061035156,159.4000015258789
1763888076840,800.6000061035156,158.4000015258789
1763888076856,800.6000061035156,150.4000015258789
1763888076873,800.6000061035156,144.4000015258789
1763888076890,800.6000061035156,140.4000015258789
1763888076906,800.6000061035156,138.4000015258789
1763888076923,800.6000061035156,136.4000015258789
1763888076940,800.6000061035156,133.4000015258789
1763888076956,797.6000061035156,129.4000015258789
1763888076973,796.6000061035156,126.4000015258789
1763888076990,796.6000061035156,124.4000015258789
1763888077006,796.6000061035156,124.4000015258789
1763888077023,795.6000061035156,121.4000015258789
1763888077040,795.6000061035156,119.4000015258789
1763888077056,795.6000061035156,116.4000015258789
1763888077073,795.6000061035156,114.4000015258789
1763888077090,795.6000061035156,112.4000015258789
1763888077106,795.6000061035156,112.4000015258789
1763888077123,794.6000061035156,110.4000015258789
1763888077139,792.6000061035156,108.4000015258789
1763888077156,792.6000061035156,107.4000015258789
1763888077173,792.6000061035156,105.4000015258789
1763888077189,791.6000061035156,104.4000015258789
1763888077309,792.6000061035156,106.4000015258789
1763888077323,792.6000061035156,107.4000015258789
1763888077339,795.6000061035156,110.4000015258789
1763888077356,795.6000061035156,114.4000015258789
1763888077373,797.6000061035156,115.4000015258789
1763888077389,798.6000061035156,118.4000015258789
1763888077406,799.6000061035156,120.4000015258789
1763888077423,800.6000061035156,122.4000015258789
1763888077439,802.6000061035156,126.4000015258789
1763888077456,802.6000061035156,127.4000015258789
1763888077473,803.6000061035156,130.4000015258789
1763888077489,803.6000061035156,130.4000015258789
1763888077509,803.6000061035156,132.4000015258789
1763888077533,803.6000061035156,133.4000015258789
1763888077541,804.6000061035156,134.4000015258789
1763888077556,804.6000061035156,135.4000015258789
1763888077572,804.6000061035156,137.4000015258789
1763888077589,805.6000061035156,140.4000015258789
1763888077606,805.6000061035156,142.4000015258789
1763888077622,805.6000061035156,144.4000015258789
1763888077639,805.6000061035156,145.4000015258789
1763888077656,807.6000061035156,147.4000015258789
1763888077672,807.6000061035156,149.4000015258789
1763888077689,807.6000061035156,152.4000015258789
1763888077706,807.6000061035156,154.4000015258789
1763888077722,807.6000061035156,157.4000015258789
1763888077739,807.6000061035156,161.4000015258789
1763888077756,806.6000061035156,163.4000015258789
1763888077772,803.6000061035156,168.4000015258789
1763888077789,801.6000061035156,168.4000015258789
1763888077806,800.6000061035156,172.4000015258789
1763888077822,799.6000061035156,175.4000015258789
1763888077839,799.6000061035156,178.4000015258789
1763888077856,797.6000061035156,182.4000015258789
1763888077872,797.6000061035156,184.4000015258789
1763888077889,795.6000061035156,186.4000015258789
1763888077906,794.6000061035156,190.4000015258789
1763888077922,792.6000061035156,193.4000015258789
1763888077939,790.6000061035156,195.4000015258789
1763888077955,790.6000061035156,196.4000015258789
1763888077981,790.6000061035156,197.4000015258789
1763888077989,790.6000061035156,198.4000015258789
1763888078045,789.6000061035156,199.4000015258789
1763888078061,788.6000061035156,199.4000015258789
1763888078072,787.6000061035156,197.4000015258789
1763888078089,782.6000061035156,191.4000015258789
1763888078105,781.6000061035156,187.4000015258789
1763888078122,781.6000061035156,186.4000015258789
1763888078149,780.6000061035156,186.4000015258789
1763888078157,778.6000061035156,186.4000015258789
1763888078172,778.6000061035156,186.4000015258789
1763888078189,774.6000061035156,189.4000015258789
1763888078205,771.6000061035156,192.4000015258789
1763888078222,769.6000061035156,193.4000015258789
1763888078239,768.6000061035156,194.4000015258789
1763888078305,767.6000061035156,194.4000015258789
1763888078322,766.6000061035156,194.4000015258789
1763888078338,764.6000061035156,193.4000015258789
1763888078355,762.6000061035156,191.4000015258789
1763888078372,760.6000061035156,189.4000015258789
1763888078388,759.6000061035156,188.4000015258789
1763888078405,759.6000061035156,185.4000015258789
1763888078422,756.6000061035156,183.4000015258789
1763888078438,756.6000061035156,182.4000015258789
1763888078455,755.6000061035156,181.4000015258789
1763888078533,754.6000061035156,182.4000015258789
1763888078541,754.6000061035156,184.4000015258789
1763888078555,754.6000061035156,185.4000015258789
1763888078572,754.6000061035156,188.4000015258789
1763888078588,754.6000061035156,190.4000015258789
1763888078613,754.6000061035156,191.4000015258789
1763888078621,755.6000061035156,192.4000015258789
1763888078638,756.6000061035156,192.4000015258789
1763888078688,757.6000061035156,193.4000015258789
1763888078773,757.6000061035156,192.4000015258789
1763888078788,757.6000061035156,191.4000015258789
1763888078805,756.6000061035156,186.4000015258789
1763888078821,756.6000061035156,185.4000015258789
1763888078871,757.6000061035156,186.4000015258789
1763888078888,759.6000061035156,189.4000015258789
1763888078905,759.6000061035156,189.4000015258789
1763888078921,759.6000061035156,191.4000015258789
1763888078938,761.6000061035156,193.4000015258789
1763888078955,762.6000061035156,193.4000015258789
1763888078971,764.6000061035156,194.4000015258789
1763888078997,765.6000061035156,194.4000015258789
1763888079013,766.6000061035156,195.4000015258789
1763888079021,767.6000061035156,195.4000015258789
1763888079038,771.6000061035156,197.4000015258789
1763888079054,773.6000061035156,197.4000015258789
1763888079071,775.6000061035156,199.4000015258789
1763888079088,775.6000061035156,199.4000015258789
1763888079104,778.6000061035156,201.4000015258789
1763888079121,780.6000061035156,203.4000015258789
1763888079189,780.6000061035156,204.4000015258789
1763888079204,780.6000061035156,205.4000015258789
1763888079221,780.6000061035156,208.4000015258789
1763888079238,780.6000061035156,208.4000015258789
1763888079254,780.6000061035156,209.4000015258789
1763888079271,780.6000061035156,210.4000015258789
1763888079381,779.6000061035156,208.4000015258789
1763888079389,778.6000061035156,208.4000015258789
1763888079404,777.6000061035156,207.4000015258789
1763888079421,775.6000061035156,205.4000015258789
1763888079437,773.6000061035156,204.4000015258789
1763888079461,772.6000061035156,204.4000015258789
1763888079504,772.6000061035156,204.4000015258789
1763888079521,770.6000061035156,203.4000015258789
1763888079589,769.6000061035156,201.4000015258789
1763888079677,767.6000061035156,201.4000015258789
1763888079721,766.6000061035156,201.4000015258789
1763888079737,764.6000061035156,200.4000015258789
1763888079754,764.6000061035156,199.4000015258789
1763888079813,763.6000061035156,199.4000015258789
1763888079877,762.6000061035156,199.4000015258789
1763888079887,761.6000061035156,198.4000015258789
1763888079904,760.6000061035156,196.4000015258789
1763888079920,758.6000061035156,195.4000015258789
1763888079937,758.6000061035156,193.4000015258789
1763888079954,757.6000061035156,191.4000015258789
1763888079970,756.6000061035156,191.4000015258789
1763888079987,756.6000061035156,188.4000015258789
1763888080004,754.6000061035156,186.4000015258789
1763888080020,754.6000061035156,183.4000015258789
1763888080037,754.6000061035156,178.4000015258789
1763888080054,754.6000061035156,175.4000015258789
1763888080070,754.6000061035156,171.4000015258789
1763888080087,754.6000061035156,168.4000015258789
1763888080104,754.6000061035156,164.4000015258789
1763888080120,754.6000061035156,163.4000015258789
1763888080170,756.6000061035156,164.4000015258789
1763888080187,759.6000061035156,171.4000015258789
1763888080203,760.6000061035156,177.4000015258789
1763888080220,762.6000061035156,182.4000015258789
1763888080237,766.6000061035156,186.4000015258789
1763888080253,767.6000061035156,188.4000015258789
1763888080270,770.6000061035156,191.4000015258789
1763888080287,771.6000061035156,193.4000015258789
1763888080303,772.6000061035156,194.4000015258789
1763888080325,773.6000061035156,194.4000015258789
1763888080381,773.6000061035156,193.4000015258789
1763888080389,773.6000061035156,192.4000015258789
1763888080403,773.6000061035156,188.4000015258789
1763888080420,773.6000061035156,178.4000015258789
1763888080437,773.6000061035156,166.4000015258789
1763888080453,773.6000061035156,151.4000015258789
1763888080470,774.6000061035156,144.4000015258789
1763888080487,776.6000061035156,139.4000015258789
1763888080503,776.6000061035156,137.4000015258789
1763888080570,776.6000061035156,142.4000015258789
1763888080586,776.6000061035156,150.4000015258789
1763888080603,776.6000061035156,155.4000015258789
1763888080620,776.6000061035156,162.4000015258789
1763888080636,776.6000061035156,168.4000015258789
1763888080653,776.6000061035156,178.4000015258789
1763888080670,777.6000061035156,181.4000015258789
1763888080686,778.6000061035156,182.4000015258789
1763888080709,778.6000061035156,183.4000015258789
1763888080789,778.6000061035156,182.4000015258789
1763888080803,776.6000061035156,178.4000015258789
1763888080820,776.6000061035156,171.4000015258789
1763888080836,775.6000061035156,159.4000015258789
1763888080853,775.6000061035156,153.4000015258789
1763888080870,776.6000061035156,151.4000015258789
1763888080925,778.6000061035156,152.4000015258789
1763888080936,779.6000061035156,154.4000015258789
1763888080953,782.6000061035156,164.4000015258789
1763888080969,785.6000061035156,172.4000015258789
1763888080986,787.6000061035156,179.4000015258789
1763888081003,788.6000061035156,183.4000015258789
1763888081117,788.6000061035156,182.4000015258789
1763888081125,788.6000061035156,181.4000015258789
1763888081136,788.6000061035156,177.4000015258789
1763888081153,788.6000061035156,169.4000015258789
1763888081169,788.6000061035156,157.4000015258789
1763888081186,788.6000061035156,148.4000015258789
1763888081203,788.6000061035156,147.4000015258789
1763888081253,788.6000061035156,148.4000015258789
1763888081269,788.6000061035156,155.4000015258789
1763888081286,788.6000061035156,166.4000015258789
1763888081303,788.6000061035156,173.4000015258789
1763888081319,789.6000061035156,178.4000015258789
1763888081336,790.6000061035156,182.4000015258789
1763888081352,790.6000061035156,183.4000015258789
1763888081369,791.6000061035156,185.4000015258789
1763888081453,792.6000061035156,184.4000015258789
1763888081469,792.6000061035156,182.4000015258789
1763888081486,792.6000061035156,175.4000015258789
1763888081502,792.6000061035156,164.4000015258789
1763888081519,793.6000061035156,157.4000015258789
1763888081536,793.6000061035156,156.4000015258789
1763888081552,793.6000061035156,155.4000015258789
1763888081569,795.6000061035156,157.4000015258789
1763888081586,796.6000061035156,161.4000015258789
1763888081602,796.6000061035156,172.4000015258789
1763888081619,797.6000061035156,182.4000015258789
1763888081636,798.6000061035156,190.4000015258789
1763888081652,800.6000061035156,199.4000015258789
1763888081669,800.6000061035156,204.4000015258789
1763888081686,800.6000061035156,206.4000015258789
1763888081702,801.6000061035156,207.4000015258789
1763888081765,801.6000061035156,206.4000015258789
1763888081773,801.6000061035156,204.4000015258789
1763888081785,801.6000061035156,202.4000015258789
1763888081802,801.6000061035156,189.4000015258789
1763888081819,801.6000061035156,179.4000015258789
1763888081835,801.6000061035156,175.4000015258789
1763888081852,802.6000061035156,174.4000015258789
1763888081869,803.6000061035156,173.4000015258789
1763888081885,804.6000061035156,173.4000015258789
1763888081902,804.6000061035156,174.4000015258789
1763888084253,778.6000061035156,166.4000015258789
1763888084267,778.6000061035156,165.4000015258789
1763888084285,779.6000061035156,164.4000015258789
1763888084301,780.6000061035156,164.4000015258789
1763888084317,782.6000061035156,161.4000015258789
1763888084334,784.6000061035156,160.4000015258789
1763888084351,786.6000061035156,156.4000015258789
1763888084367,786.6000061035156,151.4000015258789
1763888084384,786.6000061035156,148.4000015258789
1763888084401,786.6000061035156,147.4000015258789
1763888084453,786.6000061035156,147.4000015258789
1763888084467,785.6000061035156,149.4000015258789
1763888084484,785.6000061035156,155.4000015258789
1763888084501,783.6000061035156,161.4000015258789
1763888084517,782.6000061035156,167.4000015258789
1763888084534,781.6000061035156,168.4000015258789
1763888084621,781.6000061035156,166.4000015258789
1763888084634,781.6000061035156,162.4000015258789
1763888084650,781.6000061035156,155.4000015258789
1763888084667,781.6000061035156,152.4000015258789
1763888084684,781.6000061035156,150.4000015258789
1763888084717,780.6000061035156,149.4000015258789
1763888084734,779.6000061035156,150.4000015258789
1763888084750,775.6000061035156,154.4000015258789
1763888084767,774.6000061035156,161.4000015258789
1763888084784,774.6000061035156,170.4000015258789
1763888084800,774.6000061035156,172.4000015258789
1763888084817,774.6000061035156,174.4000015258789
1763888084869,775.6000061035156,174.4000015258789
1763888084884,777.6000061035156,172.4000015258789
1763888084900,780.6000061035156,167.4000015258789
1763888084917,783.6000061035156,157.4000015258789
1763888084933,784.6000061035156,153.4000015258789
1763888084950,784.6000061035156,153.4000015258789
1763888085000,783.6000061035156,152.4000015258789
1763888085017,783.6000061035156,152.4000015258789
1763888085033,783.6000061035156,160.4000015258789
1763888085050,783.6000061035156,169.4000015258789
1763888085067,783.6000061035156,174.4000015258789
1763888085083,783.6000061035156,178.4000015258789
1763888085100,784.6000061035156,181.4000015258789
1763888085117,786.6000061035156,183.4000015258789
1763888085133,787.6000061035156,184.4000015258789
1763888085165,788.6000061035156,182.4000015258789
1763888085173,788.6000061035156,181.4000015258789
1763888085183,789.6000061035156,176.4000015258789
1763888085200,791.6000061035156,165.4000015258789
1763888085217,791.6000061035156,154.4000015258789
1763888085233,791.6000061035156,150.4000015258789
1763888085250,791.6000061035156,148.4000015258789
1763888085266,791.6000061035156,147.4000015258789
1763888085316,791.6000061035156,149.4000015258789
1763888085333,790.6000061035156,162.4000015258789
1763888085350,790.6000061035156,168.4000015258789
1763888085366,791.6000061035156,171.4000015258789
1763888085383,791.6000061035156,173.4000015258789
1763888085433,793.6000061035156,175.4000015258789
1763888085453,793.6000061035156,173.4000015258789
1763888085466,794.6000061035156,170.4000015258789
1763888085483,796.6000061035156,158.4000015258789
1763888085500,797.6000061035156,148.4000015258789
1763888085516,797.6000061035156,140.4000015258789
1763888085533,797.6000061035156,138.4000015258789
1763888085583,797.6000061035156,141.4000015258789
1763888085600,797.6000061035156,153.4000015258789
1763888085616,797.6000061035156,164.4000015258789
1763888085633,797.6000061035156,175.4000015258789
1763888085649,797.6000061035156,185.4000015258789
1763888085666,797.6000061035156,189.4000015258789
1763888085749,797.6000061035156,189.4000015258789
1763888085766,797.6000061035156,177.4000015258789
1763888085783,797.6000061035156,171.4000015258789
1763888085799,797.6000061035156,168.4000015258789
1763888085853,797.6000061035156,169.4000015258789
1763888085866,797.6000061035156,173.4000015258789
1763888085883,797.6000061035156,181.4000015258789
1763888085899,797.6000061035156,194.4000015258789
1763888085916,797.6000061035156,199.4000015258789
1763888085933,797.6000061035156,203.4000015258789
1763888085997,799.6000061035156,203.4000015258789
1763888086005,796.6000061035156,199.4000015258789
1763888086016,796.6000061035156,194.4000015258789
1763888086033,797.6000061035156,184.4000015258789
1763888086049,797.6000061035156,172.4000015258789
1763888086066,799.6000061035156,169.4000015258789
1763888086082,799.6000061035156,167.4000015258789
1763888086133,799.6000061035156,169.4000015258789
1763888086149,797.6000061035156,173.4000015258789
1763888086166,797.6000061035156,179.4000015258789
1763888086182,795.6000061035156,184.4000015258789
1763888086199,794.6000061035156,186.4000015258789
1763888086216,794.6000061035156,188.4000015258789
1763888086232,794.6000061035156,190.4000015258789
1763888086285,794.6000061035156,189.4000015258789
1763888086299,794.6000061035156,185.4000015258789
1763888086316,797.6000061035156,183.4000015258789
1763888086332,798.6000061035156,179.4000015258789
1763888086397,798.6000061035156,181.4000015258789
1763888086405,798.6000061035156,183.4000015258789
1763888086415,798.6000061035156,185.4000015258789
1763888086432,798.6000061035156,191.4000015258789
1763888086449,798.6000061035156,195.4000015258789
1763888086549,799.6000061035156,194.4000015258789
1763888086565,802.6000061035156,187.4000015258789
1763888086582,802.6000061035156,184.4000015258789
1763888086599,802.6000061035156,182.4000015258789
1763888086669,802.6000061035156,184.4000015258789
1763888086682,802.6000061035156,187.4000015258789
1763888086699,802.6000061035156,191.4000015258789
1763888086715,802.6000061035156,197.4000015258789
1763888086732,802.6000061035156,200.4000015258789
1763888086782,803.6000061035156,201.4000015258789
1763888086798,804.6000061035156,200.4000015258789
1763888086815,806.6000061035156,195.4000015258789
1763888086832,807.6000061035156,190.4000015258789
1763888086848,809.6000061035156,183.4000015258789
1763888086865,810.6000061035156,180.4000015258789
1763888086941,810.6000061035156,183.4000015258789
1763888086949,808.6000061035156,185.4000015258789
1763888086965,806.6000061035156,191.4000015258789
1763888086982,805.6000061035156,196.4000015258789
1763888086998,804.6000061035156,199.4000015258789
1763888087015,804.6000061035156,202.4000015258789
1763888087045,803.6000061035156,202.4000015258789
1763888087082,803.6000061035156,202.4000015258789
1763888087131,802.6000061035156,202.4000015258789
1763888087157,801.6000061035156,202.4000015258789
1763888087165,800.6000061035156,202.4000015258789
1763888087181,796.6000061035156,203.4000015258789
1763888087198,790.6000061035156,206.4000015258789
1763888087215,784.6000061035156,208.4000015258789
1763888087265,783.6000061035156,208.4000015258789
1763888087281,782.6000061035156,208.4000015258789
1763888087298,780.6000061035156,204.4000015258789
1763888087315,780.6000061035156,200.4000015258789
1763888087331,778.6000061035156,196.4000015258789
1763888087348,778.6000061035156,191.4000015258789
1763888087365,778.6000061035156,187.4000015258789
1763888087381,778.6000061035156,183.4000015258789
1763888087445,779.6000061035156,184.4000015258789
1763888087481,784.6000061035156,195.4000015258789
1763888087498,788.6000061035156,203.4000015258789
1763888087514,788.6000061035156,203.4000015258789
1763888087531,788.6000061035156,204.4000015258789
1763888087581,788.6000061035156,205.4000015258789
1763888087598,787.6000061035156,205.4000015258789
1763888087629,787.6000061035156,205.4000015258789
1763888087637,785.6000061035156,203.4000015258789
1763888087653,784.6000061035156,203.4000015258789
1763888087664,784.6000061035156,201.4000015258789
1763888087681,778.6000061035156,193.4000015258789
1763888087698,775.6000061035156,188.4000015258789
1763888087714,773.6000061035156,185.4000015258789
1763888087731,773.6000061035156,184.4000015258789
1763888087789,773.6000061035156,186.4000015258789
1763888087798,773.6000061035156,188.4000015258789
1763888087814,774.6000061035156,196.4000015258789
1763888087831,779.6000061035156,201.4000015258789
1763888087848,781.6000061035156,204.4000015258789
1763888087864,784.6000061035156,207.4000015258789
1763888087881,784.6000061035156,208.4000015258789
1763888087901,785.6000061035156,209.4000015258789
1763888087925,786.6000061035156,209.4000015258789
1763888087933,787.6000061035156,209.4000015258789
1763888087947,787.6000061035156,209.4000015258789
1763888087973,788.6000061035156,209.4000015258789
1763888087989,790.6000061035156,209.4000015258789
1763888088031,791.6000061035156,209.4000015258789
1763888088061,792.6000061035156,209.4000015258789
1763888088077,793.6000061035156,209.4000015258789
1763888088085,793.6000061035156,208.4000015258789
1763888088097,794.6000061035156,208.4000015258789
1763888088114,796.6000061035156,205.4000015258789
1763888088131,796.6000061035156,202.4000015258789
1763888088147,796.6000061035156,199.4000015258789
1763888088164,796.6000061035156,196.4000015258789
1763888088181,793.6000061035156,194.4000015258789
1763888088197,789.6000061035156,189.4000015258789
1763888088214,788.6000061035156,186.4000015258789
1763888088231,787.6000061035156,183.4000015258789
1763888088247,787.6000061035156,182.4000015258789
1763888088264,787.6000061035156,181.4000015258789
1763888088341,787.6000061035156,185.4000015258789
1763888088349,787.6000061035156,188.4000015258789
1763888088364,787.6000061035156,190.4000015258789
1763888088381,787.6000061035156,197.4000015258789
1763888088397,788.6000061035156,203.4000015258789
1763888088414,789.6000061035156,205.4000015258789
1763888088477,790.6000061035156,203.4000015258789
1763888088485,791.6000061035156,201.4000015258789
1763888088497,793.6000061035156,198.4000015258789
1763888088514,798.6000061035156,193.4000015258789
1763888088530,802.6000061035156,185.4000015258789
1763888088547,803.6000061035156,182.4000015258789
1763888088564,804.6000061035156,180.4000015258789
1763888088580,804.6000061035156,177.4000015258789
1763888088597,804.6000061035156,175.4000015258789
1763888088614,804.6000061035156,173.4000015258789
1763888088637,804.6000061035156,173.4000015258789
1763888088680,805.6000061035156,172.4000015258789
1763888088697,808.6000061035156,174.4000015258789
1763888088714,810.6000061035156,177.4000015258789
1763888088730,810.6000061035156,183.4000015258789
1763888088747,810.6000061035156,187.4000015258789
1763888088763,810.6000061035156,193.4000015258789
1763888088780,810.6000061035156,195.4000015258789
1763888088797,810.6000061035156,197.4000015258789
1763888088813,810.6000061035156,199.4000015258789
1763888088830,810.6000061035156,201.4000015258789
1763888088847,810.6000061035156,204.4000015258789
1763888088863,810.6000061035156,207.4000015258789
1763888088880,810.6000061035156,208.4000015258789
1763888088897,810.6000061035156,209.4000015258789
1763888088946,810.6000061035156,211.4000015258789
1763888088963,808.6000061035156,212.4000015258789
1763888088980,808.6000061035156,212.4000015258789
1763888088997,806.6000061035156,214.4000015258789
1763888089013,805.6000061035156,214.4000015258789
1763888089030,804.6000061035156,215.4000015258789
1763888089053,803.6000061035156,216.4000015258789
1763888089077,802.6000061035156,216.4000015258789
1763888089085,801.6000061035156,216.4000015258789
1763888089096,801.6000061035156,217.4000015258789
1763888089113,800.6000061035156,218.4000015258789
1763888089133,799.6000061035156,219.4000015258789
1763888089190,798.6000061035156,219.4000015258789
1763888089197,797.6000061035156,219.4000015258789
1763888089213,795.6000061035156,221.4000015258789
1763888089230,794.6000061035156,222.4000015258789
1763888089333,793.6000061035156,222.4000015258789
1763888089346,791.6000061035156,221.4000015258789
1763888089363,789.6000061035156,217.4000015258789
1763888089380,784.6000061035156,212.4000015258789
1763888089396,782.6000061035156,208.4000015258789
1763888089413,779.6000061035156,203.4000015258789
1763888089429,777.6000061035156,200.4000015258789
1763888089446,776.6000061035156,195.4000015258789
1763888089463,776.6000061035156,192.4000015258789
1763888089479,775.6000061035156,189.4000015258789
1763888089496,775.6000061035156,185.4000015258789
1763888089513,774.6000061035156,184.4000015258789
1763888089529,774.6000061035156,180.4000015258789
1763888089546,774.6000061035156,175.4000015258789
1763888089563,774.6000061035156,171.4000015258789
1763888089579,775.6000061035156,168.4000015258789
1763888089596,775.6000061035156,166.4000015258789
1763888089613,775.6000061035156,164.4000015258789
1763888089645,776.6000061035156,164.4000015258789
1763888089663,778.6000061035156,164.4000015258789
1763888089679,781.6000061035156,166.4000015258789
1763888089696,782.6000061035156,171.4000015258789
1763888089713,785.6000061035156,183.4000015258789
1763888089729,785.6000061035156,191.4000015258789
1763888089746,787.6000061035156,194.4000015258789
1763888089763,788.6000061035156,196.4000015258789
1763888089813,788.6000061035156,195.4000015258789
1763888089829,788.6000061035156,192.4000015258789
1763888089846,788.6000061035156,184.4000015258789
1763888089862,790.6000061035156,174.4000015258789
1763888089879,790.6000061035156,168.4000015258789
1763888089896,790.6000061035156,163.4000015258789
1763888089912,790.6000061035156,160.4000015258789
1763888089929,790.6000061035156,159.4000015258789
1763888089946,788.6000061035156,157.4000015258789
1763888089962,787.6000061035156,155.4000015258789
1763888089979,787.6000061035156,153.4000015258789
1763888089996,787.6000061035156,151.4000015258789
1763888090012,787.6000061035156,148.4000015258789
1763888090029,787.6000061035156,146.4000015258789
1763888090046,787.6000061035156,142.4000015258789
1763888090062,787.6000061035156,139.4000015258789
1763888090079,787.6000061035156,134.4000015258789
1763888090096,784.6000061035156,129.4000015258789
1763888090112,784.6000061035156,126.4000015258789
1763888090129,783.6000061035156,122.4000015258789
1763888090145,783.6000061035156,122.4000015258789
1763888090165,782.6000061035156,121.4000015258789
1763888090237,782.6000061035156,121.4000015258789
1763888090245,782.6000061035156,125.4000015258789
1763888090262,782.6000061035156,135.4000015258789
1763888090279,782.6000061035156,144.4000015258789
1763888090295,782.6000061035156,154.4000015258789
1763888090312,782.6000061035156,160.4000015258789
1763888090329,782.6000061035156,161.4000015258789
1763888090345,782.6000061035156,162.4000015258789
1763888090362,780.6000061035156,164.4000015258789
1763888090379,779.6000061035156,165.4000015258789
1763888090395,778.6000061035156,167.4000015258789
1763888090412,775.6000061035156,169.4000015258789
1763888090429,773.6000061035156,169.4000015258789
1763888090445,771.6000061035156,169.4000015258789
1763888090462,771.6000061035156,169.4000015258789
1763888090479,769.6000061035156,169.4000015258789
1763888090495,767.6000061035156,169.4000015258789
1763888090512,765.6000061035156,168.4000015258789
1763888090529,765.6000061035156,161.4000015258789
1763888090545,765.6000061035156,157.4000015258789
1763888090562,765.6000061035156,152.4000015258789
1763888090578,765.6000061035156,149.4000015258789
1763888090595,765.6000061035156,146.4000015258789
1763888090612,765.6000061035156,143.4000015258789
1763888090628,765.6000061035156,142.4000015258789
1763888090645,766.6000061035156,141.4000015258789
1763888090795,766.6000061035156,145.4000015258789
1763888090812,764.6000061035156,152.4000015258789
1763888090828,760.6000061035156,160.4000015258789
1763888090845,759.6000061035156,169.4000015258789
1763888090862,759.6000061035156,175.4000015258789
1763888090878,759.6000061035156,179.4000015258789
1763888090895,759.6000061035156,183.4000015258789
1763888090912,760.6000061035156,186.4000015258789
1763888090928,761.6000061035156,187.4000015258789
1763888090945,763.6000061035156,188.4000015258789
1763888090961,763.6000061035156,189.4000015258789
1763888090989,763.6000061035156,190.4000015258789
1763888090997,763.6000061035156,190.4000015258789
1763888091011,763.6000061035156,192.4000015258789
1763888091028,763.6000061035156,194.4000015258789
1763888091045,763.6000061035156,195.4000015258789
1763888091061,763.6000061035156,197.4000015258789
1763888091078,763.6000061035156,197.4000015258789
1763888091095,763.6000061035156,200.4000015258789
1763888091111,765.6000061035156,201.4000015258789
1763888091205,764.6000061035156,200.4000015258789
1763888091213,763.6000061035156,199.4000015258789
1763888091229,760.6000061035156,198.4000015258789
1763888091245,758.6000061035156,196.4000015258789
1763888091261,756.6000061035156,194.4000015258789
1763888091278,756.6000061035156,194.4000015258789
1763888091295,754.6000061035156,193.4000015258789
1763888091357,753.6000061035156,194.4000015258789
1763888091373,753.6000061035156,194.4000015258789
1763888091411,753.6000061035156,197.4000015258789
1763888091428,753.6000061035156,199.4000015258789
1763888091444,753.6000061035156,201.4000015258789
1763888091461,755.6000061035156,203.4000015258789
1763888091478,757.6000061035156,204.4000015258789
1763888091494,760.6000061035156,207.4000015258789
1763888091511,761.6000061035156,207.4000015258789
1763888091528,762.6000061035156,209.4000015258789
1763888091544,763.6000061035156,210.4000015258789
1763888091561,765.6000061035156,210.4000015258789
1763888091578,766.6000061035156,211.4000015258789
1763888091594,767.6000061035156,211.4000015258789
1763888091621,768.6000061035156,211.4000015258789
1763888091637,769.6000061035156,211.4000015258789
1763888091653,771.6000061035156,212.4000015258789
1763888091661,772.6000061035156,212.4000015258789
1763888091711,772.6000061035156,212.4000015258789
1763888091821,773.6000061035156,213.4000015258789
1763888091837,772.6000061035156,214.4000015258789
1763888091845,770.6000061035156,215.4000015258789
1763888091861,770.6000061035156,216.4000015258789
1763888091877,770.6000061035156,220.4000015258789
1763888091894,770.6000061035156,220.4000015258789
1763888091911,770.6000061035156,222.4000015258789
1763888091961,770.6000061035156,223.4000015258789
1763888091977,771.6000061035156,223.4000015258789
1763888092005,772.6000061035156,223.4000015258789
1763888092044,773.6000061035156,225.4000015258789
1763888092133,774.6000061035156,225.4000015258789
1763888092157,775.6000061035156,225.4000015258789
1763888092194,777.6000061035156,225.4000015258789
1763888092210,778.6000061035156,225.4000015258789
1763888092227,782.6000061035156,225.4000015258789
1763888092244,783.6000061035156,225.4000015258789
1763888092260,785.6000061035156,225.4000015258789
1763888092277,785.6000061035156,226.4000015258789
1763888092327,787.6000061035156,227.4000015258789
1763888092394,788.6000061035156,228.4000015258789
1763888092410,790.6000061035156,229.4000015258789
1763888092427,791.6000061035156,230.4000015258789
1763888092509,791.6000061035156,230.4000015258789
1763888092527,793.6000061035156,230.4000015258789
1763888092543,794.6000061035156,230.4000015258789
1763888092560,797.6000061035156,229.4000015258789
1763888092577,798.6000061035156,225.4000015258789
1763888092593,798.6000061035156,220.4000015258789
1763888092610,799.6000061035156,215.4000015258789
1763888092627,799.6000061035156,210.4000015258789
1763888092643,799.6000061035156,205.4000015258789
1763888092660,799.6000061035156,203.4000015258789
1763888092710,799.6000061035156,203.4000015258789
1763888092760,800.6000061035156,202.4000015258789
1763888092777,800.6000061035156,202.4000015258789
1763888092793,801.6000061035156,203.4000015258789
1763888092810,801.6000061035156,207.4000015258789
1763888092827,801.6000061035156,211.4000015258789
1763888092843,801.6000061035156,215.4000015258789
1763888092860,801.6000061035156,219.4000015258789
1763888092877,801.6000061035156,222.4000015258789
1763888092893,801.6000061035156,226.4000015258789
1763888092910,800.6000061035156,228.4000015258789
1763888092926,800.6000061035156,229.4000015258789
1763888092943,800.6000061035156,230.4000015258789
1763888093166,799.6000061035156,230.4000015258789
1763888093209,798.6000061035156,230.4000015258789
1763888093226,797.6000061035156,230.4000015258789
1763888093238,795.6000061035156,231.4000015258789
1763888093269,795.6000061035156,232.4000015258789
1763888093285,795.6000061035156,233.4000015258789
1763888093321,795.6000061035156,234.4000015258789
1763888093341,795.6000061035156,235.4000015258789
1763888093365,795.6000061035156,236.4000015258789
1763888093381,794.6000061035156,238.4000015258789
1763888093421,793.6000061035156,239.4000015258789
1763888093438,792.6000061035156,240.4000015258789
1763888093574,792.6000061035156,241.4000015258789
1763888093621,791.6000061035156,241.4000015258789
1763888093671,791.6000061035156,241.4000015258789
1763888093688,790.6000061035156,240.4000015258789
1763888093704,789.6000061035156,239.4000015258789
1763888093754,788.6000061035156,238.4000015258789
1763888093771,786.6000061035156,238.4000015258789
1763888093788,782.6000061035156,238.4000015258789
1763888093804,782.6000061035156,238.4000015258789
1763888093821,780.6000061035156,238.4000015258789
1763888093838,779.6000061035156,238.4000015258789
1763888093854,778.6000061035156,238.4000015258789
1763888093871,777.6000061035156,238.4000015258789
1763888093888,776.6000061035156,238.4000015258789
1763888093904,775.6000061035156,238.4000015258789
1763888093933,775.6000061035156,238.4000015258789
1763888093949,773.6000061035156,238.4000015258789
1763888093957,772.6000061035156,238.4000015258789
1763888094004,771.6000061035156,238.4000015258789
1763888094037,768.6000061035156,237.4000015258789
1763888094054,764.6000061035156,230.4000015258789
1763888094071,759.6000061035156,223.4000015258789
1763888094087,757.6000061035156,218.4000015258789
1763888094104,756.6000061035156,214.4000015258789
1763888094121,756.6000061035156,210.4000015258789
1763888094137,754.6000061035156,208.4000015258789
1763888094154,753.6000061035156,206.4000015258789
1763888094171,753.6000061035156,205.4000015258789
1763888094187,753.6000061035156,203.4000015258789
1763888094204,753.6000061035156,203.4000015258789
1763888094221,754.6000061035156,200.4000015258789
1763888094271,755.6000061035156,202.4000015258789
1763888094287,757.6000061035156,207.4000015258789
1763888094304,759.6000061035156,212.4000015258789
1763888094321,760.6000061035156,216.4000015258789
1763888094337,760.6000061035156,220.4000015258789
1763888094354,762.6000061035156,223.4000015258789
1763888094370,762.6000061035156,226.4000015258789
1763888094387,764.6000061035156,228.4000015258789
1763888094469,765.6000061035156,227.4000015258789
1763888094487,765.6000061035156,223.4000015258789
1763888094504,766.6000061035156,215.4000015258789
1763888094520,766.6000061035156,211.4000015258789
1763888094549,766.6000061035156,211.4000015258789
1763888094587,763.6000061035156,209.4000015258789
1763888094637,764.6000061035156,211.4000015258789
1763888094654,766.6000061035156,215.4000015258789
1763888094670,767.6000061035156,219.4000015258789
1763888094687,767.6000061035156,221.4000015258789
1763888094820,767.6000061035156,223.4000015258789
1763888094845,767.6000061035156,224.4000015258789
1763888094853,767.6000061035156,225.4000015258789
1763888094870,767.6000061035156,228.4000015258789
1763888094887,767.6000061035156,229.4000015258789
1763888094903,767.6000061035156,230.4000015258789
1763888094920,767.6000061035156,232.4000015258789
1763888094937,766.6000061035156,232.4000015258789
1763888094957,766.6000061035156,232.4000015258789
1763888094970,764.6000061035156,230.4000015258789
1763888094987,762.6000061035156,225.4000015258789
1763888095003,762.6000061035156,224.4000015258789
1763888095070,762.6000061035156,225.4000015258789
1763888095087,762.6000061035156,227.4000015258789
1763888095103,764.6000061035156,231.4000015258789
1763888095120,766.6000061035156,236.4000015258789
1763888095136,767.6000061035156,238.4000015258789
1763888095153,769.6000061035156,240.4000015258789
1763888095173,769.6000061035156,241.4000015258789
1763888095197,770.6000061035156,242.4000015258789
1763888095205,770.6000061035156,243.4000015258789
1763888095220,770.6000061035156,243.4000015258789
1763888095236,770.6000061035156,247.4000015258789
1763888095253,770.6000061035156,251.4000015258789
1763888095270,770.6000061035156,254.4000015258789
1763888095320,770.6000061035156,256.4000015258789
1763888095336,770.6000061035156,258.4000015258789
1763888095357,770.6000061035156,260.4000015258789
1763888095381,770.6000061035156,261.4000015258789
1763888095389,771.6000061035156,262.4000015258789
1763888095403,772.6000061035156,263.4000015258789
1763888095420,773.6000061035156,264.4000015258789
1763888095436,774.6000061035156,265.4000015258789
1763888095453,775.6000061035156,266.4000015258789
1763888095542,776.6000061035156,266.4000015258789
1763888095565,777.6000061035156,266.4000015258789
1763888095573,778.6000061035156,266.4000015258789
1763888095622,779.6000061035156,266.4000015258789
1763888095669,781.6000061035156,265.4000015258789
1763888095686,783.6000061035156,263.4000015258789
1763888095703,784.6000061035156,259.4000015258789
1763888095719,785.6000061035156,258.4000015258789
1763888095736,785.6000061035156,256.4000015258789
1763888095753,787.6000061035156,254.4000015258789
1763888095769,789.6000061035156,251.4000015258789
1763888095786,792.6000061035156,250.4000015258789
1763888095803,794.6000061035156,249.4000015258789
1763888095819,796.6000061035156,248.4000015258789
1763888095836,796.6000061035156,248.4000015258789
1763888095853,798.6000061035156,248.4000015258789
1763888095869,800.6000061035156,248.4000015258789
1763888095886,803.6000061035156,247.4000015258789
1763888095902,804.6000061035156,246.4000015258789
1763888095919,807.6000061035156,245.4000015258789
1763888095936,808.6000061035156,243.4000015258789
1763888095952,811.6000061035156,241.4000015258789
1763888095969,813.6000061035156,238.4000015258789
1763888095986,815.6000061035156,237.4000015258789
1763888096002,815.6000061035156,236.4000015258789
1763888096019,815.6000061035156,235.4000015258789
1763888096036,817.6000061035156,235.4000015258789
1763888096052,818.6000061035156,233.4000015258789
1763888096069,819.6000061035156,231.4000015258789
1763888096086,821.6000061035156,226.4000015258789
1763888096102,823.6000061035156,222.4000015258789
1763888096119,823.6000061035156,221.4000015258789
1763888096169,822.6000061035156,220.4000015258789
1763888096197,822.6000061035156,220.4000015258789
1763888096205,820.6000061035156,223.4000015258789
1763888096221,820.6000061035156,227.4000015258789
1763888096236,820.6000061035156,229.4000015258789
1763888096252,818.6000061035156,233.4000015258789
1763888096269,818.6000061035156,235.4000015258789
1763888096285,818.6000061035156,239.4000015258789
1763888096302,816.6000061035156,241.4000015258789
1763888096319,814.6000061035156,243.4000015258789
1763888096335,813.6000061035156,244.4000015258789
1763888096352,812.6000061035156,245.4000015258789
1763888096402,811.6000061035156,245.4000015258789
1763888096419,809.6000061035156,245.4000015258789
1763888096435,805.6000061035156,245.4000015258789
1763888096452,800.6000061035156,245.4000015258789
1763888096469,797.6000061035156,245.4000015258789
1763888096485,793.6000061035156,245.4000015258789
1763888096566,794.6000061035156,245.4000015258789
1763888096573,795.6000061035156,244.4000015258789
1763888096585,797.6000061035156,244.4000015258789
1763888096602,802.6000061035156,242.4000015258789
1763888096618,803.6000061035156,241.4000015258789
1763888096635,805.6000061035156,240.4000015258789
1763888096652,806.6000061035156,240.4000015258789
1763888096668,809.6000061035156,239.4000015258789
1763888096752,809.6000061035156,238.4000015258789
1763888096768,808.6000061035156,237.4000015258789
1763888096797,807.6000061035156,237.4000015258789
1763888096813,807.6000061035156,239.4000015258789
1763888096821,805.6000061035156,240.4000015258789
1763888096835,803.6000061035156,242.4000015258789
1763888096852,797.6000061035156,245.4000015258789
1763888096868,794.6000061035156,248.4000015258789
1763888096885,790.6000061035156,250.4000015258789
1763888096902,787.6000061035156,250.4000015258789
1763888096918,783.6000061035156,251.4000015258789
1763888096935,781.6000061035156,253.4000015258789
1763888096951,779.6000061035156,254.4000015258789
1763888097014,779.6000061035156,254.4000015258789
1763888097021,780.6000061035156,256.4000015258789
1763888097035,780.6000061035156,257.4000015258789
1763888097051,780.6000061035156,259.4000015258789
1763888097068,780.6000061035156,261.4000015258789
1763888097085,780.6000061035156,263.4000015258789
1763888097101,780.6000061035156,264.4000015258789
1763888097125,782.6000061035156,265.4000015258789
1763888097150,782.6000061035156,266.4000015258789
1763888097185,782.6000061035156,267.4000015258789
1763888097201,782.6000061035156,270.4000015258789
1763888097218,782.6000061035156,272.4000015258789
1763888097235,782.6000061035156,273.4000015258789
1763888097251,782.6000061035156,275.4000015258789
1763888097268,782.6000061035156,278.4000015258789
1763888097285,782.6000061035156,279.4000015258789
1763888097301,782.6000061035156,280.4000015258789
1763888097318,782.6000061035156,283.4000015258789
1763888097335,782.6000061035156,284.4000015258789
1763888097351,781.6000061035156,286.4000015258789
1763888097368,780.6000061035156,287.4000015258789
1763888097384,779.6000061035156,287.4000015258789
1763888097401,779.6000061035156,288.4000015258789
1763888097418,779.6000061035156,290.4000015258789
1763888097434,779.6000061035156,291.4000015258789
1763888097451,779.6000061035156,292.4000015258789
1763888097478,778.6000061035156,292.4000015258789
1763888097742,777.6000061035156,292.4000015258789
1763888097784,777.6000061035156,293.4000015258789
1763888097806,777.6000061035156,293.4000015258789
1763888097814,777.6000061035156,295.4000015258789
1763888097831,777.6000061035156,296.4000015258789
1763888097881,777.6000061035156,297.4000015258789
1763888097966,777.6000061035156,298.4000015258789
1763888097982,777.6000061035156,299.4000015258789
1763888098006,777.6000061035156,300.4000015258789
1763888098030,777.6000061035156,301.4000015258789
1763888098064,777.6000061035156,304.4000015258789
1763888098081,777.6000061035156,306.4000015258789
1763888098098,777.6000061035156,307.4000015258789
1763888098126,777.6000061035156,308.4000015258789
1763888098142,777.6000061035156,309.4000015258789
1763888098157,777.6000061035156,311.4000015258789
1763888098174,777.6000061035156,311.4000015258789
1763888098214,777.6000061035156,313.4000015258789
1763888098264,777.6000061035156,314.4000015258789
1763888098281,777.6000061035156,315.4000015258789
1763888098398,777.6000061035156,316.4000015258789
1763888098414,776.6000061035156,316.4000015258789
1763888098431,774.6000061035156,316.4000015258789
1763888098453,773.6000061035156,316.4000015258789
1763888098464,772.6000061035156,315.4000015258789
1763888098514,772.6000061035156,312.4000015258789
1763888098530,772.6000061035156,306.4000015258789
1763888098547,772.6000061035156,298.4000015258789
1763888098564,770.6000061035156,290.4000015258789
1763888098580,769.6000061035156,286.4000015258789
1763888098597,769.6000061035156,285.4000015258789
1763888098614,769.6000061035156,284.4000015258789
1763888098630,767.6000061035156,281.4000015258789
1763888098647,765.6000061035156,275.4000015258789
1763888098664,764.6000061035156,267.4000015258789
1763888098680,764.6000061035156,265.4000015258789
1763888098697,764.6000061035156,262.4000015258789
1763888098714,764.6000061035156,262.4000015258789
1763888098730,764.6000061035156,259.4000015258789
1763888098747,764.6000061035156,256.4000015258789
1763888098764,764.6000061035156,251.4000015258789
1763888098780,764.6000061035156,245.4000015258789
1763888098797,764.6000061035156,240.4000015258789
1763888098814,765.6000061035156,239.4000015258789
1763888098830,765.6000061035156,238.4000015258789
1763888098894,765.6000061035156,237.4000015258789
1763888098901,765.6000061035156,235.4000015258789
1763888098913,765.6000061035156,234.4000015258789
1763888098930,765.6000061035156,233.4000015258789
1763888098990,765.6000061035156,235.4000015258789
1763888098997,765.6000061035156,237.4000015258789
1763888099013,765.6000061035156,243.4000015258789
1763888099030,765.6000061035156,253.4000015258789
1763888099047,765.6000061035156,263.4000015258789
1763888099063,765.6000061035156,271.4000015258789
1763888099080,768.6000061035156,275.4000015258789
1763888099097,768.6000061035156,275.4000015258789
1763888099113,768.6000061035156,278.4000015258789
1763888099130,768.6000061035156,280.4000015258789
1763888099147,770.6000061035156,282.4000015258789
1763888099163,770.6000061035156,283.4000015258789
1763888099180,770.6000061035156,286.4000015258789
1763888099197,770.6000061035156,288.4000015258789
1763888099213,770.6000061035156,290.4000015258789
1763888099230,770.6000061035156,292.4000015258789
1763888099246,770.6000061035156,293.4000015258789
1763888099277,771.6000061035156,293.4000015258789
1763888099285,771.6000061035156,291.4000015258789
1763888099296,771.6000061035156,289.4000015258789
1763888099313,773.6000061035156,279.4000015258789
1763888099330,776.6000061035156,269.4000015258789
1763888099346,776.6000061035156,256.4000015258789
1763888099363,776.6000061035156,247.4000015258789
1763888099380,776.6000061035156,243.4000015258789
1763888099396,776.6000061035156,240.4000015258789
1763888099598,776.6000061035156,239.4000015258789
1763888100990,761.6000061035156,214.4000015258789
1763888100997,761.6000061035156,216.4000015258789
1763888101012,761.6000061035156,218.4000015258789
1763888101028,759.6000061035156,221.4000015258789
1763888101045,758.6000061035156,227.4000015258789
1763888101067,757.6000061035156,230.4000015258789
1763888101084,753.6000061035156,235.4000015258789
1763888101101,753.6000061035156,238.4000015258789
1763888101117,750.6000061035156,242.4000015258789
1763888101134,750.6000061035156,243.4000015258789
1763888101151,750.6000061035156,245.4000015258789
1763888101167,750.6000061035156,248.4000015258789
1763888101184,750.6000061035156,253.4000015258789
1763888101201,750.6000061035156,260.4000015258789
1763888101217,750.6000061035156,263.4000015258789
1763888101234,750.6000061035156,265.4000015258789
1763888101251,750.6000061035156,265.4000015258789
1763888101267,750.6000061035156,267.4000015258789
1763888101284,750.6000061035156,269.4000015258789
1763888101300,750.6000061035156,272.4000015258789
1763888101318,750.6000061035156,273.4000015258789
1763888101382,751.6000061035156,273.4000015258789
1763888101398,751.6000061035156,273.4000015258789
1763888101414,752.6000061035156,273.4000015258789
1763888101421,754.6000061035156,272.4000015258789
1763888101434,755.6000061035156,271.4000015258789
1763888101450,757.6000061035156,264.4000015258789
1763888101467,757.6000061035156,259.4000015258789
1763888101484,757.6000061035156,256.4000015258789
1763888101500,757.6000061035156,253.4000015258789
1763888101517,757.6000061035156,251.4000015258789
1763888101534,758.6000061035156,247.4000015258789
1763888101550,758.6000061035156,246.4000015258789
1763888101600,760.6000061035156,246.4000015258789
1763888101617,760.6000061035156,251.4000015258789
1763888101633,760.6000061035156,259.4000015258789
1763888101650,762.6000061035156,266.4000015258789
1763888101667,762.6000061035156,271.4000015258789
1763888101683,763.6000061035156,274.4000015258789
1763888101700,764.6000061035156,278.4000015258789
1763888101766,764.6000061035156,276.4000015258789
1763888101783,764.6000061035156,270.4000015258789
1763888101800,764.6000061035156,260.4000015258789
1763888101817,761.6000061035156,248.4000015258789
1763888101833,760.6000061035156,238.4000015258789
1763888101850,758.6000061035156,235.4000015258789
1763888101867,758.6000061035156,234.4000015258789
1763888101917,758.6000061035156,236.4000015258789
1763888101933,759.6000061035156,249.4000015258789
1763888101950,759.6000061035156,254.4000015258789
1763888101966,762.6000061035156,261.4000015258789
1763888101983,762.6000061035156,264.4000015258789
1763888102000,762.6000061035156,266.4000015258789
1763888102016,762.6000061035156,267.4000015258789
1763888102070,760.6000061035156,267.4000015258789
1763888102083,760.6000061035156,262.4000015258789
1763888102100,756.6000061035156,253.4000015258789
1763888102116,752.6000061035156,242.4000015258789
1763888102133,752.6000061035156,241.4000015258789
1763888102150,752.6000061035156,240.4000015258789
1763888102182,753.6000061035156,243.4000015258789
1763888102189,756.6000061035156,246.4000015258789
1763888102200,756.6000061035156,248.4000015258789
1763888102216,759.6000061035156,259.4000015258789
1763888102233,762.6000061035156,270.4000015258789
1763888102250,764.6000061035156,276.4000015258789
1763888102266,764.6000061035156,279.4000015258789
1763888102283,764.6000061035156,279.4000015258789
1763888102301,764.6000061035156,279.4000015258789
1763888102318,764.6000061035156,278.4000015258789
1763888102333,763.6000061035156,276.4000015258789
1763888102349,760.6000061035156,258.4000015258789
1763888102366,760.6000061035156,249.4000015258789
1763888102383,760.6000061035156,246.4000015258789
1763888102433,763.6000061035156,251.4000015258789
1763888102449,770.6000061035156,259.4000015258789
1763888102466,776.6000061035156,268.4000015258789
1763888102483,779.6000061035156,272.4000015258789
1763888102499,779.6000061035156,273.4000015258789
1763888102516,781.6000061035156,275.4000015258789
1763888102582,781.6000061035156,272.4000015258789
1763888102599,782.6000061035156,261.4000015258789
1763888102616,782.6000061035156,254.4000015258789
1763888102633,782.6000061035156,253.4000015258789
1763888102682,781.6000061035156,258.4000015258789
1763888102699,780.6000061035156,268.4000015258789
1763888102716,778.6000061035156,277.4000015258789
1763888102732,777.6000061035156,282.4000015258789
1763888102749,776.6000061035156,283.4000015258789
1763888102799,776.6000061035156,283.4000015258789
1763888102816,773.6000061035156,282.4000015258789
1763888102832,773.6000061035156,274.4000015258789
1763888102849,773.6000061035156,266.4000015258789
1763888102866,773.6000061035156,261.4000015258789
1763888102882,774.6000061035156,261.4000015258789
1763888102899,775.6000061035156,261.4000015258789
1763888102916,777.6000061035156,264.4000015258789
1763888102932,779.6000061035156,271.4000015258789
1763888102949,779.6000061035156,279.4000015258789
1763888102966,779.6000061035156,284.4000015258789
1763888102982,781.6000061035156,287.4000015258789
1763888102999,783.6000061035156,291.4000015258789
1763888103016,784.6000061035156,293.4000015258789
1763888103070,786.6000061035156,294.4000015258789
1763888103082,786.6000061035156,295.4000015258789
1763888103099,786.6000061035156,298.4000015258789
1763888103115,786.6000061035156,302.4000015258789
1763888103132,786.6000061035156,305.4000015258789
1763888103149,786.6000061035156,306.4000015258789
1763888103165,786.6000061035156,307.4000015258789
1763888103222,786.6000061035156,310.4000015258789
1763888103232,786.6000061035156,310.4000015258789
1763888103249,786.6000061035156,315.4000015258789
1763888103265,786.6000061035156,317.4000015258789
1763888103334,786.6000061035156,317.4000015258789
1763888103382,786.6000061035156,316.4000015258789
1763888103399,786.6000061035156,311.4000015258789
1763888103415,786.6000061035156,306.4000015258789
1763888103432,785.6000061035156,300.4000015258789
1763888103448,783.6000061035156,296.4000015258789
1763888103465,782.6000061035156,294.4000015258789
1763888103482,782.6000061035156,292.4000015258789
1763888103550,782.6000061035156,295.4000015258789
1763888103565,782.6000061035156,297.4000015258789
1763888103582,782.6000061035156,305.4000015258789
1763888103698,782.6000061035156,305.4000015258789
1763888103715,782.6000061035156,298.4000015258789
1763888103732,782.6000061035156,294.4000015258789
1763888103782,782.6000061035156,296.4000015258789
1763888103798,782.6000061035156,304.4000015258789
1763888103815,782.6000061035156,308.4000015258789
1763888103915,784.6000061035156,306.4000015258789
1763888103931,786.6000061035156,291.4000015258789
1763888103948,787.6000061035156,282.4000015258789
1763888103965,787.6000061035156,281.4000015258789
1763888103998,787.6000061035156,280.4000015258789
1763888104015,787.6000061035156,285.4000015258789
1763888104031,789.6000061035156,289.4000015258789
1763888104048,790.6000061035156,290.4000015258789
1763888104065,790.6000061035156,291.4000015258789
1763888104118,789.6000061035156,292.4000015258789
1763888104134,787.6000061035156,292.4000015258789
1763888104148,785.6000061035156,292.4000015258789
1763888104165,781.6000061035156,295.4000015258789
1763888104181,779.6000061035156,297.4000015258789
1763888104198,777.6000061035156,302.4000015258789
1763888104214,777.6000061035156,303.4000015258789
1763888104231,777.6000061035156,304.4000015258789
1763888104314,778.6000061035156,301.4000015258789
1763888104331,777.6000061035156,290.4000015258789
1763888104348,773.6000061035156,286.4000015258789
1763888104398,773.6000061035156,290.4000015258789
1763888104414,773.6000061035156,295.4000015258789
1763888104431,775.6000061035156,299.4000015258789
1763888104448,775.6000061035156,301.4000015258789
1763888104464,775.6000061035156,303.4000015258789
1763888104481,775.6000061035156,304.4000015258789
1763888104510,774.6000061035156,305.4000015258789
1763888104518,772.6000061035156,304.4000015258789
1763888104531,771.6000061035156,302.4000015258789
1763888104548,769.6000061035156,297.4000015258789
1763888104564,767.6000061035156,294.4000015258789
1763888104581,766.6000061035156,292.4000015258789
1763888104606,766.6000061035156,294.4000015258789
1763888104614,767.6000061035156,297.4000015258789
1763888104631,768.6000061035156,301.4000015258789
1763888104647,769.6000061035156,305.4000015258789
1763888104664,770.6000061035156,306.4000015258789
1763888104694,771.6000061035156,307.4000015258789
1763888104731,772.6000061035156,304.4000015258789
1763888104747,772.6000061035156,299.4000015258789
1763888104764,775.6000061035156,292.4000015258789
1763888104781,778.6000061035156,288.4000015258789
1763888104838,778.6000061035156,291.4000015258789
1763888104847,778.6000061035156,295.4000015258789
1763888104864,777.6000061035156,301.4000015258789
1763888104881,777.6000061035156,306.4000015258789
1763888104897,776.6000061035156,307.4000015258789
1763888104950,776.6000061035156,306.4000015258789
1763888104964,776.6000061035156,305.4000015258789
1763888104980,776.6000061035156,296.4000015258789
1763888104997,776.6000061035156,287.4000015258789
1763888105014,780.6000061035156,278.4000015258789
1763888105030,781.6000061035156,278.4000015258789
1763888105054,782.6000061035156,278.4000015258789
1763888105064,783.6000061035156,279.4000015258789
1763888105080,786.6000061035156,284.4000015258789
1763888105097,790.6000061035156,290.4000015258789
1763888105114,792.6000061035156,293.4000015258789
1763888105182,794.6000061035156,293.4000015258789
1763888105238,794.6000061035156,293.4000015258789
1763888105247,794.6000061035156,295.4000015258789
1763888105264,794.6000061035156,299.4000015258789
1763888105280,794.6000061035156,299.4000015258789
1763888105350,794.6000061035156,299.4000015258789
1763888105363,794.6000061035156,298.4000015258789
1763888105380,794.6000061035156,293.4000015258789
1763888105397,793.6000061035156,291.4000015258789
1763888105422,792.6000061035156,290.4000015258789
1763888105430,789.6000061035156,291.4000015258789
1763888105447,789.6000061035156,295.4000015258789
1763888105463,788.6000061035156,297.4000015258789
1763888105547,791.6000061035156,293.4000015258789
1763888105563,795.6000061035156,284.4000015258789
1763888105580,798.6000061035156,274.4000015258789
1763888105597,798.6000061035156,273.4000015258789
1763888105630,798.6000061035156,274.4000015258789
1763888105647,795.6000061035156,284.4000015258789
1763888105663,791.6000061035156,292.4000015258789
1763888105680,788.6000061035156,297.4000015258789
1763888105697,786.6000061035156,300.4000015258789
1763888105746,788.6000061035156,297.4000015258789
1763888105763,794.6000061035156,282.4000015258789
1763888105780,800.6000061035156,264.4000015258789
1763888105796,803.6000061035156,258.4000015258789
1763888105813,808.6000061035156,254.4000015258789
1763888105830,809.6000061035156,252.4000015258789
1763888105854,809.6000061035156,253.4000015258789
1763888105863,809.6000061035156,256.4000015258789
1763888105880,809.6000061035156,265.4000015258789
1763888105896,809.6000061035156,272.4000015258789
1763888105913,808.6000061035156,276.4000015258789
1763888105930,807.6000061035156,277.4000015258789
1763888105958,807.6000061035156,278.4000015258789
1763888105965,808.6000061035156,275.4000015258789
1763888105980,809.6000061035156,272.4000015258789
1763888105996,812.6000061035156,263.4000015258789
1763888106013,812.6000061035156,249.4000015258789
1763888106030,812.6000061035156,241.4000015258789
1763888106046,812.6000061035156,239.4000015258789
1763888106070,810.6000061035156,239.4000015258789
1763888106079,809.6000061035156,245.4000015258789
1763888106096,801.6000061035156,259.4000015258789
1763888106113,801.6000061035156,264.4000015258789
1763888106129,798.6000061035156,269.4000015258789
1763888106146,798.6000061035156,270.4000015258789
1763888106198,798.6000061035156,269.4000015258789
1763888106213,798.6000061035156,266.4000015258789
1763888106229,804.6000061035156,256.4000015258789
1763888106246,805.6000061035156,252.4000015258789
1763888106296,801.6000061035156,259.4000015258789
1763888106313,797.6000061035156,268.4000015258789
1763888106329,796.6000061035156,272.4000015258789
1763888106346,795.6000061035156,275.4000015258789
1763888106406,795.6000061035156,272.4000015258789
1763888106414,795.6000061035156,268.4000015258789
1763888106429,795.6000061035156,261.4000015258789
1763888106446,799.6000061035156,241.4000015258789
1763888106463,799.6000061035156,236.4000015258789
1763888106479,799.6000061035156,236.4000015258789
1763888106496,800.6000061035156,235.4000015258789
1763888106513,800.6000061035156,236.4000015258789
1763888106529,799.6000061035156,251.4000015258789
1763888106546,790.6000061035156,268.4000015258789
1763888106562,781.6000061035156,284.4000015258789
1763888106579,777.6000061035156,288.4000015258789
1763888106596,777.6000061035156,290.4000015258789
1763888106646,777.6000061035156,288.4000015258789
1763888106662,780.6000061035156,269.4000015258789
1763888106679,788.6000061035156,260.4000015258789
1763888106696,796.6000061035156,249.4000015258789
1763888106712,800.6000061035156,243.4000015258789
1763888106762,800.6000061035156,245.4000015258789
1763888106779,793.6000061035156,261.4000015258789
1763888106796,787.6000061035156,277.4000015258789
1763888106812,785.6000061035156,282.4000015258789
1763888106829,783.6000061035156,288.4000015258789
1763888106846,783.6000061035156,289.4000015258789
1763888106912,783.6000061035156,284.4000015258789
1763888106929,789.6000061035156,275.4000015258789
1763888106945,793.6000061035156,267.4000015258789
1763888106962,796.6000061035156,261.4000015258789
1763888107012,797.6000061035156,260.4000015258789
1763888107029,798.6000061035156,261.4000015258789
1763888107045,800.6000061035156,265.4000015258789
1763888107062,800.6000061035156,276.4000015258789
1763888107079,800.6000061035156,281.4000015258789
1763888107095,800.6000061035156,282.4000015258789
1763888107118,801.6000061035156,283.4000015258789
1763888107134,801.6000061035156,282.4000015258789
1763888107145,801.6000061035156,281.4000015258789
1763888107162,801.6000061035156,276.4000015258789
1763888107179,802.6000061035156,271.4000015258789
1763888107195,803.6000061035156,264.4000015258789
1763888107212,805.6000061035156,261.4000015258789
1763888107278,804.6000061035156,264.4000015258789
1763888107295,796.6000061035156,270.4000015258789
1763888107312,791.6000061035156,273.4000015258789
1763888107328,786.6000061035156,277.4000015258789
1763888107345,784.6000061035156,280.4000015258789
1763888107398,784.6000061035156,277.4000015258789
1763888107412,787.6000061035156,275.4000015258789
1763888107428,793.6000061035156,268.4000015258789
1763888107445,800.6000061035156,259.4000015258789
1763888107462,807.6000061035156,248.4000015258789
1763888107478,808.6000061035156,247.4000015258789
1763888107528,808.6000061035156,248.4000015258789
1763888107545,807.6000061035156,258.4000015258789
1763888107562,804.6000061035156,268.4000015258789
1763888107578,801.6000061035156,277.4000015258789
1763888107595,801.6000061035156,280.4000015258789
1763888107645,802.6000061035156,280.4000015258789
1763888107661,805.6000061035156,268.4000015258789
1763888107678,805.6000061035156,256.4000015258789
1763888107695,805.6000061035156,238.4000015258789
1763888107711,805.6000061035156,223.4000015258789
1763888107728,807.6000061035156,219.4000015258789
1763888107778,806.6000061035156,226.4000015258789
1763888107795,803.6000061035156,232.4000015258789
1763888107811,800.6000061035156,243.4000015258789
1763888107828,799.6000061035156,247.4000015258789
1763888107845,798.6000061035156,249.4000015258789
1763888107895,798.6000061035156,247.4000015258789
1763888107911,800.6000061035156,238.4000015258789
1763888107928,806.6000061035156,227.4000015258789
1763888107945,810.6000061035156,220.4000015258789
1763888107961,811.6000061035156,219.4000015258789
1763888107990,812.6000061035156,223.4000015258789
1763888107998,812.6000061035156,227.4000015258789
1763888108011,812.6000061035156,234.4000015258789
1763888108028,805.6000061035156,252.4000015258789
1763888108044,802.6000061035156,260.4000015258789
1763888108061,799.6000061035156,266.4000015258789
1763888108078,798.6000061035156,267.4000015258789
1763888108128,798.6000061035156,266.4000015258789
1763888108144,798.6000061035156,259.4000015258789
1763888108161,802.6000061035156,250.4000015258789
1763888108178,806.6000061035156,246.4000015258789
1763888108194,807.6000061035156,244.4000015258789
1763888108244,805.6000061035156,249.4000015258789
1763888108261,801.6000061035156,258.4000015258789
1763888108278,797.6000061035156,264.4000015258789
1763888108294,797.6000061035156,264.4000015258789
1763888108344,797.6000061035156,264.4000015258789
1763888108361,797.6000061035156,257.4000015258789
1763888108378,797.6000061035156,241.4000015258789
1763888108394,798.6000061035156,217.4000015258789
1763888108411,799.6000061035156,211.4000015258789
1763888108461,799.6000061035156,210.4000015258789
1763888108477,798.6000061035156,219.4000015258789
1763888108494,798.6000061035156,234.4000015258789
1763888108511,796.6000061035156,242.4000015258789
1763888108527,795.6000061035156,245.4000015258789
1763888108544,793.6000061035156,246.4000015258789
1763888108606,793.6000061035156,242.4000015258789
1763888108614,795.6000061035156,237.4000015258789
1763888108627,797.6000061035156,234.4000015258789
1763888108644,803.6000061035156,228.4000015258789
1763888108694,796.6000061035156,237.4000015258789
1763888108711,785.6000061035156,254.4000015258789
1763888108727,776.6000061035156,267.4000015258789
1763888108744,771.6000061035156,270.4000015258789
1763888108761,770.6000061035156,272.4000015258789
1763888108811,770.6000061035156,273.4000015258789
1763888108830,769.6000061035156,271.4000015258789
1763888108844,769.6000061035156,267.4000015258789
1763888108860,767.6000061035156,253.4000015258789
1763888108877,767.6000061035156,234.4000015258789
1763888108894,767.6000061035156,222.4000015258789
1763888108944,767.6000061035156,226.4000015258789
1763888108960,767.6000061035156,239.4000015258789
1763888108977,767.6000061035156,248.4000015258789
1763888108994,767.6000061035156,255.4000015258789
1763888109010,767.6000061035156,261.4000015258789
1763888109027,767.6000061035156,262.4000015258789
1763888109077,767.6000061035156,261.4000015258789
1763888109094,770.6000061035156,247.4000015258789
1763888109110,777.6000061035156,236.4000015258789
1763888109127,780.6000061035156,231.4000015258789
1763888109158,781.6000061035156,231.4000015258789
1763888109174,783.6000061035156,233.4000015258789
1763888109182,783.6000061035156,234.4000015258789
1763888109193,783.6000061035156,237.4000015258789
1763888109210,781.6000061035156,247.4000015258789
1763888109227,779.6000061035156,252.4000015258789
1763888109243,778.6000061035156,255.4000015258789
1763888109294,778.6000061035156,254.4000015258789
1763888109310,778.6000061035156,245.4000015258789
1763888109327,778.6000061035156,236.4000015258789
1763888109343,778.6000061035156,231.4000015258789
1763888109360,778.6000061035156,231.4000015258789
1763888109414,778.6000061035156,233.4000015258789
1763888109427,778.6000061035156,237.4000015258789
1763888109443,778.6000061035156,250.4000015258789
1763888109460,777.6000061035156,269.4000015258789
1763888109477,775.6000061035156,270.4000015258789
1763888109510,776.6000061035156,271.4000015258789
1763888109527,778.6000061035156,269.4000015258789
1763888109543,780.6000061035156,264.4000015258789
1763888109560,785.6000061035156,249.4000015258789
1763888109576,795.6000061035156,240.4000015258789
1763888109593,797.6000061035156,235.4000015258789
1763888109643,797.6000061035156,239.4000015258789
1763888109660,792.6000061035156,250.4000015258789
1763888109676,787.6000061035156,259.4000015258789
1763888109693,785.6000061035156,264.4000015258789
1763888109710,782.6000061035156,266.4000015258789
1763888109760,782.6000061035156,264.4000015258789
1763888109776,782.6000061035156,255.4000015258789
1763888109793,783.6000061035156,236.4000015258789
1763888109810,789.6000061035156,225.4000015258789
1763888109826,790.6000061035156,223.4000015258789
1763888109843,791.6000061035156,222.4000015258789
1763888109870,791.6000061035156,225.4000015258789
1763888109878,794.6000061035156,229.4000015258789
1763888109893,794.6000061035156,232.4000015258789
1763888109910,794.6000061035156,256.4000015258789
1763888109926,790.6000061035156,263.4000015258789
1763888109943,786.6000061035156,269.4000015258789
1763888109959,784.6000061035156,272.4000015258789
1763888110014,784.6000061035156,271.4000015258789
1763888110026,784.6000061035156,268.4000015258789
1763888110043,784.6000061035156,256.4000015258789
1763888110059,785.6000061035156,239.4000015258789
1763888110076,792.6000061035156,227.4000015258789
1763888110093,795.6000061035156,222.4000015258789
1763888110109,795.6000061035156,221.4000015258789
1763888110126,796.6000061035156,229.4000015258789
1763888110143,796.6000061035156,247.4000015258789
1763888110159,796.6000061035156,264.4000015258789
1763888110176,795.6000061035156,272.4000015258789
1763888110193,794.6000061035156,275.4000015258789
1763888110246,794.6000061035156,273.4000015258789
1763888110259,794.6000061035156,270.4000015258789
1763888110276,794.6000061035156,257.4000015258789
1763888110293,794.6000061035156,243.4000015258789
1763888110309,799.6000061035156,226.4000015258789
1763888110326,811.6000061035156,210.4000015258789
1763888110376,813.6000061035156,216.4000015258789
1763888110392,813.6000061035156,227.4000015258789
1763888110409,808.6000061035156,241.4000015258789
1763888110426,802.6000061035156,250.4000015258789
1763888110442,795.6000061035156,260.4000015258789
1763888110459,794.6000061035156,261.4000015258789
1763888110479,794.6000061035156,262.4000015258789
1763888110502,794.6000061035156,260.4000015258789
1763888110515,794.6000061035156,258.4000015258789
1763888110531,796.6000061035156,251.4000015258789
1763888110543,801.6000061035156,245.4000015258789
1763888110560,808.6000061035156,238.4000015258789
1763888110576,811.6000061035156,237.4000015258789
1763888110626,808.6000061035156,243.4000015258789
1763888110643,802.6000061035156,247.4000015258789
1763888110660,792.6000061035156,255.4000015258789
1763888110676,790.6000061035156,256.4000015258789
1763888110750,790.6000061035156,253.4000015258789
1763888110760,790.6000061035156,250.4000015258789
1763888110776,790.6000061035156,240.4000015258789
1763888110793,791.6000061035156,234.4000015258789
1763888110809,791.6000061035156,232.4000015258789
1763888110859,791.6000061035156,233.4000015258789
1763888110876,791.6000061035156,237.4000015258789
1763888110893,791.6000061035156,242.4000015258789
1763888110909,791.6000061035156,244.4000015258789
1763888110926,791.6000061035156,247.4000015258789
1763888110982,791.6000061035156,245.4000015258789
1763888110993,791.6000061035156,242.4000015258789
1763888111009,795.6000061035156,233.4000015258789
1763888111026,796.6000061035156,230.4000015258789
1763888111094,796.6000061035156,230.4000015258789
1763888111109,796.6000061035156,231.4000015258789
1763888111126,796.6000061035156,233.4000015258789
1763888113894,847.6000061035156,229.4000015258789
1763888113907,847.6000061035156,230.4000015258789
1763888113923,847.6000061035156,235.4000015258789
1763888113940,852.6000061035156,242.4000015258789
1763888113957,855.6000061035156,259.4000015258789
1763888113973,857.6000061035156,266.4000015258789
1763888113990,857.6000061035156,270.4000015258789
1763888114007,857.6000061035156,271.4000015258789
1763888114023,857.6000061035156,272.4000015258789
1763888114040,857.6000061035156,273.4000015258789
1763888114057,857.6000061035156,275.4000015258789
1763888114126,856.6000061035156,274.4000015258789
1763888114140,856.6000061035156,272.4000015258789
1763888114157,856.6000061035156,265.4000015258789
1763888114173,854.6000061035156,255.4000015258789
1763888114190,853.6000061035156,247.4000015258789
1763888114207,852.6000061035156,244.4000015258789
1763888114270,852.6000061035156,242.4000015258789
1763888114278,852.6000061035156,241.4000015258789
1763888114294,851.6000061035156,241.4000015258789
1763888114318,851.6000061035156,243.4000015258789
1763888114326,851.6000061035156,245.4000015258789
1763888114340,851.6000061035156,246.4000015258789
1763888114356,851.6000061035156,250.4000015258789
1763888114373,851.6000061035156,253.4000015258789
1763888114390,851.6000061035156,260.4000015258789
1763888114406,851.6000061035156,261.4000015258789
1763888114486,851.6000061035156,258.4000015258789
1763888114494,851.6000061035156,255.4000015258789
1763888114506,851.6000061035156,252.4000015258789
1763888114523,851.6000061035156,247.4000015258789
1763888114540,849.6000061035156,245.4000015258789
1763888114566,849.6000061035156,246.4000015258789
1763888114574,849.6000061035156,248.4000015258789
1763888114590,849.6000061035156,251.4000015258789
1763888114606,850.6000061035156,259.4000015258789
1763888114623,852.6000061035156,263.4000015258789
1763888114798,852.6000061035156,263.4000015258789
1763888114806,852.6000061035156,265.4000015258789
1763888114823,852.6000061035156,270.4000015258789
1763888114839,852.6000061035156,274.4000015258789
1763888114856,852.6000061035156,277.4000015258789
1763888114873,851.6000061035156,279.4000015258789
1763888114889,850.6000061035156,280.4000015258789
1763888114966,850.6000061035156,280.4000015258789
1763888115006,848.6000061035156,280.4000015258789
1763888115023,845.6000061035156,280.4000015258789
1763888115156,844.6000061035156,246.4000015258789
1763888115422,844.6000061035156,232.4000015258789
1763888115439,844.6000061035156,225.4000015258789
1763888115455,844.6000061035156,222.4000015258789
1763888115510,844.6000061035156,223.4000015258789
1763888115522,846.6000061035156,226.4000015258789
1763888115539,848.6000061035156,234.4000015258789
1763888115555,851.6000061035156,243.4000015258789
1763888115572,851.6000061035156,245.4000015258789
1763888115638,851.6000061035156,243.4000015258789
1763888115655,851.6000061035156,241.4000015258789
1763888115672,853.6000061035156,235.4000015258789
1763888115689,854.6000061035156,229.4000015258789
1763888115738,857.6000061035156,230.4000015258789
1763888115755,859.6000061035156,235.4000015258789
1763888115772,859.6000061035156,239.4000015258789
1763888115788,859.6000061035156,244.4000015258789
1763888115805,859.6000061035156,246.4000015258789
1763888115822,859.6000061035156,248.4000015258789
1763888115878,858.6000061035156,248.4000015258789
1763888115894,857.6000061035156,248.4000015258789
1763888115905,856.6000061035156,246.4000015258789
1763888115922,856.6000061035156,241.4000015258789
1763888115938,856.6000061035156,236.4000015258789
1763888115955,856.6000061035156,234.4000015258789
1763888115982,857.6000061035156,233.4000015258789
1763888116022,858.6000061035156,238.4000015258789
1763888116038,858.6000061035156,246.4000015258789
1763888116055,858.6000061035156,248.4000015258789
1763888116072,858.6000061035156,249.4000015258789
1763888116134,858.6000061035156,246.4000015258789
1763888116142,858.6000061035156,244.4000015258789
1763888116155,858.6000061035156,238.4000015258789
1763888116171,858.6000061035156,225.4000015258789
1763888116188,859.6000061035156,216.4000015258789
1763888116205,859.6000061035156,211.4000015258789
1763888116221,859.6000061035156,210.4000015258789
1763888116302,859.6000061035156,211.4000015258789
1763888116310,859.6000061035156,215.4000015258789
1763888116321,861.6000061035156,220.4000015258789
1763888116338,861.6000061035156,228.4000015258789
1763888116355,862.6000061035156,230.4000015258789
1763888116430,862.6000061035156,229.4000015258789
1763888116438,861.6000061035156,227.4000015258789
1763888116455,859.6000061035156,217.4000015258789
1763888116471,858.6000061035156,213.4000015258789
1763888116488,857.6000061035156,209.4000015258789
1763888116550,856.6000061035156,212.4000015258789
1763888116558,856.6000061035156,214.4000015258789
1763888116571,855.6000061035156,218.4000015258789
1763888116588,853.6000061035156,224.4000015258789
1763888116604,852.6000061035156,228.4000015258789
1763888116621,852.6000061035156,230.4000015258789
1763888116638,852.6000061035156,230.4000015258789
1763888116688,851.6000061035156,229.4000015258789
1763888116704,848.6000061035156,223.4000015258789
1763888116721,848.6000061035156,215.4000015258789
1763888116738,848.6000061035156,209.4000015258789
1763888116754,848.6000061035156,207.4000015258789
1763888116806,848.6000061035156,208.4000015258789
1763888116821,848.6000061035156,210.4000015258789
1763888116838,848.6000061035156,215.4000015258789
1763888116854,848.6000061035156,217.4000015258789
1763888116871,848.6000061035156,218.4000015258789
1763888116942,848.6000061035156,216.4000015258789
1763888116954,848.6000061035156,214.4000015258789
1763888116971,848.6000061035156,209.4000015258789
1763888116987,848.6000061035156,207.4000015258789
1763888117004,847.6000061035156,206.4000015258789
1763888117054,847.6000061035156,215.4000015258789
1763888117071,847.6000061035156,226.4000015258789
1763888117087,847.6000061035156,231.4000015258789
1763888117104,846.6000061035156,235.4000015258789
1763888117190,848.6000061035156,238.4000015258789
1763888117204,847.6000061035156,239.4000015258789
1763888117221,849.6000061035156,245.4000015258789
1763888117237,849.6000061035156,247.4000015258789
1763888117254,850.6000061035156,250.4000015258789
1763888117270,851.6000061035156,251.4000015258789
1763888117320,851.6000061035156,254.4000015258789
1763888117337,851.6000061035156,257.4000015258789
1763888117354,851.6000061035156,259.4000015258789
1763888117404,851.6000061035156,261.4000015258789
1763888117420,851.6000061035156,263.4000015258789
1763888117437,851.6000061035156,266.4000015258789
1763888117454,851.6000061035156,270.4000015258789
1763888117470,851.6000061035156,273.4000015258789
1763888117487,851.6000061035156,275.4000015258789
1763888117504,850.6000061035156,277.4000015258789
1763888117520,850.6000061035156,281.4000015258789
1763888117537,850.6000061035156,283.4000015258789
1763888117554,850.6000061035156,285.4000015258789
1763888117570,850.6000061035156,288.4000015258789
1763888117587,850.6000061035156,289.4000015258789
1763888117604,849.6000061035156,290.4000015258789
1763888117620,848.6000061035156,291.4000015258789
1763888117637,848.6000061035156,293.4000015258789
1763888117654,847.6000061035156,293.4000015258789
1763888117726,846.6000061035156,294.4000015258789
1763888117737,846.6000061035156,295.4000015258789
1763888117838,847.6000061035156,294.4000015258789
1763888117853,848.6000061035156,294.4000015258789
1763888117870,851.6000061035156,290.4000015258789
1763888117887,851.6000061035156,288.4000015258789
1763888117903,852.6000061035156,285.4000015258789
1763888117920,853.6000061035156,283.4000015258789
1763888117937,853.6000061035156,283.4000015258789
1763888117998,853.6000061035156,284.4000015258789
1763888118006,853.6000061035156,285.4000015258789
1763888118020,853.6000061035156,287.4000015258789
1763888118037,853.6000061035156,290.4000015258789
1763888118053,853.6000061035156,294.4000015258789
1763888118070,853.6000061035156,297.4000015258789
1763888118086,851.6000061035156,300.4000015258789
1763888118103,850.6000061035156,302.4000015258789
1763888118120,848.6000061035156,303.4000015258789
1763888118136,848.6000061035156,304.4000015258789
1763888118158,848.6000061035156,306.4000015258789
1763888118170,846.6000061035156,307.4000015258789
1763888118186,845.6000061035156,307.4000015258789
1763888118262,846.6000061035156,307.4000015258789
1763888118310,846.6000061035156,307.4000015258789
1763888118320,846.6000061035156,305.4000015258789
1763888118336,846.6000061035156,302.4000015258789
1763888118358,846.6000061035156,301.4000015258789
1763888118370,846.6000061035156,300.4000015258789
1763888118453,844.6000061035156,302.4000015258789
1763888118470,843.6000061035156,303.4000015258789
1763888118534,842.6000061035156,304.4000015258789
1763888118550,843.6000061035156,305.4000015258789
1763888118566,844.6000061035156,307.4000015258789
1763888118582,845.6000061035156,307.4000015258789
1763888118598,846.6000061035156,307.4000015258789
1763888118606,847.6000061035156,307.4000015258789
1763888118619,848.6000061035156,307.4000015258789
1763888118636,853.6000061035156,307.4000015258789
1763888118919,861.6000061035156,291.4000015258789
1763888118936,860.6000061035156,290.4000015258789
1763888118952,856.6000061035156,286.4000015258789
1763888119006,855.6000061035156,288.4000015258789
1763888119019,855.6000061035156,288.4000015258789
1763888119036,855.6000061035156,292.4000015258789
1763888119052,855.6000061035156,293.4000015258789
1763888119069,856.6000061035156,296.4000015258789
1763888119086,856.6000061035156,300.4000015258789
1763888119102,856.6000061035156,302.4000015258789
1763888119134,856.6000061035156,303.4000015258789
1763888119182,857.6000061035156,300.4000015258789
1763888119190,857.6000061035156,298.4000015258789
1763888119202,857.6000061035156,294.4000015258789
1763888119219,858.6000061035156,285.4000015258789
1763888119236,858.6000061035156,284.4000015258789
1763888119262,859.6000061035156,284.4000015258789
1763888119270,860.6000061035156,284.4000015258789
1763888119294,860.6000061035156,284.4000015258789
1763888119302,860.6000061035156,286.4000015258789
1763888119452,859.6000061035156,282.4000015258789
1763888119469,857.6000061035156,273.4000015258789
1763888119485,856.6000061035156,270.4000015258789
1763888119502,855.6000061035156,267.4000015258789
1763888119552,854.6000061035156,267.4000015258789
1763888119568,851.6000061035156,272.4000015258789
1763888119585,849.6000061035156,278.4000015258789
1763888119602,849.6000061035156,282.4000015258789
1763888119622,849.6000061035156,283.4000015258789
1763888119678,849.6000061035156,283.4000015258789
1763888119718,848.6000061035156,283.4000015258789
1763888119735,848.6000061035156,283.4000015258789
1763888119752,847.6000061035156,281.4000015258789
1763888119768,845.6000061035156,278.4000015258789
1763888119835,846.6000061035156,253.4000015258789
1763888119852,848.6000061035156,248.4000015258789
1763888119868,848.6000061035156,244.4000015258789
1763888119885,849.6000061035156,237.4000015258789
1763888119902,850.6000061035156,232.4000015258789
1763888119918,851.6000061035156,222.4000015258789
1763888119935,851.6000061035156,220.4000015258789
1763888119952,851.6000061035156,219.4000015258789
1763888119968,851.6000061035156,217.4000015258789
1763888119985,851.6000061035156,215.4000015258789
1763888120001,851.6000061035156,212.4000015258789
1763888120018,851.6000061035156,209.4000015258789
1763888120035,851.6000061035156,207.4000015258789
1763888120051,851.6000061035156,205.4000015258789
1763888120068,851.6000061035156,202.4000015258789
1763888120085,851.6000061035156,200.4000015258789
1763888120101,851.6000061035156,198.4000015258789
1763888120166,853.6000061035156,200.4000015258789
1763888120174,853.6000061035156,201.4000015258789
1763888120185,853.6000061035156,204.4000015258789
1763888120201,853.6000061035156,209.4000015258789
1763888120218,853.6000061035156,214.4000015258789
1763888120235,852.6000061035156,216.4000015258789
1763888120251,852.6000061035156,216.4000015258789
1763888120302,852.6000061035156,216.4000015258789
1763888120318,852.6000061035156,212.4000015258789
1763888120335,852.6000061035156,204.4000015258789
1763888120351,852.6000061035156,197.4000015258789
1763888120368,852.6000061035156,194.4000015258789
1763888120385,852.6000061035156,192.4000015258789
1763888120470,852.6000061035156,192.4000015258789
1763888120484,852.6000061035156,193.4000015258789
1763888120501,853.6000061035156,196.4000015258789
1763888120590,853.6000061035156,193.4000015258789
1763888120601,853.6000061035156,191.4000015258789
1763888120618,853.6000061035156,185.4000015258789
1763888120634,853.6000061035156,180.4000015258789
1763888120651,853.6000061035156,178.4000015258789
1763888120668,853.6000061035156,177.4000015258789
1763888120742,853.6000061035156,178.4000015258789
1763888120751,853.6000061035156,181.4000015258789
1763888120767,853.6000061035156,186.4000015258789
1763888120784,853.6000061035156,193.4000015258789
1763888120801,853.6000061035156,197.4000015258789
1763888120817,853.6000061035156,198.4000015258789
1763888120902,853.6000061035156,197.4000015258789
1763888120917,853.6000061035156,195.4000015258789
1763888120934,844.6000061035156,176.4000015258789
1763888120951,841.6000061035156,169.4000015258789
1763888120967,841.6000061035156,168.4000015258789
1763888120990,841.6000061035156,167.4000015258789
1763888121034,840.6000061035156,169.4000015258789
1763888121051,840.6000061035156,177.4000015258789
1763888121067,840.6000061035156,181.4000015258789
1763888121084,841.6000061035156,187.4000015258789
1763888121101,843.6000061035156,191.4000015258789
1763888121117,843.6000061035156,192.4000015258789
1763888121198,843.6000061035156,188.4000015258789
1763888121206,842.6000061035156,185.4000015258789
1763888121217,842.6000061035156,181.4000015258789
1763888121234,842.6000061035156,172.4000015258789
1763888121250,840.6000061035156,165.4000015258789
1763888121317,840.6000061035156,167.4000015258789
1763888121334,841.6000061035156,177.4000015258789
1763888121350,844.6000061035156,187.4000015258789
1763888121367,846.6000061035156,193.4000015258789
1763888121384,846.6000061035156,197.4000015258789
1763888121400,848.6000061035156,201.4000015258789
1763888121417,850.6000061035156,204.4000015258789
1763888121486,850.6000061035156,202.4000015258789
1763888121500,850.6000061035156,201.4000015258789
1763888121517,850.6000061035156,193.4000015258789
1763888121533,850.6000061035156,186.4000015258789
1763888121550,850.6000061035156,184.4000015258789
1763888121583,852.6000061035156,186.4000015258789
1763888121600,853.6000061035156,191.4000015258789
1763888121617,855.6000061035156,199.4000015258789
1763888121633,857.6000061035156,205.4000015258789
1763888121650,858.6000061035156,209.4000015258789
1763888121667,860.6000061035156,212.4000015258789
1763888121758,859.6000061035156,213.4000015258789
1763888121767,857.6000061035156,212.4000015258789
1763888121783,854.6000061035156,206.4000015258789
1763888121801,851.6000061035156,199.4000015258789
1763888121817,851.6000061035156,192.4000015258789
1763888121834,851.6000061035156,186.4000015258789
1763888121851,851.6000061035156,182.4000015258789
1763888121867,851.6000061035156,180.4000015258789
1763888121884,851.6000061035156,176.4000015258789
1763888121901,851.6000061035156,171.4000015258789
1763888121917,851.6000061035156,164.4000015258789
1763888121934,851.6000061035156,159.4000015258789
1763888121951,851.6000061035156,157.4000015258789
1763888122022,850.6000061035156,156.4000015258789
1763888122034,849.6000061035156,154.4000015258789
1763888122050,847.6000061035156,152.4000015258789
1763888122067,845.6000061035156,149.4000015258789
1763888122084,844.6000061035156,149.4000015258789
1763888122100,843.6000061035156,147.4000015258789
1763888122150,843.6000061035156,146.4000015258789
1763888122222,842.6000061035156,148.4000015258789
1763888122234,842.6000061035156,149.4000015258789
1763888122250,844.6000061035156,153.4000015258789
1763888122267,846.6000061035156,158.4000015258789
1763888122284,848.6000061035156,160.4000015258789
1763888122300,849.6000061035156,163.4000015258789
1763888122317,849.6000061035156,166.4000015258789
1763888122334,850.6000061035156,169.4000015258789
1763888122350,850.6000061035156,170.4000015258789
1763888122367,850.6000061035156,172.4000015258789
1763888122390,850.6000061035156,173.4000015258789
1763888122400,850.6000061035156,173.4000015258789
1763888122450,849.6000061035156,173.4000015258789
1763888122467,847.6000061035156,173.4000015258789
1763888122483,844.6000061035156,171.4000015258789
1763888122500,838.6000061035156,163.4000015258789
1763888122517,837.6000061035156,157.4000015258789
1763888122533,835.6000061035156,151.4000015258789
1763888122550,833.6000061035156,145.4000015258789
1763888122567,832.6000061035156,142.4000015258789
1763888122583,832.6000061035156,141.4000015258789
1763888122600,832.6000061035156,137.4000015258789
1763888122617,831.6000061035156,136.4000015258789
1763888122667,831.6000061035156,137.4000015258789
1763888122683,834.6000061035156,141.4000015258789
1763888122700,838.6000061035156,149.4000015258789
1763888122717,841.6000061035156,153.4000015258789
1763888122733,842.6000061035156,154.4000015258789
1763888122750,843.6000061035156,156.4000015258789
1763888122846,843.6000061035156,154.4000015258789
1763888122854,843.6000061035156,151.4000015258789
1763888122866,841.6000061035156,149.4000015258789
1763888122883,841.6000061035156,144.4000015258789
1763888122900,838.6000061035156,140.4000015258789
1763888122916,838.6000061035156,136.4000015258789
1763888122933,836.6000061035156,134.4000015258789
1763888122950,836.6000061035156,131.4000015258789
1763888122966,834.6000061035156,126.4000015258789
1763888122983,834.6000061035156,125.4000015258789
1763888123000,833.6000061035156,123.4000015258789
1763888123110,834.6000061035156,123.4000015258789
1763888123126,836.6000061035156,125.4000015258789
1763888123134,838.6000061035156,127.4000015258789
1763888123149,839.6000061035156,128.4000015258789
1763888123166,842.6000061035156,131.4000015258789
1763888123183,843.6000061035156,132.4000015258789
1763888123199,844.6000061035156,133.4000015258789
1763888123299,844.6000061035156,137.4000015258789
1763888123316,844.6000061035156,143.4000015258789
1763888123333,844.6000061035156,146.4000015258789
1763888123349,844.6000061035156,147.4000015258789
1763888123422,843.6000061035156,146.4000015258789
1763888123433,842.6000061035156,145.4000015258789
1763888123449,842.6000061035156,140.4000015258789
1763888123466,842.6000061035156,136.4000015258789
1763888123482,842.6000061035156,131.4000015258789
1763888123499,842.6000061035156,128.4000015258789
1763888123516,841.6000061035156,125.4000015258789
1763888123532,841.6000061035156,124.4000015258789
1763888123549,840.6000061035156,123.4000015258789
1763888123566,838.6000061035156,121.4000015258789
1763888123582,837.6000061035156,121.4000015258789
1763888123599,836.6000061035156,119.4000015258789
1763888123616,835.6000061035156,118.4000015258789
1763888123632,834.6000061035156,117.4000015258789
1763888123649,834.6000061035156,116.4000015258789
1763888123666,833.6000061035156,114.4000015258789
1763888123682,831.6000061035156,113.4000015258789
1763888123699,830.6000061035156,112.4000015258789
1763888123716,829.6000061035156,110.4000015258789
1763888123766,827.6000061035156,109.4000015258789
1763888123782,827.6000061035156,109.4000015258789
1763888123799,824.6000061035156,109.4000015258789
1763888123816,819.6000061035156,108.4000015258789
1763888123886,818.6000061035156,108.4000015258789
1763888123899,817.6000061035156,108.4000015258789
1763888123915,813.6000061035156,105.4000015258789
1763888123932,811.6000061035156,105.4000015258789
1763888123949,810.6000061035156,105.4000015258789
1763888123999,808.6000061035156,105.4000015258789
1763888124150,809.6000061035156,105.4000015258789
1763888124165,811.6000061035156,105.4000015258789
1763888124182,816.6000061035156,109.4000015258789
1763888124199,819.6000061035156,112.4000015258789
1763888124215,823.6000061035156,114.4000015258789
1763888124232,826.6000061035156,117.4000015258789
1763888124249,828.6000061035156,117.4000015258789
1763888124270,830.6000061035156,118.4000015258789
1763888124286,831.6000061035156,120.4000015258789
1763888124298,832.6000061035156,121.4000015258789
1763888124315,834.6000061035156,124.4000015258789
1763888124332,834.6000061035156,125.4000015258789
1763888124358,835.6000061035156,126.4000015258789
1763888124398,836.6000061035156,130.4000015258789
1763888124415,836.6000061035156,130.4000015258789
1763888124486,834.6000061035156,130.4000015258789
1763888124498,832.6000061035156,130.4000015258789
1763888124515,822.6000061035156,125.4000015258789
1763888124532,813.6000061035156,122.4000015258789
1763888124548,811.6000061035156,121.4000015258789
1763888124565,808.6000061035156,119.4000015258789
1763888124654,808.6000061035156,120.4000015258789
1763888124665,808.6000061035156,121.4000015258789
1763888124681,809.6000061035156,125.4000015258789
1763888124698,812.6000061035156,128.4000015258789
1763888124715,816.6000061035156,132.4000015258789
1763888124731,818.6000061035156,134.4000015258789
1763888124748,821.6000061035156,136.4000015258789
1763888124822,821.6000061035156,135.4000015258789
1763888124831,821.6000061035156,131.4000015258789
1763888124848,818.6000061035156,125.4000015258789
1763888124865,815.6000061035156,123.4000015258789
1763888124881,815.6000061035156,121.4000015258789
1763888124898,813.6000061035156,119.4000015258789
1763888124915,812.6000061035156,118.4000015258789
1763888124931,812.6000061035156,117.4000015258789
1763888125014,819.6000061035156,124.4000015258789
1763888125031,823.6000061035156,126.4000015258789
1763888125048,826.6000061035156,128.4000015258789
1763888125064,829.6000061035156,131.4000015258789
1763888125086,830.6000061035156,131.4000015258789
1763888125166,830.6000061035156,130.4000015258789
1763888125181,830.6000061035156,128.4000015258789
1763888125198,826.6000061035156,124.4000015258789
1763888125214,821.6000061035156,119.4000015258789
1763888125231,819.6000061035156,116.4000015258789
1763888125248,816.6000061035156,114.4000015258789
1763888125264,816.6000061035156,113.4000015258789
1763888125281,813.6000061035156,112.4000015258789
1763888125298,812.6000061035156,112.4000015258789
1763888125314,811.6000061035156,111.4000015258789
1763888125331,808.6000061035156,109.4000015258789
1763888125348,808.6000061035156,109.4000015258789
1763888125364,806.6000061035156,109.4000015258789
1763888125414,805.6000061035156,109.4000015258789
1763888125480,806.6000061035156,109.4000015258789
1763888125497,807.6000061035156,109.4000015258789
1763888125514,812.6000061035156,110.4000015258789
1763888125531,817.6000061035156,113.4000015258789
1763888125547,821.6000061035156,114.4000015258789
1763888125564,824.6000061035156,115.4000015258789
1763888125581,826.6000061035156,115.4000015258789
1763888125597,828.6000061035156,117.4000015258789
1763888125614,829.6000061035156,117.4000015258789
1763888125646,831.6000061035156,118.4000015258789
1763888125654,832.6000061035156,119.4000015258789
1763888125670,832.6000061035156,121.4000015258789
1763888125681,832.6000061035156,121.4000015258789
1763888125697,832.6000061035156,125.4000015258789
1763888125714,834.6000061035156,127.4000015258789
1763888125806,835.6000061035156,128.4000015258789
1763888125910,835.6000061035156,128.4000015258789
1763888125918,835.6000061035156,125.4000015258789
1763888125930,834.6000061035156,125.4000015258789
1763888125947,833.6000061035156,121.4000015258789
1763888125964,833.6000061035156,118.4000015258789
1763888125980,831.6000061035156,117.4000015258789
1763888126166,832.6000061035156,117.4000015258789
1763888126180,834.6000061035156,118.4000015258789
1763888126197,835.6000061035156,120.4000015258789
1763888126213,838.6000061035156,122.4000015258789
1763888126230,842.6000061035156,124.4000015258789
1763888126247,843.6000061035156,125.4000015258789
1763888126263,844.6000061035156,127.4000015258789
1763888126280,846.6000061035156,128.4000015258789
1763888126297,846.6000061035156,131.4000015258789
1763888126313,846.6000061035156,133.4000015258789
1763888126330,846.6000061035156,136.4000015258789
1763888126347,848.6000061035156,139.4000015258789
1763888126363,849.6000061035156,141.4000015258789
1763888126380,849.6000061035156,145.4000015258789
1763888126397,849.6000061035156,146.4000015258789
1763888126413,849.6000061035156,150.4000015258789
1763888126430,850.6000061035156,152.4000015258789
1763888126447,850.6000061035156,156.4000015258789
1763888126463,850.6000061035156,158.4000015258789
1763888126480,850.6000061035156,160.4000015258789
1763888126497,850.6000061035156,163.4000015258789
1763888126513,850.6000061035156,164.4000015258789
1763888126530,851.6000061035156,168.4000015258789
1763888126546,852.6000061035156,170.4000015258789
1763888126563,853.6000061035156,172.4000015258789
1763888126580,854.6000061035156,176.4000015258789
1763888126596,854.6000061035156,179.4000015258789
1763888126613,854.6000061035156,181.4000015258789
1763888126630,854.6000061035156,184.4000015258789
1763888126646,854.6000061035156,187.4000015258789
1763888126663,854.6000061035156,189.4000015258789
1763888126680,854.6000061035156,192.4000015258789
1763888126696,854.6000061035156,196.4000015258789
1763888126713,854.6000061035156,198.4000015258789
1763888126734,854.6000061035156,199.4000015258789
1763888126813,853.6000061035156,198.4000015258789
1763888126830,848.6000061035156,191.4000015258789
1763888126846,843.6000061035156,172.4000015258789
1763888126863,840.6000061035156,166.4000015258789
1763888126880,840.6000061035156,162.4000015258789
1763888126910,840.6000061035156,160.4000015258789
1763888126926,840.6000061035156,158.4000015258789
1763888126934,838.6000061035156,156.4000015258789
1763888126946,837.6000061035156,155.4000015258789
1763888126963,837.6000061035156,152.4000015258789
1763888126979,837.6000061035156,150.4000015258789
1763888126996,837.6000061035156,148.4000015258789
1763888127013,835.6000061035156,147.4000015258789
1763888127029,833.6000061035156,144.4000015258789
1763888127046,832.6000061035156,140.4000015258789
1763888127063,830.6000061035156,138.4000015258789
1763888127079,829.6000061035156,136.4000015258789
1763888127096,828.6000061035156,136.4000015258789
1763888127113,825.6000061035156,133.4000015258789
1763888127129,825.6000061035156,132.4000015258789
1763888127206,824.6000061035156,134.4000015258789
1763888127214,826.6000061035156,137.4000015258789
1763888127238,826.6000061035156,139.4000015258789
1763888127246,827.6000061035156,141.4000015258789
1763888127263,829.6000061035156,144.4000015258789
1763888127279,832.6000061035156,147.4000015258789
1763888127296,833.6000061035156,148.4000015258789
1763888127312,834.6000061035156,150.4000015258789
1763888127329,836.6000061035156,152.4000015258789
1763888127346,836.6000061035156,153.4000015258789
1763888127362,837.6000061035156,154.4000015258789
1763888127379,838.6000061035156,158.4000015258789
1763888127396,839.6000061035156,159.4000015258789
1763888127412,839.6000061035156,161.4000015258789
1763888127429,841.6000061035156,162.4000015258789
1763888127446,841.6000061035156,163.4000015258789
1763888127462,841.6000061035156,165.4000015258789
1763888127479,842.6000061035156,166.4000015258789
1763888127496,843.6000061035156,168.4000015258789
1763888127512,843.6000061035156,170.4000015258789
1763888127529,843.6000061035156,172.4000015258789
1763888127546,843.6000061035156,174.4000015258789
1763888127562,843.6000061035156,175.4000015258789
1763888127630,843.6000061035156,176.4000015258789
1763888127646,841.6000061035156,175.4000015258789
1763888127662,836.6000061035156,168.4000015258789
1763888127679,833.6000061035156,162.4000015258789
1763888127695,832.6000061035156,158.4000015258789
1763888127758,832.6000061035156,154.4000015258789
1763888127774,833.6000061035156,154.4000015258789
1763888127782,835.6000061035156,157.4000015258789
1763888127795,837.6000061035156,159.4000015258789
1763888127812,839.6000061035156,168.4000015258789
1763888127829,841.6000061035156,174.4000015258789
1763888127845,842.6000061035156,178.4000015258789
1763888127862,842.6000061035156,183.4000015258789
1763888127879,843.6000061035156,188.4000015258789
1763888127895,843.6000061035156,190.4000015258789
1763888127912,844.6000061035156,192.4000015258789
1763888127929,844.6000061035156,193.4000015258789
1763888127958,844.6000061035156,193.4000015258789
1763888127966,844.6000061035156,195.4000015258789
1763888127979,844.6000061035156,195.4000015258789
1763888127995,844.6000061035156,198.4000015258789
1763888128012,844.6000061035156,200.4000015258789
1763888128028,844.6000061035156,203.4000015258789
1763888128045,844.6000061035156,204.4000015258789
1763888128112,844.6000061035156,205.4000015258789
1763888128128,844.6000061035156,206.4000015258789
1763888128145,844.6000061035156,207.4000015258789
1763888128162,844.6000061035156,209.4000015258789
1763888128212,844.6000061035156,211.4000015258789
1763888128228,844.6000061035156,212.4000015258789
1763888128245,844.6000061035156,214.4000015258789
1763888128262,844.6000061035156,216.4000015258789
1763888128278,844.6000061035156,218.4000015258789
1763888128295,844.6000061035156,219.4000015258789
1763888128312,845.6000061035156,221.4000015258789
1763888128438,846.6000061035156,220.4000015258789
1763888128446,847.6000061035156,220.4000015258789
1763888128462,847.6000061035156,219.4000015258789
1763888128478,850.6000061035156,212.4000015258789
1763888128495,851.6000061035156,210.4000015258789
1763888128512,851.6000061035156,207.4000015258789
1763888128528,851.6000061035156,207.4000015258789
1763888128545,851.6000061035156,205.4000015258789
1763888128561,851.6000061035156,204.4000015258789
1763888128578,851.6000061035156,203.4000015258789
1763888128595,851.6000061035156,200.4000015258789
1763888128611,851.6000061035156,198.4000015258789
1763888128628,854.6000061035156,195.4000015258789
1763888128645,855.6000061035156,194.4000015258789
1763888128661,855.6000061035156,193.4000015258789
1763888128694,855.6000061035156,192.4000015258789
1763888128718,856.6000061035156,192.4000015258789
1763888128742,857.6000061035156,192.4000015258789
1763888128758,858.6000061035156,194.4000015258789
1763888128766,859.6000061035156,195.4000015258789
1763888128795,861.6000061035156,199.4000015258789
1763888128811,861.6000061035156,200.4000015258789
1763888128828,861.6000061035156,201.4000015258789
1763888128846,861.6000061035156,202.4000015258789
1763888128861,861.6000061035156,203.4000015258789
1763888128878,861.6000061035156,205.4000015258789
1763888128894,861.6000061035156,209.4000015258789
1763888128911,861.6000061035156,211.4000015258789
1763888128928,861.6000061035156,211.4000015258789
1763888128950,861.6000061035156,213.4000015258789
1763888128966,861.6000061035156,214.4000015258789
1763888128982,861.6000061035156,215.4000015258789
1763888128994,861.6000061035156,216.4000015258789
1763888129011,861.6000061035156,219.4000015258789
1763888129028,861.6000061035156,220.4000015258789
1763888129044,861.6000061035156,221.4000015258789
1763888129061,861.6000061035156,222.4000015258789
1763888129078,861.6000061035156,225.4000015258789
1763888129094,861.6000061035156,226.4000015258789
1763888129111,861.6000061035156,227.4000015258789
1763888129128,861.6000061035156,230.4000015258789
1763888129144,861.6000061035156,230.4000015258789
1763888129161,861.6000061035156,232.4000015258789
1763888129178,861.6000061035156,234.4000015258789
1763888129194,861.6000061035156,235.4000015258789
1763888129211,861.6000061035156,238.4000015258789
1763888129227,860.6000061035156,240.4000015258789
1763888129244,860.6000061035156,241.4000015258789
1763888129261,860.6000061035156,244.4000015258789
1763888129277,858.6000061035156,246.4000015258789
1763888129294,858.6000061035156,247.4000015258789
1763888129311,858.6000061035156,252.4000015258789
1763888129327,857.6000061035156,255.4000015258789
1763888129344,857.6000061035156,257.4000015258789
1763888129361,857.6000061035156,258.4000015258789
1763888129377,857.6000061035156,261.4000015258789
1763888129394,857.6000061035156,262.4000015258789
1763888129411,857.6000061035156,264.4000015258789
1763888129427,856.6000061035156,267.4000015258789
1763888129444,856.6000061035156,268.4000015258789
1763888129461,856.6000061035156,269.4000015258789
1763888129477,856.6000061035156,270.4000015258789
1763888129494,856.6000061035156,273.4000015258789
1763888129511,855.6000061035156,273.4000015258789
1763888129527,855.6000061035156,276.4000015258789
1763888129544,855.6000061035156,278.4000015258789
1763888129561,855.6000061035156,280.4000015258789
1763888129577,855.6000061035156,281.4000015258789
1763888129594,855.6000061035156,282.4000015258789
1763888129611,853.6000061035156,285.4000015258789
1763888129627,853.6000061035156,288.4000015258789
1763888129644,853.6000061035156,289.4000015258789
1763888129660,853.6000061035156,290.4000015258789
1763888129710,853.6000061035156,291.4000015258789
1763888129727,852.6000061035156,293.4000015258789
1763888129744,851.6000061035156,294.4000015258789
1763888129760,850.6000061035156,295.4000015258789
1763888129822,850.6000061035156,295.4000015258789
1763888129860,849.6000061035156,295.4000015258789
1763888129886,848.6000061035156,295.4000015258789
1763888129902,847.6000061035156,295.4000015258789
1763888129926,846.6000061035156,295.4000015258789
1763888129944,846.6000061035156,294.4000015258789
1763888129960,846.6000061035156,293.4000015258789
1763888129977,846.6000061035156,293.4000015258789
1763888129994,845.6000061035156,290.4000015258789
1763888130010,845.6000061035156,289.4000015258789
1763888130027,845.6000061035156,286.4000015258789
1763888130043,845.6000061035156,285.4000015258789
1763888130060,844.6000061035156,285.4000015258789
1763888130126,843.6000061035156,284.4000015258789
1763888130222,843.6000061035156,284.4000015258789
1763888130230,843.6000061035156,285.4000015258789
1763888130246,843.6000061035156,288.4000015258789
1763888130260,843.6000061035156,289.4000015258789
1763888130277,843.6000061035156,292.4000015258789
1763888130293,843.6000061035156,294.4000015258789
1763888130310,843.6000061035156,295.4000015258789
1763888130327,843.6000061035156,296.4000015258789
1763888130376,844.6000061035156,297.4000015258789
1763888130398,845.6000061035156,298.4000015258789
1763888130446,845.6000061035156,298.4000015258789
1763888130493,846.6000061035156,298.4000015258789
1763888130510,848.6000061035156,298.4000015258789
1763888130526,852.6000061035156,299.4000015258789
1763888130543,854.6000061035156,300.4000015258789
1763888130614,856.6000061035156,300.4000015258789
1763888130719,856.6000061035156,300.4000015258789
1763888130726,857.6000061035156,299.4000015258789
1763888130743,857.6000061035156,298.4000015258789
1763888130759,857.6000061035156,296.4000015258789
1763888130776,857.6000061035156,295.4000015258789
1763888130793,857.6000061035156,293.4000015258789
1763888130927,857.6000061035156,294.4000015258789
1763888130950,857.6000061035156,294.4000015258789
1763888130959,856.6000061035156,296.4000015258789
1763888130976,855.6000061035156,298.4000015258789
1763888130993,855.6000061035156,299.4000015258789
1763888131022,854.6000061035156,299.4000015258789
1763888131059,853.6000061035156,299.4000015258789
1763888131076,853.6000061035156,296.4000015258789
1763888131093,853.6000061035156,290.4000015258789
1763888131109,853.6000061035156,286.4000015258789
1763888131126,853.6000061035156,282.4000015258789
1763888131142,855.6000061035156,280.4000015258789
1763888131159,856.6000061035156,277.4000015258789
1763888131176,856.6000061035156,275.4000015258789
1763888131192,857.6000061035156,273.4000015258789
1763888131209,858.6000061035156,270.4000015258789
1763888131226,859.6000061035156,267.4000015258789
1763888131342,863.6000061035156,241.4000015258789
1763888131359,863.6000061035156,237.4000015258789
1763888131376,863.6000061035156,234.4000015258789
1763888131442,864.6000061035156,219.4000015258789
1763888131459,862.6000061035156,215.4000015258789
1763888131475,862.6000061035156,213.4000015258789
1763888131542,860.6000061035156,214.4000015258789
1763888131559,860.6000061035156,220.4000015258789
1763888131575,859.6000061035156,227.4000015258789
1763888131592,859.6000061035156,232.4000015258789
1763888131609,859.6000061035156,234.4000015258789
1763888131626,858.6000061035156,236.4000015258789
1763888131711,857.6000061035156,237.4000015258789
1763888131726,856.6000061035156,237.4000015258789
1763888131743,854.6000061035156,233.4000015258789
1763888131759,854.6000061035156,225.4000015258789
1763888131776,854.6000061035156,220.4000015258789
1763888131793,854.6000061035156,218.4000015258789
1763888131809,854.6000061035156,217.4000015258789
1763888131935,854.6000061035156,218.4000015258789
1763888131958,854.6000061035156,219.4000015258789
1763888131974,854.6000061035156,220.4000015258789
1763888131991,855.6000061035156,221.4000015258789
1763888132055,855.6000061035156,219.4000015258789
1763888132062,855.6000061035156,217.4000015258789
1763888132076,855.6000061035156,216.4000015258789
1763888132092,852.6000061035156,205.4000015258789
1763888132109,851.6000061035156,196.4000015258789
1763888132126,851.6000061035156,189.4000015258789
1763888132142,851.6000061035156,180.4000015258789
1763888132159,849.6000061035156,175.4000015258789
1763888132176,849.6000061035156,170.4000015258789
1763888132192,847.6000061035156,166.4000015258789
1763888132209,847.6000061035156,164.4000015258789
1763888132226,847.6000061035156,161.4000015258789
1763888132242,846.6000061035156,157.4000015258789
1763888132259,846.6000061035156,154.4000015258789
1763888132276,845.6000061035156,153.4000015258789
1763888132350,845.6000061035156,156.4000015258789
1763888132359,845.6000061035156,159.4000015258789
1763888132375,845.6000061035156,172.4000015258789
1763888132392,845.6000061035156,179.4000015258789
1763888132409,845.6000061035156,184.4000015258789
1763888132425,845.6000061035156,186.4000015258789
1763888132442,845.6000061035156,187.4000015258789
1763888132575,845.6000061035156,187.4000015258789
1763888132592,845.6000061035156,190.4000015258789
1763888132609,845.6000061035156,192.4000015258789
1763888132625,845.6000061035156,193.4000015258789
1763888132702,843.6000061035156,193.4000015258789
1763888132718,843.6000061035156,192.4000015258789
1763888132726,843.6000061035156,189.4000015258789
1763888132742,840.6000061035156,185.4000015258789
1763888132759,839.6000061035156,178.4000015258789
1763888132775,837.6000061035156,174.4000015258789
1763888132792,837.6000061035156,169.4000015258789
1763888132808,837.6000061035156,167.4000015258789
1763888132825,837.6000061035156,165.4000015258789
1763888132842,837.6000061035156,164.4000015258789
1763888132858,837.6000061035156,162.4000015258789
1763888132951,837.6000061035156,163.4000015258789
1763888132958,837.6000061035156,165.4000015258789
1763888132975,837.6000061035156,171.4000015258789
1763888132992,837.6000061035156,182.4000015258789
1763888133008,837.6000061035156,188.4000015258789
1763888133175,838.6000061035156,190.4000015258789
1763888133191,838.6000061035156,182.4000015258789
1763888133208,840.6000061035156,173.4000015258789
1763888133225,841.6000061035156,165.4000015258789
1763888133241,841.6000061035156,160.4000015258789
1763888133258,843.6000061035156,155.4000015258789
1763888133275,843.6000061035156,154.4000015258789
1763888133291,843.6000061035156,151.4000015258789
1763888133308,843.6000061035156,147.4000015258789
1763888133325,843.6000061035156,144.4000015258789
1763888133341,845.6000061035156,141.4000015258789
1763888133407,846.6000061035156,142.4000015258789
1763888133414,846.6000061035156,143.4000015258789
1763888133425,846.6000061035156,146.4000015258789
1763888133441,847.6000061035156,151.4000015258789
1763888133458,847.6000061035156,156.4000015258789
1763888133475,848.6000061035156,163.4000015258789
1763888133491,850.6000061035156,168.4000015258789
1763888133508,851.6000061035156,170.4000015258789
1763888133526,851.6000061035156,171.4000015258789
1763888133542,852.6000061035156,172.4000015258789
1763888133558,852.6000061035156,173.4000015258789
1763888133623,851.6000061035156,174.4000015258789
1763888133638,851.6000061035156,174.4000015258789
1763888133654,849.6000061035156,172.4000015258789
1763888133662,849.6000061035156,170.4000015258789
1763888133674,849.6000061035156,167.4000015258789
1763888133691,850.6000061035156,164.4000015258789
1763888133708,851.6000061035156,159.4000015258789
1763888133725,851.6000061035156,155.4000015258789
1763888133741,851.6000061035156,153.4000015258789
1763888133758,851.6000061035156,150.4000015258789
1763888133775,851.6000061035156,147.4000015258789
1763888133791,851.6000061035156,145.4000015258789
1763888133808,851.6000061035156,143.4000015258789
1763888133830,851.6000061035156,142.4000015258789
1763888133846,851.6000061035156,141.4000015258789
1763888133858,851.6000061035156,140.4000015258789
1763888133874,851.6000061035156,138.4000015258789
1763888133891,850.6000061035156,136.4000015258789
1763888133908,848.6000061035156,134.4000015258789
1763888133926,848.6000061035156,133.4000015258789
1763888133950,847.6000061035156,131.4000015258789
1763888133991,845.6000061035156,129.4000015258789
1763888134007,845.6000061035156,128.4000015258789
1763888134024,845.6000061035156,127.4000015258789
1763888134041,843.6000061035156,125.4000015258789
1763888134057,841.6000061035156,123.4000015258789
1763888134074,840.6000061035156,121.4000015258789
1763888134091,838.6000061035156,120.4000015258789
1763888134107,837.6000061035156,120.4000015258789
1763888134124,833.6000061035156,119.4000015258789
1763888134142,832.6000061035156,118.4000015258789
1763888134158,830.6000061035156,116.4000015258789
1763888134174,829.6000061035156,116.4000015258789
1763888134191,827.6000061035156,116.4000015258789
1763888134207,825.6000061035156,114.4000015258789
1763888134224,822.6000061035156,113.4000015258789
1763888134241,821.6000061035156,112.4000015258789
1763888134257,820.6000061035156,112.4000015258789
1763888134274,819.6000061035156,111.4000015258789
1763888134290,816.6000061035156,109.4000015258789
1763888134307,815.6000061035156,108.4000015258789
1763888134324,813.6000061035156,108.4000015258789
1763888134340,812.6000061035156,108.4000015258789
1763888134357,810.6000061035156,107.4000015258789
1763888134374,808.6000061035156,106.4000015258789
1763888134391,805.6000061035156,104.4000015258789
1763888134527,805.6000061035156,104.4000015258789
1763888134550,804.6000061035156,104.4000015258789
1763888134566,803.6000061035156,104.4000015258789
1763888134623,802.6000061035156,104.4000015258789
1763888134663,801.6000061035156,103.4000015258789
1763888134751,803.6000061035156,105.4000015258789
1763888134758,804.6000061035156,106.4000015258789
1763888134773,808.6000061035156,108.4000015258789
1763888134790,811.6000061035156,112.4000015258789
1763888134807,816.6000061035156,117.4000015258789
1763888134823,818.6000061035156,118.4000015258789
1763888134840,823.6000061035156,123.4000015258789
1763888134857,825.6000061035156,125.4000015258789
1763888134873,829.6000061035156,129.4000015258789
1763888134890,829.6000061035156,131.4000015258789
1763888134907,829.6000061035156,132.4000015258789
1763888134923,830.6000061035156,133.4000015258789
1763888135014,829.6000061035156,134.4000015258789
1763888135023,826.6000061035156,132.4000015258789
1763888135040,825.6000061035156,131.4000015258789
1763888135056,823.6000061035156,128.4000015258789
1763888135073,819.6000061035156,124.4000015258789
1763888135090,817.6000061035156,123.4000015258789
1763888135106,814.6000061035156,123.4000015258789
1763888135123,812.6000061035156,122.4000015258789
1763888135140,810.6000061035156,121.4000015258789
1763888135215,809.6000061035156,120.4000015258789
1763888135238,810.6000061035156,122.4000015258789
1763888135246,814.6000061035156,125.4000015258789
1763888135262,814.6000061035156,126.4000015258789
1763888135273,814.6000061035156,127.4000015258789
1763888135290,820.6000061035156,134.4000015258789
1763888135306,824.6000061035156,139.4000015258789
1763888135323,827.6000061035156,141.4000015258789
1763888135340,828.6000061035156,141.4000015258789
1763888135479,829.6000061035156,142.4000015258789
1763888135489,830.6000061035156,142.4000015258789
1763888135506,831.6000061035156,143.4000015258789
1763888135523,832.6000061035156,145.4000015258789
1763888135539,834.6000061035156,149.4000015258789
1763888135556,834.6000061035156,150.4000015258789
1763888135673,834.6000061035156,150.4000015258789
1763888135727,834.6000061035156,149.4000015258789
1763888135739,834.6000061035156,148.4000015258789
1763888135756,834.6000061035156,143.4000015258789
1763888135773,836.6000061035156,138.4000015258789
1763888135789,836.6000061035156,134.4000015258789
1763888135806,836.6000061035156,132.4000015258789
1763888135822,836.6000061035156,129.4000015258789
1763888135839,837.6000061035156,127.4000015258789
1763888135856,837.6000061035156,126.4000015258789
1763888135872,839.6000061035156,124.4000015258789
1763888135902,840.6000061035156,124.4000015258789
1763888135910,841.6000061035156,125.4000015258789
1763888135922,842.6000061035156,127.4000015258789
1763888135939,845.6000061035156,133.4000015258789
1763888135956,847.6000061035156,138.4000015258789
1763888135972,847.6000061035156,140.4000015258789
1763888135989,847.6000061035156,141.4000015258789
1763888136006,848.6000061035156,143.4000015258789
1763888136095,848.6000061035156,143.4000015258789
1763888136106,847.6000061035156,143.4000015258789
1763888136122,846.6000061035156,143.4000015258789
1763888136139,844.6000061035156,143.4000015258789
1763888136156,843.6000061035156,142.4000015258789
1763888136172,843.6000061035156,139.4000015258789
1763888136189,843.6000061035156,136.4000015258789
1763888136205,843.6000061035156,132.4000015258789
1763888136222,843.6000061035156,130.4000015258789
1763888136239,843.6000061035156,127.4000015258789
1763888136255,841.6000061035156,124.4000015258789
1763888136272,840.6000061035156,123.4000015258789
1763888136289,840.6000061035156,123.4000015258789
1763888136305,840.6000061035156,122.4000015258789
1763888136326,839.6000061035156,121.4000015258789
1763888136339,838.6000061035156,120.4000015258789
1763888136389,837.6000061035156,120.4000015258789
1763888136405,837.6000061035156,118.4000015258789
1763888136422,836.6000061035156,117.4000015258789
1763888136439,834.6000061035156,116.4000015258789
1763888136455,833.6000061035156,116.4000015258789
1763888136472,833.6000061035156,115.4000015258789
1763888136489,833.6000061035156,114.4000015258789
1763888136505,831.6000061035156,112.4000015258789
1763888136522,829.6000061035156,112.4000015258789
1763888136542,828.6000061035156,110.4000015258789
1763888136566,827.6000061035156,109.4000015258789
1763888136605,827.6000061035156,109.4000015258789
1763888136622,825.6000061035156,108.4000015258789
1763888136638,825.6000061035156,107.4000015258789
1763888136655,823.6000061035156,106.4000015258789
1763888136719,822.6000061035156,106.4000015258789
1763888136726,821.6000061035156,106.4000015258789
1763888136738,819.6000061035156,106.4000015258789
1763888136755,815.6000061035156,106.4000015258789
1763888136772,813.6000061035156,106.4000015258789
1763888136788,811.6000061035156,106.4000015258789
1763888136805,809.6000061035156,106.4000015258789
1763888136822,808.6000061035156,106.4000015258789
1763888136838,807.6000061035156,105.4000015258789
1763888136903,807.6000061035156,105.4000015258789
1763888136910,806.6000061035156,105.4000015258789
1763888136921,804.6000061035156,105.4000015258789
1763888136938,802.6000061035156,105.4000015258789
1763888136955,801.6000061035156,105.4000015258789
1763888136971,800.6000061035156,105.4000015258789
1763888136988,796.6000061035156,103.4000015258789
1763888137005,794.6000061035156,103.4000015258789
1763888137021,792.6000061035156,103.4000015258789
1763888137105,789.6000061035156,103.4000015258789
1763888137121,785.6000061035156,102.4000015258789
1763888137138,780.6000061035156,101.4000015258789
1763888137155,777.6000061035156,100.4000015258789
1763888137263,776.6000061035156,100.4000015258789
1763888137271,775.6000061035156,100.4000015258789
1763888137288,770.6000061035156,98.4000015258789
1763888137304,766.6000061035156,98.4000015258789
1763888137321,765.6000061035156,98.4000015258789
1763888137399,764.6000061035156,98.4000015258789
1763888137406,763.6000061035156,98.4000015258789
1763888137421,761.6000061035156,98.4000015258789
1763888137438,757.6000061035156,98.4000015258789
1763888137454,756.6000061035156,98.4000015258789
1763888137504,755.6000061035156,98.4000015258789
1763888137521,753.6000061035156,98.4000015258789
1763888137538,752.6000061035156,98.4000015258789
1763888137554,749.6000061035156,99.4000015258789
1763888137571,748.6000061035156,99.4000015258789
1763888137588,745.6000061035156,101.4000015258789
1763888137604,745.6000061035156,101.4000015258789
1763888137671,742.6000061035156,102.4000015258789
1763888137688,740.6000061035156,104.4000015258789
1763888137704,738.6000061035156,105.4000015258789
1763888137721,735.6000061035156,106.4000015258789
1763888137738,734.6000061035156,108.4000015258789
1763888137754,733.6000061035156,109.4000015258789
1763888137771,732.6000061035156,109.4000015258789
1763888137787,730.6000061035156,110.4000015258789
1763888137804,729.6000061035156,111.4000015258789
1763888137821,727.6000061035156,112.4000015258789
1763888137837,726.6000061035156,113.4000015258789
1763888137854,723.6000061035156,114.4000015258789
1763888137927,725.6000061035156,115.4000015258789
1763888137937,728.6000061035156,114.4000015258789
1763888137954,735.6000061035156,110.4000015258789
1763888137971,744.6000061035156,107.4000015258789
1763888137987,751.6000061035156,106.4000015258789
1763888138004,755.6000061035156,104.4000015258789
1763888138021,756.6000061035156,103.4000015258789
1763888138037,757.6000061035156,103.4000015258789
1763888138159,755.6000061035156,103.4000015258789
1763888138170,753.6000061035156,105.4000015258789
1763888138187,747.6000061035156,105.4000015258789
1763888138204,742.6000061035156,108.4000015258789
1763888138220,738.6000061035156,110.4000015258789
1763888138237,734.6000061035156,112.4000015258789
1763888138254,731.6000061035156,114.4000015258789
1763888138270,724.6000061035156,118.4000015258789
1763888138287,721.6000061035156,121.4000015258789
1763888138304,720.6000061035156,122.4000015258789
1763888138320,720.6000061035156,123.4000015258789
1763888138383,721.6000061035156,124.4000015258789
1763888138390,722.6000061035156,124.4000015258789
1763888138404,724.6000061035156,124.4000015258789
1763888138420,732.6000061035156,121.4000015258789
1763888138437,738.6000061035156,118.4000015258789
1763888138454,743.6000061035156,113.4000015258789
1763888138481,747.6000061035156,111.4000015258789
1763888138551,747.6000061035156,113.4000015258789
1763888138559,745.6000061035156,116.4000015258789
1763888138569,745.6000061035156,118.4000015258789
1763888138587,745.6000061035156,126.4000015258789
1763888138604,743.6000061035156,129.4000015258789
1763888138621,742.6000061035156,131.4000015258789
1763888138637,741.6000061035156,133.4000015258789
1763888138687,740.6000061035156,133.4000015258789
1763888138704,739.6000061035156,133.4000015258789
1763888138720,739.6000061035156,129.4000015258789
1763888138737,739.6000061035156,125.4000015258789
1763888138754,739.6000061035156,119.4000015258789
1763888138770,739.6000061035156,116.4000015258789
1763888138831,738.6000061035156,120.4000015258789
1763888138838,736.6000061035156,124.4000015258789
1763888138854,732.6000061035156,130.4000015258789
1763888138870,724.6000061035156,148.4000015258789
1763888138887,720.6000061035156,154.4000015258789
1763888138904,720.6000061035156,155.4000015258789
1763888138991,722.6000061035156,152.4000015258789
1763888139004,724.6000061035156,149.4000015258789
1763888139020,729.6000061035156,140.4000015258789
1763888139037,732.6000061035156,135.4000015258789
1763888139054,733.6000061035156,132.4000015258789
1763888139103,733.6000061035156,133.4000015258789
1763888139120,733.6000061035156,139.4000015258789
1763888139137,730.6000061035156,150.4000015258789
1763888139153,729.6000061035156,156.4000015258789
1763888139170,729.6000061035156,160.4000015258789
1763888139187,728.6000061035156,161.4000015258789
1763888139239,728.6000061035156,161.4000015258789
1763888139253,727.6000061035156,160.4000015258789
1763888139270,727.6000061035156,155.4000015258789
1763888139287,728.6000061035156,143.4000015258789
1763888139303,728.6000061035156,138.4000015258789
1763888139320,728.6000061035156,136.4000015258789
1763888139337,728.6000061035156,136.4000015258789
1763888139387,727.6000061035156,135.4000015258789
1763888139403,727.6000061035156,135.4000015258789
1763888139420,726.6000061035156,135.4000015258789
1763888139437,724.6000061035156,138.4000015258789
1763888139453,722.6000061035156,144.4000015258789
1763888139470,720.6000061035156,149.4000015258789
1763888139487,719.6000061035156,155.4000015258789
1763888139559,719.6000061035156,153.4000015258789
1763888139570,719.6000061035156,149.4000015258789
1763888139586,721.6000061035156,141.4000015258789
1763888139603,725.6000061035156,134.4000015258789
1763888139620,730.6000061035156,126.4000015258789
1763888139636,731.6000061035156,121.4000015258789
1763888139653,733.6000061035156,119.4000015258789
1763888139670,733.6000061035156,116.4000015258789
1763888139686,733.6000061035156,115.4000015258789
1763888139759,733.6000061035156,119.4000015258789
1763888139770,733.6000061035156,123.4000015258789
1763888139786,733.6000061035156,131.4000015258789
1763888139803,727.6000061035156,140.4000015258789
1763888139820,723.6000061035156,145.4000015258789
1763888139836,722.6000061035156,148.4000015258789
1763888139853,721.6000061035156,149.4000015258789
1763888139959,721.6000061035156,146.4000015258789
1763888139969,721.6000061035156,145.4000015258789
1763888139986,724.6000061035156,136.4000015258789
1763888140003,725.6000061035156,129.4000015258789
1763888140019,727.6000061035156,125.4000015258789
1763888140036,727.6000061035156,124.4000015258789
1763888140095,727.6000061035156,126.4000015258789
1763888140103,724.6000061035156,130.4000015258789
1763888140119,724.6000061035156,137.4000015258789
1763888140136,722.6000061035156,146.4000015258789
1763888140153,719.6000061035156,150.4000015258789
1763888140169,718.6000061035156,152.4000015258789
1763888140186,718.6000061035156,152.4000015258789
1763888140239,718.6000061035156,152.4000015258789
1763888140252,718.6000061035156,150.4000015258789
1763888140269,718.6000061035156,142.4000015258789
1763888140286,718.6000061035156,136.4000015258789
1763888140302,719.6000061035156,124.4000015258789
1763888140319,721.6000061035156,120.4000015258789
1763888140336,721.6000061035156,119.4000015258789
1763888140415,721.6000061035156,121.4000015258789
1763888140422,721.6000061035156,126.4000015258789
1763888140436,721.6000061035156,131.4000015258789
1763888140452,720.6000061035156,138.4000015258789
1763888140469,720.6000061035156,143.4000015258789
1763888140486,719.6000061035156,146.4000015258789
1763888140543,719.6000061035156,145.4000015258789
1763888140552,719.6000061035156,144.4000015258789
1763888140569,718.6000061035156,140.4000015258789
1763888140586,718.6000061035156,131.4000015258789
1763888140602,721.6000061035156,125.4000015258789
1763888140619,723.6000061035156,123.4000015258789
1763888140687,723.6000061035156,124.4000015258789
1763888140702,723.6000061035156,127.4000015258789
1763888140719,719.6000061035156,138.4000015258789
1763888140735,717.6000061035156,145.4000015258789
1763888140752,717.6000061035156,148.4000015258789
1763888140769,717.6000061035156,149.4000015258789
1763888140791,717.6000061035156,149.4000015258789
1763888140835,716.6000061035156,149.4000015258789
1763888140852,713.6000061035156,148.4000015258789
1763888140869,712.6000061035156,146.4000015258789
1763888140966,715.6000061035156,134.4000015258789
1763888140975,715.6000061035156,136.4000015258789
1763888140985,715.6000061035156,137.4000015258789
1763888141002,715.6000061035156,143.4000015258789
1763888141018,715.6000061035156,148.4000015258789
1763888141035,715.6000061035156,152.4000015258789
1763888141052,715.6000061035156,154.4000015258789
1763888141068,715.6000061035156,156.4000015258789
1763888141143,715.6000061035156,155.4000015258789
1763888141152,715.6000061035156,153.4000015258789
1763888141168,719.6000061035156,141.4000015258789
1763888141185,723.6000061035156,133.4000015258789
1763888141202,729.6000061035156,124.4000015258789
1763888141218,731.6000061035156,120.4000015258789
1763888141235,731.6000061035156,117.4000015258789
1763888141285,732.6000061035156,116.4000015258789
1763888141359,732.6000061035156,118.4000015258789
1763888141368,732.6000061035156,120.4000015258789
1763888141385,732.6000061035156,128.4000015258789
1763888141402,732.6000061035156,133.4000015258789
1763888141418,730.6000061035156,139.4000015258789
1763888141435,729.6000061035156,146.4000015258789
1763888141451,727.6000061035156,150.4000015258789
1763888141468,727.6000061035156,153.4000015258789
1763888141551,727.6000061035156,155.4000015258789
1763888141639,727.6000061035156,155.4000015258789
1763888141651,727.6000061035156,154.4000015258789
1763888141668,728.6000061035156,149.4000015258789
1763888141685,731.6000061035156,146.4000015258789
1763888141701,733.6000061035156,143.4000015258789
1763888141751,734.6000061035156,142.4000015258789
1763888141768,736.6000061035156,146.4000015258789
1763888141968,735.6000061035156,146.4000015258789
1763888141984,735.6000061035156,143.4000015258789
1763888142001,736.6000061035156,142.4000015258789
1763888142051,737.6000061035156,143.4000015258789
1763888142068,739.6000061035156,151.4000015258789
1763888142084,741.6000061035156,157.4000015258789
1763888142101,742.6000061035156,161.4000015258789
1763888142118,744.6000061035156,165.4000015258789
1763888142134,744.6000061035156,166.4000015258789
1763888142271,744.6000061035156,165.4000015258789
1763888142284,744.6000061035156,164.4000015258789
1763888142301,743.6000061035156,162.4000015258789
1763888142351,742.6000061035156,162.4000015258789
1763888142375,741.6000061035156,163.4000015258789
1763888142384,741.6000061035156,164.4000015258789
1763888142401,741.6000061035156,168.4000015258789
1763888142417,741.6000061035156,170.4000015258789
1763888142434,741.6000061035156,171.4000015258789
1763888142451,741.6000061035156,173.4000015258789
1763888142511,741.6000061035156,172.4000015258789
1763888142518,741.6000061035156,169.4000015258789
1763888142534,741.6000061035156,164.4000015258789
1763888142550,741.6000061035156,156.4000015258789
1763888142567,741.6000061035156,150.4000015258789
1763888142584,741.6000061035156,149.4000015258789
1763888142600,741.6000061035156,148.4000015258789
1763888142791,741.6000061035156,148.4000015258789
1763888142800,740.6000061035156,148.4000015258789
1763888142817,737.6000061035156,149.4000015258789
1763888142834,733.6000061035156,153.4000015258789
1763888142850,727.6000061035156,156.4000015258789
1763888142867,723.6000061035156,160.4000015258789
1763888142884,722.6000061035156,162.4000015258789
1763888142900,719.6000061035156,164.4000015258789
1763888142917,719.6000061035156,166.4000015258789
1763888142999,719.6000061035156,167.4000015258789
1763888143039,719.6000061035156,168.4000015258789
1763888143050,719.6000061035156,169.4000015258789
1763888143067,719.6000061035156,172.4000015258789
1763888143083,719.6000061035156,174.4000015258789
1763888143100,719.6000061035156,175.4000015258789
1763888143175,719.6000061035156,176.4000015258789
1763888143191,718.6000061035156,178.4000015258789
1763888143200,717.6000061035156,178.4000015258789
1763888143287,716.6000061035156,178.4000015258789
1763888143300,716.6000061035156,176.4000015258789
1763888143316,717.6000061035156,171.4000015258789
1763888143333,718.6000061035156,164.4000015258789
1763888143350,721.6000061035156,159.4000015258789
1763888143366,721.6000061035156,156.4000015258789
1763888143383,721.6000061035156,155.4000015258789
1763888143433,722.6000061035156,156.4000015258789
1763888143450,721.6000061035156,161.4000015258789
1763888143466,718.6000061035156,171.4000015258789
1763888143483,716.6000061035156,182.4000015258789
1763888143500,715.6000061035156,187.4000015258789
1763888143516,715.6000061035156,191.4000015258789
1763888143533,715.6000061035156,194.4000015258789
1763888143550,714.6000061035156,195.4000015258789
1763888143655,714.6000061035156,194.4000015258789
1763888143666,714.6000061035156,192.4000015258789
1763888143683,714.6000061035156,188.4000015258789
1763888143699,714.6000061035156,184.4000015258789
1763888143716,715.6000061035156,180.4000015258789
1763888143733,717.6000061035156,177.4000015258789
1763888143749,718.6000061035156,175.4000015258789
1763888143775,718.6000061035156,174.4000015258789
1763888143849,718.6000061035156,177.4000015258789
1763888143866,718.6000061035156,184.4000015258789
1763888143883,710.6000061035156,187.4000015258789
1763888143899,710.6000061035156,191.4000015258789
1763888143916,710.6000061035156,192.4000015258789
1763888143983,710.6000061035156,191.4000015258789
1763888143999,710.6000061035156,186.4000015258789
1763888144016,710.6000061035156,178.4000015258789
1763888144033,710.6000061035156,167.4000015258789
1763888144049,712.6000061035156,158.4000015258789
1763888144066,713.6000061035156,152.4000015258789
1763888144082,715.6000061035156,149.4000015258789
1763888144099,715.6000061035156,147.4000015258789
1763888144223,715.6000061035156,148.4000015258789
1763888144232,715.6000061035156,150.4000015258789
1763888144249,715.6000061035156,159.4000015258789
1763888144266,715.6000061035156,167.4000015258789
1763888144282,715.6000061035156,170.4000015258789
1763888144299,715.6000061035156,173.4000015258789
1763888144316,715.6000061035156,175.4000015258789
1763888144332,716.6000061035156,178.4000015258789
1763888144399,716.6000061035156,178.4000015258789
1763888144431,718.6000061035156,178.4000015258789
1763888144439,718.6000061035156,174.4000015258789
1763888144449,719.6000061035156,170.4000015258789
1763888144465,720.6000061035156,164.4000015258789
1763888144482,720.6000061035156,162.4000015258789
1763888144499,720.6000061035156,160.4000015258789
1763888144551,720.6000061035156,161.4000015258789
1763888144565,720.6000061035156,164.4000015258789
1763888144582,720.6000061035156,170.4000015258789
1763888144599,719.6000061035156,180.4000015258789
1763888144615,719.6000061035156,182.4000015258789
1763888144687,719.6000061035156,181.4000015258789
1763888144699,719.6000061035156,180.4000015258789
1763888144715,719.6000061035156,175.4000015258789
1763888144732,720.6000061035156,168.4000015258789
1763888144749,723.6000061035156,160.4000015258789
1763888144765,726.6000061035156,156.4000015258789
1763888144863,726.6000061035156,159.4000015258789
1763888144871,726.6000061035156,163.4000015258789
1763888144882,726.6000061035156,166.4000015258789
1763888144898,726.6000061035156,171.4000015258789
1763888144915,726.6000061035156,173.4000015258789
1763888144932,725.6000061035156,177.4000015258789
1763888144948,725.6000061035156,180.4000015258789
1763888144965,724.6000061035156,183.4000015258789
1763888144982,722.6000061035156,185.4000015258789
1763888145103,722.6000061035156,184.4000015258789
1763888145115,722.6000061035156,182.4000015258789
1763888145132,722.6000061035156,176.4000015258789
1763888145148,722.6000061035156,171.4000015258789
1763888145165,722.6000061035156,166.4000015258789
1763888145182,722.6000061035156,162.4000015258789
1763888145198,722.6000061035156,159.4000015258789
1763888145215,723.6000061035156,157.4000015258789
1763888145298,722.6000061035156,163.4000015258789
1763888145315,719.6000061035156,176.4000015258789
1763888145331,713.6000061035156,189.4000015258789
1763888145348,713.6000061035156,194.4000015258789
1763888145365,713.6000061035156,196.4000015258789
1763888145381,713.6000061035156,199.4000015258789
1763888145398,712.6000061035156,199.4000015258789
1763888145415,711.6000061035156,202.4000015258789
1763888145465,711.6000061035156,202.4000015258789
1763888145487,709.6000061035156,201.4000015258789
1763888145498,709.6000061035156,199.4000015258789
1763888145515,709.6000061035156,193.4000015258789
1763888145531,709.6000061035156,184.4000015258789
1763888145548,709.6000061035156,178.4000015258789
1763888145565,712.6000061035156,174.4000015258789
1763888145581,712.6000061035156,171.4000015258789
1763888145598,712.6000061035156,169.4000015258789
1763888145631,712.6000061035156,168.4000015258789
1763888145681,712.6000061035156,173.4000015258789
1763888145698,711.6000061035156,181.4000015258789
1763888145714,711.6000061035156,189.4000015258789
1763888145731,709.6000061035156,193.4000015258789
1763888145748,709.6000061035156,194.4000015258789
1763888145764,709.6000061035156,197.4000015258789
1763888145781,709.6000061035156,201.4000015258789
1763888145798,706.6000061035156,205.4000015258789
1763888145814,706.6000061035156,206.4000015258789
1763888145903,705.6000061035156,206.4000015258789
1763888145914,704.6000061035156,204.4000015258789
1763888145931,704.6000061035156,198.4000015258789
1763888145981,708.6000061035156,176.4000015258789
1763888145997,710.6000061035156,174.4000015258789
1763888146055,711.6000061035156,176.4000015258789
1763888146064,711.6000061035156,179.4000015258789
1763888146081,711.6000061035156,188.4000015258789
1763888146097,711.6000061035156,195.4000015258789
1763888146114,711.6000061035156,201.4000015258789
1763888146131,711.6000061035156,204.4000015258789
1763888146147,711.6000061035156,209.4000015258789
1763888146164,711.6000061035156,210.4000015258789
1763888146181,709.6000061035156,213.4000015258789
1763888146197,709.6000061035156,216.4000015258789
1763888146214,707.6000061035156,218.4000015258789
1763888146295,707.6000061035156,217.4000015258789
1763888146303,705.6000061035156,216.4000015258789
1763888146314,705.6000061035156,213.4000015258789
1763888146330,705.6000061035156,204.4000015258789
1763888146347,705.6000061035156,200.4000015258789
1763888146423,705.6000061035156,202.4000015258789
1763888146431,705.6000061035156,205.4000015258789
1763888146447,704.6000061035156,209.4000015258789
1763888146464,704.6000061035156,212.4000015258789
1763888146480,703.6000061035156,216.4000015258789
1763888146511,703.6000061035156,217.4000015258789
1763888146527,703.6000061035156,218.4000015258789
1763888146564,703.6000061035156,219.4000015258789
1763888146727,703.6000061035156,218.4000015258789
1763888146735,704.6000061035156,218.4000015258789
1763888146747,706.6000061035156,216.4000015258789
1763888146763,707.6000061035156,212.4000015258789
1763888146831,707.6000061035156,214.4000015258789
1763888146847,707.6000061035156,219.4000015258789
1763888146863,707.6000061035156,227.4000015258789
1763888146880,707.6000061035156,233.4000015258789
1763888146897,707.6000061035156,235.4000015258789
1763888146975,707.6000061035156,236.4000015258789
1763888146983,707.6000061035156,237.4000015258789
1763888146997,707.6000061035156,238.4000015258789
1763888147013,706.6000061035156,240.4000015258789
1763888147103,706.6000061035156,239.4000015258789
1763888147113,706.6000061035156,237.4000015258789
1763888147130,706.6000061035156,234.4000015258789
1763888147146,707.6000061035156,230.4000015258789
1763888147163,707.6000061035156,226.4000015258789
1763888147180,707.6000061035156,224.4000015258789
1763888147247,706.6000061035156,223.4000015258789
1763888147263,705.6000061035156,226.4000015258789
1763888147280,705.6000061035156,230.4000015258789
1763888147296,705.6000061035156,233.4000015258789
1763888147313,705.6000061035156,236.4000015258789
1763888147330,706.6000061035156,240.4000015258789
1763888147346,706.6000061035156,242.4000015258789
1763888147363,706.6000061035156,245.4000015258789
1763888147431,706.6000061035156,244.4000015258789
1763888147446,706.6000061035156,243.4000015258789
1763888147463,706.6000061035156,237.4000015258789
1763888147479,706.6000061035156,234.4000015258789
1763888147496,706.6000061035156,229.4000015258789
1763888147513,706.6000061035156,225.4000015258789
1763888147529,706.6000061035156,220.4000015258789
1763888147546,706.6000061035156,218.4000015258789
1763888147563,706.6000061035156,217.4000015258789
1763888147615,706.6000061035156,217.4000015258789
1763888147629,706.6000061035156,219.4000015258789
1763888147646,707.6000061035156,223.4000015258789
1763888147663,708.6000061035156,229.4000015258789
1763888147679,710.6000061035156,233.4000015258789
1763888147696,710.6000061035156,238.4000015258789
1763888147713,710.6000061035156,244.4000015258789
1763888147729,709.6000061035156,250.4000015258789
1763888147746,709.6000061035156,253.4000015258789
1763888147763,708.6000061035156,254.4000015258789
1763888147871,710.6000061035156,252.4000015258789
1763888147879,710.6000061035156,250.4000015258789
1763888147896,712.6000061035156,242.4000015258789
1763888147912,712.6000061035156,234.4000015258789
1763888147929,712.6000061035156,230.4000015258789
1763888147946,712.6000061035156,228.4000015258789
1763888147962,712.6000061035156,226.4000015258789
1763888148039,712.6000061035156,227.4000015258789
1763888148047,712.6000061035156,229.4000015258789
1763888148062,712.6000061035156,230.4000015258789
1763888148079,712.6000061035156,239.4000015258789
1763888148096,712.6000061035156,244.4000015258789
1763888148112,712.6000061035156,248.4000015258789
1763888148129,712.6000061035156,249.4000015258789
1763888148247,713.6000061035156,246.4000015258789
1763888148263,713.6000061035156,243.4000015258789
1763888148279,713.6000061035156,235.4000015258789
1763888148295,715.6000061035156,228.4000015258789
1763888148312,715.6000061035156,224.4000015258789
1763888148329,715.6000061035156,223.4000015258789
1763888148407,715.6000061035156,223.4000015258789
1763888148415,715.6000061035156,225.4000015258789
1763888148429,715.6000061035156,227.4000015258789
1763888148446,715.6000061035156,231.4000015258789
1763888148463,715.6000061035156,239.4000015258789
1763888148479,715.6000061035156,243.4000015258789
1763888148496,715.6000061035156,246.4000015258789
1763888148513,716.6000061035156,248.4000015258789
1763888148599,716.6000061035156,247.4000015258789
1763888148613,716.6000061035156,246.4000015258789
1763888148629,716.6000061035156,239.4000015258789
1763888148646,716.6000061035156,231.4000015258789
1763888148663,716.6000061035156,221.4000015258789
1763888148679,716.6000061035156,218.4000015258789
1763888148696,716.6000061035156,214.4000015258789
1763888148713,716.6000061035156,211.4000015258789
1763888148799,716.6000061035156,212.4000015258789
1763888148812,716.6000061035156,215.4000015258789
1763888148829,716.6000061035156,220.4000015258789
1763888148846,716.6000061035156,225.4000015258789
1763888148862,716.6000061035156,229.4000015258789
1763888148879,716.6000061035156,230.4000015258789
1763888148943,716.6000061035156,231.4000015258789
1763888148996,717.6000061035156,230.4000015258789
1763888149012,718.6000061035156,219.4000015258789
1763888149029,720.6000061035156,207.4000015258789
1763888149046,722.6000061035156,200.4000015258789
1763888149062,723.6000061035156,197.4000015258789
1763888149079,723.6000061035156,196.4000015258789
1763888149179,723.6000061035156,197.4000015258789
1763888149212,722.6000061035156,209.4000015258789
1763888149229,720.6000061035156,216.4000015258789
1763888149245,720.6000061035156,221.4000015258789
1763888149262,719.6000061035156,224.4000015258789
1763888149351,718.6000061035156,223.4000015258789
1763888149362,718.6000061035156,221.4000015258789
1763888149379,718.6000061035156,215.4000015258789
1763888149395,718.6000061035156,205.4000015258789
1763888149412,718.6000061035156,193.4000015258789
1763888149429,718.6000061035156,188.4000015258789
1763888149445,719.6000061035156,185.4000015258789
1763888149470,719.6000061035156,183.4000015258789
1763888149529,719.6000061035156,184.4000015258789
1763888149545,719.6000061035156,193.4000015258789
1763888149562,719.6000061035156,206.4000015258789
1763888149579,719.6000061035156,215.4000015258789
1763888149595,719.6000061035156,220.4000015258789
1763888149612,719.6000061035156,221.4000015258789
1763888149703,719.6000061035156,218.4000015258789
1763888149712,719.6000061035156,216.4000015258789
1763888149728,722.6000061035156,205.4000015258789
1763888149745,724.6000061035156,194.4000015258789
1763888149762,725.6000061035156,188.4000015258789
1763888149778,725.6000061035156,183.4000015258789
1763888149795,725.6000061035156,181.4000015258789
1763888149863,725.6000061035156,183.4000015258789
1763888149878,724.6000061035156,187.4000015258789
1763888149895,723.6000061035156,191.4000015258789
1763888149912,721.6000061035156,197.4000015258789
1763888149928,719.6000061035156,203.4000015258789
1763888149945,719.6000061035156,208.4000015258789
1763888149962,717.6000061035156,213.4000015258789
1763888149978,717.6000061035156,214.4000015258789
1763888150061,717.6000061035156,213.4000015258789
1763888150078,717.6000061035156,206.4000015258789
1763888150095,717.6000061035156,185.4000015258789
1763888150111,717.6000061035156,171.4000015258789
1763888150128,722.6000061035156,157.4000015258789
1763888150145,722.6000061035156,152.4000015258789
1763888150161,723.6000061035156,149.4000015258789
1763888150263,723.6000061035156,151.4000015258789
1763888150278,723.6000061035156,156.4000015258789
1763888150295,720.6000061035156,178.4000015258789
1763888150311,719.6000061035156,186.4000015258789
1763888150328,717.6000061035156,191.4000015258789
1763888150391,718.6000061035156,192.4000015258789
1763888150428,719.6000061035156,187.4000015258789
1763888150444,720.6000061035156,181.4000015258789
1763888150461,722.6000061035156,174.4000015258789
1763888150478,723.6000061035156,165.4000015258789
1763888150494,723.6000061035156,161.4000015258789
1763888150511,723.6000061035156,160.4000015258789
1763888150535,724.6000061035156,159.4000015258789
1763888150578,724.6000061035156,162.4000015258789
1763888150594,724.6000061035156,166.4000015258789
1763888150611,724.6000061035156,172.4000015258789
1763888150628,724.6000061035156,176.4000015258789
1763888150644,724.6000061035156,181.4000015258789
1763888150661,724.6000061035156,184.4000015258789
1763888150678,724.6000061035156,188.4000015258789
1763888150694,724.6000061035156,189.4000015258789
1763888150711,724.6000061035156,189.4000015258789
1763888150761,724.6000061035156,187.4000015258789
1763888150777,724.6000061035156,183.4000015258789
1763888150794,724.6000061035156,177.4000015258789
1763888150811,724.6000061035156,169.4000015258789
1763888150827,724.6000061035156,164.4000015258789
1763888150844,724.6000061035156,162.4000015258789
1763888150861,724.6000061035156,160.4000015258789
1763888150877,724.6000061035156,159.4000015258789
1763888150894,724.6000061035156,157.4000015258789
1763888150961,724.6000061035156,158.4000015258789
1763888150977,724.6000061035156,162.4000015258789
1763888150994,724.6000061035156,169.4000015258789
1763888151011,724.6000061035156,175.4000015258789
1763888151027,722.6000061035156,178.4000015258789
1763888151044,722.6000061035156,179.4000015258789
1763888151111,722.6000061035156,177.4000015258789
1763888151127,722.6000061035156,170.4000015258789
1763888151144,726.6000061035156,153.4000015258789
1763888151160,729.6000061035156,144.4000015258789
1763888151177,731.6000061035156,142.4000015258789
1763888151194,731.6000061035156,138.4000015258789
1763888151210,731.6000061035156,137.4000015258789
1763888151279,731.6000061035156,137.4000015258789
1763888151294,729.6000061035156,141.4000015258789
1763888151310,728.6000061035156,151.4000015258789
1763888151327,728.6000061035156,157.4000015258789
1763888151344,726.6000061035156,161.4000015258789
1763888151360,725.6000061035156,164.4000015258789
1763888151377,724.6000061035156,166.4000015258789
1763888151394,723.6000061035156,168.4000015258789
1763888151410,723.6000061035156,169.4000015258789
1763888151511,723.6000061035156,166.4000015258789
1763888151527,723.6000061035156,163.4000015258789
1763888151544,723.6000061035156,159.4000015258789
1763888151560,723.6000061035156,158.4000015258789
1763888151577,722.6000061035156,157.4000015258789
1763888151655,721.6000061035156,160.4000015258789
1763888151663,721.6000061035156,161.4000015258789
1763888151677,721.6000061035156,165.4000015258789
1763888151693,721.6000061035156,172.4000015258789
1763888151710,721.6000061035156,177.4000015258789
1763888151727,721.6000061035156,183.4000015258789
1763888151743,721.6000061035156,184.4000015258789
1763888151760,719.6000061035156,186.4000015258789
1763888151777,719.6000061035156,189.4000015258789
1763888151807,718.6000061035156,190.4000015258789
1763888151903,718.6000061035156,190.4000015258789
1763888151911,718.6000061035156,191.4000015258789
1763888151991,718.6000061035156,192.4000015258789
1763888152279,719.6000061035156,192.4000015258789
1763888153201,759.6000061035156,243.4000015258789
1763888153255,759.6000061035156,244.4000015258789
1763888153268,759.6000061035156,247.4000015258789
1763888153284,759.6000061035156,250.4000015258789
1763888153301,759.6000061035156,255.4000015258789
1763888153318,759.6000061035156,259.4000015258789
1763888153334,759.6000061035156,261.4000015258789
1763888153351,759.6000061035156,263.4000015258789
1763888153375,759.6000061035156,263.4000015258789
1763888153384,759.6000061035156,265.4000015258789
1763888153401,759.6000061035156,267.4000015258789
1763888153417,759.6000061035156,270.4000015258789
1763888153471,759.6000061035156,270.4000015258789
1763888153484,759.6000061035156,272.4000015258789
1763888153501,759.6000061035156,277.4000015258789
1763888153517,759.6000061035156,281.4000015258789
1763888153534,759.6000061035156,284.4000015258789
1763888153727,758.6000061035156,285.4000015258789
1763888153735,757.6000061035156,283.4000015258789
1763888153751,755.6000061035156,282.4000015258789
1763888153767,752.6000061035156,275.4000015258789
1763888153784,749.6000061035156,270.4000015258789
1763888153800,747.6000061035156,263.4000015258789
1763888153817,747.6000061035156,260.4000015258789
1763888153834,747.6000061035156,257.4000015258789
1763888153884,746.6000061035156,257.4000015258789
1763888154015,747.6000061035156,257.4000015258789
1763888154023,747.6000061035156,259.4000015258789
1763888154034,747.6000061035156,262.4000015258789
1763888154050,748.6000061035156,266.4000015258789
1763888154067,748.6000061035156,271.4000015258789
1763888154084,749.6000061035156,275.4000015258789
1763888154100,749.6000061035156,276.4000015258789
1763888154117,750.6000061035156,278.4000015258789
1763888154134,751.6000061035156,279.4000015258789
1763888154217,752.6000061035156,279.4000015258789
1763888154247,754.6000061035156,280.4000015258789
1763888154283,755.6000061035156,281.4000015258789
1763888154300,758.6000061035156,281.4000015258789
1763888154317,760.6000061035156,282.4000015258789
1763888154333,761.6000061035156,283.4000015258789
1763888154383,762.6000061035156,283.4000015258789
1763888154415,764.6000061035156,284.4000015258789
1763888154431,766.6000061035156,285.4000015258789
1763888154467,767.6000061035156,286.4000015258789
1763888154483,767.6000061035156,288.4000015258789
1763888154500,767.6000061035156,290.4000015258789
1763888154575,767.6000061035156,291.4000015258789
1763888154583,765.6000061035156,290.4000015258789
1763888154600,762.6000061035156,286.4000015258789
1763888154616,757.6000061035156,277.4000015258789
1763888154633,753.6000061035156,271.4000015258789
1763888154650,751.6000061035156,265.4000015258789
1763888154666,749.6000061035156,260.4000015258789
1763888154683,748.6000061035156,259.4000015258789
1763888154700,746.6000061035156,256.4000015258789
1763888154716,745.6000061035156,253.4000015258789
1763888154733,745.6000061035156,251.4000015258789
1763888154750,745.6000061035156,246.4000015258789
1763888154766,745.6000061035156,242.4000015258789
1763888154783,745.6000061035156,240.4000015258789
1763888154839,746.6000061035156,239.4000015258789
1763888154850,747.6000061035156,240.4000015258789
1763888154866,749.6000061035156,244.4000015258789
1763888154883,749.6000061035156,250.4000015258789
1763888154899,752.6000061035156,254.4000015258789
1763888154916,752.6000061035156,256.4000015258789
1763888154933,752.6000061035156,258.4000015258789
1763888154983,753.6000061035156,258.4000015258789
1763888154999,753.6000061035156,253.4000015258789
1763888155016,753.6000061035156,240.4000015258789
1763888155033,753.6000061035156,233.4000015258789
1763888155049,753.6000061035156,228.4000015258789
1763888155066,753.6000061035156,224.4000015258789
1763888155083,753.6000061035156,222.4000015258789
1763888155099,753.6000061035156,220.4000015258789
1763888155116,753.6000061035156,219.4000015258789
1763888155191,753.6000061035156,221.4000015258789
1763888155199,753.6000061035156,225.4000015258789
1763888155216,753.6000061035156,231.4000015258789
1763888155232,753.6000061035156,235.4000015258789
1763888155249,753.6000061035156,238.4000015258789
1763888155319,753.6000061035156,237.4000015258789
1763888155332,753.6000061035156,234.4000015258789
1763888155349,753.6000061035156,227.4000015258789
1763888155366,755.6000061035156,215.4000015258789
1763888155382,757.6000061035156,209.4000015258789
1763888155399,758.6000061035156,208.4000015258789
1763888155463,758.6000061035156,210.4000015258789
1763888155471,758.6000061035156,215.4000015258789
1763888155482,758.6000061035156,222.4000015258789
1763888155499,756.6000061035156,235.4000015258789
1763888155516,756.6000061035156,239.4000015258789
1763888155532,756.6000061035156,241.4000015258789
1763888155591,756.6000061035156,238.4000015258789
1763888155599,756.6000061035156,233.4000015258789
1763888155616,756.6000061035156,223.4000015258789
1763888155632,756.6000061035156,216.4000015258789
1763888155649,757.6000061035156,207.4000015258789
1763888155665,758.6000061035156,201.4000015258789
1763888155682,758.6000061035156,200.4000015258789
1763888155699,758.6000061035156,199.4000015258789
1763888155715,757.6000061035156,198.4000015258789
1763888155767,754.6000061035156,199.4000015258789
1763888155782,754.6000061035156,203.4000015258789
1763888155799,751.6000061035156,216.4000015258789
1763888155815,749.6000061035156,223.4000015258789
1763888155832,748.6000061035156,227.4000015258789
1763888155849,748.6000061035156,228.4000015258789
1763888155943,748.6000061035156,226.4000015258789
1763888155951,747.6000061035156,223.4000015258789
1763888155965,746.6000061035156,218.4000015258789
1763888155982,746.6000061035156,209.4000015258789
1763888155999,746.6000061035156,204.4000015258789
1763888156015,746.6000061035156,201.4000015258789
1763888156071,746.6000061035156,202.4000015258789
1763888156082,746.6000061035156,206.4000015258789
1763888156098,746.6000061035156,214.4000015258789
1763888156115,746.6000061035156,220.4000015258789
1763888156132,746.6000061035156,222.4000015258789
1763888156207,746.6000061035156,220.4000015258789
1763888156215,746.6000061035156,217.4000015258789
1763888156232,746.6000061035156,204.4000015258789
1763888156248,746.6000061035156,190.4000015258789
1763888156265,746.6000061035156,181.4000015258789
1763888156282,748.6000061035156,179.4000015258789
1763888156303,749.6000061035156,178.4000015258789
1763888156327,749.6000061035156,179.4000015258789
1763888156335,749.6000061035156,181.4000015258789
1763888156348,749.6000061035156,185.4000015258789
1763888156365,749.6000061035156,193.4000015258789
1763888156381,750.6000061035156,201.4000015258789
1763888156398,752.6000061035156,206.4000015258789
1763888156415,752.6000061035156,210.4000015258789
1763888156431,752.6000061035156,214.4000015258789
1763888156448,754.6000061035156,218.4000015258789
1763888156465,754.6000061035156,223.4000015258789
1763888156481,755.6000061035156,230.4000015258789
1763888156498,756.6000061035156,233.4000015258789
1763888156515,757.6000061035156,234.4000015258789
1763888156615,758.6000061035156,236.4000015258789
1763888156631,762.6000061035156,239.4000015258789
1763888156648,763.6000061035156,241.4000015258789
1763888156665,767.6000061035156,241.4000015258789
1763888156681,773.6000061035156,243.4000015258789
1763888156698,780.6000061035156,243.4000015258789
1763888156715,787.6000061035156,240.4000015258789
1763888156731,789.6000061035156,239.4000015258789
1763888156748,789.6000061035156,238.4000015258789
1763888156775,791.6000061035156,237.4000015258789
1763888156783,793.6000061035156,239.4000015258789
1763888156798,794.6000061035156,242.4000015258789
1763888156815,796.6000061035156,247.4000015258789
1763888156831,796.6000061035156,252.4000015258789
1763888156848,796.6000061035156,254.4000015258789
1763888156864,796.6000061035156,255.4000015258789
1763888156881,795.6000061035156,258.4000015258789
1763888156898,793.6000061035156,258.4000015258789
1763888156948,792.6000061035156,258.4000015258789
1763888156964,790.6000061035156,255.4000015258789
1763888156981,790.6000061035156,251.4000015258789
1763888156998,794.6000061035156,243.4000015258789
1763888157014,794.6000061035156,237.4000015258789
1763888157031,795.6000061035156,230.4000015258789
1763888157048,796.6000061035156,227.4000015258789
1763888157175,797.6000061035156,227.4000015258789
1763888157183,798.6000061035156,227.4000015258789
1763888157197,799.6000061035156,227.4000015258789
1763888157214,800.6000061035156,231.4000015258789
1763888157231,801.6000061035156,240.4000015258789
1763888157247,801.6000061035156,244.4000015258789
1763888157264,801.6000061035156,246.4000015258789
1763888157281,801.6000061035156,248.4000015258789
1763888157297,803.6000061035156,250.4000015258789
1763888157314,803.6000061035156,251.4000015258789
1763888157331,803.6000061035156,252.4000015258789
1763888157407,803.6000061035156,249.4000015258789
1763888157415,803.6000061035156,245.4000015258789
1763888157431,803.6000061035156,243.4000015258789
1763888157447,805.6000061035156,233.4000015258789
1763888157464,807.6000061035156,228.4000015258789
1763888157481,808.6000061035156,227.4000015258789
1763888157543,808.6000061035156,225.4000015258789
1763888157591,808.6000061035156,226.4000015258789
1763888157599,808.6000061035156,227.4000015258789
1763888157614,810.6000061035156,230.4000015258789
1763888157630,810.6000061035156,237.4000015258789
1763888157647,810.6000061035156,251.4000015258789
1763888157664,810.6000061035156,257.4000015258789
1763888157680,810.6000061035156,264.4000015258789
1763888157697,810.6000061035156,267.4000015258789
1763888157714,810.6000061035156,268.4000015258789
1763888157730,810.6000061035156,271.4000015258789
1763888157747,809.6000061035156,274.4000015258789
1763888157764,809.6000061035156,275.4000015258789
1763888157780,809.6000061035156,278.4000015258789
1763888157797,808.6000061035156,280.4000015258789
1763888157814,808.6000061035156,283.4000015258789
1763888157830,808.6000061035156,286.4000015258789
1763888157880,808.6000061035156,287.4000015258789
1763888157897,807.6000061035156,288.4000015258789
1763888157914,804.6000061035156,291.4000015258789
1763888157930,802.6000061035156,293.4000015258789
1763888157947,800.6000061035156,296.4000015258789
1763888157963,799.6000061035156,298.4000015258789
1763888158071,798.6000061035156,298.4000015258789
1763888158080,797.6000061035156,297.4000015258789
1763888158097,797.6000061035156,295.4000015258789
1763888158113,797.6000061035156,293.4000015258789
1763888158130,797.6000061035156,287.4000015258789
1763888158147,797.6000061035156,283.4000015258789
1763888158163,797.6000061035156,279.4000015258789
1763888158183,797.6000061035156,278.4000015258789
1763888158255,798.6000061035156,278.4000015258789
1763888158296,799.6000061035156,278.4000015258789
1763888158313,801.6000061035156,279.4000015258789
1763888158330,801.6000061035156,281.4000015258789
1763888158346,801.6000061035156,283.4000015258789
1763888158363,801.6000061035156,287.4000015258789
1763888158380,801.6000061035156,290.4000015258789
1763888158396,800.6000061035156,293.4000015258789
1763888158413,799.6000061035156,297.4000015258789
1763888158430,797.6000061035156,299.4000015258789
1763888158446,797.6000061035156,299.4000015258789
1763888158463,796.6000061035156,301.4000015258789
1763888158527,795.6000061035156,302.4000015258789
1763888158535,794.6000061035156,304.4000015258789
1763888158546,793.6000061035156,306.4000015258789
1763888158563,792.6000061035156,307.4000015258789
1763888158623,790.6000061035156,310.4000015258789
1763888158631,790.6000061035156,311.4000015258789
1763888158646,790.6000061035156,312.4000015258789
1763888158663,790.6000061035156,314.4000015258789
1763888158763,792.6000061035156,312.4000015258789
1763888158779,794.6000061035156,309.4000015258789
1763888158871,794.6000061035156,309.4000015258789
1763888158895,791.6000061035156,310.4000015258789
1763888158903,791.6000061035156,311.4000015258789
1763888158913,791.6000061035156,312.4000015258789
1763888158929,788.6000061035156,315.4000015258789
1763888158946,788.6000061035156,317.4000015258789
1763888158963,787.6000061035156,318.4000015258789
1763888159013,787.6000061035156,318.4000015258789
1763888159029,785.6000061035156,320.4000015258789
1763888159046,784.6000061035156,321.4000015258789
1763888159063,784.6000061035156,321.4000015258789
1763888159167,784.6000061035156,320.4000015258789
1763888159183,784.6000061035156,320.4000015258789
1763888159196,784.6000061035156,317.4000015258789
1763888159212,784.6000061035156,313.4000015258789
1763888159229,785.6000061035156,310.4000015258789
1763888159246,787.6000061035156,304.4000015258789
1763888159262,787.6000061035156,303.4000015258789
1763888159319,786.6000061035156,303.4000015258789
1763888159375,786.6000061035156,303.4000015258789
1763888159383,784.6000061035156,303.4000015258789
1763888159396,784.6000061035156,303.4000015258789
1763888159412,782.6000061035156,306.4000015258789
1763888159479,778.6000061035156,305.4000015258789
1763888159495,777.6000061035156,303.4000015258789
1763888159512,776.6000061035156,298.4000015258789
1763888159529,776.6000061035156,293.4000015258789
1763888159545,775.6000061035156,289.4000015258789
1763888159562,775.6000061035156,284.4000015258789
1763888159579,775.6000061035156,281.4000015258789
1763888159595,775.6000061035156,279.4000015258789
1763888159645,776.6000061035156,278.4000015258789
1763888159662,780.6000061035156,279.4000015258789
1763888159679,786.6000061035156,282.4000015258789
1763888159695,791.6000061035156,282.4000015258789
1763888159712,792.6000061035156,282.4000015258789
1763888159729,794.6000061035156,281.4000015258789
1763888159745,796.6000061035156,277.4000015258789
1763888159762,796.6000061035156,271.4000015258789
1763888159779,796.6000061035156,267.4000015258789
1763888159795,796.6000061035156,265.4000015258789
1763888159845,796.6000061035156,266.4000015258789
1763888159862,796.6000061035156,271.4000015258789
1763888159878,795.6000061035156,275.4000015258789
1763888159895,795.6000061035156,279.4000015258789
1763888159912,795.6000061035156,282.4000015258789
1763888159928,795.6000061035156,283.4000015258789
1763888159999,795.6000061035156,282.4000015258789
1763888160012,795.6000061035156,279.4000015258789
1763888160028,796.6000061035156,269.4000015258789
1763888160045,797.6000061035156,253.4000015258789
1763888160062,797.6000061035156,227.4000015258789
1763888160078,797.6000061035156,216.4000015258789
1763888160095,796.6000061035156,214.4000015258789
1763888160151,794.6000061035156,214.4000015258789
1763888160162,794.6000061035156,214.4000015258789
1763888160611,706.6000061035156,265.4000015258789
1763888160628,710.6000061035156,270.4000015258789
1763888160644,712.6000061035156,275.4000015258789
1763888160661,712.6000061035156,280.4000015258789
1763888160678,712.6000061035156,285.4000015258789
1763888160694,712.6000061035156,288.4000015258789
1763888160711,712.6000061035156,289.4000015258789
1763888160728,712.6000061035156,290.4000015258789
1763888160744,712.6000061035156,291.4000015258789
1763888160761,711.6000061035156,292.4000015258789
1763888160811,709.6000061035156,291.4000015258789
1763888160828,709.6000061035156,286.4000015258789
1763888160844,709.6000061035156,281.4000015258789
1763888160861,709.6000061035156,276.4000015258789
1763888160878,708.6000061035156,272.4000015258789
1763888160894,706.6000061035156,270.4000015258789
1763888161031,708.6000061035156,273.4000015258789
1763888161047,709.6000061035156,275.4000015258789
1763888161063,709.6000061035156,277.4000015258789
1763888161077,709.6000061035156,277.4000015258789
1763888161094,709.6000061035156,281.4000015258789
1763888161111,709.6000061035156,284.4000015258789
1763888161127,711.6000061035156,288.4000015258789
1763888161144,711.6000061035156,289.4000015258789
1763888161199,711.6000061035156,289.4000015258789
1763888161215,713.6000061035156,291.4000015258789
1763888161261,713.6000061035156,293.4000015258789
1763888161277,714.6000061035156,294.4000015258789
1763888161295,715.6000061035156,296.4000015258789
1763888161359,715.6000061035156,298.4000015258789
1763888161375,715.6000061035156,300.4000015258789
1763888161519,715.6000061035156,301.4000015258789
1763888161535,713.6000061035156,300.4000015258789
1763888161544,712.6000061035156,300.4000015258789
1763888161560,711.6000061035156,298.4000015258789
1763888161577,710.6000061035156,298.4000015258789
1763888161631,709.6000061035156,298.4000015258789
1763888161647,708.6000061035156,296.4000015258789
1763888161660,707.6000061035156,295.4000015258789
1763888161677,705.6000061035156,294.4000015258789
1763888161694,705.6000061035156,293.4000015258789
1763888161799,704.6000061035156,294.4000015258789
1763888161815,705.6000061035156,294.4000015258789
1763888161831,705.6000061035156,295.4000015258789
1763888161843,705.6000061035156,297.4000015258789
1763888161860,705.6000061035156,298.4000015258789
1763888161877,707.6000061035156,301.4000015258789
1763888161893,708.6000061035156,301.4000015258789
1763888161919,709.6000061035156,301.4000015258789
1763888161960,710.6000061035156,303.4000015258789
1763888161991,711.6000061035156,303.4000015258789
1763888162055,711.6000061035156,303.4000015258789
1763888162093,712.6000061035156,303.4000015258789
1763888162119,713.6000061035156,303.4000015258789
1763888162160,714.6000061035156,303.4000015258789
1763888162176,715.6000061035156,303.4000015258789
1763888162193,717.6000061035156,302.4000015258789
1763888162215,717.6000061035156,301.4000015258789
1763888162239,717.6000061035156,301.4000015258789
1763888162247,717.6000061035156,299.4000015258789
1763888162263,717.6000061035156,298.4000015258789
1763888162276,718.6000061035156,297.4000015258789
1763888162293,719.6000061035156,294.4000015258789
1763888162311,720.6000061035156,293.4000015258789
1763888162327,720.6000061035156,292.4000015258789
1763888162351,720.6000061035156,291.4000015258789
1763888162360,720.6000061035156,290.4000015258789
1763888162377,720.6000061035156,286.4000015258789
1763888162394,720.6000061035156,285.4000015258789
1763888162510,720.6000061035156,286.4000015258789
1763888162527,720.6000061035156,290.4000015258789
1763888162544,720.6000061035156,293.4000015258789
1763888162560,720.6000061035156,295.4000015258789
1763888162577,720.6000061035156,296.4000015258789
1763888162627,720.6000061035156,296.4000015258789
1763888162703,719.6000061035156,296.4000015258789
1763888162711,718.6000061035156,296.4000015258789
1763888162727,716.6000061035156,294.4000015258789
1763888162743,716.6000061035156,291.4000015258789
1763888162760,716.6000061035156,284.4000015258789
1763888162777,716.6000061035156,279.4000015258789
1763888162793,716.6000061035156,276.4000015258789
1763888162810,716.6000061035156,271.4000015258789
1763888162827,715.6000061035156,269.4000015258789
1763888162847,713.6000061035156,266.4000015258789
1763888162863,713.6000061035156,265.4000015258789
1763888162877,713.6000061035156,264.4000015258789
1763888162893,713.6000061035156,262.4000015258789
1763888162911,713.6000061035156,261.4000015258789
1763888162967,713.6000061035156,263.4000015258789
1763888162977,713.6000061035156,266.4000015258789
1763888162993,713.6000061035156,269.4000015258789
1763888163010,713.6000061035156,270.4000015258789
1763888163027,713.6000061035156,272.4000015258789
1763888163043,714.6000061035156,273.4000015258789
1763888163135,713.6000061035156,272.4000015258789
1763888163143,713.6000061035156,269.4000015258789
1763888163160,711.6000061035156,262.4000015258789
1763888163176,711.6000061035156,258.4000015258789
1763888163193,711.6000061035156,253.4000015258789
1763888163210,711.6000061035156,252.4000015258789
1763888163226,711.6000061035156,251.4000015258789
1763888163276,711.6000061035156,250.4000015258789
1763888163293,712.6000061035156,253.4000015258789
1763888163310,713.6000061035156,259.4000015258789
1763888163326,713.6000061035156,263.4000015258789
1763888163343,714.6000061035156,265.4000015258789
1763888163471,714.6000061035156,264.4000015258789
1763888163479,714.6000061035156,260.4000015258789
1763888163493,714.6000061035156,253.4000015258789
1763888163509,714.6000061035156,250.4000015258789
1763888163526,714.6000061035156,248.4000015258789
1763888163551,713.6000061035156,247.4000015258789
1763888163599,713.6000061035156,248.4000015258789
1763888163609,713.6000061035156,250.4000015258789
1763888163626,713.6000061035156,254.4000015258789
1763888163643,713.6000061035156,258.4000015258789
1763888163659,713.6000061035156,261.4000015258789
1763888163743,713.6000061035156,260.4000015258789
1763888163759,713.6000061035156,255.4000015258789
1763888163776,711.6000061035156,245.4000015258789
1763888163792,710.6000061035156,241.4000015258789
1763888163809,710.6000061035156,238.4000015258789
1763888163859,709.6000061035156,238.4000015258789
1763888163879,709.6000061035156,238.4000015258789
1763888163892,709.6000061035156,242.4000015258789
1763888163909,709.6000061035156,248.4000015258789
1763888163926,709.6000061035156,253.4000015258789
1763888163942,709.6000061035156,255.4000015258789
1763888163959,709.6000061035156,256.4000015258789
1763888164009,709.6000061035156,257.4000015258789
1763888164059,709.6000061035156,259.4000015258789
1763888164192,709.6000061035156,258.4000015258789
1763888164209,709.6000061035156,255.4000015258789
1763888164226,709.6000061035156,247.4000015258789
1763888164242,709.6000061035156,238.4000015258789
1763888164259,708.6000061035156,231.4000015258789
1763888164275,708.6000061035156,228.4000015258789
1763888164292,706.6000061035156,225.4000015258789
1763888164309,705.6000061035156,221.4000015258789
1763888164325,705.6000061035156,221.4000015258789
1763888164342,705.6000061035156,219.4000015258789
1763888164359,705.6000061035156,217.4000015258789
1763888164375,704.6000061035156,217.4000015258789
1763888164447,703.6000061035156,218.4000015258789
1763888164459,703.6000061035156,220.4000015258789
1763888164475,703.6000061035156,229.4000015258789
1763888164492,704.6000061035156,235.4000015258789
1763888164509,704.6000061035156,238.4000015258789
1763888164525,704.6000061035156,242.4000015258789
1763888164542,704.6000061035156,244.4000015258789
1763888164558,704.6000061035156,245.4000015258789
1763888164735,704.6000061035156,243.4000015258789
1763888164743,705.6000061035156,242.4000015258789
1763888164758,707.6000061035156,239.4000015258789
1763888164775,707.6000061035156,230.4000015258789
1763888164792,707.6000061035156,226.4000015258789
1763888164808,710.6000061035156,221.4000015258789
1763888164825,710.6000061035156,218.4000015258789
1763888164842,712.6000061035156,216.4000015258789
1763888164858,714.6000061035156,214.4000015258789
1763888164875,714.6000061035156,212.4000015258789
1763888164891,715.6000061035156,211.4000015258789
1763888164991,715.6000061035156,212.4000015258789
1763888165008,715.6000061035156,213.4000015258789
1763888165025,715.6000061035156,217.4000015258789
1763888165041,714.6000061035156,220.4000015258789
1763888165058,713.6000061035156,223.4000015258789
1763888165075,712.6000061035156,225.4000015258789
1763888165091,711.6000061035156,228.4000015258789
1763888165108,709.6000061035156,232.4000015258789
1763888165125,709.6000061035156,234.4000015258789
1763888165141,709.6000061035156,235.4000015258789
1763888165158,708.6000061035156,237.4000015258789
1763888165175,708.6000061035156,240.4000015258789
1763888165191,708.6000061035156,244.4000015258789
1763888165208,708.6000061035156,244.4000015258789
1763888165225,708.6000061035156,247.4000015258789
1763888165241,708.6000061035156,248.4000015258789
1763888165271,708.6000061035156,249.4000015258789
1763888165287,708.6000061035156,251.4000015258789
1763888165295,708.6000061035156,253.4000015258789
1763888165308,708.6000061035156,255.4000015258789
1763888165324,708.6000061035156,259.4000015258789
1763888165341,708.6000061035156,260.4000015258789
1763888165358,708.6000061035156,263.4000015258789
1763888165374,709.6000061035156,266.4000015258789
1763888165391,710.6000061035156,268.4000015258789
1763888165408,712.6000061035156,271.4000015258789
1763888165424,712.6000061035156,275.4000015258789
1763888165441,712.6000061035156,277.4000015258789
1763888165458,712.6000061035156,279.4000015258789
1763888165474,712.6000061035156,280.4000015258789
1763888165491,712.6000061035156,283.4000015258789
1763888165508,712.6000061035156,284.4000015258789
1763888165524,712.6000061035156,287.4000015258789
1763888165541,712.6000061035156,291.4000015258789
1763888165558,712.6000061035156,295.4000015258789
1763888165574,712.6000061035156,298.4000015258789
1763888165591,712.6000061035156,299.4000015258789
1763888165647,713.6000061035156,299.4000015258789
1763888165663,714.6000061035156,301.4000015258789
1763888165674,714.6000061035156,301.4000015258789
1763888165691,714.6000061035156,303.4000015258789
1763888165707,714.6000061035156,304.4000015258789
1763888165767,716.6000061035156,304.4000015258789
1763888165815,717.6000061035156,304.4000015258789
1763888165863,717.6000061035156,304.4000015258789
1763888165874,719.6000061035156,304.4000015258789
1763888165895,720.6000061035156,305.4000015258789
1763888166087,719.6000061035156,306.4000015258789
1763888166127,718.6000061035156,306.4000015258789
1763888166143,717.6000061035156,306.4000015258789
1763888166157,716.6000061035156,306.4000015258789
1763888166175,714.6000061035156,306.4000015258789
1763888166191,713.6000061035156,306.4000015258789
1763888166311,712.6000061035156,306.4000015258789
1763888166383,713.6000061035156,307.4000015258789
1763888166439,714.6000061035156,307.4000015258789
1763888166457,715.6000061035156,307.4000015258789
1763888166479,717.6000061035156,307.4000015258789
1763888166490,717.6000061035156,307.4000015258789
1763888166507,720.6000061035156,307.4000015258789
1763888166657,718.6000061035156,306.4000015258789
1763888168824,789.6000061035156,242.4000015258789
1763888168838,789.6000061035156,243.4000015258789
1763888168855,789.6000061035156,245.4000015258789
1763888168879,789.6000061035156,249.4000015258789
-1,-1,-1
-1,-1,-1
-1,-1,-1
