1763887890111,104.60000610351562,21.400001525878906
1763887890129,107.60000610351562,21.400001525878906
1763887890145,110.60000610351562,21.400001525878906
1763887890162,111.60000610351562,19.400001525878906
1763887890186,114.60000610351562,19.400001525878906
1763887890204,115.60000610351562,19.400001525878906
1763887890220,116.60000610351562,19.400001525878906
1763887890303,117.60000610351562,19.400001525878906
1763887890311,118.60000610351562,18.400001525878906
1763887890447,117.60000610351562,18.400001525878906
1763887890454,115.60000610351562,18.400001525878906
1763887890470,115.60000610351562,18.400001525878906
1763887890487,110.60000610351562,18.400001525878906
1763887890504,107.60000610351562,18.400001525878906
1763887890520,105.60000610351562,18.400001525878906
1763887890537,103.60000610351562,18.400001525878906
1763887890554,101.60000610351562,18.400001525878906
1763887890570,99.60000610351562,19.400001525878906
1763887890587,98.60000610351562,20.400001525878906
1763887890604,97.60000610351562,21.400001525878906
1763887890620,95.60000610351562,22.400001525878906
1763887890637,95.60000610351562,24.400001525878906
1763887890727,95.60000610351562,25.400001525878906
1763887890743,94.60000610351562,26.400001525878906
1763887890753,93.60000610351562,27.400001525878906
1763887890770,93.60000610351562,28.400001525878906
1763887890820,93.60000610351562,28.400001525878906
1763887890837,93.60000610351562,30.400001525878906
1763887890853,93.60000610351562,30.400001525878906
1763887890870,93.60000610351562,33.400001525878906
1763887890920,93.60000610351562,34.400001525878906
1763887890937,93.60000610351562,37.400001525878906
1763887890959,92.60000610351562,37.400001525878906
1763887891031,92.60000610351562,39.400001525878906
1763887891271,93.60000610351562,39.400001525878906
1763887891320,94.60000610351562,39.400001525878906
1763887891343,94.60000610351562,39.400001525878906
1763887891367,95.60000610351562,39.400001525878906
1763887891377,95.60000610351562,39.400001525878906
1763887891427,96.60000610351562,39.400001525878906
1763887891443,97.60000610351562,38.400001525878906
1763887891460,97.60000610351562,38.400001525878906
1763887891477,98.60000610351562,37.400001525878906
1763887891493,98.60000610351562,36.400001525878906
1763887891511,99.60000610351562,35.400001525878906
1763887891527,99.60000610351562,35.400001525878906
1763887891543,101.60000610351562,34.400001525878906
1763887891560,102.60000610351562,32.400001525878906
1763887891577,102.60000610351562,31.400001525878906
1763887891593,103.60000610351562,28.400001525878906
1763887891610,103.60000610351562,27.400001525878906
1763887891626,104.60000610351562,25.400001525878906
1763887891655,105.60000610351562,24.400001525878906
1763887891662,106.60000610351562,23.400001525878906
1763887891676,106.60000610351562,23.400001525878906
1763887891693,108.60000610351562,21.400001525878906
1763887891710,109.60000610351562,20.400001525878906
1763887891726,110.60000610351562,19.400001525878906
1763887891743,113.60000610351562,18.400001525878906
1763887891760,113.60000610351562,17.400001525878906
1763887891776,115.60000610351562,16.400001525878906
1763887891793,116.60000610351562,15.400001525878906
1763887891810,117.60000610351562,15.400001525878906
1763887891826,117.60000610351562,15.400001525878906
1763887891847,119.60000610351562,15.400001525878906
1763887891863,120.60000610351562,15.400001525878906
1763887891927,121.60000610351562,15.400001525878906
1763887891943,122.60000610351562,15.400001525878906
1763887892039,122.60000610351562,15.400001525878906
1763887892047,123.60000610351562,15.400001525878906
1763887892093,124.60000610351562,15.400001525878906
1763887892109,125.60000610351562,15.400001525878906
1763887892126,125.60000610351562,16.400001525878906
1763887892143,128.60000610351562,18.400001525878906
1763887892159,129.60000610351562,19.400001525878906
1763887892183,129.60000610351562,20.400001525878906
1763887892199,130.60000610351562,20.400001525878906
1763887892209,131.60000610351562,20.400001525878906
1763887892226,132.60000610351562,20.400001525878906
1763887892243,134.60000610351562,22.400001525878906
1763887892259,136.60000610351562,23.400001525878906
1763887892276,136.60000610351562,24.400001525878906
1763887892293,138.60000610351562,26.400001525878906
1763887892309,139.60000610351562,27.400001525878906
1763887892327,139.60000610351562,28.400001525878906
1763887892343,139.60000610351562,29.400001525878906
1763887892359,139.60000610351562,30.400001525878906
1763887892376,139.60000610351562,32.400001525878906
1763887892392,139.60000610351562,34.400001525878906
1763887892415,139.60000610351562,34.400001525878906
1763887892459,139.60000610351562,36.400001525878906
1763887892476,139.60000610351562,36.400001525878906
1763887892495,139.60000610351562,38.400001525878906
1763887892751,138.60000610351562,37.400001525878906
1763887892759,138.60000610351562,35.400001525878906
1763887892775,136.60000610351562,32.400001525878906
1763887892792,135.60000610351562,30.400001525878906
1763887892809,134.60000610351562,28.400001525878906
1763887892823,133.60000610351562,26.400001525878906
1763887892847,133.60000610351562,24.400001525878906
1763887892857,133.60000610351562,23.400001525878906
1763887892873,131.60000610351562,21.400001525878906
1763887892890,130.60000610351562,20.400001525878906
1763887892911,130.60000610351562,19.400001525878906
1763887892957,128.60000610351562,19.400001525878906
1763887892973,127.60000610351562,18.400001525878906
1763887892990,127.60000610351562,18.400001525878906
1763887893007,123.60000610351562,15.400001525878906
1763887893023,121.60000610351562,13.400001525878906
1763887893040,120.60000610351562,13.400001525878906
1763887893057,118.60000610351562,13.400001525878906
1763887893073,116.60000610351562,12.400001525878906
1763887893090,115.60000610351562,12.400001525878906
1763887893107,113.60000610351562,12.400001525878906
1763887893123,112.60000610351562,12.400001525878906
1763887893140,110.60000610351562,12.400001525878906
1763887893157,108.60000610351562,12.400001525878906
1763887893173,107.60000610351562,12.400001525878906
1763887893190,106.60000610351562,12.400001525878906
1763887893373,95.60000610351562,22.400001525878906
1763887893390,95.60000610351562,23.400001525878906
1763887893407,95.60000610351562,24.400001525878906
1763887893423,95.60000610351562,25.400001525878906
1763887893440,95.60000610351562,27.400001525878906
1763887893456,95.60000610351562,30.400001525878906
1763887893473,95.60000610351562,31.400001525878906
1763887893490,95.60000610351562,32.400001525878906
1763887893506,95.60000610351562,34.400001525878906
1763887893607,96.60000610351562,35.400001525878906
1763887893623,97.60000610351562,35.400001525878906
1763887893647,100.60000610351562,36.400001525878906
1763887893671,101.60000610351562,37.400001525878906
1763887893679,102.60000610351562,38.400001525878906
1763887893695,103.60000610351562,38.400001525878906
1763887893743,104.60000610351562,38.400001525878906
1763887893839,105.60000610351562,37.400001525878906
1763887893943,104.60000610351562,37.400001525878906
1763887893956,104.60000610351562,38.400001525878906
1763887893972,104.60000610351562,39.400001525878906
1763887893989,105.60000610351562,42.400001525878906
1763887894095,106.60000610351562,42.400001525878906
1763887894106,106.60000610351562,42.400001525878906
1763887894122,109.60000610351562,42.400001525878906
1763887894139,110.60000610351562,42.400001525878906
1763887894156,113.60000610351562,42.400001525878906
1763887894171,118.60000610351562,45.400001525878906
1763887894188,121.60000610351562,45.400001525878906
1763887894206,123.60000610351562,46.400001525878906
1763887894222,124.60000610351562,47.400001525878906
1763887894322,124.60000610351562,47.400001525878906
1763887894339,124.60000610351562,45.400001525878906
1763887894359,125.60000610351562,44.400001525878906
1763887894372,125.60000610351562,43.400001525878906
1763887894391,126.60000610351562,42.400001525878906
1763887894415,126.60000610351562,41.400001525878906
1763887894431,127.60000610351562,40.400001525878906
1763887894439,127.60000610351562,40.400001525878906
1763887894455,127.60000610351562,38.400001525878906
1763887894472,127.60000610351562,37.400001525878906
1763887894489,127.60000610351562,36.400001525878906
1763887894505,127.60000610351562,35.400001525878906
1763887894522,127.60000610351562,33.400001525878906
1763887894539,127.60000610351562,31.400001525878906
1763887894555,127.60000610351562,29.400001525878906
1763887894572,127.60000610351562,28.400001525878906
1763887894719,127.60000610351562,31.400001525878906
1763887894727,127.60000610351562,32.400001525878906
1763887894739,126.60000610351562,33.400001525878906
1763887894755,126.60000610351562,36.400001525878906
1763887894772,126.60000610351562,38.400001525878906
1763887894799,125.60000610351562,39.400001525878906
1763887894855,124.60000610351562,39.400001525878906
1763887894872,124.60000610351562,40.400001525878906
1763887894983,124.60000610351562,39.400001525878906
1763887894991,125.60000610351562,38.400001525878906
1763887895005,125.60000610351562,38.400001525878906
1763887895022,125.60000610351562,35.400001525878906
1763887895038,127.60000610351562,33.400001525878906
1763887895055,130.60000610351562,29.400001525878906
1763887895072,132.60000610351562,26.400001525878906
1763887895103,132.60000610351562,26.400001525878906
1763887895175,133.60000610351562,26.400001525878906
1763887895188,134.60000610351562,27.400001525878906
1763887895205,136.60000610351562,30.400001525878906
1763887895221,136.60000610351562,34.400001525878906
1763887895238,136.60000610351562,36.400001525878906
1763887895255,136.60000610351562,40.400001525878906
1763887895359,136.60000610351562,41.400001525878906
1763887895405,136.60000610351562,42.400001525878906
1763887895455,136.60000610351562,43.400001525878906
1763887895543,136.60000610351562,43.400001525878906
1763887895567,136.60000610351562,44.400001525878906
1763887895703,136.60000610351562,44.400001525878906
1763887895711,137.60000610351562,42.400001525878906
1763887895721,139.60000610351562,41.400001525878906
1763887895738,140.60000610351562,38.400001525878906
1763887895754,141.60000610351562,37.400001525878906
1763887895771,141.60000610351562,34.400001525878906
1763887895788,141.60000610351562,33.400001525878906
1763887895815,141.60000610351562,32.400001525878906
1763887895854,141.60000610351562,31.400001525878906
1763887896015,141.60000610351562,32.400001525878906
1763887896023,141.60000610351562,33.400001525878906
1763887896037,142.60000610351562,35.400001525878906
1763887896054,143.60000610351562,36.400001525878906
1763887896071,144.60000610351562,38.400001525878906
1763887896087,144.60000610351562,40.400001525878906
1763887896104,144.60000610351562,42.400001525878906
1763887896279,144.60000610351562,47.400001525878906
1763887896303,143.60000610351562,47.400001525878906
1763887896311,143.60000610351562,46.400001525878906
1763887896327,143.60000610351562,45.400001525878906
1763887896343,142.60000610351562,43.400001525878906
1763887896359,141.60000610351562,43.400001525878906
1763887896375,141.60000610351562,42.400001525878906
1763887896387,141.60000610351562,40.400001525878906
1763887896404,141.60000610351562,38.400001525878906
1763887896420,141.60000610351562,35.400001525878906
1763887896439,141.60000610351562,35.400001525878906
1763887896454,141.60000610351562,34.400001525878906
1763887896470,141.60000610351562,33.400001525878906
1763887896487,142.60000610351562,32.400001525878906
1763887896543,142.60000610351562,34.400001525878906
1763887896554,142.60000610351562,34.400001525878906
1763887896570,142.60000610351562,37.400001525878906
1763887896587,140.60000610351562,40.400001525878906
1763887896604,139.60000610351562,42.400001525878906
1763887896620,137.60000610351562,44.400001525878906
1763887896637,135.60000610351562,46.400001525878906
1763887896703,135.60000610351562,46.400001525878906
1763887896753,134.60000610351562,46.400001525878906
1763887896770,134.60000610351562,46.400001525878906
1763887896791,132.60000610351562,44.400001525878906
1763887896847,132.60000610351562,43.400001525878906
1763887896855,132.60000610351562,43.400001525878906
1763887896870,132.60000610351562,42.400001525878906
1763887896887,132.60000610351562,39.400001525878906
1763887897031,132.60000610351562,40.400001525878906
1763887897039,132.60000610351562,41.400001525878906
1763887897055,132.60000610351562,43.400001525878906
1763887897071,132.60000610351562,44.400001525878906
1763887897220,132.60000610351562,44.400001525878906
1763887897236,130.60000610351562,44.400001525878906
1763887897253,129.60000610351562,46.400001525878906
1763887897270,128.60000610351562,46.400001525878906
1763887897286,125.60000610351562,46.400001525878906
1763887897303,121.60000610351562,46.400001525878906
1763887897320,121.60000610351562,46.400001525878906
1763887897336,119.60000610351562,46.400001525878906
1763887897353,118.60000610351562,46.400001525878906
1763887897370,116.60000610351562,46.400001525878906
1763887897386,113.60000610351562,48.400001525878906
1763887897403,111.60000610351562,48.400001525878906
1763887897420,109.60000610351562,48.400001525878906
1763887897436,109.60000610351562,48.400001525878906
1763887897453,107.60000610351562,48.400001525878906
1763887897470,106.60000610351562,48.400001525878906
1763887897486,104.60000610351562,49.400001525878906
1763887897503,99.60000610351562,49.400001525878906
1763887897535,98.60000610351562,49.400001525878906
1763887897586,97.60000610351562,49.400001525878906
1763887897603,96.60000610351562,49.400001525878906
1763887897619,96.60000610351562,49.400001525878906
1763887897695,95.60000610351562,48.400001525878906
1763887897719,95.60000610351562,47.400001525878906
1763887897736,95.60000610351562,44.400001525878906
1763887897786,94.60000610351562,44.400001525878906
1763887897855,94.60000610351562,43.400001525878906
1763887897869,94.60000610351562,42.400001525878906
1763887897919,94.60000610351562,41.400001525878906
1763887897951,94.60000610351562,40.400001525878906
1763887898119,94.60000610351562,40.400001525878906
1763887898169,94.60000610351562,40.400001525878906
1763887898186,95.60000610351562,39.400001525878906
1763887898215,95.60000610351562,38.400001525878906
1763887898252,95.60000610351562,37.400001525878906
1763887898269,94.60000610351562,35.400001525878906
1763887898285,94.60000610351562,34.400001525878906
1763887898302,94.60000610351562,33.400001525878906
1763887898352,94.60000610351562,32.400001525878906
1763887898369,94.60000610351562,29.400001525878906
1763887898385,94.60000610351562,27.400001525878906
1763887898402,94.60000610351562,26.400001525878906
1763887898511,94.60000610351562,25.400001525878906
1763887898519,95.60000610351562,25.400001525878906
1763887898535,96.60000610351562,24.400001525878906
1763887898552,97.60000610351562,23.400001525878906
1763887898569,99.60000610351562,22.400001525878906
1763887898585,101.60000610351562,22.400001525878906
1763887898602,102.60000610351562,21.400001525878906
1763887898631,103.60000610351562,20.400001525878906
1763887898639,104.60000610351562,19.400001525878906
1763887898751,104.60000610351562,18.400001525878906
1763887898768,105.60000610351562,17.400001525878906
1763887898855,106.60000610351562,17.400001525878906
1763887898868,106.60000610351562,16.400001525878906
1763887898918,107.60000610351562,16.400001525878906
1763887898975,108.60000610351562,16.400001525878906
1763887898991,108.60000610351562,17.400001525878906
1763887899001,108.60000610351562,17.400001525878906
1763887899018,105.60000610351562,18.400001525878906
1763887899035,104.60000610351562,21.400001525878906
1763887899063,103.60000610351562,21.400001525878906
1763887899118,102.60000610351562,22.400001525878906
1763887899135,102.60000610351562,22.400001525878906
1763887899247,101.60000610351562,22.400001525878906
1763887899255,101.60000610351562,20.400001525878906
1763887899268,101.60000610351562,19.400001525878906
1763887899285,103.60000610351562,16.400001525878906
1763887899301,105.60000610351562,16.400001525878906
1763887899318,107.60000610351562,15.400001525878906
1763887899335,108.60000610351562,14.400001525878906
1763887899351,110.60000610351562,14.400001525878906
1763887899368,110.60000610351562,14.400001525878906
1763887899418,112.60000610351562,14.400001525878906
1763887899434,114.60000610351562,14.400001525878906
1763887899451,116.60000610351562,12.400001525878906
1763887899468,116.60000610351562,12.400001525878906
1763887899484,117.60000610351562,12.400001525878906
1763887899501,119.60000610351562,12.400001525878906
1763887899518,119.60000610351562,12.400001525878906
1763887899534,121.60000610351562,12.400001525878906
1763887899551,122.60000610351562,12.400001525878906
1763887899601,123.60000610351562,12.400001525878906
1763887899618,124.60000610351562,13.400001525878906
1763887899671,125.60000610351562,15.400001525878906
1763887899717,127.60000610351562,15.400001525878906
1763887899734,128.60000610351562,18.400001525878906
1763887899751,129.60000610351562,18.400001525878906
1763887899783,129.60000610351562,19.400001525878906
1763887899799,131.60000610351562,22.400001525878906
1763887899834,131.60000610351562,23.400001525878906
1763887899851,132.60000610351562,24.400001525878906
1763887899911,133.60000610351562,24.400001525878906
1763887899951,133.60000610351562,25.400001525878906
1763887899967,133.60000610351562,27.400001525878906
1763887899984,133.60000610351562,28.400001525878906
1763887900001,133.60000610351562,30.400001525878906
1763887900017,133.60000610351562,32.400001525878906
1763887900039,133.60000610351562,33.400001525878906
1763887900055,133.60000610351562,34.400001525878906
1763887900071,133.60000610351562,35.400001525878906
1763887900087,132.60000610351562,37.400001525878906
1763887900111,131.60000610351562,37.400001525878906
1763887900119,130.60000610351562,37.400001525878906
1763887900135,129.60000610351562,38.400001525878906
1763887900159,129.60000610351562,38.400001525878906
1763887900167,128.60000610351562,39.400001525878906
1763887900184,127.60000610351562,40.400001525878906
1763887900200,126.60000610351562,40.400001525878906
1763887900217,126.60000610351562,40.400001525878906
1763887900234,124.60000610351562,41.400001525878906
1763887900250,123.60000610351562,41.400001525878906
1763887900267,121.60000610351562,41.400001525878906
1763887900284,120.60000610351562,41.400001525878906
1763887900300,119.60000610351562,42.400001525878906
1763887900317,118.60000610351562,42.400001525878906
1763887900334,117.60000610351562,42.400001525878906
1763887900351,116.60000610351562,42.400001525878906
1763887900367,115.60000610351562,42.400001525878906
1763887900384,114.60000610351562,43.400001525878906
1763887900400,112.60000610351562,43.400001525878906
1763887900417,111.60000610351562,43.400001525878906
1763887900434,110.60000610351562,43.400001525878906
1763887900450,109.60000610351562,43.400001525878906
1763887900467,107.60000610351562,43.400001525878906
1763887900487,107.60000610351562,43.400001525878906
1763887900503,105.60000610351562,43.400001525878906
1763887900527,104.60000610351562,43.400001525878906
1763887900543,103.60000610351562,43.400001525878906
1763887900583,101.60000610351562,43.400001525878906
1763887900607,100.60000610351562,43.400001525878906
1763887900650,99.60000610351562,43.400001525878906
1763887900671,98.60000610351562,43.400001525878906
1763887900735,97.60000610351562,43.400001525878906
1763887900750,96.60000610351562,43.400001525878906
1763887900767,94.60000610351562,42.400001525878906
1763887900799,94.60000610351562,41.400001525878906
1763887900817,94.60000610351562,40.400001525878906
1763887900833,94.60000610351562,38.400001525878906
1763887900850,94.60000610351562,37.400001525878906
1763887900871,94.60000610351562,36.400001525878906
1763887900883,94.60000610351562,35.400001525878906
1763887900900,94.60000610351562,34.400001525878906
1763887900917,94.60000610351562,33.400001525878906
1763887909983,99.60000610351562,525.4000015258789
1763887910136,100.60000610351562,525.4000015258789
1763887910168,100.60000610351562,525.4000015258789
1763887910304,100.60000610351562,525.4000015258789
1763887910318,99.60000610351562,525.4000015258789
1763887910334,98.60000610351562,525.4000015258789
1763887910351,97.60000610351562,525.4000015258789
1763887910368,96.60000610351562,525.4000015258789
1763887910399,94.60000610351562,524.4000015258789
1763887910472,94.60000610351562,523.4000015258789
1763887910484,94.60000610351562,523.4000015258789
1763887910501,95.60000610351562,521.4000015258789
1763887910517,96.60000610351562,520.4000015258789
1763887910534,99.60000610351562,519.4000015258789
1763887910551,100.60000610351562,519.4000015258789
1763887910567,103.60000610351562,519.4000015258789
1763887910584,105.60000610351562,519.4000015258789
1763887910607,107.60000610351562,518.4000015258789
1763887910631,107.60000610351562,518.4000015258789
1763887910647,108.60000610351562,517.4000015258789
1763887910783,107.60000610351562,517.4000015258789
1763887910801,104.60000610351562,517.4000015258789
1763887910817,102.60000610351562,517.4000015258789
1763887910834,101.60000610351562,517.4000015258789
1763887910850,99.60000610351562,517.4000015258789
1763887910867,97.60000610351562,518.4000015258789
1763887910884,96.60000610351562,518.4000015258789
1763887910900,95.60000610351562,519.4000015258789
1763887910919,94.60000610351562,520.4000015258789
1763887911007,95.60000610351562,520.4000015258789
1763887911017,96.60000610351562,520.4000015258789
1763887911034,98.60000610351562,520.4000015258789
1763887911050,100.60000610351562,520.4000015258789
1763887911067,102.60000610351562,520.4000015258789
1763887911084,103.60000610351562,520.4000015258789
1763887911103,105.60000610351562,520.4000015258789
1763887911119,105.60000610351562,520.4000015258789
1763887911134,106.60000610351562,519.4000015258789
1763887911159,107.60000610351562,519.4000015258789
1763887911167,108.60000610351562,518.4000015258789
1763887911240,109.60000610351562,518.4000015258789
1763887911333,109.60000610351562,518.4000015258789
1763887911350,108.60000610351562,518.4000015258789
1763887911367,107.60000610351562,518.4000015258789
1763887911383,104.60000610351562,518.4000015258789
1763887911407,102.60000610351562,518.4000015258789
1763887911423,100.60000610351562,519.4000015258789
1763887911433,100.60000610351562,519.4000015258789
1763887911450,99.60000610351562,519.4000015258789
1763887911467,97.60000610351562,520.4000015258789
1763887911483,96.60000610351562,520.4000015258789
1763887911500,94.60000610351562,520.4000015258789
1763887911517,92.60000610351562,520.4000015258789
1763887911533,92.60000610351562,520.4000015258789
1763887911550,90.60000610351562,520.4000015258789
1763887911680,91.60000610351562,520.4000015258789
1763887911687,91.60000610351562,520.4000015258789
1763887911700,93.60000610351562,520.4000015258789
1763887911717,98.60000610351562,520.4000015258789
1763887911733,101.60000610351562,520.4000015258789
1763887911750,105.60000610351562,520.4000015258789
1763887911767,107.60000610351562,519.4000015258789
1763887911783,111.60000610351562,518.4000015258789
1763887911800,111.60000610351562,518.4000015258789
1763887911816,112.60000610351562,517.4000015258789
1763887911935,110.60000610351562,517.4000015258789
1763887911950,109.60000610351562,517.4000015258789
1763887911966,106.60000610351562,517.4000015258789
1763887911983,105.60000610351562,517.4000015258789
1763887912000,102.60000610351562,518.4000015258789
1763887912016,102.60000610351562,519.4000015258789
1763887912033,101.60000610351562,521.4000015258789
1763887912050,100.60000610351562,523.4000015258789
1763887912136,98.60000610351562,523.4000015258789
1763887912151,97.60000610351562,523.4000015258789
1763887912166,96.60000610351562,523.4000015258789
1763887912183,94.60000610351562,523.4000015258789
1763887912199,94.60000610351562,523.4000015258789
1763887912272,95.60000610351562,523.4000015258789
1763887912283,95.60000610351562,523.4000015258789
1763887912299,100.60000610351562,523.4000015258789
1763887912316,105.60000610351562,523.4000015258789
1763887912333,107.60000610351562,523.4000015258789
1763887912349,110.60000610351562,523.4000015258789
1763887912366,112.60000610351562,522.4000015258789
1763887912383,113.60000610351562,522.4000015258789
1763887912433,111.60000610351562,521.4000015258789
1763887912449,110.60000610351562,519.4000015258789
1763887912466,108.60000610351562,518.4000015258789
1763887912483,105.60000610351562,518.4000015258789
1763887912499,103.60000610351562,517.4000015258789
1763887912516,101.60000610351562,515.4000015258789
1763887912533,100.60000610351562,515.4000015258789
1763887912549,99.60000610351562,515.4000015258789
1763887912624,98.60000610351562,515.4000015258789
1763887912666,100.60000610351562,515.4000015258789
1763887912682,105.60000610351562,515.4000015258789
1763887912699,107.60000610351562,515.4000015258789
1763887912716,110.60000610351562,514.4000015258789
1763887912732,110.60000610351562,513.4000015258789
1763887912816,109.60000610351562,512.4000015258789
1763887912832,108.60000610351562,511.4000015258789
1763887912849,107.60000610351562,511.4000015258789
1763887912866,106.60000610351562,511.4000015258789
1763887912882,105.60000610351562,511.4000015258789
1763887912899,103.60000610351562,511.4000015258789
1763887912952,103.60000610351562,510.4000015258789
1763887913015,104.60000610351562,509.4000015258789
1763887913032,105.60000610351562,509.4000015258789
1763887913049,107.60000610351562,509.4000015258789
1763887913065,109.60000610351562,508.4000015258789
1763887913082,110.60000610351562,508.4000015258789
1763887913176,110.60000610351562,507.4000015258789
1763887913184,108.60000610351562,506.4000015258789
1763887913199,107.60000610351562,506.4000015258789
1763887913215,105.60000610351562,506.4000015258789
1763887913232,101.60000610351562,506.4000015258789
1763887913249,100.60000610351562,506.4000015258789
1763887913265,99.60000610351562,506.4000015258789
1763887913282,96.60000610351562,506.4000015258789
1763887913298,95.60000610351562,506.4000015258789
1763887913400,95.60000610351562,506.4000015258789
1763887913415,96.60000610351562,506.4000015258789
1763887913432,99.60000610351562,504.4000015258789
1763887913448,102.60000610351562,504.4000015258789
1763887913465,105.60000610351562,504.4000015258789
1763887913482,107.60000610351562,504.4000015258789
1763887913498,110.60000610351562,502.4000015258789
1763887913515,111.60000610351562,501.4000015258789
1763887913600,112.60000610351562,501.4000015258789
1763887913615,110.60000610351562,499.4000015258789
1763887913632,107.60000610351562,497.4000015258789
1763887913648,106.60000610351562,497.4000015258789
1763887913665,105.60000610351562,497.4000015258789
1763887913682,103.60000610351562,497.4000015258789
1763887913698,102.60000610351562,497.4000015258789
1763887913719,101.60000610351562,497.4000015258789
1763887913840,102.60000610351562,497.4000015258789
1763887913855,102.60000610351562,497.4000015258789
1763887913865,103.60000610351562,497.4000015258789
1763887913881,105.60000610351562,497.4000015258789
1763887913984,103.60000610351562,497.4000015258789
1763887913998,101.60000610351562,497.4000015258789
1763887914015,98.60000610351562,497.4000015258789
1763887914198,98.60000610351562,494.4000015258789
1763887914214,100.60000610351562,493.4000015258789
1763887914231,102.60000610351562,492.4000015258789
1763887914248,104.60000610351562,490.4000015258789
1763887914344,105.60000610351562,490.4000015258789
1763887914381,102.60000610351562,488.4000015258789
1763887914398,101.60000610351562,488.4000015258789
1763887914456,100.60000610351562,487.4000015258789
1763887914520,101.60000610351562,487.4000015258789
1763887914531,102.60000610351562,487.4000015258789
1763887914547,104.60000610351562,487.4000015258789
1763887914564,107.60000610351562,486.4000015258789
1763887914581,109.60000610351562,486.4000015258789
1763887914719,110.60000610351562,483.4000015258789
1763887914731,109.60000610351562,483.4000015258789
1763887914747,107.60000610351562,481.4000015258789
1763887914797,105.60000610351562,481.4000015258789
1763887914864,105.60000610351562,481.4000015258789
1763887915064,105.60000610351562,481.4000015258789
1763887915114,104.60000610351562,481.4000015258789
1763887915130,102.60000610351562,479.4000015258789
1763887915147,101.60000610351562,479.4000015258789
1763887915163,100.60000610351562,479.4000015258789
1763887915180,99.60000610351562,479.4000015258789
1763887915230,98.60000610351562,479.4000015258789
1763887915247,96.60000610351562,477.4000015258789
1763887915440,98.60000610351562,477.4000015258789
1763887915447,99.60000610351562,477.4000015258789
1763887915463,100.60000610351562,477.4000015258789
1763887915480,103.60000610351562,477.4000015258789
1763887915497,105.60000610351562,476.4000015258789
1763887915513,107.60000610351562,475.4000015258789
1763887915632,106.60000610351562,477.4000015258789
1763887915646,106.60000610351562,478.4000015258789
1763887915663,106.60000610351562,482.4000015258789
1763887915680,106.60000610351562,484.4000015258789
1763887915696,106.60000610351562,486.4000015258789
1763887915800,106.60000610351562,486.4000015258789
1763887915880,108.60000610351562,487.4000015258789
1763887915896,108.60000610351562,488.4000015258789
1763887915913,108.60000610351562,490.4000015258789
1763887915930,108.60000610351562,492.4000015258789
1763887915946,108.60000610351562,493.4000015258789
1763887915963,108.60000610351562,494.4000015258789
1763887915980,108.60000610351562,495.4000015258789
1763887916029,109.60000610351562,497.4000015258789
1763887916176,108.60000610351562,495.4000015258789
1763887916183,108.60000610351562,493.4000015258789
1763887916196,106.60000610351562,490.4000015258789
1763887916213,104.60000610351562,485.4000015258789
1763887916229,104.60000610351562,483.4000015258789
1763887916246,104.60000610351562,480.4000015258789
1763887916263,103.60000610351562,480.4000015258789
1763887916279,102.60000610351562,480.4000015258789
1763887916296,101.60000610351562,479.4000015258789
1763887916376,99.60000610351562,477.4000015258789
1763887916412,99.60000610351562,477.4000015258789
1763887916429,98.60000610351562,476.4000015258789
1763887916456,98.60000610351562,476.4000015258789
1763887916528,97.60000610351562,476.4000015258789
1763887916536,97.60000610351562,475.4000015258789
1763887916546,97.60000610351562,474.4000015258789
1763887916562,97.60000610351562,470.4000015258789
1763887916579,97.60000610351562,469.4000015258789
1763887916596,97.60000610351562,467.4000015258789
1763887916612,97.60000610351562,465.4000015258789
1763887916629,98.60000610351562,465.4000015258789
1763887916696,100.60000610351562,465.4000015258789
1763887916712,101.60000610351562,464.4000015258789
1763887916729,103.60000610351562,464.4000015258789
1763887916745,104.60000610351562,464.4000015258789
1763887916762,106.60000610351562,465.4000015258789
1763887916784,107.60000610351562,465.4000015258789
1763887916807,107.60000610351562,466.4000015258789
1763887916845,107.60000610351562,469.4000015258789
1763887916862,107.60000610351562,471.4000015258789
1763887916879,106.60000610351562,475.4000015258789
1763887916895,106.60000610351562,476.4000015258789
1763887917008,104.60000610351562,475.4000015258789
1763887917015,103.60000610351562,473.4000015258789
1763887917029,102.60000610351562,471.4000015258789
1763887917045,102.60000610351562,466.4000015258789
1763887917062,102.60000610351562,463.4000015258789
1763887917176,102.60000610351562,464.4000015258789
1763887917183,102.60000610351562,466.4000015258789
1763887917195,102.60000610351562,467.4000015258789
1763887917212,101.60000610351562,469.4000015258789
1763887917228,101.60000610351562,471.4000015258789
1763887917245,101.60000610351562,471.4000015258789
1763887917262,101.60000610351562,473.4000015258789
1763887917279,100.60000610351562,474.4000015258789
1763887917352,100.60000610351562,474.4000015258789
1763887917362,99.60000610351562,473.4000015258789
1763887917378,96.60000610351562,469.4000015258789
1763887917395,95.60000610351562,465.4000015258789
1763887917412,95.60000610351562,464.4000015258789
1763887917480,95.60000610351562,465.4000015258789
1763887917495,95.60000610351562,468.4000015258789
1763887917512,97.60000610351562,471.4000015258789
1763887917528,97.60000610351562,473.4000015258789
1763887917616,97.60000610351562,472.4000015258789
1763887917628,97.60000610351562,470.4000015258789
1763887917645,97.60000610351562,464.4000015258789
1763887917661,97.60000610351562,460.4000015258789
1763887917678,97.60000610351562,459.4000015258789
1763887917695,97.60000610351562,456.4000015258789
1763887917711,97.60000610351562,454.4000015258789
1763887917728,97.60000610351562,451.4000015258789
1763887917745,97.60000610351562,450.4000015258789
1763887917824,98.60000610351562,449.4000015258789
1763887917832,99.60000610351562,449.4000015258789
1763887917845,99.60000610351562,449.4000015258789
1763887917861,103.60000610351562,449.4000015258789
1763887917878,104.60000610351562,450.4000015258789
1763887917894,106.60000610351562,451.4000015258789
1763887917912,107.60000610351562,452.4000015258789
1763887917928,108.60000610351562,453.4000015258789
1763887917952,108.60000610351562,454.4000015258789
1763887917968,108.60000610351562,455.4000015258789
1763887917984,108.60000610351562,457.4000015258789
1763887918000,108.60000610351562,459.4000015258789
1763887918011,108.60000610351562,459.4000015258789
1763887918028,108.60000610351562,461.4000015258789
1763887918044,108.60000610351562,463.4000015258789
1763887918061,107.60000610351562,464.4000015258789
1763887918078,106.60000610351562,466.4000015258789
1763887918144,106.60000610351562,465.4000015258789
1763887918161,106.60000610351562,461.4000015258789
1763887918178,106.60000610351562,456.4000015258789
1763887918194,106.60000610351562,452.4000015258789
1763887918211,105.60000610351562,449.4000015258789
1763887918288,104.60000610351562,450.4000015258789
1763887918295,104.60000610351562,451.4000015258789
1763887918311,103.60000610351562,453.4000015258789
1763887918327,102.60000610351562,458.4000015258789
1763887918344,101.60000610351562,459.4000015258789
1763887918361,100.60000610351562,461.4000015258789
1763887918411,100.60000610351562,460.4000015258789
1763887918427,98.60000610351562,455.4000015258789
1763887918444,96.60000610351562,449.4000015258789
1763887918461,95.60000610351562,445.4000015258789
1763887918477,95.60000610351562,444.4000015258789
1763887918552,94.60000610351562,445.4000015258789
1763887918561,94.60000610351562,446.4000015258789
1763887918577,94.60000610351562,447.4000015258789
1763887918594,94.60000610351562,449.4000015258789
1763887918610,94.60000610351562,451.4000015258789
1763887918696,93.60000610351562,449.4000015258789
1763887918712,93.60000610351562,447.4000015258789
1763887918727,93.60000610351562,445.4000015258789
1763887918744,91.60000610351562,444.4000015258789
1763887918816,91.60000610351562,446.4000015258789
1763887918827,91.60000610351562,448.4000015258789
1763887918844,91.60000610351562,449.4000015258789
1763887918860,92.60000610351562,452.4000015258789
1763887918877,93.60000610351562,452.4000015258789
1763887918968,94.60000610351562,452.4000015258789
1763887918977,94.60000610351562,450.4000015258789
1763887918994,93.60000610351562,448.4000015258789
1763887919072,93.60000610351562,449.4000015258789
1763887919080,93.60000610351562,451.4000015258789
1763887919093,94.60000610351562,452.4000015258789
1763887919110,94.60000610351562,456.4000015258789
1763887919127,94.60000610351562,456.4000015258789
1763887919208,94.60000610351562,455.4000015258789
1763887919216,94.60000610351562,453.4000015258789
1763887919227,94.60000610351562,452.4000015258789
1763887919243,95.60000610351562,448.4000015258789
1763887919260,97.60000610351562,446.4000015258789
1763887919277,99.60000610351562,445.4000015258789
1763887919293,100.60000610351562,444.4000015258789
1763887919310,103.60000610351562,444.4000015258789
1763887919327,105.60000610351562,444.4000015258789
1763887919343,106.60000610351562,444.4000015258789
1763887919360,108.60000610351562,444.4000015258789
1763887919377,110.60000610351562,444.4000015258789
1763887919393,110.60000610351562,444.4000015258789
1763887919560,111.60000610351562,447.4000015258789
1763887919576,110.60000610351562,447.4000015258789
1763887919600,109.60000610351562,447.4000015258789
1763887919656,108.60000610351562,448.4000015258789
1763887919872,108.60000610351562,448.4000015258789
1763887919880,106.60000610351562,449.4000015258789
1763887919893,106.60000610351562,450.4000015258789
1763887919909,106.60000610351562,451.4000015258789
1763887920376,127.60000610351562,443.4000015258789
1763887920384,127.60000610351562,445.4000015258789
1763887920400,127.60000610351562,448.4000015258789
1763887920415,127.60000610351562,448.4000015258789
1763887920432,127.60000610351562,452.4000015258789
1763887920496,127.60000610351562,452.4000015258789
1763887920513,127.60000610351562,454.4000015258789
1763887920528,126.60000610351562,455.4000015258789
1763887920576,126.60000610351562,455.4000015258789
1763887920584,125.60000610351562,454.4000015258789
1763887920598,124.60000610351562,452.4000015258789
1763887920615,124.60000610351562,444.4000015258789
1763887920632,124.60000610351562,441.4000015258789
1763887920648,125.60000610351562,439.4000015258789
1763887920698,126.60000610351562,439.4000015258789
1763887920715,129.60000610351562,443.4000015258789
1763887920732,129.60000610351562,446.4000015258789
1763887920748,129.60000610351562,450.4000015258789
1763887920765,129.60000610351562,454.4000015258789
1763887920782,129.60000610351562,455.4000015258789
1763887920856,129.60000610351562,454.4000015258789
1763887920865,129.60000610351562,450.4000015258789
1763887920881,129.60000610351562,444.4000015258789
1763887920898,132.60000610351562,440.4000015258789
1763887920915,132.60000610351562,440.4000015258789
1763887920965,132.60000610351562,440.4000015258789
1763887920981,133.60000610351562,445.4000015258789
1763887920998,133.60000610351562,451.4000015258789
1763887921015,133.60000610351562,456.4000015258789
1763887921031,133.60000610351562,458.4000015258789
1763887921048,133.60000610351562,460.4000015258789
1763887921104,133.60000610351562,458.4000015258789
1763887921115,133.60000610351562,456.4000015258789
1763887921131,133.60000610351562,451.4000015258789
1763887921148,136.60000610351562,448.4000015258789
1763887921165,138.60000610351562,446.4000015258789
1763887921248,138.60000610351562,452.4000015258789
1763887921264,138.60000610351562,455.4000015258789
1763887921281,137.60000610351562,456.4000015258789
1763887921352,136.60000610351562,455.4000015258789
1763887921364,136.60000610351562,453.4000015258789
1763887921381,136.60000610351562,451.4000015258789
1763887921398,136.60000610351562,447.4000015258789
1763887921414,137.60000610351562,446.4000015258789
1763887921464,138.60000610351562,445.4000015258789
1763887921481,140.60000610351562,446.4000015258789
1763887921498,142.60000610351562,451.4000015258789
1763887921514,142.60000610351562,456.4000015258789
1763887921531,142.60000610351562,457.4000015258789
1763887921548,142.60000610351562,458.4000015258789
1763887921616,141.60000610351562,459.4000015258789
1763887921631,140.60000610351562,459.4000015258789
1763887921648,138.60000610351562,456.4000015258789
1763887921664,138.60000610351562,453.4000015258789
1763887921681,139.60000610351562,450.4000015258789
1763887921698,140.60000610351562,449.4000015258789
1763887921747,141.60000610351562,449.4000015258789
1763887921764,142.60000610351562,450.4000015258789
1763887921781,142.60000610351562,456.4000015258789
1763887921797,142.60000610351562,461.4000015258789
1763887921814,141.60000610351562,465.4000015258789
1763887921831,140.60000610351562,466.4000015258789
1763887921847,139.60000610351562,466.4000015258789
1763887921864,138.60000610351562,468.4000015258789
1763887921888,138.60000610351562,468.4000015258789
1763887921897,137.60000610351562,468.4000015258789
1763887921914,135.60000610351562,466.4000015258789
1763887921931,134.60000610351562,463.4000015258789
1763887921947,132.60000610351562,460.4000015258789
1763887921964,131.60000610351562,454.4000015258789
1763887921981,131.60000610351562,453.4000015258789
1763887922048,131.60000610351562,456.4000015258789
1763887922064,131.60000610351562,461.4000015258789
1763887922080,131.60000610351562,465.4000015258789
1763887922097,131.60000610351562,467.4000015258789
1763887922184,131.60000610351562,468.4000015258789
1763887922197,130.60000610351562,467.4000015258789
1763887922214,129.60000610351562,461.4000015258789
1763887922230,127.60000610351562,454.4000015258789
1763887922247,127.60000610351562,448.4000015258789
1763887922297,127.60000610351562,448.4000015258789
1763887922314,127.60000610351562,452.4000015258789
1763887922330,127.60000610351562,458.4000015258789
1763887922347,127.60000610351562,462.4000015258789
1763887922364,127.60000610351562,465.4000015258789
1763887922380,127.60000610351562,466.4000015258789
1763887922397,127.60000610351562,468.4000015258789
1763887922414,127.60000610351562,470.4000015258789
1763887922430,127.60000610351562,470.4000015258789
1763887922488,126.60000610351562,471.4000015258789
1763887922497,126.60000610351562,471.4000015258789
1763887922863,124.60000610351562,475.4000015258789
1763887922913,125.60000610351562,479.4000015258789
1763887922930,125.60000610351562,485.4000015258789
1763887922946,125.60000610351562,490.4000015258789
1763887922963,125.60000610351562,494.4000015258789
1763887922980,125.60000610351562,496.4000015258789
1763887922996,125.60000610351562,497.4000015258789
1763887923013,125.60000610351562,498.4000015258789
1763887923096,125.60000610351562,498.4000015258789
1763887923152,125.60000610351562,498.4000015258789
1763887923163,125.60000610351562,499.4000015258789
1763887923180,125.60000610351562,503.4000015258789
1763887923196,125.60000610351562,506.4000015258789
1763887923213,125.60000610351562,508.4000015258789
1763887923229,125.60000610351562,508.4000015258789
1763887923246,124.60000610351562,510.4000015258789
1763887923296,123.60000610351562,511.4000015258789
1763887923313,122.60000610351562,509.4000015258789
1763887923329,119.60000610351562,506.4000015258789
1763887923379,114.60000610351562,496.4000015258789
1763887923480,115.60000610351562,500.4000015258789
1763887923696,120.60000610351562,517.4000015258789
1763887923712,120.60000610351562,520.4000015258789
1763887923729,123.60000610351562,522.4000015258789
1763887923746,123.60000610351562,524.4000015258789
1763887923762,124.60000610351562,526.4000015258789
1763887923779,127.60000610351562,528.4000015258789
1763887923829,127.60000610351562,529.4000015258789
1763887923879,128.60000610351562,529.4000015258789
1763887923896,128.60000610351562,529.4000015258789
1763887923920,130.60000610351562,529.4000015258789
1763887923936,130.60000610351562,529.4000015258789
1763887923979,132.60000610351562,529.4000015258789
1763887923995,133.60000610351562,529.4000015258789
1763887924045,134.60000610351562,529.4000015258789
1763887924072,134.60000610351562,529.4000015258789
1763887924112,135.60000610351562,529.4000015258789
1763887924136,136.60000610351562,528.4000015258789
1763887924179,137.60000610351562,528.4000015258789
1763887924245,137.60000610351562,527.4000015258789
1763887924295,138.60000610351562,527.4000015258789
1763887924312,139.60000610351562,527.4000015258789
1763887924329,140.60000610351562,527.4000015258789
1763887924378,142.60000610351562,526.4000015258789
1763887924488,143.60000610351562,525.4000015258789
1763887924528,143.60000610351562,524.4000015258789
1763887924578,143.60000610351562,522.4000015258789
1763887924595,143.60000610351562,520.4000015258789
1763887924612,142.60000610351562,517.4000015258789
1763887924628,141.60000610351562,516.4000015258789
1763887924645,140.60000610351562,516.4000015258789
1763887924662,138.60000610351562,516.4000015258789
1763887924678,134.60000610351562,515.4000015258789
1763887924695,133.60000610351562,514.4000015258789
1763887924712,132.60000610351562,514.4000015258789
1763887924728,130.60000610351562,514.4000015258789
1763887924745,128.60000610351562,514.4000015258789
1763887924761,126.60000610351562,514.4000015258789
1763887924778,125.60000610351562,514.4000015258789
1763887924795,124.60000610351562,514.4000015258789
1763887924816,123.60000610351562,514.4000015258789
1763887924861,122.60000610351562,515.4000015258789
1763887924878,122.60000610351562,516.4000015258789
1763887924895,123.60000610351562,518.4000015258789
1763887924911,124.60000610351562,520.4000015258789
1763887924928,126.60000610351562,522.4000015258789
1763887924945,129.60000610351562,524.4000015258789
1763887924968,129.60000610351562,525.4000015258789
1763887924978,130.60000610351562,525.4000015258789
1763887924995,132.60000610351562,525.4000015258789
1763887925011,134.60000610351562,525.4000015258789
1763887925032,135.60000610351562,525.4000015258789
1763887925048,136.60000610351562,525.4000015258789
1763887925094,137.60000610351562,525.4000015258789
1763887925111,139.60000610351562,525.4000015258789
1763887925128,139.60000610351562,525.4000015258789
1763887925144,142.60000610351562,524.4000015258789
1763887925176,143.60000610351562,523.4000015258789
1763887925184,143.60000610351562,522.4000015258789
1763887925240,144.60000610351562,522.4000015258789
1763887925248,143.60000610351562,522.4000015258789
1763887925261,142.60000610351562,522.4000015258789
1763887925278,139.60000610351562,520.4000015258789
1763887925294,137.60000610351562,519.4000015258789
1763887925311,135.60000610351562,519.4000015258789
1763887925328,134.60000610351562,518.4000015258789
1763887925352,132.60000610351562,517.4000015258789
1763887925528,132.60000610351562,516.4000015258789
1763887925544,132.60000610351562,511.4000015258789
1763887925561,128.60000610351562,502.4000015258789
1763887925577,127.60000610351562,498.4000015258789
1763887925594,126.60000610351562,495.4000015258789
1763887925611,126.60000610351562,493.4000015258789
1763887925627,126.60000610351562,492.4000015258789
1763887925644,126.60000610351562,490.4000015258789
1763887925672,125.60000610351562,489.4000015258789
1763887925728,126.60000610351562,492.4000015258789
1763887925744,127.60000610351562,497.4000015258789
1763887925761,128.60000610351562,504.4000015258789
1763887925777,128.60000610351562,509.4000015258789
1763887925794,128.60000610351562,512.4000015258789
1763887925810,128.60000610351562,513.4000015258789
1763887925840,129.60000610351562,513.4000015258789
1763887925880,130.60000610351562,511.4000015258789
1763887925894,130.60000610351562,508.4000015258789
1763887925910,130.60000610351562,499.4000015258789
1763887925927,130.60000610351562,491.4000015258789
1763887925944,128.60000610351562,481.4000015258789
1763887925960,128.60000610351562,478.4000015258789
1763887925977,128.60000610351562,477.4000015258789
1763887925994,128.60000610351562,476.4000015258789
1763887926056,129.60000610351562,475.4000015258789
1763887926064,130.60000610351562,477.4000015258789
1763887926077,131.60000610351562,481.4000015258789
1763887926094,131.60000610351562,487.4000015258789
1763887926110,132.60000610351562,493.4000015258789
1763887926127,132.60000610351562,496.4000015258789
1763887926144,132.60000610351562,497.4000015258789
1763887926208,132.60000610351562,496.4000015258789
1763887926216,132.60000610351562,493.4000015258789
1763887926227,132.60000610351562,491.4000015258789
1763887926243,132.60000610351562,483.4000015258789
1763887926260,135.60000610351562,478.4000015258789
1763887926277,135.60000610351562,474.4000015258789
1763887926293,135.60000610351562,473.4000015258789
1763887926343,136.60000610351562,473.4000015258789
1763887926360,137.60000610351562,486.4000015258789
1763887926377,137.60000610351562,493.4000015258789
1763887926393,137.60000610351562,501.4000015258789
1763887926410,137.60000610351562,506.4000015258789
1763887926432,137.60000610351562,507.4000015258789
1763887926512,137.60000610351562,507.4000015258789
1763887926527,137.60000610351562,504.4000015258789
1763887926543,137.60000610351562,499.4000015258789
1763887926560,137.60000610351562,485.4000015258789
1763887926577,137.60000610351562,480.4000015258789
1763887926593,137.60000610351562,478.4000015258789
1763887926610,137.60000610351562,477.4000015258789
1763887926680,139.60000610351562,478.4000015258789
1763887926693,139.60000610351562,480.4000015258789
1763887926710,139.60000610351562,487.4000015258789
1763887926876,141.60000610351562,476.4000015258789
1763887926893,141.60000610351562,470.4000015258789
1763887926910,141.60000610351562,468.4000015258789
1763887926976,141.60000610351562,469.4000015258789
1763887927026,138.60000610351562,496.4000015258789
1763887927043,138.60000610351562,500.4000015258789
1763887927059,138.60000610351562,502.4000015258789
1763887927076,138.60000610351562,504.4000015258789
1763887927126,138.60000610351562,503.4000015258789
1763887927143,138.60000610351562,501.4000015258789
1763887927159,138.60000610351562,490.4000015258789
1763887927176,138.60000610351562,471.4000015258789
1763887927193,138.60000610351562,460.4000015258789
1763887927209,137.60000610351562,457.4000015258789
1763887927259,137.60000610351562,457.4000015258789
1763887927276,137.60000610351562,465.4000015258789
1763887927293,135.60000610351562,475.4000015258789
1763887927309,134.60000610351562,481.4000015258789
1763887927326,133.60000610351562,485.4000015258789
1763887927343,132.60000610351562,486.4000015258789
1763887927392,131.60000610351562,486.4000015258789
1763887927409,130.60000610351562,484.4000015258789
1763887927426,130.60000610351562,480.4000015258789
1763887927442,130.60000610351562,477.4000015258789
1763887927504,131.60000610351562,480.4000015258789
1763887927512,131.60000610351562,481.4000015258789
1763887927526,131.60000610351562,483.4000015258789
1763887927542,131.60000610351562,487.4000015258789
1763887927559,131.60000610351562,490.4000015258789
1763887928048,98.60000610351562,465.4000015258789
1763887928064,98.60000610351562,465.4000015258789
1763887928075,98.60000610351562,464.4000015258789
1763887928092,95.60000610351562,461.4000015258789
1763887928109,95.60000610351562,458.4000015258789
1763887928125,95.60000610351562,457.4000015258789
1763887928152,94.60000610351562,457.4000015258789
1763887928192,93.60000610351562,457.4000015258789
1763887928208,92.60000610351562,455.4000015258789
1763887928312,92.60000610351562,457.4000015258789
1763887928325,92.60000610351562,459.4000015258789
1763887928344,93.60000610351562,462.4000015258789
1763887928360,93.60000610351562,465.4000015258789
1763887928375,94.60000610351562,466.4000015258789
1763887928392,94.60000610351562,469.4000015258789
1763887928408,94.60000610351562,471.4000015258789
1763887928425,95.60000610351562,472.4000015258789
1763887928475,97.60000610351562,474.4000015258789
1763887928492,97.60000610351562,477.4000015258789
1763887928509,97.60000610351562,478.4000015258789
1763887928526,97.60000610351562,479.4000015258789
1763887928544,97.60000610351562,481.4000015258789
1763887928559,97.60000610351562,483.4000015258789
1763887928576,97.60000610351562,485.4000015258789
1763887928608,97.60000610351562,486.4000015258789
1763887928625,97.60000610351562,488.4000015258789
1763887928642,97.60000610351562,490.4000015258789
1763887928659,97.60000610351562,492.4000015258789
1763887928675,97.60000610351562,495.4000015258789
1763887928692,97.60000610351562,497.4000015258789
1763887928709,97.60000610351562,498.4000015258789
1763887928725,97.60000610351562,502.4000015258789
1763887928742,97.60000610351562,503.4000015258789
1763887928768,97.60000610351562,504.4000015258789
1763887928776,97.60000610351562,505.4000015258789
1763887928792,96.60000610351562,507.4000015258789
1763887928809,96.60000610351562,508.4000015258789
1763887928825,96.60000610351562,510.4000015258789
1763887928842,94.60000610351562,514.4000015258789
1763887928859,93.60000610351562,515.4000015258789
1763887928875,93.60000610351562,517.4000015258789
1763887928892,92.60000610351562,518.4000015258789
1763887929058,93.60000610351562,514.4000015258789
1763887929075,95.60000610351562,511.4000015258789
1763887929092,99.60000610351562,506.4000015258789
1763887929108,100.60000610351562,503.4000015258789
1763887929128,101.60000610351562,502.4000015258789
1763887929152,102.60000610351562,502.4000015258789
1763887929192,102.60000610351562,502.4000015258789
1763887929208,102.60000610351562,507.4000015258789
1763887929225,102.60000610351562,510.4000015258789
1763887929242,102.60000610351562,514.4000015258789
1763887929258,102.60000610351562,514.4000015258789
1763887929280,102.60000610351562,516.4000015258789
1763887929344,102.60000610351562,517.4000015258789
1763887929358,102.60000610351562,518.4000015258789
1763887929375,102.60000610351562,519.4000015258789
1763887929400,102.60000610351562,520.4000015258789
1763887929448,103.60000610351562,521.4000015258789
1763887929472,103.60000610351562,521.4000015258789
1763887929480,104.60000610351562,522.4000015258789
1763887929491,105.60000610351562,522.4000015258789
1763887929508,106.60000610351562,522.4000015258789
1763887929528,107.60000610351562,522.4000015258789
1763887929576,108.60000610351562,522.4000015258789
1763887929696,108.60000610351562,522.4000015258789
1763887929708,107.60000610351562,523.4000015258789
1763887929724,104.60000610351562,523.4000015258789
1763887929741,104.60000610351562,523.4000015258789
1763887929758,101.60000610351562,523.4000015258789
1763887929774,100.60000610351562,523.4000015258789
1763887929791,99.60000610351562,523.4000015258789
1763887929808,97.60000610351562,523.4000015258789
1763887929832,97.60000610351562,523.4000015258789
1763887929856,95.60000610351562,523.4000015258789
1763887929891,95.60000610351562,523.4000015258789
1763887929908,94.60000610351562,522.4000015258789
1763887929924,93.60000610351562,522.4000015258789
1763887929941,92.60000610351562,520.4000015258789
1763887929958,91.60000610351562,520.4000015258789
1763887930088,93.60000610351562,518.4000015258789
1763887930096,93.60000610351562,517.4000015258789
1763887930107,95.60000610351562,516.4000015258789
1763887930124,99.60000610351562,514.4000015258789
1763887930141,103.60000610351562,513.4000015258789
1763887930157,106.60000610351562,512.4000015258789
1763887930174,108.60000610351562,512.4000015258789
1763887930192,109.60000610351562,511.4000015258789
1763887930376,108.60000610351562,511.4000015258789
1763887930384,105.60000610351562,512.4000015258789
1763887930680,132.60000610351562,503.4000015258789
1763887930690,133.60000610351562,504.4000015258789
1763887930707,133.60000610351562,507.4000015258789
1763887930724,133.60000610351562,511.4000015258789
1763887930740,133.60000610351562,514.4000015258789
1763887930757,133.60000610351562,515.4000015258789
1763887930773,133.60000610351562,518.4000015258789
1763887930857,133.60000610351562,516.4000015258789
1763887930873,133.60000610351562,509.4000015258789
1763887930890,131.60000610351562,500.4000015258789
1763887930907,130.60000610351562,497.4000015258789
1763887930957,129.60000610351562,496.4000015258789
1763887930976,129.60000610351562,499.4000015258789
1763887930990,128.60000610351562,501.4000015258789
1763887931007,127.60000610351562,503.4000015258789
1763887931023,127.60000610351562,506.4000015258789
1763887931040,127.60000610351562,511.4000015258789
1763887931057,127.60000610351562,513.4000015258789
1763887931073,127.60000610351562,515.4000015258789
1763887931168,127.60000610351562,513.4000015258789
1763887931176,127.60000610351562,508.4000015258789
1763887931190,127.60000610351562,503.4000015258789
1763887931206,127.60000610351562,498.4000015258789
1763887931223,126.60000610351562,497.4000015258789
1763887931273,125.60000610351562,499.4000015258789
1763887931290,125.60000610351562,504.4000015258789
1763887931306,125.60000610351562,509.4000015258789
1763887931323,125.60000610351562,511.4000015258789
1763887931340,125.60000610351562,512.4000015258789
1763887931392,125.60000610351562,512.4000015258789
1763887931406,126.60000610351562,511.4000015258789
1763887931423,127.60000610351562,509.4000015258789
1763887931440,127.60000610351562,504.4000015258789
1763887931456,127.60000610351562,498.4000015258789
1763887931473,130.60000610351562,496.4000015258789
1763887931490,131.60000610351562,491.4000015258789
1763887931506,132.60000610351562,486.4000015258789
1763887931523,135.60000610351562,483.4000015258789
1763887931540,136.60000610351562,482.4000015258789
1763887931556,136.60000610351562,480.4000015258789
1763887931573,137.60000610351562,478.4000015258789
1763887931664,137.60000610351562,478.4000015258789
1763887931673,136.60000610351562,477.4000015258789
1763887931696,134.60000610351562,476.4000015258789
1763887951049,793.6000061035156,134.4000015258789
1763887951065,794.6000061035156,134.4000015258789
1763887951073,795.6000061035156,134.4000015258789
1763887951089,797.6000061035156,134.4000015258789
1763887951098,798.6000061035156,134.4000015258789
1763887951114,799.6000061035156,134.4000015258789
1763887951131,800.6000061035156,133.4000015258789
1763887951265,799.6000061035156,133.4000015258789
1763887951281,796.6000061035156,136.4000015258789
1763887951298,796.6000061035156,136.4000015258789
1763887951417,797.6000061035156,136.4000015258789
1763887951431,797.6000061035156,136.4000015258789
1763887951447,800.6000061035156,136.4000015258789
1763887951464,801.6000061035156,136.4000015258789
1763887951481,802.6000061035156,136.4000015258789
1763887951505,803.6000061035156,136.4000015258789
1763887951547,803.6000061035156,137.4000015258789
1763887951564,801.6000061035156,139.4000015258789
1763887951581,799.6000061035156,139.4000015258789
1763887951597,795.6000061035156,141.4000015258789
1763887951614,793.6000061035156,141.4000015258789
1763887951631,791.6000061035156,141.4000015258789
1763887951647,790.6000061035156,141.4000015258789
1763887951664,788.6000061035156,141.4000015258789
1763887951761,789.6000061035156,141.4000015258789
1763887951769,790.6000061035156,141.4000015258789
1763887951780,792.6000061035156,141.4000015258789
1763887951797,796.6000061035156,141.4000015258789
1763887951814,799.6000061035156,141.4000015258789
1763887951830,803.6000061035156,141.4000015258789
1763887951929,802.6000061035156,141.4000015258789
1763887951937,800.6000061035156,141.4000015258789
1763887951947,798.6000061035156,141.4000015258789
1763887951964,796.6000061035156,143.4000015258789
1763887951980,792.6000061035156,143.4000015258789
1763887951997,791.6000061035156,144.4000015258789
1763887952014,790.6000061035156,144.4000015258789
1763887952113,791.6000061035156,144.4000015258789
1763887952130,794.6000061035156,144.4000015258789
1763887952147,797.6000061035156,144.4000015258789
1763887952163,799.6000061035156,144.4000015258789
1763887952180,801.6000061035156,145.4000015258789
1763887952209,801.6000061035156,145.4000015258789
1763887952247,802.6000061035156,146.4000015258789
1763887952313,801.6000061035156,148.4000015258789
1763887952330,796.6000061035156,148.4000015258789
1763887952347,794.6000061035156,150.4000015258789
1763887952363,790.6000061035156,150.4000015258789
1763887952380,787.6000061035156,150.4000015258789
1763887952397,787.6000061035156,150.4000015258789
1763887952497,788.6000061035156,150.4000015258789
1763887952513,790.6000061035156,150.4000015258789
1763887952530,795.6000061035156,150.4000015258789
1763887952546,798.6000061035156,150.4000015258789
1763887952563,801.6000061035156,150.4000015258789
1763887952580,802.6000061035156,150.4000015258789
1763887952596,804.6000061035156,152.4000015258789
1763887952613,805.6000061035156,152.4000015258789
1763887952663,805.6000061035156,153.4000015258789
1763887952689,803.6000061035156,153.4000015258789
1763887952697,802.6000061035156,154.4000015258789
1763887952713,799.6000061035156,155.4000015258789
1763887952730,794.6000061035156,155.4000015258789
1763887952746,790.6000061035156,157.4000015258789
1763887952763,789.6000061035156,157.4000015258789
1763887952846,789.6000061035156,157.4000015258789
1763887952863,793.6000061035156,157.4000015258789
1763887952880,800.6000061035156,159.4000015258789
1763887952896,803.6000061035156,159.4000015258789
1763887952913,807.6000061035156,159.4000015258789
1763887952937,808.6000061035156,159.4000015258789
1763887953017,809.6000061035156,160.4000015258789
1763887953029,808.6000061035156,160.4000015258789
1763887953046,804.6000061035156,160.4000015258789
1763887953063,801.6000061035156,160.4000015258789
1763887953079,795.6000061035156,160.4000015258789
1763887953096,791.6000061035156,160.4000015258789
1763887953113,789.6000061035156,160.4000015258789
1763887953169,790.6000061035156,160.4000015258789
1763887953179,791.6000061035156,160.4000015258789
1763887953196,797.6000061035156,160.4000015258789
1763887953213,801.6000061035156,160.4000015258789
1763887953229,802.6000061035156,160.4000015258789
1763887953246,805.6000061035156,160.4000015258789
1763887953262,806.6000061035156,160.4000015258789
1763887953279,807.6000061035156,160.4000015258789
1763887953296,808.6000061035156,160.4000015258789
1763887953312,810.6000061035156,160.4000015258789
1763887953329,810.6000061035156,160.4000015258789
1763887953353,809.6000061035156,161.4000015258789
1763887953369,807.6000061035156,161.4000015258789
1763887953379,806.6000061035156,162.4000015258789
1763887953396,804.6000061035156,162.4000015258789
1763887953412,800.6000061035156,163.4000015258789
1763887953429,799.6000061035156,163.4000015258789
1763887953446,796.6000061035156,164.4000015258789
1763887953462,795.6000061035156,164.4000015258789
1763887953479,794.6000061035156,165.4000015258789
1763887953553,795.6000061035156,166.4000015258789
1763887953562,796.6000061035156,166.4000015258789
1763887953579,798.6000061035156,166.4000015258789
1763887953596,801.6000061035156,166.4000015258789
1763887953612,803.6000061035156,166.4000015258789
1763887953629,805.6000061035156,166.4000015258789
1763887953645,806.6000061035156,167.4000015258789
1763887953662,808.6000061035156,168.4000015258789
1763887953745,806.6000061035156,170.4000015258789
1763887953762,802.6000061035156,170.4000015258789
1763887953779,798.6000061035156,170.4000015258789
1763887953795,794.6000061035156,170.4000015258789
1763887953812,794.6000061035156,171.4000015258789
1763887953829,792.6000061035156,171.4000015258789
1763887953913,793.6000061035156,171.4000015258789
1763887953929,793.6000061035156,171.4000015258789
1763887953945,799.6000061035156,171.4000015258789
1763887953962,802.6000061035156,171.4000015258789
1763887953979,805.6000061035156,171.4000015258789
1763887953995,808.6000061035156,171.4000015258789
1763887954012,809.6000061035156,171.4000015258789
1763887954029,810.6000061035156,172.4000015258789
1763887954078,809.6000061035156,173.4000015258789
1763887954095,805.6000061035156,176.4000015258789
1763887954112,799.6000061035156,178.4000015258789
1763887954128,795.6000061035156,180.4000015258789
1763887954145,788.6000061035156,180.4000015258789
1763887954162,786.6000061035156,180.4000015258789
1763887954178,786.6000061035156,180.4000015258789
1763887954241,787.6000061035156,180.4000015258789
1763887954249,789.6000061035156,180.4000015258789
1763887954262,791.6000061035156,180.4000015258789
1763887954278,797.6000061035156,180.4000015258789
1763887954295,800.6000061035156,179.4000015258789
1763887954312,802.6000061035156,179.4000015258789
1763887954328,806.6000061035156,178.4000015258789
1763887954345,807.6000061035156,177.4000015258789
1763887954362,810.6000061035156,175.4000015258789
1763887954378,810.6000061035156,173.4000015258789
1763887954395,810.6000061035156,172.4000015258789
1763887954411,810.6000061035156,171.4000015258789
1763887954428,810.6000061035156,170.4000015258789
1763887954449,808.6000061035156,170.4000015258789
1763887954497,807.6000061035156,169.4000015258789
1763887954511,807.6000061035156,168.4000015258789
1763887954585,807.6000061035156,167.4000015258789
1763887954628,805.6000061035156,165.4000015258789
1763887954645,803.6000061035156,165.4000015258789
1763887954661,801.6000061035156,165.4000015258789
1763887954678,798.6000061035156,165.4000015258789
1763887954695,797.6000061035156,165.4000015258789
1763887954713,796.6000061035156,165.4000015258789
1763887954728,795.6000061035156,165.4000015258789
1763887954778,798.6000061035156,163.4000015258789
1763887954794,801.6000061035156,162.4000015258789
1763887954811,805.6000061035156,161.4000015258789
1763887954828,808.6000061035156,161.4000015258789
1763887954844,811.6000061035156,159.4000015258789
1763887954861,814.6000061035156,157.4000015258789
1763887954878,817.6000061035156,154.4000015258789
1763887954894,818.6000061035156,154.4000015258789
1763887954911,819.6000061035156,152.4000015258789
1763887954961,817.6000061035156,150.4000015258789
1763887954978,813.6000061035156,150.4000015258789
1763887954994,809.6000061035156,150.4000015258789
1763887955011,807.6000061035156,148.4000015258789
1763887955033,805.6000061035156,148.4000015258789
1763887955049,805.6000061035156,148.4000015258789
1763887955094,803.6000061035156,147.4000015258789
1763887955144,802.6000061035156,147.4000015258789
1763887955161,805.6000061035156,143.4000015258789
1763887955177,809.6000061035156,143.4000015258789
1763887955194,812.6000061035156,143.4000015258789
1763887955211,814.6000061035156,143.4000015258789
1763887955227,814.6000061035156,143.4000015258789
1763887955313,812.6000061035156,143.4000015258789
1763887955327,810.6000061035156,143.4000015258789
1763887955344,805.6000061035156,141.4000015258789
1763887955361,801.6000061035156,140.4000015258789
1763887955377,798.6000061035156,139.4000015258789
1763887955427,798.6000061035156,139.4000015258789
1763887955449,798.6000061035156,137.4000015258789
1763887955461,800.6000061035156,136.4000015258789
1763887955477,803.6000061035156,134.4000015258789
1763887955494,806.6000061035156,134.4000015258789
1763887955511,807.6000061035156,133.4000015258789
1763887955527,810.6000061035156,133.4000015258789
1763887955544,811.6000061035156,132.4000015258789
1763887955561,812.6000061035156,131.4000015258789
1763887955625,811.6000061035156,131.4000015258789
1763887955633,808.6000061035156,131.4000015258789
1763887955644,805.6000061035156,131.4000015258789
1763887955660,799.6000061035156,131.4000015258789
1763887955677,796.6000061035156,131.4000015258789
1763887955694,795.6000061035156,131.4000015258789
1763887955721,794.6000061035156,131.4000015258789
1763887955827,795.6000061035156,133.4000015258789
1763887955844,799.6000061035156,136.4000015258789
1763887955860,800.6000061035156,139.4000015258789
1763887955877,801.6000061035156,141.4000015258789
1763887955897,801.6000061035156,142.4000015258789
1763887955913,801.6000061035156,143.4000015258789
1763887955929,801.6000061035156,145.4000015258789
1763887955944,801.6000061035156,146.4000015258789
1763887955960,799.6000061035156,147.4000015258789
1763887955977,799.6000061035156,148.4000015258789
1763887956027,799.6000061035156,150.4000015258789
1763887956043,800.6000061035156,153.4000015258789
1763887956060,801.6000061035156,153.4000015258789
1763887956077,804.6000061035156,155.4000015258789
1763887956093,805.6000061035156,155.4000015258789
1763887956110,807.6000061035156,155.4000015258789
1763887956127,810.6000061035156,155.4000015258789
1763887956143,811.6000061035156,156.4000015258789
1763887956160,811.6000061035156,157.4000015258789
1763887956185,812.6000061035156,158.4000015258789
1763887956201,811.6000061035156,158.4000015258789
1763887956210,809.6000061035156,159.4000015258789
1763887956227,805.6000061035156,159.4000015258789
1763887956243,800.6000061035156,159.4000015258789
1763887956260,798.6000061035156,160.4000015258789
1763887956276,795.6000061035156,160.4000015258789
1763887956329,796.6000061035156,160.4000015258789
1763887956343,797.6000061035156,160.4000015258789
1763887956360,798.6000061035156,161.4000015258789
1763887956376,800.6000061035156,162.4000015258789
1763887956393,806.6000061035156,162.4000015258789
1763887956410,808.6000061035156,164.4000015258789
1763887956426,810.6000061035156,166.4000015258789
1763887956443,810.6000061035156,167.4000015258789
1763887956460,811.6000061035156,167.4000015258789
1763887956476,812.6000061035156,167.4000015258789
1763887956493,814.6000061035156,167.4000015258789
1763887956510,814.6000061035156,168.4000015258789
1763887956560,814.6000061035156,169.4000015258789
1763887956576,810.6000061035156,170.4000015258789
1763887956593,805.6000061035156,171.4000015258789
1763887956610,802.6000061035156,172.4000015258789
1763887956626,801.6000061035156,172.4000015258789
1763887956643,800.6000061035156,172.4000015258789
1763887956673,799.6000061035156,172.4000015258789
1763887956689,798.6000061035156,172.4000015258789
1763887956729,797.6000061035156,172.4000015258789
1763887956776,796.6000061035156,172.4000015258789
1763887956793,795.6000061035156,172.4000015258789
1763887956913,796.6000061035156,172.4000015258789
1763887956926,797.6000061035156,173.4000015258789
1763887956943,800.6000061035156,174.4000015258789
1763887956959,805.6000061035156,177.4000015258789
1763887956976,806.6000061035156,178.4000015258789
1763887956993,807.6000061035156,179.4000015258789
1763887957009,809.6000061035156,179.4000015258789
1763887957026,810.6000061035156,179.4000015258789
1763887957049,811.6000061035156,178.4000015258789
1763887957092,810.6000061035156,178.4000015258789
1763887957109,808.6000061035156,178.4000015258789
1763887957126,805.6000061035156,178.4000015258789
1763887957143,798.6000061035156,176.4000015258789
1763887957159,794.6000061035156,176.4000015258789
1763887957176,791.6000061035156,175.4000015258789
1763887957241,791.6000061035156,175.4000015258789
1763887957276,790.6000061035156,174.4000015258789
1763887957292,792.6000061035156,173.4000015258789
1763887957309,794.6000061035156,172.4000015258789
1763887957326,798.6000061035156,170.4000015258789
1763887957342,803.6000061035156,168.4000015258789
1763887957359,808.6000061035156,166.4000015258789
1763887957376,810.6000061035156,166.4000015258789
1763887957473,809.6000061035156,166.4000015258789
1763887957481,805.6000061035156,164.4000015258789
1763887957492,804.6000061035156,164.4000015258789
1763887957509,799.6000061035156,163.4000015258789
1763887957525,794.6000061035156,161.4000015258789
1763887957542,790.6000061035156,157.4000015258789
1763887957559,788.6000061035156,154.4000015258789
1763887957575,788.6000061035156,152.4000015258789
1763887957592,788.6000061035156,149.4000015258789
1763887957609,788.6000061035156,148.4000015258789
1763887957625,788.6000061035156,144.4000015258789
1763887957642,790.6000061035156,144.4000015258789
1763887957659,791.6000061035156,144.4000015258789
1763887957675,793.6000061035156,142.4000015258789
1763887957692,797.6000061035156,140.4000015258789
1763887957709,798.6000061035156,140.4000015258789
1763887957725,800.6000061035156,140.4000015258789
1763887957745,802.6000061035156,140.4000015258789
1763887957759,803.6000061035156,140.4000015258789
1763887957775,804.6000061035156,140.4000015258789
1763887957792,805.6000061035156,140.4000015258789
1763887957809,809.6000061035156,140.4000015258789
1763887957858,811.6000061035156,140.4000015258789
1763887957875,812.6000061035156,142.4000015258789
1763887957892,813.6000061035156,144.4000015258789
1763887957908,813.6000061035156,144.4000015258789
1763887957925,813.6000061035156,147.4000015258789
1763887957942,813.6000061035156,149.4000015258789
1763887957958,812.6000061035156,151.4000015258789
1763887957975,812.6000061035156,154.4000015258789
1763887957992,809.6000061035156,156.4000015258789
1763887958008,808.6000061035156,158.4000015258789
1763887958025,807.6000061035156,159.4000015258789
1763887958185,806.6000061035156,158.4000015258789
1763887958193,805.6000061035156,155.4000015258789
1763887958208,805.6000061035156,153.4000015258789
1763887958225,805.6000061035156,149.4000015258789
1763887958241,806.6000061035156,145.4000015258789
1763887958258,808.6000061035156,143.4000015258789
1763887958275,808.6000061035156,142.4000015258789
1763887958291,808.6000061035156,141.4000015258789
1763887958308,809.6000061035156,140.4000015258789
1763887958433,810.6000061035156,138.4000015258789
1763887958441,809.6000061035156,136.4000015258789
1763887958458,807.6000061035156,133.4000015258789
1763887958475,805.6000061035156,131.4000015258789
1763887958561,805.6000061035156,132.4000015258789
1763887958575,805.6000061035156,134.4000015258789
1763887958591,805.6000061035156,140.4000015258789
1763887958608,804.6000061035156,144.4000015258789
1763887958625,803.6000061035156,146.4000015258789
1763887958641,802.6000061035156,150.4000015258789
1763887958674,801.6000061035156,152.4000015258789
1763887958691,800.6000061035156,154.4000015258789
1763887958708,798.6000061035156,156.4000015258789
1763887958724,797.6000061035156,157.4000015258789
1763887958741,796.6000061035156,158.4000015258789
1763887958758,796.6000061035156,159.4000015258789
1763887958774,796.6000061035156,161.4000015258789
1763887958791,796.6000061035156,163.4000015258789
1763887958808,796.6000061035156,164.4000015258789
1763887958913,796.6000061035156,165.4000015258789
1763887958985,796.6000061035156,165.4000015258789
1763887958993,796.6000061035156,164.4000015258789
1763887959008,796.6000061035156,162.4000015258789
1763887959024,796.6000061035156,155.4000015258789
1763887959041,797.6000061035156,145.4000015258789
1763887959057,801.6000061035156,138.4000015258789
1763887959074,802.6000061035156,137.4000015258789
1763887959174,803.6000061035156,137.4000015258789
1763887959191,806.6000061035156,137.4000015258789
1763887959207,807.6000061035156,137.4000015258789
1763887959224,807.6000061035156,137.4000015258789
1763887959241,808.6000061035156,137.4000015258789
1763887959257,811.6000061035156,135.4000015258789
1763887959274,811.6000061035156,134.4000015258789
1763887959291,811.6000061035156,132.4000015258789
1763887959307,811.6000061035156,130.4000015258789
1763887959324,811.6000061035156,128.4000015258789
1763887959341,811.6000061035156,125.4000015258789
1763887959357,811.6000061035156,124.4000015258789
1763887959377,810.6000061035156,122.4000015258789
1763887959424,808.6000061035156,122.4000015258789
1763887959441,804.6000061035156,122.4000015258789
1763887959457,801.6000061035156,122.4000015258789
1763887959481,799.6000061035156,121.4000015258789
1763887959497,799.6000061035156,121.4000015258789
1763887959507,797.6000061035156,121.4000015258789
1763887959524,794.6000061035156,121.4000015258789
1763887959540,792.6000061035156,121.4000015258789
1763887959557,791.6000061035156,121.4000015258789
1763887959625,791.6000061035156,121.4000015258789
1763887959674,791.6000061035156,121.4000015258789
1763887959690,791.6000061035156,125.4000015258789
1763887959707,792.6000061035156,127.4000015258789
1763887959724,793.6000061035156,128.4000015258789
1763887959740,796.6000061035156,129.4000015258789
1763887959757,798.6000061035156,130.4000015258789
1763887959774,799.6000061035156,130.4000015258789
1763887959793,800.6000061035156,131.4000015258789
1763887959961,801.6000061035156,131.4000015258789
1763887959973,801.6000061035156,131.4000015258789
1763887959990,804.6000061035156,130.4000015258789
1763887960007,805.6000061035156,128.4000015258789
1763887960024,805.6000061035156,127.4000015258789
1763887960041,806.6000061035156,126.4000015258789
1763887960057,806.6000061035156,125.4000015258789
1763887960121,806.6000061035156,124.4000015258789
1763887960129,804.6000061035156,124.4000015258789
1763887960145,803.6000061035156,124.4000015258789
1763887960157,801.6000061035156,125.4000015258789
1763887960174,798.6000061035156,126.4000015258789
1763887960191,796.6000061035156,127.4000015258789
1763887960207,795.6000061035156,128.4000015258789
1763887960225,794.6000061035156,128.4000015258789
1763887960241,793.6000061035156,128.4000015258789
1763887960257,791.6000061035156,129.4000015258789
1763887960281,790.6000061035156,129.4000015258789
1763887960530,790.6000061035156,129.4000015258789
1763887960540,791.6000061035156,129.4000015258789
1763887960557,793.6000061035156,129.4000015258789
1763887960577,793.6000061035156,130.4000015258789
1763887960619,793.6000061035156,130.4000015258789
1763887960635,793.6000061035156,131.4000015258789
1763887960652,793.6000061035156,133.4000015258789
1763887960669,791.6000061035156,134.4000015258789
1763887960685,789.6000061035156,136.4000015258789
1763887960702,788.6000061035156,137.4000015258789
1763887960719,787.6000061035156,137.4000015258789
1763887960735,786.6000061035156,137.4000015258789
1763887960929,787.6000061035156,138.4000015258789
1763887960945,787.6000061035156,138.4000015258789
1763887960961,788.6000061035156,138.4000015258789
1763887960969,791.6000061035156,138.4000015258789
1763887960985,791.6000061035156,137.4000015258789
1763887961002,792.6000061035156,135.4000015258789
1763887961018,794.6000061035156,133.4000015258789
1763887961129,793.6000061035156,133.4000015258789
1763887961137,792.6000061035156,134.4000015258789
1763887961152,790.6000061035156,136.4000015258789
1763887961168,788.6000061035156,136.4000015258789
1763887961185,784.6000061035156,136.4000015258789
1763887961202,784.6000061035156,137.4000015258789
1763887961218,783.6000061035156,138.4000015258789
1763887961235,782.6000061035156,139.4000015258789
1763887961257,781.6000061035156,140.4000015258789
1763887961302,781.6000061035156,140.4000015258789
1763887961318,781.6000061035156,142.4000015258789
1763887961335,782.6000061035156,144.4000015258789
1763887961353,783.6000061035156,146.4000015258789
1763887961369,784.6000061035156,147.4000015258789
1763887961385,784.6000061035156,148.4000015258789
1763887961401,785.6000061035156,149.4000015258789
1763887961473,785.6000061035156,150.4000015258789
1763887961485,785.6000061035156,151.4000015258789
1763887961535,785.6000061035156,153.4000015258789
1763887961585,785.6000061035156,155.4000015258789
1763887961601,785.6000061035156,157.4000015258789
1763887961618,785.6000061035156,158.4000015258789
1763887961673,785.6000061035156,159.4000015258789
1763887961684,785.6000061035156,160.4000015258789
1763887961701,785.6000061035156,162.4000015258789
1763887961718,786.6000061035156,164.4000015258789
1763887961735,787.6000061035156,165.4000015258789
1763887961751,787.6000061035156,166.4000015258789
1763887961809,788.6000061035156,167.4000015258789
1763887961881,788.6000061035156,167.4000015258789
1763887961921,788.6000061035156,167.4000015258789
1763887961934,789.6000061035156,167.4000015258789
1763887961951,789.6000061035156,169.4000015258789
1763887961968,789.6000061035156,171.4000015258789
1763887961984,789.6000061035156,171.4000015258789
1763887962001,790.6000061035156,172.4000015258789
1763887962051,790.6000061035156,172.4000015258789
1763887962081,791.6000061035156,172.4000015258789
1763887962117,794.6000061035156,173.4000015258789
1763887962137,795.6000061035156,174.4000015258789
1763887962184,795.6000061035156,174.4000015258789
1763887962217,796.6000061035156,174.4000015258789
1763887962241,797.6000061035156,174.4000015258789
1763887962284,798.6000061035156,174.4000015258789
1763887962301,799.6000061035156,174.4000015258789
1763887962317,801.6000061035156,174.4000015258789
1763887962334,801.6000061035156,174.4000015258789
1763887962351,803.6000061035156,174.4000015258789
1763887962367,805.6000061035156,174.4000015258789
1763887962384,806.6000061035156,174.4000015258789
1763887962409,808.6000061035156,174.4000015258789
1763887962425,808.6000061035156,175.4000015258789
1763887962617,808.6000061035156,175.4000015258789
1763887962634,808.6000061035156,172.4000015258789
1763887962650,808.6000061035156,168.4000015258789
1763887962667,808.6000061035156,167.4000015258789
1763887962739,808.6000061035156,165.4000015258789
1763887962801,808.6000061035156,165.4000015258789
1763887962809,807.6000061035156,163.4000015258789
1763887962822,806.6000061035156,162.4000015258789
1763887962839,805.6000061035156,160.4000015258789
1763887962856,803.6000061035156,158.4000015258789
1763887962872,802.6000061035156,156.4000015258789
1763887962889,802.6000061035156,156.4000015258789
1763887962906,801.6000061035156,153.4000015258789
1763887962956,801.6000061035156,151.4000015258789
1763887962972,799.6000061035156,150.4000015258789
1763887962989,798.6000061035156,149.4000015258789
1763887963017,797.6000061035156,148.4000015258789
1763887963025,796.6000061035156,147.4000015258789
1763887963041,796.6000061035156,146.4000015258789
1763887963056,796.6000061035156,145.4000015258789
1763887963072,796.6000061035156,142.4000015258789
1763887963089,796.6000061035156,142.4000015258789
1763887963106,796.6000061035156,139.4000015258789
1763887963177,796.6000061035156,138.4000015258789
1763887963193,796.6000061035156,137.4000015258789
1763887963209,797.6000061035156,136.4000015258789
1763887963222,798.6000061035156,135.4000015258789
1763887963239,799.6000061035156,134.4000015258789
1763887963255,801.6000061035156,132.4000015258789
1763887963272,804.6000061035156,132.4000015258789
1763887963289,807.6000061035156,132.4000015258789
1763887963305,809.6000061035156,132.4000015258789
1763887963322,811.6000061035156,132.4000015258789
1763887963339,814.6000061035156,132.4000015258789
1763887963355,816.6000061035156,133.4000015258789
1763887963372,817.6000061035156,134.4000015258789
1763887963389,819.6000061035156,137.4000015258789
1763887963405,819.6000061035156,141.4000015258789
1763887963422,819.6000061035156,144.4000015258789
1763887963439,819.6000061035156,146.4000015258789
1763887963455,819.6000061035156,148.4000015258789
1763887963472,819.6000061035156,149.4000015258789
1763887963489,819.6000061035156,151.4000015258789
1763887963505,819.6000061035156,154.4000015258789
1763887963522,819.6000061035156,158.4000015258789
1763887963539,819.6000061035156,160.4000015258789
1763887963555,819.6000061035156,164.4000015258789
1763887963572,819.6000061035156,165.4000015258789
1763887963589,819.6000061035156,166.4000015258789
1763887963609,819.6000061035156,168.4000015258789
1763887963622,819.6000061035156,168.4000015258789
1763887963638,819.6000061035156,170.4000015258789
1763887963657,821.6000061035156,171.4000015258789
1763887963849,820.6000061035156,168.4000015258789
1763887963857,818.6000061035156,167.4000015258789
1763887963872,818.6000061035156,167.4000015258789
1763887963888,818.6000061035156,165.4000015258789
1763887963905,817.6000061035156,162.4000015258789
1763887963922,816.6000061035156,157.4000015258789
1763887964002,814.6000061035156,158.4000015258789
1763887964009,814.6000061035156,161.4000015258789
1763887964021,814.6000061035156,162.4000015258789
1763887964038,814.6000061035156,166.4000015258789
1763887964055,814.6000061035156,168.4000015258789
1763887964071,814.6000061035156,170.4000015258789
1763887964088,814.6000061035156,173.4000015258789
1763887964105,814.6000061035156,174.4000015258789
1763887964121,813.6000061035156,176.4000015258789
1763887964171,813.6000061035156,178.4000015258789
1763887964188,812.6000061035156,179.4000015258789
1763887964205,812.6000061035156,180.4000015258789
1763887964338,813.6000061035156,180.4000015258789
1763887964354,814.6000061035156,180.4000015258789
1763887964371,815.6000061035156,180.4000015258789
1763887964434,816.6000061035156,181.4000015258789
1763887964449,814.6000061035156,182.4000015258789
1763887964465,814.6000061035156,182.4000015258789
1763887964504,812.6000061035156,182.4000015258789
1763887964521,809.6000061035156,182.4000015258789
1763887964545,806.6000061035156,180.4000015258789
1763887964588,806.6000061035156,179.4000015258789
1763887964604,803.6000061035156,177.4000015258789
1763887964621,802.6000061035156,174.4000015258789
1763887964638,801.6000061035156,170.4000015258789
1763887964654,801.6000061035156,168.4000015258789
1763887964673,801.6000061035156,166.4000015258789
1763887964689,802.6000061035156,166.4000015258789
1763887964705,803.6000061035156,166.4000015258789
1763887964721,804.6000061035156,165.4000015258789
1763887964737,806.6000061035156,162.4000015258789
1763887964754,807.6000061035156,161.4000015258789
1763887964771,807.6000061035156,158.4000015258789
1763887964787,807.6000061035156,157.4000015258789
1763887964804,807.6000061035156,156.4000015258789
1763887964821,807.6000061035156,154.4000015258789
1763887964837,806.6000061035156,152.4000015258789
1763887964854,805.6000061035156,151.4000015258789
1763887964871,804.6000061035156,151.4000015258789
1763887964889,802.6000061035156,151.4000015258789
1763887964905,802.6000061035156,151.4000015258789
1763887964962,801.6000061035156,150.4000015258789
1763887964977,801.6000061035156,149.4000015258789
1763887964987,801.6000061035156,149.4000015258789
1763887965004,801.6000061035156,148.4000015258789
1763887965021,800.6000061035156,146.4000015258789
1763887965037,800.6000061035156,146.4000015258789
1763887965054,797.6000061035156,145.4000015258789
1763887965071,794.6000061035156,141.4000015258789
1763887965087,791.6000061035156,138.4000015258789
1763887965104,791.6000061035156,136.4000015258789
1763887965121,790.6000061035156,136.4000015258789
1763887965145,789.6000061035156,135.4000015258789
1763887965242,789.6000061035156,134.4000015258789
1763887965254,789.6000061035156,133.4000015258789
1763887965270,789.6000061035156,131.4000015258789
1763887965287,790.6000061035156,130.4000015258789
1763887965304,792.6000061035156,130.4000015258789
1763887965320,792.6000061035156,130.4000015258789
1763887965337,795.6000061035156,129.4000015258789
1763887965354,796.6000061035156,128.4000015258789
1763887965370,797.6000061035156,128.4000015258789
1763887965470,796.6000061035156,128.4000015258789
1763887965487,791.6000061035156,128.4000015258789
1763887965503,789.6000061035156,128.4000015258789
1763887965520,788.6000061035156,127.4000015258789
1763887965553,787.6000061035156,126.4000015258789
1763887965577,786.6000061035156,127.4000015258789
1763887965587,785.6000061035156,128.4000015258789
1763887965603,783.6000061035156,132.4000015258789
1763887965620,782.6000061035156,133.4000015258789
1763887965637,782.6000061035156,135.4000015258789
1763887965653,782.6000061035156,137.4000015258789
1763887965670,782.6000061035156,140.4000015258789
1763887965687,782.6000061035156,142.4000015258789
1763887965703,781.6000061035156,146.4000015258789
1763887965720,781.6000061035156,147.4000015258789
1763887965737,781.6000061035156,148.4000015258789
1763887965761,780.6000061035156,148.4000015258789
1763887965820,780.6000061035156,149.4000015258789
1763887965841,780.6000061035156,149.4000015258789
1763887965865,781.6000061035156,151.4000015258789
1763887965881,781.6000061035156,152.4000015258789
1763887965889,781.6000061035156,153.4000015258789
1763887965903,781.6000061035156,154.4000015258789
1763887965978,781.6000061035156,155.4000015258789
1763887965986,778.6000061035156,155.4000015258789
1763887966003,776.6000061035156,152.4000015258789
1763887966020,776.6000061035156,150.4000015258789
1763887966036,776.6000061035156,147.4000015258789
1763887966053,776.6000061035156,144.4000015258789
1763887966070,776.6000061035156,140.4000015258789
1763887966086,777.6000061035156,137.4000015258789
1763887966103,778.6000061035156,136.4000015258789
1763887966120,779.6000061035156,135.4000015258789
1763887966136,781.6000061035156,132.4000015258789
1763887966153,782.6000061035156,131.4000015258789
1763887966170,783.6000061035156,128.4000015258789
1763887966186,784.6000061035156,128.4000015258789
1763887966203,786.6000061035156,125.4000015258789
1763887966220,787.6000061035156,122.4000015258789
1763887966338,786.6000061035156,123.4000015258789
1763887966353,785.6000061035156,125.4000015258789
1763887966369,781.6000061035156,129.4000015258789
1763887966386,780.6000061035156,131.4000015258789
1763887966403,779.6000061035156,133.4000015258789
1763887966425,779.6000061035156,134.4000015258789
1763887966441,778.6000061035156,134.4000015258789
1763887966457,777.6000061035156,135.4000015258789
1763887966503,776.6000061035156,135.4000015258789
1763887966519,773.6000061035156,134.4000015258789
1763887966536,769.6000061035156,132.4000015258789
1763887966553,767.6000061035156,129.4000015258789
1763887966569,767.6000061035156,128.4000015258789
1763887966730,766.6000061035156,128.4000015258789
1763887966737,766.6000061035156,129.4000015258789
1763887966752,765.6000061035156,130.4000015258789
1763887966769,762.6000061035156,132.4000015258789
1763887966786,761.6000061035156,134.4000015258789
1763887966902,763.6000061035156,132.4000015258789
1763887966919,767.6000061035156,129.4000015258789
1763887966936,767.6000061035156,125.4000015258789
1763887966952,769.6000061035156,124.4000015258789
1763887966969,771.6000061035156,122.4000015258789
1763887966986,773.6000061035156,122.4000015258789
1763887967002,774.6000061035156,121.4000015258789
1763887967019,777.6000061035156,121.4000015258789
1763887967035,778.6000061035156,121.4000015258789
1763887967057,779.6000061035156,121.4000015258789
1763887967073,781.6000061035156,121.4000015258789
1763887967089,781.6000061035156,121.4000015258789
1763887967102,783.6000061035156,121.4000015258789
1763887967119,785.6000061035156,121.4000015258789
1763887967135,787.6000061035156,120.4000015258789
1763887967152,788.6000061035156,120.4000015258789
1763887967169,788.6000061035156,120.4000015258789
1763887967193,790.6000061035156,120.4000015258789
1763887967202,791.6000061035156,120.4000015258789
1763887967233,791.6000061035156,122.4000015258789
1763887967290,791.6000061035156,124.4000015258789
1763887967302,789.6000061035156,125.4000015258789
1763887967319,786.6000061035156,127.4000015258789
1763887967335,783.6000061035156,127.4000015258789
1763887967352,779.6000061035156,127.4000015258789
1763887967369,776.6000061035156,127.4000015258789
1763887967385,772.6000061035156,127.4000015258789
1763887967402,771.6000061035156,127.4000015258789
1763887967418,770.6000061035156,127.4000015258789
1763887967449,769.6000061035156,127.4000015258789
1763887967506,769.6000061035156,127.4000015258789
1763887967518,769.6000061035156,128.4000015258789
1763887967535,768.6000061035156,129.4000015258789
1763887967552,767.6000061035156,131.4000015258789
1763887967568,766.6000061035156,133.4000015258789
1763887967585,766.6000061035156,136.4000015258789
1763887967718,767.6000061035156,136.4000015258789
1763887967768,767.6000061035156,136.4000015258789
1763887967785,767.6000061035156,138.4000015258789
1763887967801,767.6000061035156,142.4000015258789
1763887967818,767.6000061035156,143.4000015258789
1763887967913,765.6000061035156,143.4000015258789
1763887968098,765.6000061035156,143.4000015258789
1763887968105,766.6000061035156,144.4000015258789
1763887968121,767.6000061035156,145.4000015258789
1763887968137,768.6000061035156,146.4000015258789
1763887968186,769.6000061035156,147.4000015258789
1763887968202,769.6000061035156,150.4000015258789
1763887968218,769.6000061035156,152.4000015258789
1763887968234,768.6000061035156,154.4000015258789
1763887968251,767.6000061035156,157.4000015258789
1763887968268,765.6000061035156,158.4000015258789
1763887968284,765.6000061035156,158.4000015258789
1763887968305,765.6000061035156,159.4000015258789
1763887968321,764.6000061035156,160.4000015258789
1763887968386,762.6000061035156,161.4000015258789
1763887968401,762.6000061035156,162.4000015258789
1763887968418,761.6000061035156,163.4000015258789
1763887968498,761.6000061035156,164.4000015258789
1763887968534,763.6000061035156,164.4000015258789
1763887968551,766.6000061035156,164.4000015258789
1763887968567,767.6000061035156,164.4000015258789
1763887968593,768.6000061035156,164.4000015258789
1763887968601,770.6000061035156,164.4000015258789
1763887968633,770.6000061035156,164.4000015258789
1763887968651,773.6000061035156,164.4000015258789
1763887968667,775.6000061035156,164.4000015258789
1763887968684,777.6000061035156,164.4000015258789
1763887968802,778.6000061035156,163.4000015258789
1763887968817,779.6000061035156,161.4000015258789
1763887968834,783.6000061035156,156.4000015258789
1763887968851,784.6000061035156,154.4000015258789
1763887968867,784.6000061035156,153.4000015258789
1763887968889,784.6000061035156,152.4000015258789
1763887968954,783.6000061035156,151.4000015258789
1763887968969,783.6000061035156,152.4000015258789
1763887968984,779.6000061035156,153.4000015258789
1763887969000,778.6000061035156,153.4000015258789
1763887969017,776.6000061035156,155.4000015258789
1763887969034,773.6000061035156,156.4000015258789
1763887969050,771.6000061035156,158.4000015258789
1763887969067,769.6000061035156,159.4000015258789
1763887969084,767.6000061035156,162.4000015258789
1763887969100,765.6000061035156,164.4000015258789
1763887969121,764.6000061035156,165.4000015258789
1763887969226,764.6000061035156,164.4000015258789
1763887969234,764.6000061035156,162.4000015258789
1763887969250,764.6000061035156,155.4000015258789
1763887969267,764.6000061035156,149.4000015258789
1763887969284,764.6000061035156,145.4000015258789
1763887969300,764.6000061035156,142.4000015258789
1763887969317,765.6000061035156,141.4000015258789
1763887969370,768.6000061035156,140.4000015258789
1763887969383,768.6000061035156,140.4000015258789
1763887969400,772.6000061035156,139.4000015258789
1763887969417,774.6000061035156,137.4000015258789
1763887969433,775.6000061035156,137.4000015258789
1763887969490,775.6000061035156,137.4000015258789
1763887969500,775.6000061035156,139.4000015258789
1763887969517,775.6000061035156,144.4000015258789
1763887969533,775.6000061035156,149.4000015258789
1763887969550,775.6000061035156,151.4000015258789
1763887969567,775.6000061035156,151.4000015258789
1763887969634,774.6000061035156,152.4000015258789
1763887969706,774.6000061035156,152.4000015258789
1763887969716,773.6000061035156,151.4000015258789
1763887969733,771.6000061035156,149.4000015258789
1763887969750,771.6000061035156,147.4000015258789
1763887969766,771.6000061035156,142.4000015258789
1763887969783,771.6000061035156,142.4000015258789
1763887969800,771.6000061035156,138.4000015258789
1763887969816,771.6000061035156,137.4000015258789
1763887969833,769.6000061035156,133.4000015258789
1763887969850,769.6000061035156,130.4000015258789
1763887969866,769.6000061035156,127.4000015258789
1763887970018,770.6000061035156,127.4000015258789
1763887970033,771.6000061035156,128.4000015258789
1763887970050,774.6000061035156,130.4000015258789
1763887970066,774.6000061035156,131.4000015258789
1763887970083,774.6000061035156,134.4000015258789
1763887970099,774.6000061035156,137.4000015258789
1763887970116,774.6000061035156,139.4000015258789
1763887970133,773.6000061035156,143.4000015258789
1763887970149,770.6000061035156,147.4000015258789
1763887970166,769.6000061035156,149.4000015258789
1763887970183,768.6000061035156,151.4000015258789
1763887970199,768.6000061035156,152.4000015258789
1763887970216,768.6000061035156,155.4000015258789
1763887970233,768.6000061035156,158.4000015258789
1763887970249,768.6000061035156,161.4000015258789
1763887970266,768.6000061035156,165.4000015258789
1763887970283,768.6000061035156,165.4000015258789
1763887970299,768.6000061035156,168.4000015258789
1763887970321,769.6000061035156,169.4000015258789
1763887970333,770.6000061035156,170.4000015258789
1763887970354,770.6000061035156,171.4000015258789
1763887970369,771.6000061035156,172.4000015258789
1763887970383,772.6000061035156,173.4000015258789
1763887970399,774.6000061035156,175.4000015258789
1763887970474,774.6000061035156,176.4000015258789
1763887970482,775.6000061035156,176.4000015258789
1763887970506,776.6000061035156,176.4000015258789
1763887970516,777.6000061035156,177.4000015258789
1763887970532,778.6000061035156,179.4000015258789
1763887970549,779.6000061035156,180.4000015258789
1763887970566,779.6000061035156,181.4000015258789
1763887970582,781.6000061035156,183.4000015258789
1763887970599,781.6000061035156,184.4000015258789
1763887970616,781.6000061035156,186.4000015258789
1763887970666,781.6000061035156,187.4000015258789
1763887970738,782.6000061035156,187.4000015258789
1763887970754,782.6000061035156,187.4000015258789
1763887970770,784.6000061035156,187.4000015258789
1763887970782,785.6000061035156,187.4000015258789
1763887970799,787.6000061035156,185.4000015258789
1763887970815,787.6000061035156,182.4000015258789
1763887970832,787.6000061035156,180.4000015258789
1763887970849,785.6000061035156,176.4000015258789
1763887970865,781.6000061035156,175.4000015258789
1763887970882,780.6000061035156,173.4000015258789
1763887970899,779.6000061035156,171.4000015258789
1763887970915,777.6000061035156,170.4000015258789
1763887970932,776.6000061035156,166.4000015258789
1763887970949,776.6000061035156,163.4000015258789
1763887970965,776.6000061035156,161.4000015258789
1763887970986,776.6000061035156,160.4000015258789
1763887971002,777.6000061035156,159.4000015258789
1763887971049,779.6000061035156,158.4000015258789
1763887971065,781.6000061035156,158.4000015258789
1763887971082,782.6000061035156,162.4000015258789
1763887971099,782.6000061035156,165.4000015258789
1763887971115,782.6000061035156,167.4000015258789
1763887971132,782.6000061035156,169.4000015258789
1763887971149,782.6000061035156,172.4000015258789
1763887971165,783.6000061035156,174.4000015258789
1763887971182,783.6000061035156,176.4000015258789
1763887971199,784.6000061035156,177.4000015258789
1763887971274,784.6000061035156,176.4000015258789
1763887971282,782.6000061035156,174.4000015258789
1763887971298,781.6000061035156,171.4000015258789
1763887971315,781.6000061035156,169.4000015258789
1763887971332,780.6000061035156,166.4000015258789
1763887971410,780.6000061035156,166.4000015258789
1763887971418,780.6000061035156,167.4000015258789
1763887971432,782.6000061035156,169.4000015258789
1763887971448,783.6000061035156,172.4000015258789
1763887971465,785.6000061035156,175.4000015258789
1763887971482,789.6000061035156,177.4000015258789
1763887971498,792.6000061035156,178.4000015258789
1763887971515,793.6000061035156,178.4000015258789
1763887971532,794.6000061035156,178.4000015258789
1763887971554,795.6000061035156,178.4000015258789
1763887971565,796.6000061035156,178.4000015258789
1763887971582,799.6000061035156,178.4000015258789
1763887971599,800.6000061035156,178.4000015258789
1763887971682,801.6000061035156,178.4000015258789
1763887971699,802.6000061035156,179.4000015258789
1763887971715,803.6000061035156,180.4000015258789
1763887971732,804.6000061035156,181.4000015258789
1763887971749,804.6000061035156,182.4000015258789
1763887971765,806.6000061035156,184.4000015258789
1763887971858,804.6000061035156,182.4000015258789
1763887971874,803.6000061035156,182.4000015258789
1763887971882,801.6000061035156,180.4000015258789
1763887971899,799.6000061035156,179.4000015258789
1763887971915,798.6000061035156,178.4000015258789
1763887971932,797.6000061035156,177.4000015258789
1763887971949,795.6000061035156,177.4000015258789
1763887971965,793.6000061035156,176.4000015258789
1763887971982,790.6000061035156,173.4000015258789
1763887971999,787.6000061035156,170.4000015258789
1763887972015,786.6000061035156,169.4000015258789
1763887972098,790.6000061035156,168.4000015258789
1763887972115,794.6000061035156,165.4000015258789
1763887972132,798.6000061035156,163.4000015258789
1763887972148,801.6000061035156,162.4000015258789
1763887972165,805.6000061035156,161.4000015258789
1763887972182,807.6000061035156,158.4000015258789
1763887972198,810.6000061035156,157.4000015258789
1763887972215,811.6000061035156,156.4000015258789
1763887972232,814.6000061035156,154.4000015258789
1763887972248,814.6000061035156,153.4000015258789
1763887972265,815.6000061035156,152.4000015258789
1763887972282,817.6000061035156,150.4000015258789
1763887972298,818.6000061035156,149.4000015258789
1763887972315,818.6000061035156,146.4000015258789
1763887972332,819.6000061035156,144.4000015258789
1763887972348,821.6000061035156,141.4000015258789
1763887972365,821.6000061035156,140.4000015258789
1763887972382,821.6000061035156,139.4000015258789
1763887972466,820.6000061035156,138.4000015258789
1763887972482,820.6000061035156,138.4000015258789
1763887972498,820.6000061035156,137.4000015258789
1763887972548,817.6000061035156,135.4000015258789
1763887972598,817.6000061035156,134.4000015258789
1763887972615,816.6000061035156,131.4000015258789
1763887972631,816.6000061035156,129.4000015258789
1763887972648,816.6000061035156,128.4000015258789
1763887972665,816.6000061035156,125.4000015258789
1763887972746,815.6000061035156,125.4000015258789
1763887972754,814.6000061035156,126.4000015258789
1763887972765,813.6000061035156,127.4000015258789
1763887972781,810.6000061035156,128.4000015258789
1763887972798,810.6000061035156,130.4000015258789
1763887972815,807.6000061035156,132.4000015258789
1763887972831,806.6000061035156,134.4000015258789
1763887972848,806.6000061035156,136.4000015258789
1763887972864,805.6000061035156,138.4000015258789
1763887972881,803.6000061035156,140.4000015258789
1763887972946,803.6000061035156,140.4000015258789
1763887972954,800.6000061035156,140.4000015258789
1763887972964,799.6000061035156,142.4000015258789
1763887972981,796.6000061035156,143.4000015258789
1763887972998,794.6000061035156,144.4000015258789
1763887973014,793.6000061035156,144.4000015258789
1763887973031,792.6000061035156,146.4000015258789
1763887973048,791.6000061035156,148.4000015258789
1763887973064,789.6000061035156,149.4000015258789
1763887973081,787.6000061035156,154.4000015258789
1763887973098,784.6000061035156,157.4000015258789
1763887973114,784.6000061035156,158.4000015258789
1763887973131,784.6000061035156,159.4000015258789
1763887973148,784.6000061035156,161.4000015258789
1763887973164,783.6000061035156,165.4000015258789
1763887973181,781.6000061035156,169.4000015258789
1763887973197,780.6000061035156,169.4000015258789
1763887973214,779.6000061035156,171.4000015258789
1763887973297,777.6000061035156,171.4000015258789
1763887973314,776.6000061035156,169.4000015258789
1763887973331,772.6000061035156,163.4000015258789
1763887973347,770.6000061035156,158.4000015258789
1763887973364,770.6000061035156,154.4000015258789
1763887973381,770.6000061035156,152.4000015258789
1763887973397,770.6000061035156,151.4000015258789
1763887973414,770.6000061035156,150.4000015258789
1763887973498,771.6000061035156,151.4000015258789
1763887973514,773.6000061035156,152.4000015258789
1763887973531,775.6000061035156,156.4000015258789
1763887973547,775.6000061035156,162.4000015258789
1763887973564,776.6000061035156,164.4000015258789
1763887973581,776.6000061035156,165.4000015258789
1763887973697,771.6000061035156,161.4000015258789
1763887973714,768.6000061035156,151.4000015258789
1763887973730,768.6000061035156,149.4000015258789
1763887973747,768.6000061035156,146.4000015258789
1763887973770,768.6000061035156,145.4000015258789
1763887973786,768.6000061035156,144.4000015258789
1763887973797,770.6000061035156,142.4000015258789
1763887973814,771.6000061035156,141.4000015258789
1763887973830,774.6000061035156,138.4000015258789
1763887973847,779.6000061035156,136.4000015258789
1763887973864,780.6000061035156,134.4000015258789
1763887973880,781.6000061035156,134.4000015258789
1763887973897,782.6000061035156,133.4000015258789
1763887973914,784.6000061035156,130.4000015258789
1763887973930,787.6000061035156,129.4000015258789
1763887973947,788.6000061035156,128.4000015258789
1763887973963,789.6000061035156,127.4000015258789
1763887973986,789.6000061035156,126.4000015258789
1763887973997,790.6000061035156,125.4000015258789
1763887974013,792.6000061035156,123.4000015258789
1763887974030,794.6000061035156,121.4000015258789
1763887974047,794.6000061035156,120.4000015258789
1763887974178,794.6000061035156,119.4000015258789
1763887974186,796.6000061035156,119.4000015258789
1763887974202,797.6000061035156,118.4000015258789
1763887974226,797.6000061035156,118.4000015258789
1763887974234,798.6000061035156,119.4000015258789
1763887974250,800.6000061035156,120.4000015258789
1763887974263,801.6000061035156,121.4000015258789
1763887974280,801.6000061035156,121.4000015258789
1763887974297,803.6000061035156,123.4000015258789
1763887974313,805.6000061035156,124.4000015258789
1763887974330,805.6000061035156,128.4000015258789
1763887974346,805.6000061035156,130.4000015258789
1763887974482,805.6000061035156,128.4000015258789
1763887974496,805.6000061035156,125.4000015258789
1763887974513,805.6000061035156,123.4000015258789
1763887974530,805.6000061035156,121.4000015258789
1763887974546,804.6000061035156,118.4000015258789
1763887974563,804.6000061035156,117.4000015258789
1763887974580,803.6000061035156,116.4000015258789
1763887974596,802.6000061035156,115.4000015258789
1763887974613,801.6000061035156,115.4000015258789
1763887974630,800.6000061035156,115.4000015258789
1763887974646,798.6000061035156,114.4000015258789
1763887974663,796.6000061035156,113.4000015258789
1763887974682,795.6000061035156,113.4000015258789
1763887974706,794.6000061035156,113.4000015258789
1763887974713,793.6000061035156,113.4000015258789
1763887974738,791.6000061035156,111.4000015258789
1763887974746,790.6000061035156,111.4000015258789
1763887974770,789.6000061035156,110.4000015258789
1763887974786,787.6000061035156,109.4000015258789
1763887974829,787.6000061035156,109.4000015258789
1763887974846,786.6000061035156,108.4000015258789
1763887974896,784.6000061035156,110.4000015258789
1763887974913,781.6000061035156,113.4000015258789
1763887974929,780.6000061035156,115.4000015258789
1763887974946,780.6000061035156,117.4000015258789
1763887975114,779.6000061035156,117.4000015258789
1763887975130,779.6000061035156,119.4000015258789
1763887975146,778.6000061035156,121.4000015258789
1763887975162,778.6000061035156,122.4000015258789
1763887975194,780.6000061035156,123.4000015258789
1763887975202,781.6000061035156,123.4000015258789
1763887975212,784.6000061035156,123.4000015258789
1763887975229,788.6000061035156,123.4000015258789
1763887975246,788.6000061035156,122.4000015258789
1763887975296,789.6000061035156,121.4000015258789
1763887975314,789.6000061035156,120.4000015258789
1763887975329,789.6000061035156,119.4000015258789
1763887975346,789.6000061035156,118.4000015258789
1763887975362,788.6000061035156,116.4000015258789
1763887975412,787.6000061035156,115.4000015258789
1763887975429,786.6000061035156,115.4000015258789
1763887975446,785.6000061035156,114.4000015258789
1763887975469,784.6000061035156,114.4000015258789
1763887975562,783.6000061035156,114.4000015258789
1763887975594,782.6000061035156,114.4000015258789
1763887975602,780.6000061035156,115.4000015258789
1763887975612,779.6000061035156,117.4000015258789
1763887975629,778.6000061035156,118.4000015258789
1763887975646,777.6000061035156,119.4000015258789
1763887975722,777.6000061035156,120.4000015258789
1763887975730,777.6000061035156,120.4000015258789
1763887975779,777.6000061035156,122.4000015258789
1763887975796,777.6000061035156,124.4000015258789
1763887975812,777.6000061035156,127.4000015258789
1763887975829,777.6000061035156,128.4000015258789
1763887975846,777.6000061035156,129.4000015258789
1763887975862,777.6000061035156,132.4000015258789
1763887975879,777.6000061035156,136.4000015258789
1763887975896,777.6000061035156,137.4000015258789
1763887975912,777.6000061035156,139.4000015258789
1763887976074,775.6000061035156,140.4000015258789
1763887976082,775.6000061035156,141.4000015258789
1763887976095,773.6000061035156,142.4000015258789
1763887976112,770.6000061035156,144.4000015258789
1763887976162,770.6000061035156,146.4000015258789
1763887976179,770.6000061035156,149.4000015258789
1763887976195,770.6000061035156,153.4000015258789
1763887976212,770.6000061035156,154.4000015258789
1763887976229,771.6000061035156,157.4000015258789
1763887976250,772.6000061035156,158.4000015258789
1763887976262,773.6000061035156,158.4000015258789
1763887976282,775.6000061035156,158.4000015258789
1763887976295,776.6000061035156,160.4000015258789
1763887976312,778.6000061035156,161.4000015258789
1763887976329,782.6000061035156,163.4000015258789
1763887976345,786.6000061035156,167.4000015258789
1763887976362,789.6000061035156,171.4000015258789
1763887976378,790.6000061035156,171.4000015258789
1763887976395,791.6000061035156,172.4000015258789
1763887976450,792.6000061035156,172.4000015258789
1763887976495,792.6000061035156,172.4000015258789
1763887976514,793.6000061035156,172.4000015258789
1763887976528,796.6000061035156,172.4000015258789
1763887976545,801.6000061035156,172.4000015258789
1763887976562,805.6000061035156,171.4000015258789
1763887976658,806.6000061035156,172.4000015258789
1763887976666,806.6000061035156,173.4000015258789
1763887976678,806.6000061035156,174.4000015258789
1763887976695,806.6000061035156,176.4000015258789
1763887976711,805.6000061035156,178.4000015258789
1763887976762,804.6000061035156,178.4000015258789
1763887976778,802.6000061035156,178.4000015258789
1763887976795,801.6000061035156,180.4000015258789
1763887976818,800.6000061035156,180.4000015258789
1763887976895,800.6000061035156,180.4000015258789
1763887976911,799.6000061035156,180.4000015258789
1763887976928,797.6000061035156,180.4000015258789
1763887976945,795.6000061035156,180.4000015258789
1763887977034,794.6000061035156,181.4000015258789
1763887977044,794.6000061035156,182.4000015258789
1763887977061,794.6000061035156,183.4000015258789
1763887977090,794.6000061035156,184.4000015258789
1763887977178,795.6000061035156,184.4000015258789
1763887977210,797.6000061035156,185.4000015258789
1763887977261,797.6000061035156,186.4000015258789
1763887977282,798.6000061035156,186.4000015258789
1763887977328,798.6000061035156,186.4000015258789
1763887977698,798.6000061035156,187.4000015258789
1763887977711,799.6000061035156,187.4000015258789
1763887977727,800.6000061035156,188.4000015258789
1763887977746,801.6000061035156,188.4000015258789
1763887977874,802.6000061035156,188.4000015258789
1763887977890,804.6000061035156,188.4000015258789
1763887977904,805.6000061035156,187.4000015258789
1763887977921,807.6000061035156,184.4000015258789
1763887978162,807.6000061035156,185.4000015258789
1763887978186,808.6000061035156,186.4000015258789
1763887978194,809.6000061035156,188.4000015258789
1763887978204,812.6000061035156,189.4000015258789
1763887978218,814.6000061035156,192.4000015258789
1763887978242,816.6000061035156,192.4000015258789
1763887978322,815.6000061035156,192.4000015258789
1763887978335,813.6000061035156,192.4000015258789
1763887978351,812.6000061035156,192.4000015258789
1763887978368,811.6000061035156,192.4000015258789
1763887978385,810.6000061035156,190.4000015258789
1763887978402,810.6000061035156,189.4000015258789
1763887978418,809.6000061035156,189.4000015258789
1763887978434,807.6000061035156,187.4000015258789
1763887978458,806.6000061035156,186.4000015258789
1763887978468,805.6000061035156,186.4000015258789
1763887978484,805.6000061035156,185.4000015258789
1763887978682,805.6000061035156,184.4000015258789
1763887978690,806.6000061035156,182.4000015258789
1763887978701,806.6000061035156,181.4000015258789
1763887978718,808.6000061035156,179.4000015258789
1763887978818,809.6000061035156,178.4000015258789
1763887978834,809.6000061035156,178.4000015258789
1763887978851,810.6000061035156,179.4000015258789
1763887978867,810.6000061035156,180.4000015258789
1763887978898,810.6000061035156,180.4000015258789
1763887978906,810.6000061035156,182.4000015258789
1763887978917,809.6000061035156,183.4000015258789
1763887978934,809.6000061035156,185.4000015258789
1763887978951,807.6000061035156,187.4000015258789
1763887979002,806.6000061035156,187.4000015258789
1763887979017,805.6000061035156,187.4000015258789
1763887979034,798.6000061035156,187.4000015258789
1763887979051,793.6000061035156,187.4000015258789
1763887979067,792.6000061035156,187.4000015258789
1763887979084,791.6000061035156,187.4000015258789
1763887979134,790.6000061035156,187.4000015258789
1763887979151,790.6000061035156,187.4000015258789
1763887979290,790.6000061035156,186.4000015258789
1763887979300,790.6000061035156,185.4000015258789
1763887979317,791.6000061035156,183.4000015258789
1763887979334,794.6000061035156,181.4000015258789
1763887979350,796.6000061035156,179.4000015258789
1763887979367,797.6000061035156,178.4000015258789
1763887979384,798.6000061035156,178.4000015258789
1763887979400,798.6000061035156,177.4000015258789
1763887979417,800.6000061035156,177.4000015258789
1763887979434,801.6000061035156,174.4000015258789
1763887979466,801.6000061035156,174.4000015258789
1763887979482,802.6000061035156,174.4000015258789
1763887979490,803.6000061035156,173.4000015258789
1763887979500,804.6000061035156,173.4000015258789
1763887979517,806.6000061035156,171.4000015258789
1763887979534,809.6000061035156,170.4000015258789
1763887979550,810.6000061035156,168.4000015258789
1763887979567,810.6000061035156,167.4000015258789
1763887979658,811.6000061035156,166.4000015258789
1763887979700,811.6000061035156,166.4000015258789
1763887979717,813.6000061035156,168.4000015258789
1763887979733,813.6000061035156,171.4000015258789
1763887979750,813.6000061035156,175.4000015258789
1763887979767,813.6000061035156,177.4000015258789
1763887979783,813.6000061035156,178.4000015258789
1763887979800,813.6000061035156,180.4000015258789
1763887979850,813.6000061035156,182.4000015258789
1763887979867,813.6000061035156,183.4000015258789
1763887979883,811.6000061035156,185.4000015258789
1763887979900,810.6000061035156,187.4000015258789
1763887979917,808.6000061035156,190.4000015258789
1763887980074,809.6000061035156,191.4000015258789
-1,-1,-1
-1,-1,-1
-1,-1,-1
