1763888409218,150.18185424804688,374.37035369873047
1763888409227,151.18185424804688,376.37035369873047
1763888409237,151.18185424804688,379.37035369873047
1763888409244,153.18185424804688,386.37035369873047
1763888409519,153.18185424804688,364.37035369873047
1763888409525,152.18185424804688,363.37035369873047
1763888409531,151.18185424804688,363.37035369873047
1763888409578,151.18185424804688,364.37035369873047
1763888409585,151.18185424804688,369.37035369873047
1763888409593,151.18185424804688,378.37035369873047
1763888409606,151.18185424804688,387.37035369873047
1763888409613,151.18185424804688,396.37035369873047
1763888409619,151.18185424804688,406.37035369873047
1763888409625,151.18185424804688,416.37035369873047
1763888409633,151.18185424804688,426.37035369873047
1763888409641,151.18185424804688,433.37035369873047
1763888409649,151.18185424804688,439.37035369873047
1763888409663,151.18185424804688,443.37035369873047
1763888409753,151.18185424804688,444.37035369873047
1763888409761,151.18185424804688,435.37035369873047
1763888409775,153.18185424804688,424.37035369873047
1763888409781,153.18185424804688,413.37035369873047
1763888409795,153.18185424804688,387.37035369873047
1763888409801,153.18185424804688,375.37035369873047
1763888409809,153.18185424804688,364.37035369873047
1763888409817,153.18185424804688,355.37035369873047
1763888409825,153.18185424804688,348.37035369873047
1763888409833,153.18185424804688,341.37035369873047
1763888409841,153.18185424804688,336.37035369873047
1763888409849,153.18185424804688,335.37035369873047
1763888409863,153.18185424804688,335.37035369873047
1763888409869,153.18185424804688,334.37035369873047
1763888409907,153.18185424804688,336.37035369873047
1763888409913,153.18185424804688,345.37035369873047
1763888409921,153.18185424804688,354.37035369873047
1763888409929,151.18185424804688,370.37035369873047
1763888409937,148.18185424804688,387.37035369873047
1763888409950,145.18185424804688,402.37035369873047
1763888409956,141.18185424804688,417.37035369873047
1763888409963,139.18185424804688,430.37035369873047
1763888409969,136.18185424804688,444.37035369873047
1763888409977,134.18185424804688,454.37035369873047
1763888409985,133.18185424804688,463.37035369873047
1763888409993,132.18185424804688,469.37035369873047
1763888410006,130.18185424804688,475.37035369873047
1763888410013,129.18185424804688,480.37035369873047
1763888410019,128.18185424804688,483.37035369873047
1763888410025,127.18185424804688,488.37035369873047
1763888410033,127.18185424804688,490.37035369873047
1763888410041,127.18185424804688,492.37035369873047
1763888410049,127.18185424804688,492.37035369873047
1763888410113,127.18185424804688,491.37035369873047
1763888410121,129.18185424804688,485.37035369873047
1763888410129,132.18185424804688,476.37035369873047
1763888410137,134.18185424804688,463.37035369873047
1763888410150,137.18185424804688,448.37035369873047
1763888410156,141.18185424804688,432.37035369873047
1763888410163,143.18185424804688,420.37035369873047
1763888410169,145.18185424804688,409.37035369873047
1763888410177,147.18185424804688,397.37035369873047
1763888410185,150.18185424804688,387.37035369873047
1763888410193,151.18185424804688,378.37035369873047
1763888410206,153.18185424804688,371.37035369873047
1763888410241,155.18185424804688,359.37035369873047
1763888410300,154.18185424804688,369.37035369873047
1763888410307,151.18185424804688,380.37035369873047
1763888410313,147.18185424804688,397.37035369873047
1763888410321,142.18185424804688,422.37035369873047
1763888410329,138.18185424804688,444.37035369873047
1763888410337,134.18185424804688,465.37035369873047
1763888410350,131.18185424804688,483.37035369873047
1763888410357,129.18185424804688,497.37035369873047
1763888410363,128.18185424804688,509.37035369873047
1763888410369,127.18185424804688,517.3703536987305
1763888410377,127.18185424804688,522.3703536987305
1763888410385,127.18185424804688,526.3703536987305
1763888410393,127.18185424804688,528.3703536987305
1763888410407,127.18185424804688,529.3703536987305
1763888410413,127.18185424804688,530.3703536987305
1763888410450,127.18185424804688,529.3703536987305
1763888410458,127.18185424804688,525.3703536987305
1763888410465,129.18185424804688,516.3703536987305
1763888410473,132.18185424804688,504.37035369873047
1763888410481,136.18185424804688,480.37035369873047
1763888410494,139.18185424804688,452.37035369873047
1763888410500,141.18185424804688,421.37035369873047
1763888410507,141.18185424804688,389.37035369873047
1763888410513,141.18185424804688,362.37035369873047
1763888410521,141.18185424804688,337.37035369873047
1763888410529,141.18185424804688,317.37035369873047
1763888410537,141.18185424804688,301.37035369873047
1763888410550,141.18185424804688,289.37035369873047
1763888410557,141.18185424804688,280.37035369873047
1763888410563,141.18185424804688,274.37035369873047
1763888410569,141.18185424804688,270.37035369873047
1763888410577,141.18185424804688,268.37035369873047
1763888410585,141.18185424804688,267.37035369873047
1763888410593,141.18185424804688,266.37035369873047
1763888410641,141.18185424804688,268.37035369873047
1763888410649,141.18185424804688,277.37035369873047
1763888410663,138.18185424804688,292.37035369873047
1763888410669,135.18185424804688,314.37035369873047
1763888410675,129.18185424804688,340.37035369873047
1763888410705,112.18185424804688,427.37035369873047
1763888410719,110.18185424804688,440.37035369873047
1763888410725,109.18185424804688,451.37035369873047
1763888410732,108.18185424804688,459.37035369873047
1763888410738,108.18185424804688,462.37035369873047
1763888410745,108.18185424804688,464.37035369873047
1763888410753,108.18185424804688,466.37035369873047
1763888410769,108.18185424804688,467.37035369873047
1763888410818,108.18185424804688,464.37035369873047
1763888410825,108.18185424804688,455.37035369873047
1763888410833,108.18185424804688,448.37035369873047
1763888410841,108.18185424804688,435.37035369873047
1763888410849,108.18185424804688,425.37035369873047
1763888410863,106.18185424804688,413.37035369873047
1763888410869,103.18185424804688,403.37035369873047
1763888410875,101.18185424804688,394.37035369873047
1763888410882,98.18185424804688,387.37035369873047
1763888410889,96.18185424804688,383.37035369873047
1763888410897,94.18185424804688,380.37035369873047
1763888410905,94.18185424804688,378.37035369873047
1763888410919,94.18185424804688,378.37035369873047
1763888410955,93.18185424804688,380.37035369873047
1763888410961,92.18185424804688,385.37035369873047
1763888410969,89.18185424804688,395.37035369873047
1763888410977,87.18185424804688,407.37035369873047
1763888410985,84.18185424804688,425.37035369873047
1763888410993,84.18185424804688,440.37035369873047
1763888411137,91.18185424804688,463.37035369873047
1763888411151,93.18185424804688,445.37035369873047
1763888411157,93.18185424804688,429.37035369873047
1763888411163,93.18185424804688,412.37035369873047
1763888411169,93.18185424804688,401.37035369873047
1763888411179,93.18185424804688,387.37035369873047
1763888411185,92.18185424804688,375.37035369873047
1763888411193,92.18185424804688,366.37035369873047
1763888411207,92.18185424804688,359.37035369873047
1763888411213,92.18185424804688,353.37035369873047
1763888411219,92.18185424804688,348.37035369873047
1763888411226,92.18185424804688,345.37035369873047
1763888411233,92.18185424804688,342.37035369873047
1763888411241,92.18185424804688,341.37035369873047
1763888411281,92.18185424804688,343.37035369873047
1763888411289,94.18185424804688,351.37035369873047
1763888411297,96.18185424804688,365.37035369873047
1763888411305,99.18185424804688,387.37035369873047
1763888411313,102.18185424804688,410.37035369873047
1763888411321,103.18185424804688,430.37035369873047
1763888411329,103.18185424804688,443.37035369873047
1763888411337,103.18185424804688,454.37035369873047
1763888411351,103.18185424804688,464.37035369873047
1763888411357,103.18185424804688,473.37035369873047
1763888411363,103.18185424804688,478.37035369873047
1763888411369,103.18185424804688,482.37035369873047
1763888411377,103.18185424804688,485.37035369873047
1763888411385,103.18185424804688,487.37035369873047
1763888411393,103.18185424804688,487.37035369873047
1763888411407,103.18185424804688,488.37035369873047
1763888411460,104.18185424804688,488.37035369873047
1763888411465,104.18185424804688,487.37035369873047
1763888411473,105.18185424804688,484.37035369873047
1763888411481,106.18185424804688,477.37035369873047
1763888411494,107.18185424804688,467.37035369873047
1763888411501,108.18185424804688,454.37035369873047
1763888411507,108.18185424804688,438.37035369873047
1763888411513,108.18185424804688,420.37035369873047
1763888411521,108.18185424804688,399.37035369873047
1763888411529,108.18185424804688,387.37035369873047
1763888411537,108.18185424804688,373.37035369873047
1763888411551,107.18185424804688,364.37035369873047
1763888411557,106.18185424804688,358.37035369873047
1763888411563,105.18185424804688,352.37035369873047
1763888411569,104.18185424804688,348.37035369873047
1763888411577,104.18185424804688,347.37035369873047
1763888411585,104.18185424804688,346.37035369873047
1763888411593,104.18185424804688,345.37035369873047
1763888411644,104.18185424804688,349.37035369873047
1763888411652,104.18185424804688,362.37035369873047
1763888411663,105.18185424804688,383.37035369873047
1763888411669,105.18185424804688,411.37035369873047
1763888411676,104.18185424804688,442.37035369873047
1763888411682,103.18185424804688,469.37035369873047
1763888411689,99.18185424804688,493.37035369873047
1763888411697,97.18185424804688,511.37035369873047
1763888411705,95.18185424804688,521.3703536987305
1763888411713,94.18185424804688,530.3703536987305
1763888411870,91.18185424804688,520.3703536987305
1763888411882,94.18185424804688,472.37035369873047
1763888411889,96.18185424804688,446.37035369873047
1763888411897,96.18185424804688,428.37035369873047
1763888411905,96.18185424804688,410.37035369873047
1763888411913,96.18185424804688,397.37035369873047
1763888411921,96.18185424804688,384.37035369873047
1763888411929,96.18185424804688,374.37035369873047
1763888411937,96.18185424804688,364.37035369873047
1763888411951,97.18185424804688,356.37035369873047
1763888411957,98.18185424804688,348.37035369873047
1763888411963,99.18185424804688,344.37035369873047
1763888411969,99.18185424804688,341.37035369873047
1763888411977,99.18185424804688,339.37035369873047
1763888411995,99.18185424804688,338.37035369873047
1763888412057,99.18185424804688,341.37035369873047
1763888412063,99.18185424804688,352.37035369873047
1763888412069,99.18185424804688,371.37035369873047
1763888412076,99.18185424804688,397.37035369873047
1763888412082,99.18185424804688,425.37035369873047
1763888412089,98.18185424804688,446.37035369873047
1763888412097,97.18185424804688,467.37035369873047
1763888412105,97.18185424804688,478.37035369873047
1763888412145,94.18185424804688,514.3703536987305
1763888412153,94.18185424804688,515.3703536987305
1763888412161,94.18185424804688,516.3703536987305
1763888412220,95.18185424804688,513.3703536987305
1763888412228,97.18185424804688,507.37035369873047
1763888412238,99.18185424804688,499.37035369873047
1763888412245,101.18185424804688,487.37035369873047
1763888412251,103.18185424804688,474.37035369873047
1763888412257,105.18185424804688,457.37035369873047
1763888412265,107.18185424804688,441.37035369873047
1763888412273,108.18185424804688,425.37035369873047
1763888412281,108.18185424804688,412.37035369873047
1763888412295,108.18185424804688,402.37035369873047
1763888412301,108.18185424804688,392.37035369873047
1763888412307,108.18185424804688,385.37035369873047
1763888412313,108.18185424804688,379.37035369873047
1763888412321,108.18185424804688,377.37035369873047
1763888412329,108.18185424804688,375.37035369873047
1763888412347,108.18185424804688,374.37035369873047
1763888412396,108.18185424804688,375.37035369873047
1763888412401,108.18185424804688,383.37035369873047
1763888412409,108.18185424804688,394.37035369873047
1763888412417,109.18185424804688,411.37035369873047
1763888412425,109.18185424804688,430.37035369873047
1763888412438,109.18185424804688,448.37035369873047
1763888412445,109.18185424804688,461.37035369873047
1763888412451,109.18185424804688,472.37035369873047
1763888412457,109.18185424804688,481.37035369873047
1763888412465,109.18185424804688,484.37035369873047
1763888412473,109.18185424804688,486.37035369873047
1763888412481,109.18185424804688,487.37035369873047
1763888412495,109.18185424804688,487.37035369873047
1763888412532,109.18185424804688,486.37035369873047
1763888412539,109.18185424804688,481.37035369873047
1763888412551,109.18185424804688,471.37035369873047
1763888412558,109.18185424804688,458.37035369873047
1763888412563,109.18185424804688,444.37035369873047
1763888412570,109.18185424804688,427.37035369873047
1763888412577,108.18185424804688,416.37035369873047
1763888412585,106.18185424804688,406.37035369873047
1763888412593,103.18185424804688,397.37035369873047
1763888412607,103.18185424804688,388.37035369873047
1763888412613,101.18185424804688,383.37035369873047
1763888412620,100.18185424804688,378.37035369873047
1763888412626,100.18185424804688,374.37035369873047
1763888412633,98.18185424804688,372.37035369873047
1763888412641,97.18185424804688,370.37035369873047
1763888412649,97.18185424804688,368.37035369873047
1763888412779,97.18185424804688,369.37035369873047
1763888412785,99.18185424804688,373.37035369873047
1763888412793,102.18185424804688,378.37035369873047
1763888412807,105.18185424804688,387.37035369873047
1763888412813,108.18185424804688,395.37035369873047
1763888412907,125.18185424804688,403.37035369873047
1763888412913,127.18185424804688,394.37035369873047
1763888412921,128.18185424804688,383.37035369873047
1763888412929,129.18185424804688,372.37035369873047
1763888412937,129.18185424804688,361.37035369873047
1763888412951,129.18185424804688,349.37035369873047
1763888412958,129.18185424804688,338.37035369873047
1763888412964,128.18185424804688,329.37035369873047
1763888412970,127.18185424804688,322.37035369873047
1763888412977,126.18185424804688,317.37035369873047
1763888412985,126.18185424804688,316.37035369873047
1763888412993,125.18185424804688,315.37035369873047
1763888413007,125.18185424804688,314.37035369873047
1763888413034,124.18185424804688,314.37035369873047
1763888413058,123.18185424804688,315.37035369873047
1763888413065,122.18185424804688,316.37035369873047
1763888413073,121.18185424804688,321.37035369873047
1763888413081,120.18185424804688,327.37035369873047
1763888413164,124.18185424804688,411.37035369873047
1763888413170,125.18185424804688,416.37035369873047
1763888413177,126.18185424804688,416.37035369873047
1763888413185,127.18185424804688,417.37035369873047
1763888413218,127.18185424804688,416.37035369873047
1763888413225,129.18185424804688,415.37035369873047
1763888413239,132.18185424804688,410.37035369873047
1763888413245,133.18185424804688,402.37035369873047
1763888413251,136.18185424804688,394.37035369873047
1763888413257,137.18185424804688,383.37035369873047
1763888413265,139.18185424804688,372.37035369873047
1763888413273,140.18185424804688,362.37035369873047
1763888413281,140.18185424804688,354.37035369873047
1763888413295,140.18185424804688,344.37035369873047
1763888413301,140.18185424804688,337.37035369873047
1763888413307,140.18185424804688,331.37035369873047
1763888413313,140.18185424804688,327.37035369873047
1763888413321,140.18185424804688,323.37035369873047
1763888413329,140.18185424804688,322.37035369873047
1763888413345,140.18185424804688,321.37035369873047
1763888413380,140.18185424804688,322.37035369873047
1763888413387,140.18185424804688,326.37035369873047
1763888413393,140.18185424804688,334.37035369873047
1763888413401,140.18185424804688,345.37035369873047
1763888413409,140.18185424804688,359.37035369873047
1763888413417,140.18185424804688,374.37035369873047
1763888413425,140.18185424804688,388.37035369873047
1763888413439,138.18185424804688,401.37035369873047
1763888413445,137.18185424804688,411.37035369873047
1763888413451,136.18185424804688,420.37035369873047
1763888413457,135.18185424804688,425.37035369873047
1763888413465,134.18185424804688,428.37035369873047
1763888413473,134.18185424804688,429.37035369873047
1763888413481,134.18185424804688,430.37035369873047
1763888413495,134.18185424804688,430.37035369873047
1763888413530,134.18185424804688,430.37035369873047
1763888413537,134.18185424804688,428.37035369873047
1763888413551,135.18185424804688,423.37035369873047
1763888413557,136.18185424804688,416.37035369873047
1763888413564,136.18185424804688,406.37035369873047
1763888413570,136.18185424804688,394.37035369873047
1763888413577,136.18185424804688,381.37035369873047
1763888413585,136.18185424804688,369.37035369873047
1763888413593,136.18185424804688,359.37035369873047
1763888413601,136.18185424804688,350.37035369873047
1763888413609,136.18185424804688,344.37035369873047
1763888413617,136.18185424804688,340.37035369873047
1763888413625,136.18185424804688,340.37035369873047
1763888413639,136.18185424804688,339.37035369873047
1763888413683,136.18185424804688,343.37035369873047
1763888413689,136.18185424804688,352.37035369873047
1763888413697,136.18185424804688,364.37035369873047
1763888413705,134.18185424804688,383.37035369873047
1763888413713,130.18185424804688,406.37035369873047
1763888413726,127.18185424804688,430.37035369873047
1763888413761,113.18185424804688,502.37035369873047
1763888413769,113.18185424804688,506.37035369873047
1763888413782,113.18185424804688,507.37035369873047
1763888413793,113.18185424804688,508.37035369873047
1763888413843,113.18185424804688,506.37035369873047
1763888413849,112.18185424804688,499.37035369873047
1763888413857,110.18185424804688,492.37035369873047
1763888413870,108.18185424804688,482.37035369873047
1763888413876,105.18185424804688,468.37035369873047
1763888413883,102.18185424804688,454.37035369873047
1763888413889,96.18185424804688,437.37035369873047
1763888413897,90.18185424804688,421.37035369873047
1763888413905,85.18185424804688,409.37035369873047
1763888414095,84.18185424804688,383.37035369873047
1763888414101,89.18185424804688,397.37035369873047
1763888414108,93.18185424804688,415.37035369873047
1763888414114,94.18185424804688,426.37035369873047
1763888414121,94.18185424804688,436.37035369873047
1763888414129,94.18185424804688,442.37035369873047
1763888414137,95.18185424804688,448.37035369873047
1763888414145,95.18185424804688,449.37035369873047
1763888414155,95.18185424804688,450.37035369873047
1763888414170,96.18185424804688,451.37035369873047
1763888414177,97.18185424804688,451.37035369873047
1763888414195,97.18185424804688,449.37035369873047
1763888414201,98.18185424804688,445.37035369873047
1763888414209,100.18185424804688,435.37035369873047
1763888414217,102.18185424804688,423.37035369873047
1763888414225,104.18185424804688,404.37035369873047
1763888414239,105.18185424804688,386.37035369873047
1763888414245,107.18185424804688,367.37035369873047
1763888414251,107.18185424804688,351.37035369873047
1763888414258,107.18185424804688,335.37035369873047
1763888414265,107.18185424804688,323.37035369873047
1763888414273,107.18185424804688,312.37035369873047
1763888414281,107.18185424804688,305.37035369873047
1763888414295,107.18185424804688,301.37035369873047
1763888414301,107.18185424804688,298.37035369873047
1763888414308,107.18185424804688,297.37035369873047
1763888414354,107.18185424804688,300.37035369873047
1763888414361,107.18185424804688,306.37035369873047
1763888414369,107.18185424804688,315.37035369873047
1763888414383,107.18185424804688,326.37035369873047
1763888414389,107.18185424804688,337.37035369873047
1763888414395,107.18185424804688,349.37035369873047
1763888414401,107.18185424804688,357.37035369873047
1763888414409,107.18185424804688,364.37035369873047
1763888414417,107.18185424804688,367.37035369873047
1763888414425,107.18185424804688,369.37035369873047
1763888414443,107.18185424804688,370.37035369873047
1763888414484,107.18185424804688,368.37035369873047
1763888414489,105.18185424804688,363.37035369873047
1763888414497,103.18185424804688,356.37035369873047
1763888414505,99.18185424804688,348.37035369873047
1763888414513,98.18185424804688,342.37035369873047
1763888414526,96.18185424804688,337.37035369873047
1763888414533,95.18185424804688,335.37035369873047
1763888414539,95.18185424804688,334.37035369873047
1763888414545,94.18185424804688,333.37035369873047
1763888414553,94.18185424804688,332.37035369873047
1763888415843,113.18185424804688,125.37035369873047
1763888415849,112.18185424804688,126.37035369873047
1763888415857,111.18185424804688,126.37035369873047
1763888415871,108.18185424804688,128.37035369873047
1763888415877,108.18185424804688,130.37035369873047
1763888415883,106.18185424804688,131.37035369873047
1763888415889,103.18185424804688,134.37035369873047
1763888415897,101.18185424804688,136.37035369873047
1763888415905,98.18185424804688,138.37035369873047
1763888415913,96.18185424804688,142.37035369873047
1763888415927,94.18185424804688,144.37035369873047
1763888415933,93.18185424804688,147.37035369873047
1763888415939,90.18185424804688,149.37035369873047
1763888415946,88.18185424804688,153.37035369873047
1763888415953,87.18185424804688,154.37035369873047
1763888415961,86.18185424804688,156.37035369873047
1763888415969,85.18185424804688,158.37035369873047
1763888415983,84.18185424804688,159.37035369873047
1763888415989,84.18185424804688,159.37035369873047
1763888416091,85.18185424804688,159.37035369873047
1763888416097,86.18185424804688,156.37035369873047
1763888416105,90.18185424804688,154.37035369873047
1763888416113,94.18185424804688,149.37035369873047
1763888416127,98.18185424804688,146.37035369873047
1763888416133,103.18185424804688,144.37035369873047
1763888416139,105.18185424804688,141.37035369873047
1763888416146,107.18185424804688,139.37035369873047
1763888416153,109.18185424804688,138.37035369873047
1763888416161,109.18185424804688,137.37035369873047
1763888416169,110.18185424804688,137.37035369873047
1763888416210,112.18185424804688,137.37035369873047
1763888416217,113.18185424804688,140.37035369873047
1763888416225,114.18185424804688,146.37035369873047
1763888416233,115.18185424804688,154.37035369873047
1763888416241,116.18185424804688,160.37035369873047
1763888416249,117.18185424804688,168.37035369873047
1763888416257,119.18185424804688,173.37035369873047
1763888416271,120.18185424804688,178.37035369873047
1763888416277,121.18185424804688,182.37035369873047
1763888416283,122.18185424804688,183.37035369873047
1763888416302,122.18185424804688,184.37035369873047
1763888416356,121.18185424804688,183.37035369873047
1763888416361,118.18185424804688,180.37035369873047
1763888416369,117.18185424804688,175.37035369873047
1763888416383,115.18185424804688,171.37035369873047
1763888416389,113.18185424804688,165.37035369873047
1763888416396,110.18185424804688,159.37035369873047
1763888416402,108.18185424804688,155.37035369873047
1763888416409,108.18185424804688,153.37035369873047
1763888416417,106.18185424804688,150.37035369873047
1763888416425,105.18185424804688,149.37035369873047
1763888416433,104.18185424804688,149.37035369873047
1763888416483,103.18185424804688,149.37035369873047
1763888416505,103.18185424804688,149.37035369873047
1763888416513,103.18185424804688,149.37035369873047
1763888416527,102.18185424804688,153.37035369873047
1763888416533,102.18185424804688,156.37035369873047
1763888416540,102.18185424804688,162.37035369873047
1763888416546,102.18185424804688,168.37035369873047
1763888416553,103.18185424804688,174.37035369873047
1763888416561,103.18185424804688,178.37035369873047
1763888416569,104.18185424804688,181.37035369873047
1763888416577,106.18185424804688,184.37035369873047
1763888416585,108.18185424804688,186.37035369873047
1763888416593,108.18185424804688,187.37035369873047
1763888416601,110.18185424804688,188.37035369873047
1763888416625,111.18185424804688,188.37035369873047
1763888416641,113.18185424804688,188.37035369873047
1763888416649,114.18185424804688,187.37035369873047
1763888416657,116.18185424804688,186.37035369873047
1763888416671,118.18185424804688,182.37035369873047
1763888416677,120.18185424804688,178.37035369873047
1763888416683,122.18185424804688,173.37035369873047
1763888416689,122.18185424804688,168.37035369873047
1763888416697,122.18185424804688,164.37035369873047
1763888416705,122.18185424804688,160.37035369873047
1763888416713,122.18185424804688,155.37035369873047
1763888416727,122.18185424804688,149.37035369873047
1763888416733,122.18185424804688,147.37035369873047
1763888416740,122.18185424804688,143.37035369873047
1763888416746,122.18185424804688,140.37035369873047
1763888416753,122.18185424804688,140.37035369873047
1763888416761,121.18185424804688,136.37035369873047
1763888416769,120.18185424804688,134.37035369873047
1763888416783,119.18185424804688,132.37035369873047
1763888416790,118.18185424804688,131.37035369873047
1763888416796,117.18185424804688,130.37035369873047
1763888416802,117.18185424804688,129.37035369873047
1763888416809,116.18185424804688,128.37035369873047
1763888416835,115.18185424804688,128.37035369873047
1763888416852,114.18185424804688,128.37035369873047
1763888416858,113.18185424804688,129.37035369873047
1763888416865,111.18185424804688,130.37035369873047
1763888416873,110.18185424804688,132.37035369873047
1763888416881,108.18185424804688,135.37035369873047
1763888416889,108.18185424804688,139.37035369873047
1763888416902,108.18185424804688,142.37035369873047
1763888416908,107.18185424804688,146.37035369873047
1763888416915,106.18185424804688,150.37035369873047
1763888416921,106.18185424804688,153.37035369873047
1763888416929,106.18185424804688,157.37035369873047
1763888416937,106.18185424804688,159.37035369873047
1763888416945,108.18185424804688,161.37035369873047
1763888416958,108.18185424804688,164.37035369873047
1763888416964,109.18185424804688,164.37035369873047
1763888416971,110.18185424804688,165.37035369873047
1763888416977,111.18185424804688,165.37035369873047
1763888417019,113.18185424804688,165.37035369873047
1763888417025,114.18185424804688,164.37035369873047
1763888417033,115.18185424804688,163.37035369873047
1763888417046,117.18185424804688,160.37035369873047
1763888417052,118.18185424804688,156.37035369873047
1763888417058,119.18185424804688,154.37035369873047
1763888417065,119.18185424804688,152.37035369873047
1763888417073,119.18185424804688,149.37035369873047
1763888417081,119.18185424804688,146.37035369873047
1763888417089,119.18185424804688,143.37035369873047
1763888417102,119.18185424804688,142.37035369873047
1763888417108,118.18185424804688,139.37035369873047
1763888417115,117.18185424804688,137.37035369873047
1763888417122,117.18185424804688,136.37035369873047
1763888417129,116.18185424804688,135.37035369873047
1763888417137,115.18185424804688,134.37035369873047
1763888417145,115.18185424804688,133.37035369873047
1763888417158,113.18185424804688,131.37035369873047
1763888417165,113.18185424804688,130.37035369873047
1763888417171,113.18185424804688,130.37035369873047
1763888417177,112.18185424804688,129.37035369873047
1763888417201,112.18185424804688,128.37035369873047
1763888417209,111.18185424804688,128.37035369873047
1763888417217,109.18185424804688,128.37035369873047
1763888417225,107.18185424804688,128.37035369873047
1763888417233,103.18185424804688,129.37035369873047
1763888417246,101.18185424804688,130.37035369873047
1763888417252,98.18185424804688,130.37035369873047
1763888417258,97.18185424804688,130.37035369873047
1763888417265,94.18185424804688,131.37035369873047
1763888417273,92.18185424804688,133.37035369873047
1763888417281,92.18185424804688,135.37035369873047
1763888417289,90.18185424804688,136.37035369873047
1763888417302,89.18185424804688,138.37035369873047
1763888417308,89.18185424804688,140.37035369873047
1763888417315,89.18185424804688,142.37035369873047
1763888417321,89.18185424804688,143.37035369873047
1763888417329,89.18185424804688,146.37035369873047
1763888417337,90.18185424804688,149.37035369873047
1763888417345,92.18185424804688,152.37035369873047
1763888417359,93.18185424804688,154.37035369873047
1763888417365,94.18185424804688,154.37035369873047
1763888417371,94.18185424804688,156.37035369873047
1763888417377,95.18185424804688,156.37035369873047
1763888417385,96.18185424804688,158.37035369873047
1763888417393,98.18185424804688,158.37035369873047
1763888417409,99.18185424804688,158.37035369873047
1763888417417,100.18185424804688,158.37035369873047
1763888417425,102.18185424804688,158.37035369873047
1763888417433,103.18185424804688,158.37035369873047
1763888417446,104.18185424804688,158.37035369873047
1763888417452,105.18185424804688,156.37035369873047
1763888417459,107.18185424804688,154.37035369873047
1763888417465,108.18185424804688,152.37035369873047
1763888417473,109.18185424804688,150.37035369873047
1763888417481,109.18185424804688,148.37035369873047
1763888417489,109.18185424804688,145.37035369873047
1763888417502,109.18185424804688,143.37035369873047
1763888417509,109.18185424804688,140.37035369873047
1763888417515,109.18185424804688,138.37035369873047
1763888417521,109.18185424804688,135.37035369873047
1763888417529,109.18185424804688,133.37035369873047
1763888417537,109.18185424804688,131.37035369873047
1763888417545,109.18185424804688,130.37035369873047
1763888417559,109.18185424804688,128.37035369873047
1763888417596,109.18185424804688,127.37035369873047
1763888417603,108.18185424804688,126.37035369873047
1763888417615,107.18185424804688,126.37035369873047
1763888417621,106.18185424804688,126.37035369873047
1763888417633,105.18185424804688,126.37035369873047
1763888417652,104.18185424804688,126.37035369873047
1763888417658,103.18185424804688,126.37035369873047
1763888417665,101.18185424804688,126.37035369873047
1763888417673,99.18185424804688,126.37035369873047
1763888417681,98.18185424804688,128.37035369873047
1763888417689,95.18185424804688,131.37035369873047
1763888417702,93.18185424804688,135.37035369873047
1763888417709,92.18185424804688,139.37035369873047
1763888417715,90.18185424804688,145.37035369873047
1763888417721,89.18185424804688,150.37035369873047
1763888417729,89.18185424804688,156.37035369873047
1763888417737,88.18185424804688,162.37035369873047
1763888417745,88.18185424804688,167.37035369873047
1763888417759,89.18185424804688,175.37035369873047
1763888417765,89.18185424804688,182.37035369873047
1763888417771,91.18185424804688,187.37035369873047
1763888417777,94.18185424804688,192.37035369873047
1763888417785,96.18185424804688,197.37035369873047
1763888417793,98.18185424804688,199.37035369873047
1763888417801,100.18185424804688,202.37035369873047
1763888417815,101.18185424804688,202.37035369873047
1763888417821,102.18185424804688,202.37035369873047
1763888417827,103.18185424804688,202.37035369873047
1763888417834,103.18185424804688,202.37035369873047
1763888417841,105.18185424804688,201.37035369873047
1763888417849,107.18185424804688,198.37035369873047
1763888417857,109.18185424804688,194.37035369873047
1763888417871,112.18185424804688,189.37035369873047
1763888417877,113.18185424804688,183.37035369873047
1763888417884,114.18185424804688,177.37035369873047
1763888417890,115.18185424804688,170.37035369873047
1763888417897,115.18185424804688,164.37035369873047
1763888417905,115.18185424804688,159.37035369873047
1763888417913,115.18185424804688,154.37035369873047
1763888417921,115.18185424804688,149.37035369873047
1763888417929,114.18185424804688,145.37035369873047
1763888417937,113.18185424804688,142.37035369873047
1763888417945,113.18185424804688,139.37035369873047
1763888417959,113.18185424804688,137.37035369873047
1763888417965,112.18185424804688,136.37035369873047
1763888417971,111.18185424804688,135.37035369873047
1763888418004,110.18185424804688,134.37035369873047
1763888418009,109.18185424804688,134.37035369873047
1763888418027,108.18185424804688,134.37035369873047
1763888418073,108.18185424804688,134.37035369873047
1763888418081,107.18185424804688,134.37035369873047
1763888418089,106.18185424804688,134.37035369873047
1763888418102,104.18185424804688,135.37035369873047
1763888418109,103.18185424804688,137.37035369873047
1763888418115,102.18185424804688,141.37035369873047
1763888418121,101.18185424804688,145.37035369873047
1763888418129,101.18185424804688,147.37035369873047
1763888418137,101.18185424804688,151.37035369873047
1763888418145,101.18185424804688,157.37035369873047
1763888418159,101.18185424804688,160.37035369873047
1763888418165,103.18185424804688,167.37035369873047
1763888418171,103.18185424804688,172.37035369873047
1763888418177,106.18185424804688,176.37035369873047
1763888418185,107.18185424804688,178.37035369873047
1763888418193,108.18185424804688,178.37035369873047
1763888418201,109.18185424804688,180.37035369873047
1763888418215,110.18185424804688,180.37035369873047
1763888418221,111.18185424804688,180.37035369873047
1763888418227,112.18185424804688,180.37035369873047
1763888418234,113.18185424804688,180.37035369873047
1763888418241,114.18185424804688,180.37035369873047
1763888418249,116.18185424804688,179.37035369873047
1763888418257,117.18185424804688,178.37035369873047
1763888418271,119.18185424804688,175.37035369873047
1763888418277,120.18185424804688,171.37035369873047
1763888418284,120.18185424804688,168.37035369873047
1763888418290,120.18185424804688,164.37035369873047
1763888418297,120.18185424804688,159.37035369873047
1763888418305,120.18185424804688,153.37035369873047
1763888418313,119.18185424804688,149.37035369873047
1763888418321,119.18185424804688,144.37035369873047
1763888418329,118.18185424804688,140.37035369873047
1763888418337,117.18185424804688,136.37035369873047
1763888418345,117.18185424804688,135.37035369873047
1763888418359,116.18185424804688,133.37035369873047
1763888418365,116.18185424804688,132.37035369873047
1763888418371,116.18185424804688,131.37035369873047
1763888418377,115.18185424804688,131.37035369873047
1763888418396,115.18185424804688,130.37035369873047
1763888418403,115.18185424804688,130.37035369873047
1763888418434,114.18185424804688,130.37035369873047
1763888418441,113.18185424804688,130.37035369873047
1763888418465,112.18185424804688,130.37035369873047
1763888418473,109.18185424804688,131.37035369873047
1763888418481,108.18185424804688,134.37035369873047
1763888418489,107.18185424804688,135.37035369873047
1763888418502,106.18185424804688,138.37035369873047
1763888418509,105.18185424804688,141.37035369873047
1763888418515,103.18185424804688,145.37035369873047
1763888418521,103.18185424804688,148.37035369873047
1763888418529,102.18185424804688,153.37035369873047
1763888418537,101.18185424804688,157.37035369873047
1763888418545,101.18185424804688,160.37035369873047
1763888418559,101.18185424804688,165.37035369873047
1763888418565,101.18185424804688,169.37035369873047
1763888418571,101.18185424804688,174.37035369873047
1763888418578,101.18185424804688,178.37035369873047
1763888418585,101.18185424804688,180.37035369873047
1763888418593,101.18185424804688,183.37035369873047
1763888418601,102.18185424804688,186.37035369873047
1763888418615,103.18185424804688,187.37035369873047
1763888418621,104.18185424804688,189.37035369873047
1763888418628,105.18185424804688,190.37035369873047
1763888418650,105.18185424804688,191.37035369873047
1763888418665,106.18185424804688,191.37035369873047
1763888418673,108.18185424804688,190.37035369873047
1763888418681,110.18185424804688,189.37035369873047
1763888418689,113.18185424804688,187.37035369873047
1763888418703,117.18185424804688,184.37035369873047
1763888418709,120.18185424804688,181.37035369873047
1763888418715,122.18185424804688,176.37035369873047
1763888418721,125.18185424804688,171.37035369873047
1763888418729,128.18185424804688,164.37035369873047
1763888418737,130.18185424804688,158.37035369873047
1763888418745,132.18185424804688,152.37035369873047
1763888418759,132.18185424804688,148.37035369873047
1763888418765,132.18185424804688,143.37035369873047
1763888418771,132.18185424804688,140.37035369873047
1763888418778,132.18185424804688,137.37035369873047
1763888418785,132.18185424804688,135.37035369873047
1763888418793,132.18185424804688,132.37035369873047
1763888418801,132.18185424804688,131.37035369873047
1763888418815,132.18185424804688,129.37035369873047
1763888418821,132.18185424804688,127.37035369873047
1763888418828,132.18185424804688,126.37035369873047
1763888418846,132.18185424804688,126.37035369873047
1763888418866,132.18185424804688,125.37035369873047
1763888419082,131.18185424804688,125.37035369873047
1763888419089,131.18185424804688,124.37035369873047
1763888419178,131.18185424804688,122.37035369873047
1763888419185,131.18185424804688,121.37035369873047
1763888419193,132.18185424804688,121.37035369873047
1763888419210,132.18185424804688,121.37035369873047
1763888419217,134.18185424804688,121.37035369873047
1763888419225,136.18185424804688,121.37035369873047
1763888419233,138.18185424804688,122.37035369873047
1763888419246,141.18185424804688,123.37035369873047
1763888419253,142.18185424804688,124.37035369873047
1763888419259,144.18185424804688,125.37035369873047
1763888419265,146.18185424804688,126.37035369873047
1763888419273,148.18185424804688,127.37035369873047
1763888419281,150.18185424804688,129.37035369873047
1763888419289,151.18185424804688,130.37035369873047
1763888419303,151.18185424804688,131.37035369873047
1763888419309,154.18185424804688,133.37035369873047
1763888419315,154.18185424804688,134.37035369873047
1763888419321,156.18185424804688,135.37035369873047
1763888419329,156.18185424804688,140.37035369873047
1763888419337,157.18185424804688,143.37035369873047
1763888419345,157.18185424804688,145.37035369873047
1763888419359,158.18185424804688,149.37035369873047
1763888419365,160.18185424804688,154.37035369873047
1763888419371,160.18185424804688,158.37035369873047
1763888419378,160.18185424804688,159.37035369873047
1763888419385,160.18185424804688,162.37035369873047
1763888419393,160.18185424804688,165.37035369873047
1763888419401,160.18185424804688,168.37035369873047
1763888419415,160.18185424804688,170.37035369873047
1763888419421,160.18185424804688,173.37035369873047
1763888419428,160.18185424804688,174.37035369873047
1763888419434,160.18185424804688,178.37035369873047
1763888419441,160.18185424804688,179.37035369873047
1763888419449,160.18185424804688,181.37035369873047
1763888419457,160.18185424804688,182.37035369873047
1763888419465,160.18185424804688,183.37035369873047
1763888419473,160.18185424804688,185.37035369873047
1763888419554,160.18185424804688,183.37035369873047
1763888419563,160.18185424804688,179.37035369873047
1763888419569,160.18185424804688,173.37035369873047
1763888419577,160.18185424804688,164.37035369873047
1763888419591,160.18185424804688,157.37035369873047
1763888419597,160.18185424804688,148.37035369873047
1763888419603,160.18185424804688,140.37035369873047
1763888419609,160.18185424804688,135.37035369873047
1763888419617,160.18185424804688,130.37035369873047
1763888419625,160.18185424804688,126.37035369873047
1763888419633,160.18185424804688,123.37035369873047
1763888419647,160.18185424804688,121.37035369873047
1763888419657,160.18185424804688,121.37035369873047
1763888419708,160.18185424804688,122.37035369873047
1763888419713,162.18185424804688,125.37035369873047
1763888419721,165.18185424804688,129.37035369873047
1763888419734,165.18185424804688,135.37035369873047
1763888419740,167.18185424804688,139.37035369873047
1763888419747,168.18185424804688,144.37035369873047
1763888419753,168.18185424804688,146.37035369873047
1763888419761,169.18185424804688,151.37035369873047
1763888419769,170.18185424804688,156.37035369873047
1763888419777,170.18185424804688,159.37035369873047
1763888419791,170.18185424804688,164.37035369873047
1763888419797,170.18185424804688,168.37035369873047
1763888419803,170.18185424804688,173.37035369873047
1763888419809,170.18185424804688,176.37035369873047
1763888419937,170.18185424804688,169.37035369873047
1763888419945,170.18185424804688,162.37035369873047
1763888419959,170.18185424804688,153.37035369873047
1763888419965,170.18185424804688,145.37035369873047
1763888419972,170.18185424804688,139.37035369873047
1763888419978,170.18185424804688,133.37035369873047
1763888419985,170.18185424804688,128.37035369873047
1763888419993,170.18185424804688,122.37035369873047
1763888420001,170.18185424804688,117.37035369873047
1763888420009,171.18185424804688,114.37035369873047
1763888420019,172.18185424804688,110.37035369873047
1763888420034,172.18185424804688,109.37035369873047
1763888420083,173.18185424804688,109.37035369873047
1763888420090,173.18185424804688,111.37035369873047
1763888420097,173.18185424804688,114.37035369873047
1763888420105,174.18185424804688,121.37035369873047
1763888420113,175.18185424804688,127.37035369873047
1763888420121,175.18185424804688,135.37035369873047
1763888420134,175.18185424804688,145.37035369873047
1763888420140,174.18185424804688,153.37035369873047
1763888420147,173.18185424804688,162.37035369873047
1763888420153,172.18185424804688,171.37035369873047
1763888420337,178.18185424804688,192.37035369873047
1763888420345,179.18185424804688,185.37035369873047
1763888420359,180.18185424804688,179.37035369873047
1763888420366,181.18185424804688,173.37035369873047
1763888420372,183.18185424804688,168.37035369873047
1763888420378,184.18185424804688,164.37035369873047
1763888420385,184.18185424804688,164.37035369873047
1763888420393,184.18185424804688,160.37035369873047
1763888420483,184.18185424804688,162.37035369873047
1763888420489,184.18185424804688,165.37035369873047
1763888420503,184.18185424804688,171.37035369873047
1763888420509,184.18185424804688,178.37035369873047
1763888420516,184.18185424804688,185.37035369873047
1763888420522,184.18185424804688,194.37035369873047
1763888420529,184.18185424804688,204.37035369873047
1763888420537,184.18185424804688,211.37035369873047
1763888420545,183.18185424804688,217.37035369873047
1763888420559,182.18185424804688,223.37035369873047
1763888420566,180.18185424804688,227.37035369873047
1763888420572,180.18185424804688,230.37035369873047
1763888420578,180.18185424804688,231.37035369873047
1763888420585,180.18185424804688,232.37035369873047
1763888420593,180.18185424804688,233.37035369873047
1763888420650,180.18185424804688,232.37035369873047
1763888420657,180.18185424804688,230.37035369873047
1763888420665,179.18185424804688,226.37035369873047
1763888420678,179.18185424804688,219.37035369873047
1763888420684,179.18185424804688,208.37035369873047
1763888420691,179.18185424804688,196.37035369873047
1763888420697,179.18185424804688,184.37035369873047
1763888420705,179.18185424804688,172.37035369873047
1763888420713,179.18185424804688,161.37035369873047
1763888420721,179.18185424804688,151.37035369873047
1763888420734,179.18185424804688,142.37035369873047
1763888420741,179.18185424804688,135.37035369873047
1763888420747,179.18185424804688,131.37035369873047
1763888420753,179.18185424804688,128.37035369873047
1763888420761,179.18185424804688,126.37035369873047
1763888420769,179.18185424804688,124.37035369873047
1763888420777,179.18185424804688,122.37035369873047
1763888420791,179.18185424804688,121.37035369873047
1763888420797,179.18185424804688,121.37035369873047
1763888420859,179.18185424804688,121.37035369873047
1763888420875,179.18185424804688,123.37035369873047
1763888420881,178.18185424804688,128.37035369873047
1763888420889,177.18185424804688,135.37035369873047
1763888420903,177.18185424804688,145.37035369873047
1763888420909,177.18185424804688,157.37035369873047
1763888420916,177.18185424804688,172.37035369873047
1763888420922,177.18185424804688,187.37035369873047
1763888420937,177.18185424804688,221.37035369873047
1763888420945,178.18185424804688,238.37035369873047
1763888420978,182.18185424804688,282.37035369873047
1763888420985,184.18185424804688,288.37035369873047
1763888420993,184.18185424804688,293.37035369873047
1763888421001,185.18185424804688,297.37035369873047
1763888421009,186.18185424804688,299.37035369873047
1763888421029,186.18185424804688,300.37035369873047
1763888421115,186.18185424804688,299.37035369873047
1763888421123,186.18185424804688,296.37035369873047
1763888421135,186.18185424804688,290.37035369873047
1763888421141,188.18185424804688,281.37035369873047
1763888421147,188.18185424804688,274.37035369873047
1763888421153,189.18185424804688,264.37035369873047
1763888421161,191.18185424804688,254.37035369873047
1763888421169,194.18185424804688,242.37035369873047
1763888421177,195.18185424804688,232.37035369873047
1763888421191,197.18185424804688,225.37035369873047
1763888421197,198.18185424804688,216.37035369873047
1763888421203,198.18185424804688,210.37035369873047
1763888421391,194.18185424804688,295.37035369873047
1763888421397,191.18185424804688,302.37035369873047
1763888421403,189.18185424804688,306.37035369873047
1763888421503,186.18185424804688,309.37035369873047
1763888421510,186.18185424804688,302.37035369873047
1763888421516,186.18185424804688,293.37035369873047
1763888421522,186.18185424804688,280.37035369873047
1763888421529,187.18185424804688,266.37035369873047
1763888421537,188.18185424804688,251.37035369873047
1763888421545,188.18185424804688,240.37035369873047
1763888421553,189.18185424804688,227.37035369873047
1763888421566,190.18185424804688,217.37035369873047
1763888421572,190.18185424804688,211.37035369873047
1763888421578,190.18185424804688,204.37035369873047
1763888421585,190.18185424804688,198.37035369873047
1763888421593,190.18185424804688,195.37035369873047
1763888421601,190.18185424804688,192.37035369873047
1763888421609,190.18185424804688,190.37035369873047
1763888421622,190.18185424804688,189.37035369873047
1763888421628,190.18185424804688,187.37035369873047
1763888421707,190.18185424804688,188.37035369873047
1763888421713,190.18185424804688,192.37035369873047
1763888421721,191.18185424804688,196.37035369873047
1763888421735,191.18185424804688,201.37035369873047
1763888421741,191.18185424804688,207.37035369873047
1763888421747,191.18185424804688,214.37035369873047
1763888421753,191.18185424804688,221.37035369873047
1763888421761,191.18185424804688,228.37035369873047
1763888421769,191.18185424804688,236.37035369873047
1763888421777,191.18185424804688,246.37035369873047
1763888421791,191.18185424804688,253.37035369873047
1763888421797,191.18185424804688,259.37035369873047
1763888421804,191.18185424804688,264.37035369873047
1763888421810,190.18185424804688,270.37035369873047
1763888421817,189.18185424804688,274.37035369873047
1763888421825,189.18185424804688,276.37035369873047
1763888421833,189.18185424804688,278.37035369873047
1763888421847,189.18185424804688,278.37035369873047
1763888421949,189.18185424804688,277.37035369873047
1763888421954,189.18185424804688,275.37035369873047
1763888421961,189.18185424804688,272.37035369873047
1763888421969,189.18185424804688,266.37035369873047
1763888421977,189.18185424804688,259.37035369873047
1763888421991,190.18185424804688,250.37035369873047
1763888421997,191.18185424804688,241.37035369873047
1763888422004,193.18185424804688,231.37035369873047
1763888422010,194.18185424804688,222.37035369873047
1763888422017,195.18185424804688,214.37035369873047
1763888422025,196.18185424804688,206.37035369873047
1763888422033,196.18185424804688,199.37035369873047
1763888422169,196.18185424804688,202.37035369873047
1763888422177,196.18185424804688,214.37035369873047
1763888422191,195.18185424804688,227.37035369873047
1763888422197,193.18185424804688,242.37035369873047
1763888422203,191.18185424804688,254.37035369873047
1763888422210,189.18185424804688,264.37035369873047
1763888422217,188.18185424804688,270.37035369873047
1763888422225,187.18185424804688,276.37035369873047
1763888422233,186.18185424804688,280.37035369873047
1763888422247,186.18185424804688,283.37035369873047
1763888422254,186.18185424804688,285.37035369873047
1763888422260,186.18185424804688,287.37035369873047
1763888422266,186.18185424804688,287.37035369873047
1763888422273,186.18185424804688,288.37035369873047
1763888422364,186.18185424804688,287.37035369873047
1763888422369,186.18185424804688,286.37035369873047
1763888422377,186.18185424804688,283.37035369873047
1763888422391,186.18185424804688,280.37035369873047
1763888422397,185.18185424804688,274.37035369873047
1763888422401,185.18185424804688,272.37035369873047
1763888423425,50.181854248046875,301.37035369873047
1763888423441,49.181854248046875,299.37035369873047
1763888423449,47.181854248046875,297.37035369873047
1763888423457,47.181854248046875,296.37035369873047
1763888423465,46.181854248046875,292.37035369873047
1763888423479,44.181854248046875,287.37035369873047
1763888423485,41.181854248046875,282.37035369873047
1763888423689,41.181854248046875,188.37035369873047
1763888423697,42.181854248046875,191.37035369873047
1763888423710,43.181854248046875,196.37035369873047
1763888423716,43.181854248046875,199.37035369873047
1763888423723,43.181854248046875,203.37035369873047
1763888423729,43.181854248046875,209.37035369873047
1763888423737,43.181854248046875,215.37035369873047
1763888423745,43.181854248046875,221.37035369873047
1763888423753,43.181854248046875,227.37035369873047
1763888423767,43.181854248046875,234.37035369873047
1763888423773,42.181854248046875,241.37035369873047
1763888423779,41.181854248046875,246.37035369873047
1763888423785,40.181854248046875,250.37035369873047
1763888423793,40.181854248046875,253.37035369873047
1763888423801,40.181854248046875,255.37035369873047
1763888423916,39.181854248046875,254.37035369873047
1763888423921,39.181854248046875,250.37035369873047
1763888423929,41.181854248046875,243.37035369873047
1763888423937,43.181854248046875,235.37035369873047
1763888423945,45.181854248046875,226.37035369873047
1763888423953,46.181854248046875,217.37035369873047
1763888423967,48.181854248046875,211.37035369873047
1763888423973,49.181854248046875,206.37035369873047
1763888423979,50.181854248046875,202.37035369873047
1763888423985,51.181854248046875,199.37035369873047
1763888423993,51.181854248046875,197.37035369873047
1763888424001,51.181854248046875,197.37035369873047
1763888424019,51.181854248046875,196.37035369873047
1763888424083,52.181854248046875,199.37035369873047
1763888424089,53.181854248046875,206.37035369873047
1763888424097,53.181854248046875,213.37035369873047
1763888424110,53.181854248046875,221.37035369873047
1763888424117,53.181854248046875,232.37035369873047
1763888424123,52.181854248046875,244.37035369873047
1763888424129,50.181854248046875,254.37035369873047
1763888424137,48.181854248046875,264.37035369873047
1763888424145,46.181854248046875,273.37035369873047
1763888424153,45.181854248046875,283.37035369873047
1763888424167,43.181854248046875,291.37035369873047
1763888424173,41.181854248046875,298.37035369873047
1763888424931,44.181854248046875,249.37035369873047
1763888424936,44.181854248046875,249.37035369873047
1763888424945,44.181854248046875,250.37035369873047
1763888424953,44.181854248046875,252.37035369873047
1763888424967,45.181854248046875,254.37035369873047
1763888424973,46.181854248046875,257.37035369873047
1763888424979,46.181854248046875,261.37035369873047
1763888424986,46.181854248046875,265.37035369873047
1763888424993,47.181854248046875,270.37035369873047
1763888425001,47.181854248046875,273.37035369873047
1763888425009,47.181854248046875,277.37035369873047
1763888425023,47.181854248046875,280.37035369873047
1763888425029,47.181854248046875,285.37035369873047
1763888425036,47.181854248046875,288.37035369873047
1763888425042,47.181854248046875,292.37035369873047
1763888425049,47.181854248046875,294.37035369873047
1763888425057,47.181854248046875,297.37035369873047
1763888425065,46.181854248046875,299.37035369873047
1763888425073,46.181854248046875,300.37035369873047
1763888425092,46.181854248046875,301.37035369873047
1763888425178,46.181854248046875,298.37035369873047
1763888425185,45.181854248046875,296.37035369873047
1763888425198,45.181854248046875,292.37035369873047
1763888425204,45.181854248046875,286.37035369873047
1763888425211,45.181854248046875,277.37035369873047
1763888425217,47.181854248046875,268.37035369873047
1763888425225,49.181854248046875,259.37035369873047
1763888425233,51.181854248046875,249.37035369873047
1763888425241,52.181854248046875,240.37035369873047
1763888425254,54.181854248046875,232.37035369873047
1763888425261,55.181854248046875,224.37035369873047
1763888425267,56.181854248046875,217.37035369873047
1763888425409,56.181854248046875,217.37035369873047
1763888425423,54.181854248046875,226.37035369873047
1763888425429,51.181854248046875,234.37035369873047
1763888425436,47.181854248046875,244.37035369873047
1763888425442,44.181854248046875,252.37035369873047
1763888425449,41.181854248046875,259.37035369873047
1763888425586,39.181854248046875,242.37035369873047
1763888425593,41.181854248046875,227.37035369873047
1763888425601,44.181854248046875,214.37035369873047
1763888425609,49.181854248046875,196.37035369873047
1763888425617,54.181854248046875,183.37035369873047
1763888425625,58.181854248046875,172.37035369873047
1763888425633,61.181854248046875,162.37035369873047
1763888425641,65.18185424804688,153.37035369873047
1763888425655,68.18185424804688,146.37035369873047
1763888425661,70.18185424804688,139.37035369873047
1763888425667,73.18185424804688,133.37035369873047
1763888425673,75.18185424804688,130.37035369873047
1763888425681,76.18185424804688,127.37035369873047
1763888425689,77.18185424804688,126.37035369873047
1763888425697,78.18185424804688,125.37035369873047
1763888425802,76.18185424804688,127.37035369873047
1763888425809,76.18185424804688,131.37035369873047
1763888425817,75.18185424804688,135.37035369873047
1763888425825,73.18185424804688,140.37035369873047
1763888425833,71.18185424804688,143.37035369873047
1763888425841,70.18185424804688,147.37035369873047
1763888425855,69.18185424804688,149.37035369873047
1763888425861,68.18185424804688,151.37035369873047
1763888425867,67.18185424804688,154.37035369873047
1763888425873,66.18185424804688,154.37035369873047
1763888425881,65.18185424804688,155.37035369873047
1763888425946,64.18185424804688,155.37035369873047
1763888425953,63.181854248046875,154.37035369873047
1763888425967,62.181854248046875,150.37035369873047
1763888425973,62.181854248046875,147.37035369873047
1763888425980,62.181854248046875,141.37035369873047
1763888425986,62.181854248046875,135.37035369873047
1763888425993,63.181854248046875,126.37035369873047
1763888426001,65.18185424804688,120.37035369873047
1763888426009,67.18185424804688,114.37035369873047
1763888426023,70.18185424804688,106.37035369873047
1763888426255,77.18185424804688,102.37035369873047
1763888426261,75.18185424804688,108.37035369873047
1763888426267,72.18185424804688,114.37035369873047
1763888426273,70.18185424804688,120.37035369873047
1763888426281,69.18185424804688,126.37035369873047
1763888426289,66.18185424804688,130.37035369873047
1763888426297,65.18185424804688,135.37035369873047
1763888426311,63.181854248046875,137.37035369873047
1763888426317,62.181854248046875,139.37035369873047
1763888426323,61.181854248046875,140.37035369873047
1763888426396,61.181854248046875,141.37035369873047
1763888426434,63.181854248046875,139.37035369873047
1763888426441,65.18185424804688,136.37035369873047
1763888426455,66.18185424804688,133.37035369873047
1763888426462,70.18185424804688,127.37035369873047
1763888426467,75.18185424804688,122.37035369873047
1763888426474,79.18185424804688,116.37035369873047
1763888426481,84.18185424804688,111.37035369873047
1763888426489,88.18185424804688,107.37035369873047
1763888426497,91.18185424804688,103.37035369873047
1763888426511,94.18185424804688,102.37035369873047
1763888426517,95.18185424804688,100.37035369873047
1763888426524,96.18185424804688,100.37035369873047
1763888426556,98.18185424804688,100.37035369873047
1763888426563,98.18185424804688,100.37035369873047
1763888426569,100.18185424804688,100.37035369873047
1763888426577,101.18185424804688,100.37035369873047
1763888426585,102.18185424804688,100.37035369873047
1763888426716,101.18185424804688,100.37035369873047
1763888426721,98.18185424804688,100.37035369873047
1763888426729,96.18185424804688,100.37035369873047
1763888426743,94.18185424804688,100.37035369873047
1763888426749,92.18185424804688,100.37035369873047
1763888426755,89.18185424804688,100.37035369873047
1763888426761,86.18185424804688,101.37035369873047
1763888426769,83.18185424804688,102.37035369873047
1763888426777,81.18185424804688,103.37035369873047
1763888426785,79.18185424804688,104.37035369873047
1763888426799,78.18185424804688,104.37035369873047
1763888426805,77.18185424804688,105.37035369873047
1763888426811,75.18185424804688,106.37035369873047
1763888426817,75.18185424804688,107.37035369873047
1763888426825,74.18185424804688,108.37035369873047
1763888426833,73.18185424804688,110.37035369873047
1763888426841,72.18185424804688,111.37035369873047
1763888426875,72.18185424804688,111.37035369873047
1763888426881,72.18185424804688,112.37035369873047
1763888426889,72.18185424804688,114.37035369873047
1763888426897,73.18185424804688,116.37035369873047
1763888426911,75.18185424804688,117.37035369873047
1763888426917,80.18185424804688,121.37035369873047
1763888426924,86.18185424804688,124.37035369873047
1763888426930,91.18185424804688,127.37035369873047
1763888426937,96.18185424804688,129.37035369873047
1763888426945,99.18185424804688,130.37035369873047
1763888426953,103.18185424804688,131.37035369873047
1763888426961,106.18185424804688,131.37035369873047
1763888426969,107.18185424804688,131.37035369873047
1763888426977,110.18185424804688,130.37035369873047
1763888426985,112.18185424804688,129.37035369873047
1763888426999,114.18185424804688,127.37035369873047
1763888427005,116.18185424804688,126.37035369873047
1763888427011,117.18185424804688,124.37035369873047
1763888427017,118.18185424804688,123.37035369873047
1763888427025,119.18185424804688,121.37035369873047
1763888427033,120.18185424804688,119.37035369873047
1763888427041,121.18185424804688,117.37035369873047
1763888427055,121.18185424804688,116.37035369873047
1763888427061,121.18185424804688,115.37035369873047
1763888427068,121.18185424804688,112.37035369873047
1763888427074,121.18185424804688,111.37035369873047
1763888427081,121.18185424804688,111.37035369873047
1763888427089,120.18185424804688,109.37035369873047
1763888427097,119.18185424804688,108.37035369873047
1763888427111,118.18185424804688,107.37035369873047
1763888427117,117.18185424804688,106.37035369873047
1763888427124,117.18185424804688,106.37035369873047
1763888427130,116.18185424804688,106.37035369873047
1763888427137,115.18185424804688,106.37035369873047
1763888427145,113.18185424804688,105.37035369873047
1763888427153,110.18185424804688,104.37035369873047
1763888427168,108.18185424804688,104.37035369873047
1763888427174,105.18185424804688,104.37035369873047
1763888427180,103.18185424804688,103.37035369873047
1763888427186,101.18185424804688,103.37035369873047
1763888427193,98.18185424804688,103.37035369873047
1763888427201,96.18185424804688,103.37035369873047
1763888427209,93.18185424804688,105.37035369873047
1763888427217,89.18185424804688,106.37035369873047
1763888427225,86.18185424804688,109.37035369873047
1763888427233,83.18185424804688,113.37035369873047
1763888427241,80.18185424804688,116.37035369873047
1763888427255,77.18185424804688,121.37035369873047
1763888427261,74.18185424804688,126.37035369873047
1763888427267,71.18185424804688,131.37035369873047
1763888427274,70.18185424804688,137.37035369873047
1763888427281,70.18185424804688,143.37035369873047
1763888427289,70.18185424804688,146.37035369873047
1763888427297,70.18185424804688,152.37035369873047
1763888427318,72.18185424804688,160.37035369873047
1763888427324,74.18185424804688,164.37035369873047
1763888427330,76.18185424804688,167.37035369873047
1763888427337,80.18185424804688,170.37035369873047
1763888427345,84.18185424804688,174.37035369873047
1763888427353,88.18185424804688,176.37035369873047
1763888427361,92.18185424804688,178.37035369873047
1763888427374,94.18185424804688,178.37035369873047
1763888427380,97.18185424804688,178.37035369873047
1763888427386,100.18185424804688,178.37035369873047
1763888427393,103.18185424804688,176.37035369873047
1763888427401,106.18185424804688,172.37035369873047
1763888427409,108.18185424804688,167.37035369873047
1763888427417,111.18185424804688,161.37035369873047
1763888427425,112.18185424804688,154.37035369873047
1763888427433,113.18185424804688,149.37035369873047
1763888427441,113.18185424804688,144.37035369873047
1763888427455,113.18185424804688,138.37035369873047
1763888427461,113.18185424804688,134.37035369873047
1763888427467,112.18185424804688,130.37035369873047
1763888427474,110.18185424804688,127.37035369873047
1763888427481,108.18185424804688,125.37035369873047
1763888427489,108.18185424804688,123.37035369873047
1763888427497,105.18185424804688,120.37035369873047
1763888427511,103.18185424804688,118.37035369873047
1763888427517,101.18185424804688,116.37035369873047
1763888427524,98.18185424804688,116.37035369873047
1763888427530,96.18185424804688,115.37035369873047
1763888427537,93.18185424804688,113.37035369873047
1763888427545,88.18185424804688,111.37035369873047
1763888427553,82.18185424804688,111.37035369873047
1763888427561,76.18185424804688,111.37035369873047
1763888427569,70.18185424804688,111.37035369873047
1763888427577,65.18185424804688,112.37035369873047
1763888427585,58.181854248046875,115.37035369873047
1763888427818,44.181854248046875,173.37035369873047
1763888427825,49.181854248046875,164.37035369873047
1763888427833,54.181854248046875,154.37035369873047
1763888427841,57.181854248046875,146.37035369873047
1763888427855,60.181854248046875,137.37035369873047
1763888427861,64.18185424804688,130.37035369873047
1763888427868,66.18185424804688,125.37035369873047
1763888427874,68.18185424804688,121.37035369873047
1763888427881,68.18185424804688,118.37035369873047
1763888427889,69.18185424804688,117.37035369873047
1763888427932,69.18185424804688,116.37035369873047
1763888427977,67.18185424804688,118.37035369873047
1763888427985,66.18185424804688,123.37035369873047
1763888427999,62.181854248046875,129.37035369873047
1763888428005,59.181854248046875,138.37035369873047
1763888428011,54.181854248046875,147.37035369873047
1763888428018,51.181854248046875,156.37035369873047
1763888428025,47.181854248046875,165.37035369873047
1763888428033,44.181854248046875,173.37035369873047
1763888428162,42.181854248046875,189.37035369873047
1763888428169,46.181854248046875,182.37035369873047
1763888428177,50.181854248046875,173.37035369873047
1763888428185,52.181854248046875,163.37035369873047
1763888428199,56.181854248046875,154.37035369873047
1763888428205,57.181854248046875,145.37035369873047
1763888428211,59.181854248046875,140.37035369873047
1763888428218,60.181854248046875,135.37035369873047
1763888428225,60.181854248046875,133.37035369873047
1763888428233,60.181854248046875,131.37035369873047
1763888428316,60.181854248046875,135.37035369873047
1763888428321,60.181854248046875,140.37035369873047
1763888428329,60.181854248046875,146.37035369873047
1763888428343,57.181854248046875,154.37035369873047
1763888428350,56.181854248046875,163.37035369873047
1763888428355,54.181854248046875,171.37035369873047
1763888428361,52.181854248046875,178.37035369873047
1763888428369,51.181854248046875,183.37035369873047
1763888428377,51.181854248046875,189.37035369873047
1763888428385,50.181854248046875,194.37035369873047
1763888428399,49.181854248046875,197.37035369873047
1763888428405,49.181854248046875,198.37035369873047
1763888428417,49.181854248046875,199.37035369873047
1763888428500,50.181854248046875,196.37035369873047
1763888428505,53.181854248046875,187.37035369873047
1763888428513,58.181854248046875,176.37035369873047
1763888428521,67.18185424804688,156.37035369873047
1763888428529,75.18185424804688,134.37035369873047
1763888428543,84.18185424804688,111.37035369873047
1763888428555,103.18185424804688,64.37035369873047
1763888428562,108.18185424804688,48.37035369873047
1763888428569,113.18185424804688,35.37035369873047
1763888428577,117.18185424804688,27.37035369873047
1763888428585,119.18185424804688,21.37035369873047
1763888428599,122.18185424804688,16.37035369873047
1763888428706,127.18185424804688,12.370353698730469
1763888428714,127.18185424804688,18.37035369873047
1763888428721,127.18185424804688,26.37035369873047
1763888428729,127.18185424804688,35.37035369873047
1763888428743,125.18185424804688,44.37035369873047
1763888428749,123.18185424804688,51.37035369873047
1763888428755,122.18185424804688,59.37035369873047
1763888428762,121.18185424804688,65.37035369873047
1763888428769,120.18185424804688,70.37035369873047
1763888428777,119.18185424804688,74.37035369873047
1763888428785,118.18185424804688,77.37035369873047
1763888428799,117.18185424804688,79.37035369873047
1763888428805,117.18185424804688,81.37035369873047
1763888428824,117.18185424804688,82.37035369873047
1763888428892,117.18185424804688,81.37035369873047
1763888428897,117.18185424804688,77.37035369873047
1763888428905,117.18185424804688,70.37035369873047
1763888428918,117.18185424804688,62.37035369873047
1763888428924,117.18185424804688,54.37035369873047
1763888428930,117.18185424804688,47.37035369873047
1763888428937,117.18185424804688,40.37035369873047
1763888428945,117.18185424804688,35.37035369873047
1763888428953,117.18185424804688,30.37035369873047
1763888428961,117.18185424804688,26.37035369873047
1763888428974,117.18185424804688,25.37035369873047
1763888429043,117.18185424804688,29.37035369873047
1763888429050,115.18185424804688,34.37035369873047
1763888429062,113.18185424804688,41.37035369873047
1763888429068,111.18185424804688,50.37035369873047
1763888429074,108.18185424804688,59.37035369873047
1763888429081,105.18185424804688,65.37035369873047
1763888429089,102.18185424804688,73.37035369873047
1763888429217,96.18185424804688,69.37035369873047
1763888429231,96.18185424804688,59.37035369873047
1763888429237,96.18185424804688,49.37035369873047
1763888429243,97.18185424804688,41.37035369873047
1763888429249,98.18185424804688,34.37035369873047
1763888429257,100.18185424804688,29.37035369873047
1763888429265,102.18185424804688,25.37035369873047
1763888429273,103.18185424804688,22.37035369873047
1763888429287,103.18185424804688,21.37035369873047
1763888429293,103.18185424804688,21.37035369873047
1763888429346,103.18185424804688,21.37035369873047
1763888429362,104.18185424804688,24.37035369873047
1763888429369,106.18185424804688,28.37035369873047
1763888429377,108.18185424804688,35.37035369873047
1763888429385,108.18185424804688,43.37035369873047
1763888429393,108.18185424804688,51.37035369873047
1763888429401,108.18185424804688,61.37035369873047
1763888429409,108.18185424804688,71.37035369873047
1763888429417,105.18185424804688,81.37035369873047
1763888429430,103.18185424804688,88.37035369873047
1763888429437,102.18185424804688,97.37035369873047
1763888429443,100.18185424804688,106.37035369873047
1763888429449,99.18185424804688,112.37035369873047
1763888429457,98.18185424804688,118.37035369873047
1763888429465,98.18185424804688,125.37035369873047
1763888429473,97.18185424804688,130.37035369873047
1763888429487,95.18185424804688,135.37035369873047
1763888429493,94.18185424804688,139.37035369873047
1763888429499,94.18185424804688,140.37035369873047
1763888429506,94.18185424804688,140.37035369873047
1763888429570,94.18185424804688,138.37035369873047
1763888429577,95.18185424804688,131.37035369873047
1763888429585,97.18185424804688,121.37035369873047
1763888429599,100.18185424804688,110.37035369873047
1763888429606,102.18185424804688,97.37035369873047
1763888429612,103.18185424804688,87.37035369873047
1763888429618,105.18185424804688,77.37035369873047
1763888429625,108.18185424804688,68.37035369873047
1763888429633,110.18185424804688,62.37035369873047
1763888429641,111.18185424804688,57.37035369873047
1763888429656,111.18185424804688,54.37035369873047
1763888429662,112.18185424804688,51.37035369873047
1763888429668,112.18185424804688,50.37035369873047
1763888429674,113.18185424804688,49.37035369873047
1763888429746,113.18185424804688,54.37035369873047
1763888429753,113.18185424804688,58.37035369873047
1763888429761,113.18185424804688,67.37035369873047
1763888429774,113.18185424804688,77.37035369873047
1763888429781,113.18185424804688,87.37035369873047
1763888429787,113.18185424804688,97.37035369873047
1763888429793,113.18185424804688,107.37035369873047
1763888429801,113.18185424804688,115.37035369873047
1763888429809,112.18185424804688,121.37035369873047
1763888429817,112.18185424804688,124.37035369873047
1763888429831,112.18185424804688,126.37035369873047
1763888429837,112.18185424804688,127.37035369873047
1763888429843,112.18185424804688,128.37035369873047
1763888429890,112.18185424804688,126.37035369873047
1763888429897,112.18185424804688,122.37035369873047
1763888429905,113.18185424804688,113.37035369873047
1763888429918,116.18185424804688,102.37035369873047
1763888429924,117.18185424804688,91.37035369873047
1763888429931,120.18185424804688,81.37035369873047
1763888429937,120.18185424804688,72.37035369873047
1763888429945,120.18185424804688,64.37035369873047
1763888429953,120.18185424804688,57.37035369873047
1763888429961,120.18185424804688,51.37035369873047
1763888429974,120.18185424804688,46.37035369873047
1763888429981,120.18185424804688,43.37035369873047
1763888429987,120.18185424804688,40.37035369873047
1763888429993,120.18185424804688,39.37035369873047
1763888430001,120.18185424804688,38.37035369873047
1763888430009,120.18185424804688,36.37035369873047
1763888430017,119.18185424804688,35.37035369873047
1763888430074,118.18185424804688,39.37035369873047
1763888430082,117.18185424804688,44.37035369873047
1763888430089,117.18185424804688,48.37035369873047
1763888430097,117.18185424804688,56.37035369873047
1763888430105,116.18185424804688,63.37035369873047
1763888430118,116.18185424804688,68.37035369873047
1763888430124,116.18185424804688,74.37035369873047
1763888430131,116.18185424804688,79.37035369873047
1763888430137,116.18185424804688,85.37035369873047
1763888430145,116.18185424804688,89.37035369873047
1763888430153,116.18185424804688,95.37035369873047
1763888430161,116.18185424804688,100.37035369873047
1763888430175,116.18185424804688,103.37035369873047
1763888430181,116.18185424804688,106.37035369873047
1763888430188,116.18185424804688,107.37035369873047
1763888430193,116.18185424804688,108.37035369873047
1763888430201,116.18185424804688,109.37035369873047
1763888430274,116.18185424804688,106.37035369873047
1763888430282,116.18185424804688,102.37035369873047
1763888430289,117.18185424804688,91.37035369873047
1763888430297,119.18185424804688,79.37035369873047
1763888430305,121.18185424804688,68.37035369873047
1763888430318,123.18185424804688,59.37035369873047
1763888430325,126.18185424804688,48.37035369873047
1763888430331,127.18185424804688,40.37035369873047
1763888430337,128.18185424804688,32.37035369873047
1763888430345,130.18185424804688,28.37035369873047
1763888430353,130.18185424804688,24.37035369873047
1763888430361,130.18185424804688,21.37035369873047
1763888430375,131.18185424804688,20.37035369873047
1763888430385,131.18185424804688,19.37035369873047
1763888430393,131.18185424804688,18.37035369873047
1763888430449,132.18185424804688,18.37035369873047
1763888430457,132.18185424804688,21.37035369873047
1763888430468,133.18185424804688,25.37035369873047
1763888430475,135.18185424804688,32.37035369873047
1763888430481,137.18185424804688,40.37035369873047
1763888430489,138.18185424804688,49.37035369873047
1763888430497,138.18185424804688,58.37035369873047
1763888430505,138.18185424804688,69.37035369873047
1763888430525,135.18185424804688,91.37035369873047
1763888430531,133.18185424804688,99.37035369873047
1763888430537,132.18185424804688,108.37035369873047
1763888430545,130.18185424804688,116.37035369873047
1763888430553,128.18185424804688,123.37035369873047
1763888430561,127.18185424804688,128.37035369873047
1763888430575,125.18185424804688,130.37035369873047
1763888430581,124.18185424804688,132.37035369873047
1763888430593,124.18185424804688,133.37035369873047
1763888430658,123.18185424804688,131.37035369873047
1763888430665,123.18185424804688,127.37035369873047
1763888430673,123.18185424804688,118.37035369873047
1763888430687,123.18185424804688,104.37035369873047
1763888430693,125.18185424804688,87.37035369873047
1763888430700,128.18185424804688,70.37035369873047
1763888430706,130.18185424804688,55.37035369873047
1763888430713,132.18185424804688,45.37035369873047
1763888430721,134.18185424804688,35.37035369873047
1763888430729,136.18185424804688,30.37035369873047
1763888430737,137.18185424804688,26.37035369873047
1763888430745,137.18185424804688,23.37035369873047
1763888430753,138.18185424804688,22.37035369873047
1763888430826,138.18185424804688,24.37035369873047
1763888430833,138.18185424804688,30.37035369873047
1763888430841,138.18185424804688,39.37035369873047
1763888430849,137.18185424804688,49.37035369873047
1763888430862,134.18185424804688,61.37035369873047
1763888430869,132.18185424804688,73.37035369873047
1763888430875,130.18185424804688,85.37035369873047
1763888430881,127.18185424804688,96.37035369873047
1763888430889,125.18185424804688,106.37035369873047
1763888430897,123.18185424804688,116.37035369873047
1763888430905,121.18185424804688,126.37035369873047
1763888430919,117.18185424804688,133.37035369873047
1763888430925,116.18185424804688,141.37035369873047
1763888430931,115.18185424804688,148.37035369873047
1763888430937,113.18185424804688,153.37035369873047
1763888430945,113.18185424804688,155.37035369873047
1763888430953,113.18185424804688,156.37035369873047
1763888430961,113.18185424804688,157.37035369873047
1763888430975,113.18185424804688,158.37035369873047
1763888431035,113.18185424804688,157.37035369873047
1763888431041,114.18185424804688,155.37035369873047
1763888431049,116.18185424804688,154.37035369873047
1763888431062,117.18185424804688,153.37035369873047
1763888431069,118.18185424804688,151.37035369873047
1763888431075,118.18185424804688,149.37035369873047
1763888431081,119.18185424804688,147.37035369873047
1763888431089,121.18185424804688,145.37035369873047
1763888431097,121.18185424804688,145.37035369873047
1763888431105,122.18185424804688,144.37035369873047
1763888431138,122.18185424804688,143.37035369873047
1763888431218,122.18185424804688,143.37035369873047
1763888431237,123.18185424804688,143.37035369873047
1763888431244,125.18185424804688,143.37035369873047
1763888431331,125.18185424804688,142.37035369873047
1763888431337,125.18185424804688,140.37035369873047
1763888431345,125.18185424804688,137.37035369873047
1763888431353,125.18185424804688,132.37035369873047
1763888431361,124.18185424804688,126.37035369873047
1763888431375,122.18185424804688,121.37035369873047
1763888431381,122.18185424804688,117.37035369873047
1763888431387,121.18185424804688,112.37035369873047
1763888431394,119.18185424804688,107.37035369873047
1763888431401,119.18185424804688,103.37035369873047
1763888431409,118.18185424804688,99.37035369873047
1763888431417,117.18185424804688,97.37035369873047
1763888431431,117.18185424804688,95.37035369873047
1763888431441,117.18185424804688,94.37035369873047
1763888431544,118.18185424804688,95.37035369873047
1763888431550,121.18185424804688,97.37035369873047
1763888431556,125.18185424804688,100.37035369873047
1763888431562,130.18185424804688,105.37035369873047
1763888431570,134.18185424804688,108.37035369873047
1763888431577,137.18185424804688,114.37035369873047
1763888431585,143.18185424804688,120.37035369873047
1763888431593,148.18185424804688,125.37035369873047
1763888431606,153.18185424804688,130.37035369873047
1763888431612,158.18185424804688,133.37035369873047
1763888431619,162.18185424804688,136.37035369873047
1763888431625,165.18185424804688,138.37035369873047
1763888431633,166.18185424804688,139.37035369873047
1763888431641,167.18185424804688,140.37035369873047
1763888431649,168.18185424804688,140.37035369873047
1763888431708,168.18185424804688,140.37035369873047
1763888431713,168.18185424804688,139.37035369873047
1763888431721,168.18185424804688,136.37035369873047
1763888431729,167.18185424804688,133.37035369873047
1763888431737,165.18185424804688,130.37035369873047
1763888431750,165.18185424804688,127.37035369873047
1763888431756,163.18185424804688,124.37035369873047
1763888431762,161.18185424804688,120.37035369873047
1763888431769,160.18185424804688,117.37035369873047
1763888431777,158.18185424804688,114.37035369873047
1763888431785,157.18185424804688,112.37035369873047
1763888431793,156.18185424804688,111.37035369873047
1763888431806,155.18185424804688,109.37035369873047
1763888431812,154.18185424804688,106.37035369873047
1763888431819,152.18185424804688,106.37035369873047
1763888431825,151.18185424804688,104.37035369873047
1763888431833,150.18185424804688,103.37035369873047
1763888431841,150.18185424804688,102.37035369873047
1763888431849,149.18185424804688,101.37035369873047
1763888431863,148.18185424804688,101.37035369873047
1763888431978,149.18185424804688,104.37035369873047
1763888431985,151.18185424804688,107.37035369873047
1763888431993,155.18185424804688,112.37035369873047
1763888432006,160.18185424804688,120.37035369873047
1763888432013,161.18185424804688,125.37035369873047
1763888432019,165.18185424804688,130.37035369873047
1763888432025,167.18185424804688,133.37035369873047
1763888432033,170.18185424804688,137.37035369873047
1763888432041,172.18185424804688,140.37035369873047
1763888432049,173.18185424804688,142.37035369873047
1763888432063,175.18185424804688,145.37035369873047
1763888432069,177.18185424804688,146.37035369873047
1763888432075,178.18185424804688,148.37035369873047
1763888432081,179.18185424804688,149.37035369873047
1763888432089,179.18185424804688,149.37035369873047
1763888432097,180.18185424804688,149.37035369873047
1763888432274,180.18185424804688,150.37035369873047
1763888432281,180.18185424804688,151.37035369873047
1763888432289,180.18185424804688,152.37035369873047
1763888432297,180.18185424804688,154.37035369873047
1763888432305,180.18185424804688,157.37035369873047
1763888432319,180.18185424804688,160.37035369873047
1763888432325,180.18185424804688,162.37035369873047
1763888432332,180.18185424804688,165.37035369873047
1763888432338,180.18185424804688,167.37035369873047
1763888432345,180.18185424804688,168.37035369873047
1763888432353,179.18185424804688,170.37035369873047
1763888432361,179.18185424804688,172.37035369873047
1763888432369,179.18185424804688,173.37035369873047
1763888432377,179.18185424804688,173.37035369873047
1763888432385,179.18185424804688,174.37035369873047
1763888432442,179.18185424804688,174.37035369873047
1763888432449,178.18185424804688,174.37035369873047
1763888432463,176.18185424804688,174.37035369873047
1763888432465,175.18185424804688,173.37035369873047
1763888434123,790.1818542480469,190.37035369873047
1763888434186,789.1818542480469,189.37035369873047
1763888434193,786.1818542480469,187.37035369873047
1763888434207,783.1818542480469,185.37035369873047
1763888434213,779.1818542480469,184.37035369873047
1763888434219,774.1818542480469,182.37035369873047
1763888434226,769.1818542480469,180.37035369873047
1763888434233,764.1818542480469,179.37035369873047
1763888434241,760.1818542480469,178.37035369873047
1763888434249,756.1818542480469,177.37035369873047
1763888434257,755.1818542480469,176.37035369873047
1763888434265,753.1818542480469,176.37035369873047
1763888434273,752.1818542480469,177.37035369873047
1763888434281,751.1818542480469,178.37035369873047
1763888434294,750.1818542480469,178.37035369873047
1763888434301,748.1818542480469,180.37035369873047
1763888434307,747.1818542480469,183.37035369873047
1763888434313,746.1818542480469,186.37035369873047
1763888434321,746.1818542480469,191.37035369873047
1763888434329,748.1818542480469,196.37035369873047
1763888434337,751.1818542480469,202.37035369873047
1763888434351,754.1818542480469,208.37035369873047
1763888434357,757.1818542480469,216.37035369873047
1763888434363,763.1818542480469,223.37035369873047
1763888434369,767.1818542480469,228.37035369873047
1763888434377,773.1818542480469,233.37035369873047
1763888434385,779.1818542480469,237.37035369873047
1763888434393,783.1818542480469,240.37035369873047
1763888434407,788.1818542480469,241.37035369873047
1763888434413,792.1818542480469,242.37035369873047
1763888434419,795.1818542480469,242.37035369873047
1763888434426,798.1818542480469,240.37035369873047
1763888434433,799.1818542480469,240.37035369873047
1763888434441,803.1818542480469,236.37035369873047
1763888434449,804.1818542480469,234.37035369873047
1763888434463,805.1818542480469,230.37035369873047
1763888434469,807.1818542480469,226.37035369873047
1763888434476,808.1818542480469,221.37035369873047
1763888434482,808.1818542480469,217.37035369873047
1763888434489,808.1818542480469,213.37035369873047
1763888434497,808.1818542480469,207.37035369873047
1763888434505,807.1818542480469,202.37035369873047
1763888434513,804.1818542480469,197.37035369873047
1763888434521,803.1818542480469,194.37035369873047
1763888434529,802.1818542480469,192.37035369873047
1763888434537,800.1818542480469,189.37035369873047
1763888434551,799.1818542480469,187.37035369873047
1763888434557,798.1818542480469,187.37035369873047
1763888434563,798.1818542480469,186.37035369873047
1763888434569,796.1818542480469,185.37035369873047
1763888434577,795.1818542480469,185.37035369873047
1763888434585,794.1818542480469,184.37035369873047
1763888434602,792.1818542480469,184.37035369873047
1763888434609,791.1818542480469,184.37035369873047
1763888434617,789.1818542480469,184.37035369873047
1763888434625,786.1818542480469,185.37035369873047
1763888434638,783.1818542480469,187.37035369873047
1763888434645,780.1818542480469,189.37035369873047
1763888434651,778.1818542480469,192.37035369873047
1763888434657,777.1818542480469,196.37035369873047
1763888434665,775.1818542480469,200.37035369873047
1763888434673,775.1818542480469,205.37035369873047
1763888434681,775.1818542480469,208.37035369873047
1763888434695,775.1818542480469,213.37035369873047
1763888434701,775.1818542480469,217.37035369873047
1763888434707,776.1818542480469,222.37035369873047
1763888434713,779.1818542480469,226.37035369873047
1763888434721,782.1818542480469,229.37035369873047
1763888434729,784.1818542480469,231.37035369873047
1763888434737,786.1818542480469,232.37035369873047
1763888434751,789.1818542480469,233.37035369873047
1763888434757,789.1818542480469,233.37035369873047
1763888434763,790.1818542480469,233.37035369873047
1763888434770,792.1818542480469,233.37035369873047
1763888434777,794.1818542480469,233.37035369873047
1763888434785,794.1818542480469,230.37035369873047
1763888434793,795.1818542480469,229.37035369873047
1763888434807,796.1818542480469,226.37035369873047
1763888434813,796.1818542480469,222.37035369873047
1763888434820,796.1818542480469,216.37035369873047
1763888434826,795.1818542480469,211.37035369873047
1763888434833,793.1818542480469,207.37035369873047
1763888434841,791.1818542480469,203.37035369873047
1763888434849,789.1818542480469,198.37035369873047
1763888434857,786.1818542480469,194.37035369873047
1763888434865,785.1818542480469,192.37035369873047
1763888434873,783.1818542480469,190.37035369873047
1763888434881,780.1818542480469,187.37035369873047
1763888434894,778.1818542480469,185.37035369873047
1763888434901,776.1818542480469,183.37035369873047
1763888434907,775.1818542480469,183.37035369873047
1763888434913,774.1818542480469,183.37035369873047
1763888434932,773.1818542480469,183.37035369873047
1763888434951,772.1818542480469,183.37035369873047
1763888434957,770.1818542480469,184.37035369873047
1763888434963,770.1818542480469,187.37035369873047
1763888434970,768.1818542480469,191.37035369873047
1763888434977,768.1818542480469,196.37035369873047
1763888434985,768.1818542480469,200.37035369873047
1763888434993,768.1818542480469,206.37035369873047
1763888435007,769.1818542480469,211.37035369873047
1763888435013,771.1818542480469,216.37035369873047
1763888435020,775.1818542480469,221.37035369873047
1763888435026,778.1818542480469,224.37035369873047
1763888435033,781.1818542480469,229.37035369873047
1763888435041,784.1818542480469,232.37035369873047
1763888435049,789.1818542480469,235.37035369873047
1763888435057,791.1818542480469,235.37035369873047
1763888435065,793.1818542480469,236.37035369873047
1763888435073,794.1818542480469,237.37035369873047
1763888435089,794.1818542480469,237.37035369873047
1763888435097,795.1818542480469,237.37035369873047
1763888435105,796.1818542480469,237.37035369873047
1763888435113,796.1818542480469,235.37035369873047
1763888435126,796.1818542480469,234.37035369873047
1763888435132,796.1818542480469,231.37035369873047
1763888435138,796.1818542480469,227.37035369873047
1763888435145,796.1818542480469,224.37035369873047
1763888435153,794.1818542480469,219.37035369873047
1763888435161,794.1818542480469,213.37035369873047
1763888435169,793.1818542480469,210.37035369873047
1763888435182,790.1818542480469,205.37035369873047
1763888435188,789.1818542480469,202.37035369873047
1763888435195,788.1818542480469,198.37035369873047
1763888435201,785.1818542480469,196.37035369873047
1763888435209,784.1818542480469,193.37035369873047
1763888435217,782.1818542480469,192.37035369873047
1763888435225,780.1818542480469,191.37035369873047
1763888435238,779.1818542480469,191.37035369873047
1763888435268,779.1818542480469,191.37035369873047
1763888435274,777.1818542480469,191.37035369873047
1763888435281,776.1818542480469,192.37035369873047
1763888435295,774.1818542480469,193.37035369873047
1763888435301,772.1818542480469,197.37035369873047
1763888435307,770.1818542480469,201.37035369873047
1763888435313,768.1818542480469,207.37035369873047
1763888435321,767.1818542480469,211.37035369873047
1763888435329,766.1818542480469,216.37035369873047
1763888435337,766.1818542480469,220.37035369873047
1763888435351,767.1818542480469,226.37035369873047
1763888435357,770.1818542480469,230.37035369873047
1763888435363,771.1818542480469,233.37035369873047
1763888435370,775.1818542480469,236.37035369873047
1763888435377,779.1818542480469,240.37035369873047
1763888435385,784.1818542480469,242.37035369873047
1763888435393,787.1818542480469,243.37035369873047
1763888435407,790.1818542480469,245.37035369873047
1763888435413,792.1818542480469,245.37035369873047
1763888435425,794.1818542480469,245.37035369873047
1763888435439,795.1818542480469,245.37035369873047
1763888435445,796.1818542480469,243.37035369873047
1763888435451,798.1818542480469,240.37035369873047
1763888435457,798.1818542480469,235.37035369873047
1763888435465,799.1818542480469,230.37035369873047
1763888435473,799.1818542480469,226.37035369873047
1763888435481,799.1818542480469,221.37035369873047
1763888435495,799.1818542480469,213.37035369873047
1763888435501,798.1818542480469,208.37035369873047
1763888435507,797.1818542480469,203.37035369873047
1763888435513,795.1818542480469,200.37035369873047
1763888435521,794.1818542480469,197.37035369873047
1763888435529,793.1818542480469,194.37035369873047
1763888435537,791.1818542480469,192.37035369873047
1763888435551,789.1818542480469,189.37035369873047
1763888435557,787.1818542480469,187.37035369873047
1763888435563,784.1818542480469,184.37035369873047
1763888435570,781.1818542480469,183.37035369873047
1763888435577,779.1818542480469,182.37035369873047
1763888435585,775.1818542480469,180.37035369873047
1763888435593,773.1818542480469,180.37035369873047
1763888435601,771.1818542480469,179.37035369873047
1763888435620,770.1818542480469,179.37035369873047
1763888435626,768.1818542480469,179.37035369873047
1763888435633,767.1818542480469,181.37035369873047
1763888435641,765.1818542480469,184.37035369873047
1763888435649,763.1818542480469,187.37035369873047
1763888435657,761.1818542480469,193.37035369873047
1763888435665,760.1818542480469,199.37035369873047
1763888435673,758.1818542480469,206.37035369873047
1763888435681,757.1818542480469,214.37035369873047
1763888435695,757.1818542480469,220.37035369873047
1763888435701,757.1818542480469,226.37035369873047
1763888435707,758.1818542480469,233.37035369873047
1763888435714,761.1818542480469,239.37035369873047
1763888435721,763.1818542480469,244.37035369873047
1763888435729,767.1818542480469,249.37035369873047
1763888435737,770.1818542480469,253.37035369873047
1763888435751,775.1818542480469,258.37035369873047
1763888435757,779.1818542480469,261.37035369873047
1763888435764,783.1818542480469,264.37035369873047
1763888435770,787.1818542480469,265.37035369873047
1763888435777,789.1818542480469,265.37035369873047
1763888435785,791.1818542480469,266.37035369873047
1763888435793,794.1818542480469,266.37035369873047
1763888435801,796.1818542480469,265.37035369873047
1763888435809,798.1818542480469,263.37035369873047
1763888435817,800.1818542480469,259.37035369873047
1763888435825,803.1818542480469,254.37035369873047
1763888435839,804.1818542480469,246.37035369873047
1763888435845,806.1818542480469,239.37035369873047
1763888435852,806.1818542480469,232.37035369873047
1763888435857,805.1818542480469,223.37035369873047
1763888435865,803.1818542480469,216.37035369873047
1763888435873,801.1818542480469,209.37035369873047
1763888435881,798.1818542480469,202.37035369873047
1763888435895,795.1818542480469,197.37035369873047
1763888435901,793.1818542480469,192.37035369873047
1763888435907,790.1818542480469,187.37035369873047
1763888435914,788.1818542480469,185.37035369873047
1763888435921,785.1818542480469,183.37035369873047
1763888435929,784.1818542480469,183.37035369873047
1763888435937,784.1818542480469,182.37035369873047
1763888435951,781.1818542480469,181.37035369873047
1763888435957,780.1818542480469,181.37035369873047
1763888435964,779.1818542480469,181.37035369873047
1763888435970,778.1818542480469,181.37035369873047
1763888435977,776.1818542480469,181.37035369873047
1763888435985,774.1818542480469,181.37035369873047
1763888435993,772.1818542480469,182.37035369873047
1763888436001,770.1818542480469,183.37035369873047
1763888436009,768.1818542480469,185.37035369873047
1763888436017,766.1818542480469,189.37035369873047
1763888436025,765.1818542480469,192.37035369873047
1763888436039,764.1818542480469,196.37035369873047
1763888436045,763.1818542480469,200.37035369873047
1763888436051,764.1818542480469,205.37035369873047
1763888436057,765.1818542480469,208.37035369873047
1763888436065,768.1818542480469,213.37035369873047
1763888436073,770.1818542480469,217.37035369873047
1763888436081,775.1818542480469,222.37035369873047
1763888436095,779.1818542480469,226.37035369873047
1763888436101,784.1818542480469,230.37035369873047
1763888436108,789.1818542480469,233.37035369873047
1763888436114,792.1818542480469,235.37035369873047
1763888436121,795.1818542480469,237.37035369873047
1763888436129,796.1818542480469,237.37035369873047
1763888436137,797.1818542480469,237.37035369873047
1763888436154,798.1818542480469,237.37035369873047
1763888436161,799.1818542480469,236.37035369873047
1763888436169,800.1818542480469,235.37035369873047
1763888436182,800.1818542480469,231.37035369873047
1763888436189,800.1818542480469,229.37035369873047
1763888436195,800.1818542480469,225.37035369873047
1763888436201,800.1818542480469,219.37035369873047
1763888436209,800.1818542480469,214.37035369873047
1763888436217,798.1818542480469,210.37035369873047
1763888436225,796.1818542480469,205.37035369873047
1763888436239,794.1818542480469,201.37035369873047
1763888436245,792.1818542480469,198.37035369873047
1763888436251,789.1818542480469,195.37035369873047
1763888436257,786.1818542480469,192.37035369873047
1763888436265,784.1818542480469,191.37035369873047
1763888436273,781.1818542480469,189.37035369873047
1763888436281,780.1818542480469,189.37035369873047
1763888436295,779.1818542480469,188.37035369873047
1763888436301,778.1818542480469,187.37035369873047
1763888436307,775.1818542480469,187.37035369873047
1763888436326,775.1818542480469,187.37035369873047
1763888436332,772.1818542480469,187.37035369873047
1763888436339,770.1818542480469,187.37035369873047
1763888436345,768.1818542480469,187.37035369873047
1763888436353,765.1818542480469,189.37035369873047
1763888436361,764.1818542480469,191.37035369873047
1763888436369,761.1818542480469,193.37035369873047
1763888436382,759.1818542480469,198.37035369873047
1763888436389,757.1818542480469,204.37035369873047
1763888436395,756.1818542480469,211.37035369873047
1763888436401,756.1818542480469,218.37035369873047
1763888436409,758.1818542480469,225.37035369873047
1763888436417,761.1818542480469,231.37035369873047
1763888436425,765.1818542480469,238.37035369873047
1763888436439,770.1818542480469,243.37035369873047
1763888436445,774.1818542480469,248.37035369873047
1763888436451,779.1818542480469,251.37035369873047
1763888436458,784.1818542480469,254.37035369873047
1763888436465,787.1818542480469,257.37035369873047
1763888436473,790.1818542480469,258.37035369873047
1763888436481,792.1818542480469,258.37035369873047
1763888436495,795.1818542480469,258.37035369873047
1763888436501,797.1818542480469,256.37035369873047
1763888436507,801.1818542480469,254.37035369873047
1763888436514,804.1818542480469,250.37035369873047
1763888436521,808.1818542480469,246.37035369873047
1763888436529,809.1818542480469,240.37035369873047
1763888436537,811.1818542480469,235.37035369873047
1763888436552,812.1818542480469,228.37035369873047
1763888436558,813.1818542480469,221.37035369873047
1763888436564,812.1818542480469,214.37035369873047
1763888436570,810.1818542480469,207.37035369873047
1763888436577,808.1818542480469,201.37035369873047
1763888436585,805.1818542480469,194.37035369873047
1763888436593,802.1818542480469,189.37035369873047
1763888436601,800.1818542480469,186.37035369873047
1763888436609,796.1818542480469,181.37035369873047
1763888436617,793.1818542480469,177.37035369873047
1763888436625,789.1818542480469,173.37035369873047
1763888436639,785.1818542480469,170.37035369873047
1763888436645,780.1818542480469,167.37035369873047
1763888436651,777.1818542480469,165.37035369873047
1763888436658,773.1818542480469,162.37035369873047
1763888436665,767.1818542480469,159.37035369873047
1763888436673,763.1818542480469,157.37035369873047
1763888436681,758.1818542480469,154.37035369873047
1763888436695,754.1818542480469,152.37035369873047
1763888436701,751.1818542480469,150.37035369873047
1763888436708,749.1818542480469,149.37035369873047
1763888436714,747.1818542480469,149.37035369873047
1763888436721,745.1818542480469,149.37035369873047
1763888436729,744.1818542480469,149.37035369873047
1763888436737,742.1818542480469,149.37035369873047
1763888436745,741.1818542480469,151.37035369873047
1763888436755,741.1818542480469,153.37035369873047
1763888436761,741.1818542480469,155.37035369873047
1763888436769,741.1818542480469,159.37035369873047
1763888436783,741.1818542480469,164.37035369873047
1763888436789,741.1818542480469,170.37035369873047
1763888436795,744.1818542480469,176.37035369873047
1763888436801,747.1818542480469,183.37035369873047
1763888436809,751.1818542480469,189.37035369873047
1763888436817,756.1818542480469,195.37035369873047
1763888436825,760.1818542480469,201.37035369873047
1763888436839,765.1818542480469,205.37035369873047
1763888436845,767.1818542480469,208.37035369873047
1763888436852,770.1818542480469,211.37035369873047
1763888436858,772.1818542480469,211.37035369873047
1763888436865,775.1818542480469,212.37035369873047
1763888436875,776.1818542480469,213.37035369873047
1763888436881,777.1818542480469,213.37035369873047
1763888436895,779.1818542480469,213.37035369873047
1763888436907,780.1818542480469,212.37035369873047
1763888436914,783.1818542480469,211.37035369873047
1763888436921,784.1818542480469,207.37035369873047
1763888436929,786.1818542480469,204.37035369873047
1763888436937,788.1818542480469,199.37035369873047
1763888436945,789.1818542480469,193.37035369873047
1763888436958,790.1818542480469,189.37035369873047
1763888436964,791.1818542480469,183.37035369873047
1763888436970,791.1818542480469,178.37035369873047
1763888436977,790.1818542480469,173.37035369873047
1763888436985,789.1818542480469,169.37035369873047
1763888436993,788.1818542480469,167.37035369873047
1763888437001,788.1818542480469,164.37035369873047
1763888437014,786.1818542480469,164.37035369873047
1763888437020,785.1818542480469,163.37035369873047
1763888437026,784.1818542480469,162.37035369873047
1763888437033,783.1818542480469,160.37035369873047
1763888437041,782.1818542480469,160.37035369873047
1763888437058,781.1818542480469,160.37035369873047
1763888437065,780.1818542480469,160.37035369873047
1763888437073,779.1818542480469,160.37035369873047
1763888437081,777.1818542480469,160.37035369873047
1763888437095,775.1818542480469,160.37035369873047
1763888437102,770.1818542480469,164.37035369873047
1763888437108,766.1818542480469,168.37035369873047
1763888437114,763.1818542480469,173.37035369873047
1763888437121,760.1818542480469,178.37035369873047
1763888437129,758.1818542480469,187.37035369873047
1763888437137,756.1818542480469,194.37035369873047
1763888437145,756.1818542480469,203.37035369873047
1763888437153,756.1818542480469,211.37035369873047
1763888437161,756.1818542480469,221.37035369873047
1763888437169,758.1818542480469,230.37035369873047
1763888437183,760.1818542480469,239.37035369873047
1763888437189,762.1818542480469,247.37035369873047
1763888437195,765.1818542480469,253.37035369873047
1763888437202,769.1818542480469,258.37035369873047
1763888437209,772.1818542480469,261.37035369873047
1763888437217,775.1818542480469,263.37035369873047
1763888437225,778.1818542480469,264.37035369873047
1763888437239,779.1818542480469,265.37035369873047
1763888437245,779.1818542480469,265.37035369873047
1763888437251,781.1818542480469,265.37035369873047
1763888437258,783.1818542480469,265.37035369873047
1763888437265,784.1818542480469,265.37035369873047
1763888437273,788.1818542480469,262.37035369873047
1763888437281,791.1818542480469,259.37035369873047
1763888437289,795.1818542480469,253.37035369873047
1763888437297,800.1818542480469,246.37035369873047
1763888437305,803.1818542480469,238.37035369873047
1763888437313,804.1818542480469,229.37035369873047
1763888437327,805.1818542480469,221.37035369873047
1763888437333,805.1818542480469,216.37035369873047
1763888437339,805.1818542480469,208.37035369873047
1763888437345,804.1818542480469,203.37035369873047
1763888437353,803.1818542480469,198.37035369873047
1763888437361,802.1818542480469,196.37035369873047
1763888437369,800.1818542480469,194.37035369873047
1763888437383,799.1818542480469,192.37035369873047
1763888437389,797.1818542480469,190.37035369873047
1763888437395,796.1818542480469,189.37035369873047
1763888437401,794.1818542480469,187.37035369873047
1763888437409,792.1818542480469,187.37035369873047
1763888437417,790.1818542480469,185.37035369873047
1763888437426,788.1818542480469,185.37035369873047
1763888437439,787.1818542480469,185.37035369873047
1763888437445,785.1818542480469,185.37035369873047
1763888437452,783.1818542480469,185.37035369873047
1763888437458,780.1818542480469,185.37035369873047
1763888437465,776.1818542480469,187.37035369873047
1763888437473,772.1818542480469,189.37035369873047
1763888437481,770.1818542480469,192.37035369873047
1763888437489,766.1818542480469,196.37035369873047
1763888437497,764.1818542480469,201.37035369873047
1763888437505,761.1818542480469,206.37035369873047
1763888437513,760.1818542480469,211.37035369873047
1763888437527,760.1818542480469,216.37035369873047
1763888437533,760.1818542480469,222.37035369873047
1763888437539,762.1818542480469,228.37035369873047
1763888437545,765.1818542480469,235.37035369873047
1763888437553,766.1818542480469,239.37035369873047
1763888437561,770.1818542480469,244.37035369873047
1763888437569,774.1818542480469,249.37035369873047
1763888437583,779.1818542480469,254.37035369873047
1763888437589,784.1818542480469,258.37035369873047
1763888437595,788.1818542480469,259.37035369873047
1763888437602,790.1818542480469,261.37035369873047
1763888437609,792.1818542480469,262.37035369873047
1763888437617,794.1818542480469,262.37035369873047
1763888437634,795.1818542480469,262.37035369873047
1763888437641,797.1818542480469,261.37035369873047
1763888437649,797.1818542480469,259.37035369873047
1763888437657,798.1818542480469,256.37035369873047
1763888437670,798.1818542480469,254.37035369873047
1763888437677,798.1818542480469,251.37035369873047
1763888437683,798.1818542480469,249.37035369873047
1763888437689,798.1818542480469,245.37035369873047
1763888437697,798.1818542480469,244.37035369873047
1763888437705,797.1818542480469,241.37035369873047
1763888437713,795.1818542480469,240.37035369873047
1763888437727,794.1818542480469,237.37035369873047
1763888437733,793.1818542480469,235.37035369873047
1763888437739,790.1818542480469,235.37035369873047
1763888437745,789.1818542480469,233.37035369873047
1763888437753,787.1818542480469,232.37035369873047
1763888437761,785.1818542480469,231.37035369873047
1763888437769,784.1818542480469,230.37035369873047
1763888437783,784.1818542480469,230.37035369873047
1763888437793,783.1818542480469,230.37035369873047
1763888437877,783.1818542480469,232.37035369873047
1763888437885,784.1818542480469,234.37035369873047
1763888437889,785.1818542480469,235.37035369873047
1763888437902,788.1818542480469,239.37035369873047
1763888437908,790.1818542480469,241.37035369873047
1763888437914,793.1818542480469,243.37035369873047
1763888437921,793.1818542480469,244.37035369873047
1763888437954,794.1818542480469,244.37035369873047
1763888437961,794.1818542480469,243.37035369873047
1763888437969,794.1818542480469,242.37035369873047
1763888437983,795.1818542480469,239.37035369873047
1763888437989,796.1818542480469,234.37035369873047
1763888437996,796.1818542480469,230.37035369873047
1763888438002,796.1818542480469,222.37035369873047
1763888438009,795.1818542480469,214.37035369873047
1763888438017,793.1818542480469,207.37035369873047
1763888438025,790.1818542480469,200.37035369873047
1763888438039,788.1818542480469,194.37035369873047
1763888438045,785.1818542480469,188.37035369873047
1763888438052,784.1818542480469,185.37035369873047
1763888438058,783.1818542480469,181.37035369873047
1763888438065,781.1818542480469,179.37035369873047
1763888438073,780.1818542480469,178.37035369873047
1763888438081,779.1818542480469,177.37035369873047
1763888438089,779.1818542480469,176.37035369873047
1763888438097,778.1818542480469,175.37035369873047
1763888438154,778.1818542480469,174.37035369873047
1763888438177,778.1818542480469,176.37035369873047
1763888438185,778.1818542480469,179.37035369873047
1763888438193,778.1818542480469,186.37035369873047
1763888438201,778.1818542480469,194.37035369873047
1763888438214,779.1818542480469,203.37035369873047
1763888438221,780.1818542480469,213.37035369873047
1763888438227,782.1818542480469,223.37035369873047
1763888438233,783.1818542480469,231.37035369873047
1763888438241,784.1818542480469,239.37035369873047
1763888438249,786.1818542480469,245.37035369873047
1763888438257,788.1818542480469,249.37035369873047
1763888438271,788.1818542480469,250.37035369873047
1763888438277,788.1818542480469,251.37035369873047
1763888438283,789.1818542480469,252.37035369873047
1763888438346,789.1818542480469,250.37035369873047
1763888438355,787.1818542480469,248.37035369873047
1763888438361,785.1818542480469,243.37035369873047
1763888438369,783.1818542480469,235.37035369873047
1763888438383,781.1818542480469,227.37035369873047
1763888438389,779.1818542480469,218.37035369873047
1763888438396,778.1818542480469,208.37035369873047
1763888438402,776.1818542480469,199.37035369873047
1763888438409,775.1818542480469,191.37035369873047
1763888438417,773.1818542480469,185.37035369873047
1763888438425,772.1818542480469,181.37035369873047
1763888438433,772.1818542480469,178.37035369873047
1763888438441,771.1818542480469,177.37035369873047
1763888438500,770.1818542480469,177.37035369873047
1763888438506,770.1818542480469,178.37035369873047
1763888438513,769.1818542480469,179.37035369873047
1763888438527,765.1818542480469,182.37035369873047
1763888438533,762.1818542480469,186.37035369873047
1763888438539,760.1818542480469,190.37035369873047
1763888438546,756.1818542480469,196.37035369873047
1763888438553,752.1818542480469,202.37035369873047
1763888438561,749.1818542480469,208.37035369873047
1763888438569,746.1818542480469,212.37035369873047
1763888438583,745.1818542480469,218.37035369873047
1763888438589,743.1818542480469,223.37035369873047
1763888438596,741.1818542480469,228.37035369873047
1763888438602,741.1818542480469,230.37035369873047
1763888438609,741.1818542480469,231.37035369873047
1763888438690,741.1818542480469,230.37035369873047
1763888438697,741.1818542480469,230.37035369873047
1763888438705,741.1818542480469,226.37035369873047
1763888438713,744.1818542480469,220.37035369873047
1763888438727,746.1818542480469,212.37035369873047
1763888438733,749.1818542480469,206.37035369873047
1763888438739,751.1818542480469,201.37035369873047
1763888438746,751.1818542480469,196.37035369873047
1763888438753,753.1818542480469,192.37035369873047
1763888438761,755.1818542480469,188.37035369873047
1763888438769,756.1818542480469,187.37035369873047
1763888438777,757.1818542480469,185.37035369873047
1763888438785,758.1818542480469,184.37035369873047
1763888438859,758.1818542480469,185.37035369873047
1763888438865,758.1818542480469,188.37035369873047
1763888438873,758.1818542480469,194.37035369873047
1763888438881,758.1818542480469,198.37035369873047
1763888438889,758.1818542480469,204.37035369873047
1763888438903,757.1818542480469,207.37035369873047
1763888438908,756.1818542480469,211.37035369873047
1763888438915,756.1818542480469,213.37035369873047
1763888438921,756.1818542480469,214.37035369873047
1763888438929,756.1818542480469,215.37035369873047
-1,-1,-1
-1,-1,-1
-1,-1,-1
